word,ADJ,ADP,ADV,CCONJ,NOUN,NUM,VERB,X
forest,1,0,0,0,127,0,0,0
sight,0,0,0,0,1,0,0,0
fire,0,0,0,0,274,0,0,0
sweep,0,0,0,0,0,0,1,0
furiously,0,0,1,0,0,0,0,0
frightening,1,0,0,0,0,0,0,0
spectacular,1,0,0,0,0,0,0,0
call,0,0,0,0,0,0,11,0
wildfire,0,0,0,0,1,0,0,0
devastating,4,0,0,0,0,0,0,0
event,0,0,0,0,4,0,0,0
intense,8,0,0,0,0,0,0,0
heat,0,0,0,0,28,0,2,0
burn,0,0,0,0,2,0,61,0
leave,0,0,0,0,8,0,10,0
branch,0,0,0,0,8,0,0,0
crisp,1,0,0,0,0,0,0,0
make,0,0,0,0,0,0,6,0
explode,0,0,0,0,0,0,1,0
roar,0,0,0,0,0,0,1,0
crackle,0,0,0,0,0,0,1,0
flame,0,0,0,0,40,0,1,0
giant,5,0,0,0,0,0,0,0
leap,0,0,0,0,0,0,3,0
hundred,0,0,0,0,5,0,0,0
foot,0,0,0,0,4,0,0,0
air,0,0,0,0,12,0,0,0
column,0,0,0,0,2,0,0,0
thick,6,0,0,0,0,0,0,0
black,1,0,0,0,0,0,0,0
smoke,0,0,0,0,22,0,2,0
big,2,0,0,0,0,0,0,0
spin,0,0,0,0,0,0,1,0
tornado,0,0,0,0,2,0,0,0
create,0,0,0,0,0,0,2,0
rapidly,0,0,5,0,0,0,0,0
rise,0,0,0,0,0,0,5,0
fiery,1,0,0,0,0,0,0,0
path,0,0,0,0,2,0,0,0
start,0,0,0,0,0,0,28,0
tiny,2,0,0,0,0,0,0,0
spark,0,0,0,0,3,0,0,0
vegetation,0,0,0,0,21,0,0,0
dry,18,0,0,0,0,0,5,0
quickly,0,0,10,0,0,0,0,0
grow,0,0,0,0,0,0,15,0
inferno,0,0,0,0,1,0,0,0
spread,0,0,0,0,1,0,27,0
direction,0,0,0,0,5,0,0,0
damage,0,0,0,0,5,0,7,0
kill,0,0,0,0,0,0,12,0
tree,0,0,0,0,47,0,0,0
incinerate,0,0,0,0,0,0,1,0
plant,0,0,0,0,23,0,2,0
floor,0,0,0,0,11,0,0,0
root,0,0,0,0,8,0,0,0
underground,1,0,2,0,0,0,0,0
building,0,0,0,0,5,0,0,0
way,0,0,0,0,6,0,0,0
unfortunate,1,0,0,0,0,0,0,0
people,0,0,0,0,20,0,0,0
animal,0,0,0,0,13,0,0,0
trap,0,0,0,0,0,0,2,0
fast,0,0,3,0,0,0,0,0
move,0,0,0,0,0,0,6,0
go,0,0,0,0,0,0,3,0
charred,2,0,0,0,0,0,0,0
wasteland,0,0,0,0,1,0,0,0
firefighter,0,0,0,0,26,0,0,0
attempt,0,0,0,0,0,0,1,0
instead,0,0,1,0,0,0,0,0
try,0,0,0,0,0,0,12,0
stop,0,0,0,0,0,0,10,0
allow,0,0,0,0,0,0,7,0
rage,0,0,0,0,0,0,3,0
coniferous,2,0,0,0,0,0,0,0
happen,0,0,0,0,0,0,8,0
place,0,0,0,0,5,0,0,0
hot,13,0,0,0,0,0,0,0
summer,0,0,0,0,11,0,0,0
weather,0,0,0,0,7,0,0,0
dense,2,0,0,0,0,0,0,0
drought,0,0,0,0,7,0,0,0
catch,0,0,0,0,0,0,2,0
easily,0,0,4,0,0,0,0,0
affect,0,0,0,0,0,0,9,0
deciduous,3,0,0,0,0,0,0,0
grassland,0,0,0,0,3,0,0,0
scrub,0,0,0,0,1,0,0,0
brush,0,0,0,0,2,0,0,0
accidentally,0,0,7,0,0,0,0,0
naturally,0,0,2,0,0,0,0,0
lightning,0,0,0,0,9,0,0,0
scientist,0,0,0,0,1,0,0,0
cut,0,0,0,0,0,0,4,0
slice,0,0,0,0,1,0,0,0
sequoia,0,0,0,0,2,0,0,0
ring,0,0,0,0,2,0,0,0
tell,0,0,0,0,0,0,3,0
past,0,0,0,0,1,0,0,0
natural,6,0,0,0,0,0,0,0
cycle,0,0,0,0,2,0,0,0
history,0,0,0,0,2,0,0,0
layer,0,0,0,0,7,0,0,0
charcoal,0,0,0,0,1,0,0,0
rock,0,0,0,0,2,0,0,0
million,0,0,0,0,4,0,0,0
year,0,0,0,0,10,0,0,0
ago,0,0,2,0,0,0,0,0
blacken,0,0,0,0,0,0,2,0
old,5,0,0,0,0,0,0,0
regular,3,0,0,0,0,0,0,0
damaging,1,0,0,0,0,0,0,0
bad,2,0,0,0,0,0,0,0
news,0,0,0,0,1,0,0,0
clear,0,0,0,0,0,0,7,0
new,4,0,0,0,0,0,0,0
one,0,0,0,0,1,0,0,0
regrowth,0,0,0,0,1,0,0,0
fact,0,0,0,0,1,0,0,0
specie,0,0,0,0,3,0,0,0
survive,0,0,0,0,0,0,7,0
investigate,0,0,0,0,0,0,1,0
combat,0,0,0,0,0,0,1,0
need,0,0,0,0,0,0,4,0
understand,0,0,0,0,0,0,1,0
exactly,0,0,1,0,0,0,0,0
glow,0,0,0,0,0,0,3,0
red,3,0,0,0,1,0,0,0
material,0,0,0,0,10,0,0,0
normally,0,0,5,0,0,0,0,0
produce,0,0,0,0,0,0,3,0
burning,0,0,0,0,2,0,0,0
chemical,1,0,0,0,2,0,0,0
reaction,0,0,0,0,1,0,0,0
oxygen,0,0,0,0,5,0,0,0
gas,0,0,0,0,2,0,0,0
combustion,0,0,0,0,2,0,0,0
triangle,0,0,0,0,4,0,0,0
thing,0,0,0,0,2,0,0,0
fuel,0,0,0,0,32,0,0,0
use,0,0,0,0,0,0,9,0
heating,0,0,0,0,1,0,0,0
car,0,0,0,0,2,0,0,0
find,0,0,0,0,0,0,2,0
page,0,0,0,0,3,0,0,0
provide,0,0,0,0,0,0,4,0
come,0,0,0,0,0,0,2,0
supply,0,0,0,0,4,0,1,0
diagram,0,0,0,0,1,0,0,0
know,0,0,0,0,0,0,8,0
element,0,0,0,0,1,0,0,0
side,0,0,0,0,3,0,0,0
continue,0,0,0,0,0,0,1,0
matter,0,0,1,0,3,0,0,0
wood,0,0,0,0,5,0,0,0
substance,0,0,0,0,2,0,0,0
include,0,0,0,0,0,0,5,0
cellulose,0,0,0,0,1,0,0,0
lignin,0,0,0,0,1,0,0,0
begin,0,0,0,0,0,0,5,0
break,0,0,0,0,0,0,1,0
flammable,2,0,0,0,0,0,0,0
give,0,0,0,0,0,0,3,0
light,0,0,0,0,4,0,7,0
remain,0,0,0,0,1,0,2,0
carbon,0,0,0,0,4,0,0,0
bit,0,0,0,0,1,0,0,0
unburned,2,0,0,0,0,0,0,0
carry,0,0,0,0,0,0,7,0
mix,0,0,0,0,0,0,3,0
form,0,0,0,0,0,0,1,0
water,0,0,0,0,15,0,0,0
boil,0,0,0,0,0,0,1,0
steam,0,0,0,0,1,0,0,0
close,1,0,2,0,1,0,2,0
bark,0,0,0,0,4,0,0,0
remove,0,0,0,0,0,0,1,0
run,0,0,0,0,0,0,3,0
take,0,0,0,0,0,0,2,0
away,0,5,7,0,0,0,0,0
basic,1,0,0,0,0,0,0,0
fight,0,0,0,0,0,0,7,0
cool,1,0,0,0,0,0,2,0
smother,0,0,0,0,0,0,1,0
foam,0,0,0,0,1,0,0,0
condition,0,0,0,0,7,0,0,0
dead,4,0,0,0,0,0,0,0
second,0,0,0,0,1,0,0,1
source,0,0,0,0,3,0,0,0
ignite,0,0,0,0,0,0,7,0
regularly,0,0,2,0,0,0,0,0
part,0,0,0,0,2,0,0,0
world,0,0,0,0,3,0,0,0
winter,0,0,0,0,2,0,0,0
wet,3,0,0,0,0,0,0,0
sort,0,0,0,0,1,0,0,0
climate,0,0,0,0,1,0,0,0
good,2,0,0,0,0,0,0,0
growing,0,0,0,0,2,0,0,0
plenty,0,0,0,0,2,0,0,0
spot,0,0,0,0,3,0,1,0
western,1,0,0,0,0,0,0,0
southeast,0,0,0,0,1,0,0,0
thousand,0,0,0,0,4,0,0,0
severe,1,0,0,0,0,0,0,0
tropical,2,0,0,0,0,0,0,0
rain,0,0,0,0,12,0,0,0
work,0,0,0,0,0,0,2,0
control,0,0,0,0,9,0,3,0
area,0,0,0,0,12,0,0,0
southern,2,0,0,0,0,0,0,0
result,0,0,0,0,2,0,0,0
case,0,0,0,0,2,0,0,0
study,0,0,0,0,4,0,0,0
south,0,0,0,0,2,0,0,0
major,7,0,0,0,0,0,0,0
mistral,0,0,0,0,1,0,0,0
strong,3,0,0,0,0,0,0,0
northwesterly,1,0,0,0,0,0,0,0
wind,0,0,0,0,12,0,0,0
blow,0,0,0,0,0,0,2,0
valley,0,0,0,0,1,0,0,0
fan,0,0,0,0,0,0,4,0
dangerously,0,0,1,0,0,0,0,0
season,0,0,0,0,5,0,0,0
month,0,0,0,0,7,0,0,0
spring,0,0,0,0,1,0,0,0
autumn,0,0,0,0,1,0,0,0
period,0,0,0,0,1,0,0,0
likely,3,0,0,0,0,0,0,0
far,0,0,3,0,0,0,0,0
lack,0,0,0,0,2,0,0,0
seasonal,2,0,0,0,0,0,0,0
fail,0,0,0,0,0,0,2,0
arrive,0,0,0,0,0,0,2,0
low,4,0,0,0,0,0,0,0
rainfall,0,0,0,0,2,0,0,0
end,0,0,0,0,1,0,0,0
deliberately,0,0,3,0,0,0,0,0
common,3,0,0,0,0,0,0,0
starter,0,0,0,0,1,0,0,0
hit,0,0,0,0,0,0,2,0
earth,0,0,0,0,4,0,0,0
time,0,0,0,0,5,0,0,0
day,0,0,0,0,1,0,0,0
cause,0,0,0,0,6,0,6,0
remote,3,0,0,0,0,0,0,0
occasionally,0,0,2,0,0,0,0,0
volcanic,1,0,0,0,0,0,0,0
eruption,0,0,0,0,1,0,0,0
buildup,0,0,0,0,2,0,0,0
rot,0,0,0,0,0,0,2,0
spontaneous,1,0,0,0,0,0,0,0
human,1,0,0,0,3,0,0,0
figure,0,0,0,0,1,0,0,0
land,0,0,0,0,7,0,1,0
management,0,0,0,0,4,0,0,0
reduce,0,0,0,0,0,0,3,0
risk,0,0,0,0,14,0,0,0
accidental,1,0,0,0,0,0,0,0
campfire,0,0,0,0,4,0,0,0
properly,0,0,3,0,0,0,0,0
discard,0,0,0,0,0,0,1,0
match,0,0,0,0,2,0,0,0
cigarette,0,0,0,0,2,0,0,0
butt,0,0,0,0,1,0,0,0
domestic,1,0,0,0,0,0,0,0
trash,0,0,0,0,1,0,0,0
train,0,0,0,0,1,0,0,0
logging,0,0,0,0,2,0,0,0
machine,0,0,0,0,1,0,0,0
fall,0,0,0,0,0,0,3,0
litter,0,0,0,0,7,0,0,0
carefully,0,0,2,0,0,0,0,0
nearby,2,0,0,0,0,0,0,0
think,0,0,0,0,0,0,1,0
discover,0,0,0,0,0,0,1,0
soon,0,0,1,0,0,0,0,0
learn,0,0,0,0,0,0,2,0
advantage,0,0,0,0,2,0,0,0
space,0,0,0,0,3,0,0,0
crop,0,0,0,0,2,0,0,0
graze,0,0,0,0,0,0,1,0
hunting,0,0,0,0,1,0,0,0
easy,2,0,0,0,0,0,0,0
today,0,0,0,0,1,0,0,0
slash,0,0,0,0,1,0,2,0
clearance,0,0,0,0,1,0,0,0
shift,0,0,0,0,1,0,0,0
cultivation,0,0,0,0,1,0,0,0
practice,0,0,0,0,0,0,1,0
cattle,0,0,0,0,1,0,0,0
deliberate,1,0,0,0,0,0,0,0
surprising,1,0,0,0,0,0,0,0
number,0,0,0,0,1,0,0,0
real,1,0,0,0,0,0,0,0
reason,0,0,0,0,1,0,0,0
vandal,0,0,0,0,1,0,0,0
revenge,0,0,0,0,1,0,0,0
property,0,0,0,0,2,0,0,0
simply,0,0,1,0,0,0,0,0
thrill,0,0,0,0,1,0,0,0
see,0,0,0,0,0,0,4,0
dot,0,0,0,0,1,0,0,0
island,0,0,0,0,1,0,0,0
get,0,0,0,0,0,0,2,0
indonesian,1,0,0,0,0,0,0,0
farmer,0,0,0,0,1,0,0,0
company,0,0,0,0,2,0,0,0
papermaking,0,0,0,0,2,0,0,0
palm,0,0,0,0,1,0,0,0
oil,0,0,0,0,2,0,0,0
extinguish,0,0,0,0,0,0,1,0
city,0,0,0,0,2,0,0,0
treat,0,0,0,0,0,0,1,0
breathing,0,0,0,0,1,0,0,0
problem,0,0,0,0,1,0,0,0
convection,0,0,0,0,1,0,0,0
current,0,0,0,0,2,0,0,0
radiation,0,0,0,0,1,0,0,0
ray,0,0,0,0,1,0,0,0
surround,0,0,0,0,0,0,5,0
smolder,0,0,0,0,0,0,3,0
line,0,0,0,0,5,0,0,0
factor,0,0,0,0,3,0,0,0
intensity,0,0,0,0,4,0,0,0
speed,0,0,0,0,4,0,0,0
depend,0,0,0,0,0,0,3,0
important,1,0,0,0,0,0,0,0
bring,0,0,0,0,0,0,1,0
fresh,3,0,0,0,0,0,0,0
slowly,0,0,4,0,0,0,0,0
slope,0,0,0,0,3,0,1,0
uphill,0,0,1,0,0,0,0,0
different,6,0,0,0,0,0,0,0
mountain,0,0,0,0,1,0,0,0
high,10,0,1,0,0,0,0,0
contain,0,0,0,0,0,0,4,0
couple,0,0,0,0,1,0,0,0
type,0,0,0,0,5,0,0,0
dozen,0,0,0,0,1,0,0,0
needle,0,0,0,0,6,0,0,0
small,5,0,0,0,0,0,0,0
shrub,0,0,0,0,3,0,0,0
grass,0,0,0,0,6,0,0,0
fallen,2,0,0,0,0,0,0,0
log,0,0,0,0,2,0,0,0
beneath,0,1,0,0,0,0,0,0
example,0,0,0,0,3,0,0,0
conifer,0,0,0,0,4,0,0,0
eucalyptus,0,0,0,0,3,0,0,0
landscape,0,0,0,0,4,0,0,0
available,2,0,0,0,0,0,0,0
woodland,0,0,0,0,1,0,0,0
calm,1,0,0,0,0,0,0,0
creep,0,0,0,0,0,0,1,0
mile,0,0,0,0,2,0,0,0
kilometer,0,0,0,0,2,0,0,0
hour,0,0,0,0,3,0,0,0
inch,0,0,0,0,1,0,0,0
centimeter,0,0,0,0,1,0,0,0
windy,1,0,0,0,0,0,0,0
classify,0,0,0,0,0,0,1,0
divide,0,0,0,0,0,0,1,0
horizontally,0,0,1,0,0,0,0,0
crown,0,0,0,0,11,0,0,0
mature,1,0,0,0,0,0,0,0
surface,0,0,0,0,12,0,0,0
ground,0,0,0,0,10,0,0,0
treetop,0,0,0,0,2,0,0,0
tend,0,0,0,0,0,0,2,0
occur,0,0,0,0,0,0,3,0
untouched,2,0,0,0,0,0,0,0
fierce,1,0,0,0,0,0,0,0
tower,0,0,0,0,0,0,1,0
like,0,3,0,0,0,0,0,0
near,0,3,0,0,0,0,0,0
young,5,0,0,0,0,0,0,0
upward,0,0,2,0,0,0,0,0
little,2,0,0,0,0,0,0,0
decay,0,0,0,0,0,0,3,0
unseen,1,0,0,0,0,0,0,0
blowup,0,0,0,0,2,0,0,0
devil,0,0,0,0,2,0,0,0
plentiful,1,0,0,0,0,0,0,0
intensely,0,0,2,0,0,0,0,0
instantly,0,0,1,0,0,0,0,0
violently,0,0,1,0,0,0,0,0
pull,0,0,0,0,0,0,2,0
temperature,0,0,0,0,3,0,0,0
reach,0,0,0,0,1,0,3,0
terrifying,1,0,0,0,0,0,0,0
swirl,0,0,0,0,0,0,1,0
whirlwind,0,0,0,0,1,0,0,0
mini,0,0,0,0,1,0,0,0
australian,1,0,0,0,0,0,0,0
bushfire,0,0,0,0,1,0,0,0
early,3,0,1,0,0,0,0,0
follow,0,0,0,0,0,0,1,0
power,0,0,0,0,2,0,0,0
ferociously,0,0,1,0,0,0,0,0
measure,0,0,0,0,0,0,1,0
meter,0,0,0,0,1,0,0,0
hectare,0,0,0,0,3,0,0,0
house,0,0,0,0,8,0,0,0
seventy,0,0,0,0,0,1,0,0
die,0,0,0,0,0,0,5,0
tall,1,0,0,0,0,0,0,0
bare,2,0,0,0,0,0,0,0
trunk,0,0,0,0,1,0,0,0
protect,0,0,0,0,0,0,5,0
delicate,1,0,0,0,0,0,0,0
cambium,0,0,0,0,1,0,0,0
underneath,0,0,1,0,0,0,0,0
slight,1,0,0,0,0,0,0,0
let,0,0,0,0,0,0,1,0
harmful,1,0,0,0,0,0,0,0
disease,0,0,0,0,1,0,0,0
insect,0,0,0,0,2,0,0,0
large,5,0,0,0,0,0,0,0
lose,0,0,0,0,0,0,1,0
char,0,0,0,0,0,0,1,0
alive,1,0,0,0,0,0,0,0
change,0,0,0,0,1,0,0,0
soil,0,0,0,0,11,0,0,0
destroy,0,0,0,0,0,0,3,0
nutrient,0,0,0,0,4,0,0,0
microorganism,0,0,0,0,1,0,0,0
recycle,0,0,0,0,0,0,1,0
positive,1,0,0,0,0,0,0,0
ash,0,0,0,0,5,0,0,0
potassium,0,0,0,0,1,0,0,0
magnesium,0,0,0,0,1,0,0,0
calcium,0,0,0,0,1,0,0,0
erosion,0,0,0,0,2,0,0,0
heavy,1,0,0,0,0,0,0,0
wash,0,0,0,0,0,0,2,0
especially,0,0,2,0,0,0,0,0
stream,0,0,0,0,1,0,0,0
river,0,0,0,0,2,0,0,0
effect,0,0,0,0,1,0,0,0
able,1,0,0,0,0,0,0,0
bird,0,0,0,0,1,0,0,0
fly,0,0,0,0,0,0,3,0
live,0,0,0,0,0,0,3,0
burrow,0,0,0,0,1,0,0,0
rodent,0,0,0,0,1,0,0,0
harm,0,0,0,0,0,0,1,0
escape,0,0,0,0,0,0,2,0
habitat,0,0,0,0,1,0,0,0
nest,0,0,0,0,1,0,0,0
egg,0,0,0,0,1,0,0,0
elk,0,0,0,0,3,0,0,0
background,0,0,0,0,2,0,0,0
danger,0,0,0,0,6,0,0,0
series,0,0,0,0,2,0,0,0
devastate,0,0,0,0,0,0,1,0
northwestern,1,0,0,0,0,0,0,0
snow,0,0,0,0,1,0,0,0
previous,1,0,0,0,0,0,0,0
set,0,0,0,0,0,0,2,0
official,0,0,0,0,1,0,0,0
soccer,0,0,0,0,1,0,0,0
field,0,0,0,0,1,0,0,0
appear,0,0,0,0,0,0,1,0
lifeless,1,0,0,0,0,0,0,0
hard,1,0,0,0,0,0,0,0
believe,0,0,0,0,0,0,1,0
recover,0,0,0,0,0,0,3,0
eventually,0,0,1,0,0,0,0,0
green,2,0,0,0,1,0,0,0
shoot,0,0,0,0,2,0,0,0
gradually,0,0,1,0,0,0,0,0
return,0,0,0,0,0,0,4,0
trace,0,0,0,0,1,0,0,0
succession,0,0,0,0,2,0,0,0
order,0,0,0,0,1,0,0,0
scorch,0,0,0,0,0,0,1,0
growth,0,0,0,0,1,0,0,0
rapid,1,0,0,0,0,0,0,0
weed,0,0,0,0,1,0,0,0
pioneer,0,0,0,0,1,0,0,0
seed,0,0,0,0,3,0,0,0
love,0,0,0,0,0,0,1,0
thrive,0,0,0,0,0,0,1,0
block,0,0,0,0,0,0,1,0
newly,0,0,1,0,0,0,0,0
predatory,1,0,0,0,0,0,0,0
adapt,0,0,0,0,0,0,2,0
tough,1,0,0,0,0,0,0,0
deep,1,0,1,0,0,0,0,0
aspen,0,0,0,0,1,0,0,0
undamaged,1,0,0,0,0,0,0,0
reproduce,0,0,0,0,0,0,2,0
lie,0,0,0,0,0,0,1,0
dormant,1,0,0,0,0,0,0,0
decade,0,0,0,0,1,0,0,0
open,0,0,0,0,0,0,2,0
seedling,0,0,0,0,1,0,0,0
pine,0,0,0,0,4,0,0,0
jack,0,0,0,0,1,0,0,0
cone,0,0,0,0,2,0,0,0
rely,0,0,0,0,0,0,1,0
hold,0,0,0,0,0,0,1,0
sticky,1,0,0,0,0,0,0,0
resin,0,0,0,0,2,0,0,0
melt,0,0,0,0,0,0,1,0
release,0,0,0,0,0,0,1,0
warning,0,0,0,0,2,0,0,0
approach,0,0,0,0,0,0,1,0
outrun,0,0,0,0,0,0,1,0
worker,0,0,0,0,1,0,0,0
camper,0,0,0,0,3,0,0,0
hiker,0,0,0,0,1,0,0,0
confused,1,0,0,0,0,0,0,0
noise,0,0,0,0,1,0,0,0
front,0,0,0,0,1,0,0,0
home,0,0,0,0,3,0,0,0
town,0,0,0,0,1,0,0,0
build,0,0,0,0,0,0,4,0
prone,1,0,0,0,0,0,0,0
ember,0,0,0,0,1,0,0,0
threaten,0,0,0,0,0,0,1,0
great,1,0,0,0,0,0,0,0
local,1,0,0,0,0,0,0,0
infrastructure,0,0,0,0,1,0,0,0
road,0,0,0,0,3,0,0,0
railway,0,0,0,0,2,0,0,0
communication,0,0,0,0,1,0,0,0
repair,0,0,0,0,0,0,1,0
suffer,0,0,0,0,0,0,1,0
mud,0,0,0,0,1,0,0,0
slide,0,0,0,0,1,0,0,0
stabilize,0,0,0,0,0,0,1,0
cover,0,0,0,0,0,0,2,0
mat,0,0,0,0,1,0,0,0
economic,1,0,0,0,0,0,0,0
timber,0,0,0,0,2,0,0,0
vast,1,0,0,0,0,0,0,0
plantation,0,0,0,0,4,0,0,0
country,0,0,0,0,2,0,0,0
fully,0,0,1,0,0,0,0,0
construction,0,0,0,0,1,0,0,0
pulp,0,0,0,0,1,0,0,0
particularly,0,0,1,0,0,0,0,0
densely,0,0,1,0,0,0,0,0
pack,0,0,0,0,0,0,1,0
extremely,0,0,1,0,0,0,0,0
costly,1,0,0,0,0,0,0,0
future,0,0,0,0,2,0,0,0
replace,0,0,0,0,0,0,1,0
tourist,0,0,0,0,1,0,0,0
leisure,0,0,0,0,1,0,0,0
business,0,0,0,0,1,0,0,0
camping,0,0,0,0,2,0,0,0
hiking,0,0,0,0,1,0,0,0
fishing,0,0,0,0,1,0,0,0
disrupt,0,0,0,0,0,0,1,0
health,0,0,0,0,1,0,0,0
wear,0,0,0,0,0,0,3,0
mask,0,0,0,0,1,0,0,0
hunter,0,0,0,0,1,0,0,0
drive,0,0,0,0,1,0,1,0
bridge,0,0,0,0,1,0,0,0
fourteen,0,0,0,0,0,1,0,0
stage,0,0,0,0,2,0,0,0
detect,0,0,0,0,0,0,1,0
establish,0,0,0,0,0,0,1,0
senior,1,0,0,0,0,0,0,0
plan,0,0,0,0,1,0,1,0
attack,0,0,0,0,3,0,1,0
information,0,0,0,0,2,0,0,0
terrain,0,0,0,0,2,0,0,0
decide,0,0,0,0,0,0,1,0
tackle,0,0,0,0,0,0,1,0
sure,3,0,0,0,0,0,0,0
detection,0,0,0,0,2,0,0,0
lookout,0,0,0,0,1,0,0,0
telltale,1,0,0,0,0,0,0,0
manned,1,0,0,0,0,0,0,0
watch,0,0,0,0,1,0,2,0
station,0,0,0,0,2,0,0,0
hilltop,0,0,0,0,1,0,0,0
ranger,0,0,0,0,3,0,0,0
patrol,0,0,0,0,0,0,1,0
vehicle,0,0,0,0,1,0,0,0
aircraft,0,0,0,0,8,0,0,0
step,0,0,0,0,1,0,0,0
pinpoint,0,0,0,0,0,0,2,0
exact,1,0,0,0,0,0,0,0
location,0,0,0,0,1,0,0,0
lot,0,0,0,0,1,0,0,0
sense,0,0,0,0,0,0,1,0
infrared,1,0,0,0,0,0,0,0
scanner,0,0,0,0,1,0,0,0
map,0,0,0,0,3,0,0,0
draw,0,0,0,0,0,0,2,0
team,0,0,0,0,1,0,0,0
position,0,0,0,0,1,0,1,0
truck,0,0,0,0,3,0,0,0
height,0,0,0,0,1,0,0,0
helicopter,0,0,0,0,1,0,0,0
engine,0,0,0,0,1,0,0,0
bulldozer,0,0,0,0,3,0,0,0
direct,2,0,0,0,0,0,0,0
indirect,2,0,0,0,0,0,0,0
directly,0,0,1,0,0,0,0,0
indirectly,0,0,1,0,0,0,0,0
method,0,0,0,0,1,0,0,0
firefighting,0,0,0,0,5,0,0,0
hose,0,0,0,0,1,0,1,0
rake,0,0,0,0,1,0,1,0
beater,0,0,0,0,3,0,0,0
section,0,0,0,0,1,0,0,0
ahead,0,0,2,0,0,0,0,0
firebreak,0,0,0,0,8,0,0,0
cross,0,0,0,0,0,0,1,0
backfire,0,0,0,0,1,0,0,0
slow,0,0,0,0,0,0,1,0
retardant,0,0,0,0,3,0,0,0
spray,0,0,0,0,0,0,2,0
soldier,0,0,0,0,1,0,0,0
design,0,0,0,0,0,0,2,0
wide,2,0,0,0,0,0,0,0
corridor,0,0,0,0,1,0,0,0
strip,0,0,0,0,0,0,1,0
scrape,0,0,0,0,0,0,3,0
dig,0,0,0,0,0,0,2,0
hand,0,0,0,0,3,0,0,0
tool,0,0,0,0,4,0,0,0
lake,0,0,0,0,2,0,0,0
act,0,0,0,0,0,0,1,0
equipment,0,0,0,0,7,0,0,0
huge,1,0,0,0,0,0,0,0
range,0,0,0,0,1,0,0,0
specialist,1,0,0,0,0,0,0,0
simple,1,0,0,0,0,0,0,0
shovel,0,0,0,0,1,0,0,0
beat,0,0,0,0,0,0,3,0
chain,0,0,0,0,1,0,0,0
saw,0,0,0,0,1,0,0,0
american,2,0,0,0,0,0,0,0
invent,0,0,0,0,0,0,1,0
park,0,0,0,0,1,0,0,0
hoe,0,0,0,0,1,0,0,0
combine,0,0,0,0,0,0,1,0
chop,0,0,0,0,0,0,1,0
french,1,0,0,0,0,0,0,0
prevent,0,0,0,0,0,0,6,0
personal,1,0,0,0,0,0,0,0
safety,0,0,0,0,1,0,0,0
fireproof,1,0,0,0,0,0,0,0
suit,0,0,0,0,1,0,0,0
helmet,0,0,0,0,2,0,0,0
portable,2,0,0,0,0,0,0,0
resistant,2,0,0,0,0,0,0,0
shelter,0,0,0,0,2,0,0,0
tent,0,0,0,0,1,0,0,0
aluminum,0,0,0,0,1,0,0,0
covering,0,0,0,0,1,0,0,0
machinery,0,0,0,0,1,0,0,0
wheel,0,0,0,0,1,0,0,0
long,1,0,0,0,0,0,0,0
pump,0,0,0,0,1,0,0,0
board,0,0,0,0,2,0,0,0
tank,0,0,0,0,1,0,0,0
tanker,0,0,0,0,1,0,0,0
trailer,0,0,0,0,1,0,0,0
uproot,0,0,0,0,0,0,1,0
firebreaks,0,0,0,0,1,0,0,0
drop,0,0,0,0,0,0,4,0
zone,0,0,0,0,1,0,0,0
help,0,0,0,0,0,0,3,0
track,0,0,0,0,1,0,0,0
assist,0,0,0,0,0,0,1,0
rescue,0,0,0,0,0,0,1,0
scoop,0,0,0,0,0,0,1,0
fixed,1,0,0,0,0,0,0,0
wing,0,0,0,0,1,0,0,0
ton,0,0,0,0,1,0,0,0
coat,0,0,0,0,0,0,1,0
right,1,0,0,0,0,0,0,0
skilled,1,0,0,0,0,0,0,0
job,0,0,0,0,1,0,0,0
jumper,0,0,0,0,3,0,0,0
initial,1,0,0,0,0,0,0,0
parachute,0,0,0,0,0,0,1,0
plus,0,0,0,1,0,0,0,0
food,0,0,0,0,1,0,0,0
aid,0,0,0,0,1,0,0,0
chance,0,0,0,0,3,0,0,0
authority,0,0,0,0,3,0,0,0
constantly,0,0,2,0,0,0,0,0
monitor,0,0,0,0,0,0,2,0
calculate,0,0,0,0,0,0,1,0
keep,0,0,0,0,0,0,1,0
standby,0,0,0,0,1,0,0,0
public,0,0,0,0,3,0,0,0
alert,0,0,0,0,0,0,1,0
increase,0,0,0,0,0,0,1,0
guide,0,0,0,0,1,0,0,0
humidity,0,0,0,0,1,0,0,0
record,0,0,0,0,0,0,1,0
instal,0,0,0,0,0,0,1,0
send,0,0,0,0,0,0,1,0
datum,0,0,0,0,2,0,0,0
analyze,0,0,0,0,0,0,1,0
dryness,0,0,0,0,1,0,0,0
quantity,0,0,0,0,1,0,0,0
electrical,1,0,0,0,0,0,0,0
storm,0,0,0,0,1,0,0,0
forecast,0,0,0,0,0,0,1,0
strike,0,0,0,0,1,0,0,0
helpful,1,0,0,0,0,0,0,0
predict,0,0,0,0,0,0,3,0
monitoring,0,0,0,0,1,0,0,0
base,0,0,0,0,0,0,1,0
automatic,1,0,0,0,0,0,0,0
system,0,0,0,0,3,0,0,0
expert,0,0,0,0,2,0,0,0
organize,0,0,0,0,0,0,1,0
evacuation,0,0,0,0,1,0,0,0
enter,0,0,0,0,0,0,2,0
computer,0,0,0,0,1,0,0,0
model,0,0,0,0,1,0,0,0
show,0,0,0,0,0,0,2,0
protection,0,0,0,0,1,0,0,0
settlement,0,0,0,0,1,0,0,0
well,1,0,1,0,0,0,0,0
advise,0,0,0,0,0,0,1,0
cotton,0,0,0,0,1,0,0,0
wool,0,0,0,0,1,0,0,0
clothe,0,0,0,0,1,0,0,0
glove,0,0,0,0,1,0,0,0
goggle,0,0,0,0,1,0,0,0
collect,0,0,0,0,0,0,1,0
container,0,0,0,0,1,0,0,0
possible,1,0,0,0,0,0,0,0
blanket,0,0,0,0,1,0,0,0
rug,0,0,0,0,1,0,0,0
pass,0,0,0,0,0,0,1,0
stay,0,0,0,0,0,0,1,0
indoors,0,0,1,0,0,0,0,0
survival,0,0,0,0,1,0,0,0
brick,0,0,0,0,1,0,0,0
clearing,0,0,0,0,1,0,0,0
sign,0,0,0,0,3,0,0,0
probably,0,0,1,0,0,0,0,0
mean,0,0,0,0,0,0,1,0
recently,0,0,1,0,0,0,0,0
operate,0,0,0,0,0,0,1,0
rating,0,0,0,0,3,0,0,0
scale,0,0,0,0,1,0,0,0
internet,0,0,0,0,1,0,0,0
phone,0,0,0,0,1,0,0,0
display,0,0,0,0,0,0,1,0
deter,0,0,0,0,0,0,1,0
level,0,0,0,0,1,0,0,0
dark,1,0,0,0,0,0,0,0
moderate,1,0,0,0,0,0,0,0
blue,1,0,0,0,0,0,0,0
yellow,1,0,0,0,0,0,0,0
orange,0,0,0,0,1,0,0,0
extreme,1,0,0,0,0,0,0,0
education,0,0,0,0,4,0,0,0
program,0,0,0,0,5,0,0,0
frequency,0,0,0,0,1,0,0,0
compose,0,0,0,0,0,0,1,0
classroom,0,0,0,0,1,0,0,0
visit,0,0,0,0,1,0,0,0
advertising,0,0,0,0,1,0,0,0
campaign,0,0,0,0,2,0,0,0
bulletin,0,0,0,0,1,0,0,0
inform,0,0,0,0,0,0,1,0
visitor,0,0,0,0,2,0,0,0
do,0,0,0,0,1,0,0,0
prevention,0,0,0,0,2,0,0,0
put,0,0,0,0,0,0,1,0
careful,2,0,0,0,0,0,0,0
stove,0,0,0,0,1,0,0,0
forester,0,0,0,0,1,0,0,0
advice,0,0,0,0,1,0,0,0
leaf,0,0,0,0,1,0,0,0
patch,0,0,0,0,1,0,0,0
yard,0,0,0,0,1,0,0,0
dip,0,0,0,0,0,0,1,0
camp,0,0,0,0,1,0,0,0
drown,0,0,0,0,0,0,1,0
soak,0,0,0,0,0,0,1,0
suspend,0,0,0,0,0,0,1,0
manager,0,0,0,0,1,0,0,0
purpose,0,0,0,0,1,0,0,0
prescribed,2,0,0,0,0,0,0,0
lead,0,0,0,0,0,0,1,0
catastrophic,1,0,0,0,0,0,0,0
child,0,0,0,0,2,0,0,0
fighting,0,0,0,0,1,0,0,0
center,0,0,0,0,1,0,0,0
mascot,0,0,0,0,2,0,0,0
cartoon,0,0,0,0,1,0,0,0
character,0,0,0,0,1,0,0,0
century,0,0,0,0,1,0,0,0
quarter,0,0,0,0,1,0,0,0
deadly,1,0,0,0,0,0,0,0
casualty,0,0,0,0,1,0,0,0
