word,ADJ,ADP,ADV,AUX,CCONJ,DET,NOUN,NUM,VERB,X
binary,6,0,2,0,0,0,1,0,0,0
code,0,0,0,0,0,0,53,0,13,0
world,0,0,0,0,0,0,10,0,0,0
secret,32,0,0,0,0,0,7,0,0,0
message,0,0,0,0,0,0,82,0,0,0
breaker,0,0,0,0,0,0,5,0,0,0
like,4,6,0,0,0,0,0,0,0,0
high,11,0,0,0,0,0,0,0,0,0
tech,0,0,0,0,0,0,1,0,0,0
espionage,0,0,0,0,0,0,1,0,0,0
thriller,0,0,0,0,0,0,1,0,0,0
fascination,0,0,0,0,0,0,1,0,0,0
cryptology,0,0,0,0,0,0,44,0,0,0
method,0,0,0,0,0,0,23,0,0,0
novel,1,0,0,0,0,0,1,0,0,0
inspire,0,0,0,0,0,0,0,0,1,0
real,3,0,0,0,0,0,0,0,0,0
practice,0,0,0,0,0,0,6,0,0,0
time,0,0,0,0,0,0,27,0,0,0
help,0,0,0,0,0,0,2,0,5,0
change,0,0,0,0,0,0,4,0,13,0
history,0,0,0,0,0,0,21,0,0,0
continue,0,0,0,0,0,0,0,0,11,0
adapt,0,0,0,0,0,0,0,0,2,0
cutting,1,0,0,0,0,0,0,0,0,0
edge,0,0,0,0,0,0,1,0,0,0
technology,0,0,0,0,0,0,6,0,0,0
science,0,0,0,0,0,0,8,0,0,0
extent,0,0,0,0,0,0,3,0,0,0
art,0,0,0,0,0,0,6,0,0,0
root,0,0,0,0,0,0,3,0,0,0
ancient,4,0,0,0,0,0,1,0,0,0
book,0,0,0,0,0,0,17,0,0,0
let,0,0,0,0,0,0,0,0,1,0
cryptography,0,0,0,0,0,0,62,0,0,0
breaking,0,0,0,0,0,0,2,0,0,0
include,0,0,0,0,0,0,0,0,13,0
colourful,2,0,0,0,0,0,0,0,0,0
extremely,0,0,2,0,0,0,0,0,0,0
intricate,1,0,0,0,0,0,0,0,0,0
structure,0,0,0,0,0,0,9,0,1,0
cryptographic,13,0,0,0,0,0,0,0,0,0
system,0,0,0,0,0,0,79,0,0,0
level,0,0,0,0,0,0,9,0,0,0
puzzle,0,0,0,0,0,0,1,0,0,0
solving,0,0,0,0,0,0,1,0,0,0
require,0,0,0,0,0,0,0,0,14,0
break,0,0,0,0,0,0,0,0,13,0
process,0,0,0,0,0,0,11,0,4,0
side,0,0,0,0,0,0,2,0,0,0
cat,0,0,0,0,0,0,2,0,0,0
mouse,0,0,0,0,0,0,3,0,0,0
game,0,0,0,0,0,0,7,0,0,0
try,0,0,0,0,0,0,0,0,9,0
devise,0,0,0,0,0,0,0,0,19,0
impenetrable,1,0,0,0,0,0,0,0,0,0
crack,0,0,0,0,0,0,0,0,6,0
give,0,0,0,0,0,0,0,0,17,0
long,8,0,6,0,0,0,0,0,0,0
appropriate,2,0,0,0,0,0,0,0,0,0
word,0,0,0,0,0,0,30,0,0,0
come,0,0,0,0,0,0,0,0,9,0
literally,0,0,2,0,0,0,0,0,0,0
mean,0,0,0,0,0,0,6,0,6,0
hidden,1,0,0,0,0,0,0,0,0,0
writing,0,0,0,0,0,0,2,0,0,0
conceal,0,0,0,0,0,0,0,0,13,0
plain,2,0,0,0,0,0,0,0,0,0
sight,0,0,0,0,0,0,1,0,0,0
cryptanalysis,0,0,0,0,0,0,37,0,0,0
represent,0,0,0,0,0,0,0,0,6,0
decipher,0,0,0,0,0,0,0,0,7,0
forge,0,0,0,0,0,0,0,0,3,0
write,0,0,0,0,0,0,0,0,14,0
broad,1,0,0,0,0,0,0,0,0,0
description,0,0,0,0,0,0,3,0,0,0
overall,3,0,0,0,0,0,0,0,0,0
field,0,0,0,0,0,0,8,0,0,0
encompass,0,0,0,0,0,0,0,0,3,0
talk,0,0,0,0,0,0,1,0,0,0
evoke,0,0,0,0,0,0,0,0,1,0
image,0,0,0,0,0,0,1,0,0,0
spy,0,0,0,0,0,0,3,0,0,0
international,4,0,0,0,0,0,0,0,0,0
diplomacy,0,0,0,0,0,0,2,0,0,0
play,0,0,0,0,0,0,1,0,4,0
traditional,1,0,0,0,0,0,0,0,0,0
role,0,0,0,0,0,0,6,0,0,0
realm,0,0,0,0,0,0,2,0,0,0
electronic,23,0,0,0,0,0,0,0,0,0
commerce,0,0,0,0,0,0,13,0,0,0
central,5,0,0,0,0,0,0,0,0,0
mundane,1,0,0,0,0,0,0,0,0,0
type,0,0,0,0,0,0,17,0,4,0
business,0,0,0,0,0,0,9,0,0,0
day,0,0,0,0,0,0,9,0,0,0
allow,0,0,0,0,0,0,0,0,4,0
million,0,0,0,0,0,0,4,1,0,0
financial,5,0,0,0,0,0,0,0,0,0
transaction,0,0,0,0,0,0,19,0,0,0
place,0,0,0,0,0,0,5,0,0,0
safety,0,0,0,0,0,0,1,0,0,0
ease,0,0,0,0,0,0,2,0,0,0
fundamentally,0,0,1,0,0,0,0,0,0,0
base,0,0,0,0,0,0,0,0,18,0
key,2,0,0,0,0,0,253,0,1,0
formula,0,0,0,0,0,0,5,0,0,0
convert,0,0,0,0,0,0,0,0,3,0
original,15,0,0,0,0,0,0,0,0,0
know,0,0,0,0,0,0,0,0,58,0
plaintext,1,0,0,0,0,0,84,0,0,0
cipher,0,0,0,0,0,0,242,0,0,0
secretly,0,0,4,0,0,0,0,0,0,0
make,0,0,0,0,0,0,0,0,10,0
conversion,0,0,0,0,0,0,2,0,0,0
encryption,0,0,0,0,0,0,65,0,0,0
reverse,4,0,0,0,0,0,1,0,0,0
decryption,0,0,0,0,0,0,27,0,0,0
use,0,0,0,0,0,0,20,0,17,0
information,0,0,0,0,0,0,81,0,0,0
simple,27,0,0,0,0,0,0,0,0,0
technique,0,0,0,0,0,0,11,0,0,0
complex,16,0,0,0,0,0,0,0,0,0
hard,11,0,1,0,0,0,0,0,0,0
modern,13,0,0,0,0,0,0,0,0,0
build,0,0,0,0,0,0,0,0,4,0
basic,9,0,0,0,0,0,0,0,0,0
principle,0,0,0,0,0,0,18,0,0,0
create,0,0,0,0,0,0,0,0,8,0
increasingly,0,0,3,0,0,0,0,0,0,0
elaborate,3,0,0,0,0,0,0,0,0,0
efficiently,0,0,1,0,0,0,0,0,0,0
automate,0,0,0,0,0,0,0,0,3,0
securely,0,0,4,0,0,0,0,0,0,0
encode,0,0,0,0,0,0,0,0,10,0
essential,7,0,0,0,0,0,1,0,0,0
century,0,0,0,0,0,0,18,0,0,0
credit,0,0,0,0,0,0,10,0,0,0
debit,0,0,0,0,0,0,1,0,0,0
card,0,0,0,0,0,0,24,0,0,0
money,0,0,0,0,0,0,3,0,0,0
transfer,0,0,0,0,0,0,4,0,1,0
rely,0,0,0,0,0,0,0,0,4,0
addition,0,0,0,0,0,0,5,0,0,0
safeguard,0,0,0,0,0,0,0,0,4,0
belong,0,0,0,0,0,0,0,0,1,0
consumer,0,0,0,0,0,0,3,0,0,0
merchant,0,0,0,0,0,0,8,0,0,0
institution,0,0,0,0,0,0,2,0,0,0
element,0,0,0,0,0,0,11,0,0,0
necessary,6,0,0,0,0,0,0,0,0,0
authentication,0,0,0,0,0,0,17,0,0,0
party,0,0,0,0,0,0,6,0,0,0
meet,0,0,0,0,0,0,0,0,5,0
face,0,0,0,0,0,0,2,0,4,0
encrypt,0,0,0,0,0,0,0,0,51,0
vital,3,0,0,0,0,0,0,0,0,0
ensure,0,0,0,0,0,0,0,0,2,0
claim,0,0,0,0,0,0,2,0,4,0
unfortunately,0,0,2,0,0,0,0,0,0,0
sophisticated,2,0,0,0,0,0,0,0,0,0
necessity,0,0,0,0,0,0,2,0,0,0
theft,0,0,0,0,0,0,6,0,0,0
unauthorised,3,0,0,0,0,0,0,0,0,0
sensitive,2,0,0,0,0,0,0,0,0,0
grow,0,0,0,0,0,0,0,0,7,0
right,6,0,2,0,0,0,1,0,0,0
illegal,1,0,0,0,0,0,0,0,0,0
basis,0,0,0,0,0,0,9,0,0,0
cyber,1,0,0,0,0,0,0,0,0,0
crime,0,0,0,0,0,0,1,0,0,0
identity,0,0,0,0,0,0,16,0,0,0
decade,0,0,0,0,0,0,7,0,0,0
fraud,0,0,0,0,0,0,1,0,0,0
affect,0,0,0,0,0,0,0,0,3,0
people,0,0,0,0,0,0,8,0,0,0
result,0,0,0,0,0,0,15,0,20,0
loss,0,0,0,0,0,0,4,0,0,0
billion,0,0,0,0,0,0,1,1,0,0
dollar,0,0,0,0,0,0,1,0,0,0
evolve,0,0,0,0,0,0,0,0,2,0
security,0,0,0,0,0,0,25,0,0,0
challenge,0,0,0,0,0,0,6,0,0,0
look,0,0,0,0,0,0,1,0,6,0
origin,0,0,0,0,0,0,2,0,0,0
provide,0,0,0,0,0,0,0,0,21,0
insight,0,0,0,0,0,0,2,0,0,0
building,0,0,0,0,0,0,2,0,0,0
block,0,0,0,0,0,0,19,0,0,0
today,0,0,0,0,0,0,8,0,0,0
examine,0,0,0,0,0,0,0,0,3,0
historical,2,0,0,0,0,0,0,0,0,0
development,0,0,0,0,0,0,11,0,0,0
major,4,0,0,0,0,0,0,0,1,0
transposition,0,0,0,0,0,0,30,0,0,0
substitution,0,0,0,0,0,0,47,0,0,0
scramble,0,0,0,0,0,0,0,0,4,0
sequence,0,0,0,0,0,0,24,0,0,0
component,0,0,0,0,0,0,5,0,0,0
replace,0,0,0,0,0,0,0,0,13,0
different,17,0,0,0,0,0,0,0,0,0
letter,0,0,0,0,0,0,68,0,0,0
number,0,0,0,0,0,0,63,0,0,0
symbol,0,0,0,0,0,0,52,0,0,0
maintain,0,0,0,0,0,0,0,0,1,0
agree,0,0,0,0,0,0,0,0,6,0
keyword,0,0,0,0,0,0,1,0,0,0
signal,0,0,0,0,0,0,4,0,1,0
rearrangement,0,0,0,0,0,0,2,0,0,0
text,0,0,0,0,0,0,15,0,0,0
popular,4,0,0,0,0,0,0,0,0,0
early,12,0,3,0,0,0,0,0,0,0
form,0,0,0,0,0,0,15,0,6,0
entail,0,0,0,0,0,0,0,0,1,0
layer,0,0,0,0,0,0,0,0,4,0
way,0,0,0,0,0,0,23,0,0,0
depict,0,0,0,0,0,0,0,0,1,0
story,0,0,0,0,0,0,3,0,0,0
film,0,0,0,0,0,0,1,0,0,0
substitute,0,0,0,0,0,0,0,0,2,0
alphabet,0,0,0,0,0,0,12,0,0,0
accordingly,0,0,2,0,0,0,0,0,0,0
drawback,0,0,0,0,0,0,1,0,0,0
present,4,0,0,0,0,0,0,0,1,0
recognisable,1,0,0,0,0,0,0,0,0,0
pattern,0,0,0,0,0,0,13,0,0,0
character,0,0,0,0,0,0,13,0,0,0
appear,0,0,0,0,0,0,0,0,6,0
accord,0,0,0,0,0,0,0,0,6,0
language,0,0,0,0,0,0,3,0,0,0
obscure,0,0,0,0,0,0,0,0,1,0
variation,0,0,0,0,0,0,2,0,0,0
develop,0,0,0,0,0,0,0,0,8,0
multiple,8,0,0,0,0,0,2,0,0,0
correlate,0,0,0,0,0,0,0,0,1,0
closely,0,0,1,0,0,0,0,0,0,0
avoid,0,0,0,0,0,0,0,0,3,0
decoding,0,0,0,0,0,0,1,0,0,0
complexity,0,0,0,0,0,0,10,0,0,0
set,0,0,0,0,0,0,4,0,6,0
rule,0,0,0,0,0,0,7,0,0,0
significant,4,0,0,0,0,0,0,0,0,0
example,0,0,0,0,0,0,46,0,0,0
historically,0,0,2,0,0,0,0,0,0,0
effort,0,0,0,0,0,0,8,0,0,0
product,0,0,0,0,0,0,22,0,0,0
employ,0,0,0,0,0,0,0,0,19,0
combination,0,0,0,0,0,0,4,0,0,0
new,16,0,0,0,0,0,0,0,0,0
cryptologist,0,0,0,0,0,0,4,0,0,0
think,0,0,0,0,0,0,0,0,7,0
unbreakable,4,0,0,0,0,0,0,0,0,0
resourceful,1,0,0,0,0,0,0,0,0,0
prove,0,0,0,0,0,0,0,0,7,0
wrong,0,0,1,0,0,0,0,0,0,0
nature,0,0,0,0,0,0,3,0,0,0
adversarial,1,0,0,0,0,0,0,0,0,0
year,0,0,0,0,0,0,17,0,0,0
wartime,0,0,0,0,0,0,1,0,0,0
criminal,1,0,0,0,0,0,5,0,0,0
activity,0,0,0,0,0,0,1,0,0,0
dramatic,2,0,0,0,0,0,0,0,0,0
impact,0,0,0,0,0,0,2,0,0,0
heart,0,0,0,0,0,0,1,0,0,0
decode,0,0,0,0,0,0,0,0,7,0
critical,4,0,0,0,0,0,0,0,0,0
concern,0,0,0,0,0,0,4,0,4,0
distribute,0,0,0,0,0,0,0,0,7,0
protect,0,0,0,0,0,0,0,0,12,0
military,9,0,0,0,0,0,1,0,0,0
operation,0,0,0,0,0,0,22,0,0,0
disseminate,0,0,0,0,0,0,0,0,3,0
apply,0,0,0,0,0,0,0,0,12,0
application,0,0,0,0,0,0,9,0,0,0
problem,0,0,0,0,0,0,17,0,0,0
sheer,2,0,0,0,0,0,0,0,0,0
exchange,0,0,0,0,0,0,5,0,6,0
pair,0,0,0,0,0,0,24,0,0,0
unique,4,0,0,0,0,0,0,0,0,0
important,10,0,0,0,0,0,0,0,0,0
creation,0,0,0,0,0,0,2,0,0,0
user,0,0,0,0,0,0,37,0,0,0
sharing,0,0,0,0,0,0,6,0,0,0
participate,0,0,0,0,0,0,0,0,2,0
procedure,0,0,0,0,0,0,3,0,0,0
issue,0,0,0,0,0,0,2,0,5,0
verify,0,0,0,0,0,0,0,0,6,0
person,0,0,0,0,0,0,4,0,0,0
beginning,0,0,0,0,0,0,8,0,0,0
communicate,0,0,0,0,0,0,0,0,10,0
authenticate,0,0,0,0,0,0,0,0,7,0
sender,0,0,0,0,0,0,2,0,0,0
recipient,0,0,0,0,0,0,3,0,0,0
government,0,0,0,0,0,0,13,0,0,0
circle,0,0,0,0,0,0,2,0,0,0
digit,0,0,0,0,0,0,11,0,0,0
add,0,0,0,0,0,0,0,0,2,0
wrinkle,0,0,0,0,0,0,1,0,0,0
stream,0,0,0,0,0,0,15,0,1,0
section,0,0,0,0,0,0,10,0,0,0
rest,0,0,0,0,0,0,2,0,0,0
interpret,0,0,0,0,0,0,0,0,2,0
perfectly,0,0,1,0,0,0,0,0,0,0
synchronise,0,0,0,0,0,0,0,0,1,0
simply,0,0,12,0,0,0,0,0,0,0
love,0,0,0,0,0,0,1,0,0,0
mathematical,8,0,0,0,0,0,0,0,0,0
follow,0,0,0,0,0,0,0,0,11,0
stride,0,0,0,0,0,0,2,0,0,0
interpretation,0,0,0,0,0,0,3,0,0,0
forgery,0,0,0,0,0,0,1,0,0,0
largely,0,0,2,0,0,0,0,0,0,0
question,0,0,0,0,0,0,3,0,0,0
scientifically,0,0,1,0,0,0,0,0,0,0
flash,0,0,0,0,0,0,2,0,0,0
inspiration,0,0,0,0,0,0,2,0,0,0
quantitative,1,0,0,0,0,0,0,0,0,0
analysis,0,0,0,0,0,0,5,0,0,0
computing,0,0,0,0,0,0,10,0,0,0
power,0,0,0,0,0,0,8,0,1,0
discern,0,0,0,0,0,0,0,0,1,0
passage,0,0,0,0,0,0,3,0,0,0
emerge,0,0,0,0,0,0,0,0,1,0
describe,0,0,0,0,0,0,0,0,13,0
variety,0,0,0,0,0,0,1,0,0,0
approach,0,0,0,0,0,0,8,0,3,0
general,7,0,0,0,0,0,0,0,0,0
able,7,0,0,0,0,0,0,0,0,0
match,0,0,0,0,0,0,0,0,5,0
order,0,0,0,0,0,0,15,0,1,0
figure,0,0,0,0,0,0,5,0,1,0
portion,0,0,0,0,0,0,1,0,0,0
cryptanalyst,0,0,0,0,0,0,33,0,0,0
guess,0,0,0,0,0,0,0,0,4,0
context,0,0,0,0,0,0,1,0,0,0
computer,0,0,0,0,0,0,34,0,0,0
vast,2,0,0,0,0,0,0,0,0,0
possible,14,0,0,0,0,0,0,0,0,0
sense,0,0,0,0,0,0,4,0,0,0
characteristic,0,0,0,0,0,0,1,0,0,0
truth,0,0,0,0,0,0,1,0,0,0
war,0,0,0,0,0,0,16,0,0,0
pursue,0,0,0,0,0,0,0,0,2,0
intently,0,0,1,0,0,0,0,0,0,0
intelligence,0,0,0,0,0,0,3,0,0,0
agency,0,0,0,0,0,0,2,0,0,0
recur,0,0,0,0,0,0,0,0,1,0
theme,0,0,0,0,0,0,1,0,0,0
define,0,0,0,0,0,0,0,0,10,0
distinct,2,0,0,0,0,0,0,0,0,0
era,0,0,0,0,0,0,7,0,0,0
phase,0,0,0,0,0,0,7,0,0,0
construct,0,0,0,0,0,0,0,0,6,0
manually,0,0,4,0,0,0,0,0,0,0
manual,7,0,0,0,0,0,3,0,0,0
implement,0,0,0,0,0,0,0,0,10,0
little,3,0,2,0,0,0,0,0,0,0
thousand,0,0,0,0,0,0,3,1,0,0
point,0,0,0,0,0,0,8,0,2,0
mechanised,2,0,0,0,0,0,0,0,0,0
begin,0,0,0,0,0,0,0,0,9,0
start,0,0,0,0,0,0,1,0,6,0
calculate,0,0,0,0,0,0,0,0,5,0
machine,0,0,0,0,0,0,64,0,0,0
progress,0,0,0,0,0,0,1,0,1,0
rotor,0,0,0,0,0,0,43,0,0,0
participant,0,0,0,0,0,0,15,0,0,0
decrypt,0,0,0,0,0,0,0,0,29,0
fast,0,0,2,0,0,0,0,0,0,0
chance,0,0,0,0,0,0,4,0,0,0
error,0,0,0,0,0,0,4,0,0,0
late,3,0,0,0,0,0,0,0,0,0
switch,0,0,0,0,0,0,4,0,0,0
advanced,1,0,0,0,0,0,0,0,0,0
trillion,0,0,0,0,0,0,2,0,0,0
bit,0,0,0,0,0,0,56,0,0,0
matter,0,0,1,0,0,0,3,0,0,0
second,6,0,1,0,0,0,10,0,0,1
involve,0,0,0,0,0,0,0,0,14,0
massive,1,0,0,0,0,0,0,0,0,0
deployment,0,0,0,0,0,0,1,0,0,0
vastly,0,0,1,0,0,0,0,0,0,0
expand,0,0,0,0,0,0,0,0,3,0
range,0,0,0,0,0,0,2,0,0,0
age,0,0,0,0,0,0,4,0,1,0
illustrate,0,0,0,0,0,0,0,0,10,0
ongoing,1,0,0,0,0,0,0,0,0,0
civilisation,0,0,0,0,0,0,1,0,0,0
spartan,1,0,0,0,0,0,0,0,0,0
commander,0,0,0,0,0,0,2,0,0,0
bce,0,0,0,0,0,0,6,0,0,0
dawn,0,0,0,0,0,0,1,0,0,0
increase,0,0,0,0,0,0,0,0,10,0
fascinating,1,0,0,0,0,0,0,0,0,0
date,0,0,0,0,0,0,1,0,3,0
hundred,0,0,0,0,0,0,2,0,0,0
remain,0,0,0,0,0,0,0,0,10,0
medieval,2,0,0,0,0,0,0,0,0,0
understand,0,0,0,0,0,0,0,0,6,0
conceptual,1,0,0,0,0,0,0,0,0,0
foundation,0,0,0,0,0,0,1,0,0,0
mystify,0,0,0,0,0,0,0,0,1,0
enormous,3,0,0,0,0,0,0,0,0,0
bring,0,0,0,0,0,0,0,0,3,0
bear,0,0,0,0,0,0,0,0,7,0
fence,0,0,0,0,0,0,4,0,0,0
similar,7,0,0,0,0,0,0,0,0,0
degree,0,0,0,0,0,0,1,0,0,0
muscle,0,0,0,0,0,0,1,0,0,0
shape,0,0,0,0,0,0,0,0,1,0
evolution,0,0,0,0,0,0,1,0,0,0
shortly,0,0,2,0,0,0,0,0,0,0
version,0,0,0,0,0,0,4,0,0,0
mechanical,7,0,0,0,0,0,0,0,0,0
vary,0,0,0,0,0,0,0,0,1,0
periodically,0,0,1,0,0,0,0,0,0,0
potential,1,0,0,0,0,0,1,0,0,0
radically,0,0,1,0,0,0,0,0,0,0
realise,0,0,0,0,0,0,0,0,1,0
slowly,0,0,1,0,0,0,0,0,0,0
fact,0,0,0,0,0,0,13,0,0,0
simultaneously,0,0,1,0,0,0,0,0,0,0
fully,0,0,2,0,0,0,0,0,0,0
advantage,0,0,0,0,0,0,4,0,0,0
adoption,0,0,0,0,0,0,2,0,0,0
standard,5,0,0,0,0,0,15,0,0,0
round,0,0,0,0,0,0,3,0,0,0
construction,0,0,0,0,0,0,1,0,0,0
advance,0,0,0,0,0,0,8,0,5,0
speed,0,0,0,0,0,0,5,0,0,0
analyse,0,0,0,0,0,0,0,0,1,0
apparent,2,0,0,0,0,0,0,0,0,0
vulnerable,3,0,0,0,0,0,0,0,0,0
approve,0,0,0,0,0,0,0,0,4,0
take,0,0,0,0,0,0,0,0,3,0
hardware,0,0,0,0,0,0,3,0,0,0
software,0,0,0,0,0,0,3,0,0,0
formulate,0,0,0,0,0,0,0,0,1,0
design,0,0,0,0,0,0,2,0,6,0
adaptable,1,0,0,0,0,0,0,0,0,0
length,0,0,0,0,0,0,10,0,0,0
condition,0,0,0,0,0,0,6,0,0,0
ultimate,1,0,0,0,0,0,0,0,0,0
cryptographer,0,0,0,0,0,0,10,0,0,0
see,0,0,0,0,0,0,0,0,3,0
stake,0,0,0,0,0,0,1,0,0,0
affair,0,0,0,0,0,0,3,0,0,0
thing,0,0,0,0,0,0,4,0,0,0
certain,4,0,0,0,0,0,0,0,0,0
clandestine,1,0,0,0,0,0,0,0,0,0
explore,0,0,0,0,0,0,0,0,1,0
territory,0,0,0,0,0,0,2,0,0,0
diplomat,0,0,0,0,0,0,1,0,0,0
everyday,2,0,0,0,0,0,0,0,0,0
life,0,0,0,0,0,0,6,0,0,0
learn,0,0,0,0,0,0,0,0,5,0
work,0,0,0,0,0,0,12,0,6,0
threat,0,0,0,0,0,0,3,0,0,0
protection,0,0,0,0,0,0,5,0,0,0
well,0,0,6,0,0,0,0,0,0,0
appreciate,0,0,0,0,0,0,0,0,2,0
effectively,0,0,2,0,0,0,0,0,0,0
term,0,0,0,0,0,0,13,0,0,0
derive,0,0,0,0,0,0,0,0,2,0
greek,4,0,0,0,0,0,0,0,0,0
kryptós,0,0,0,0,0,0,0,0,0,3
hide,0,0,0,0,0,0,0,0,3,0
gráphein,0,0,0,0,0,0,0,0,0,1
originally,0,0,3,0,0,0,0,0,0,0
study,0,0,0,0,0,0,1,0,2,0
later,2,0,8,0,0,0,0,0,0,0
reveal,0,0,0,0,0,0,0,0,6,0
legitimate,8,0,0,0,0,0,0,0,0,0
area,0,0,0,0,0,0,2,0,0,0
control,0,0,0,0,0,0,2,0,5,0
transformation,0,0,0,0,0,0,8,0,0,0
impossible,4,0,0,0,0,0,0,0,0,0
computationally,0,0,7,0,0,0,0,0,0,0
infeasible,6,0,0,0,0,0,0,0,0,0
unauthorized,1,0,0,0,0,0,0,0,0,0
duplicate,0,0,0,0,0,0,0,0,2,0
undo,0,0,0,0,0,0,0,0,3,0
analýein,0,0,0,0,0,0,0,0,0,1
loosen,0,0,0,0,0,0,0,0,1,0
untie,0,0,0,0,0,0,0,0,1,0
recover,0,0,0,0,0,0,0,0,12,0
cryptographically,0,0,2,0,0,0,0,0,0,0
secure,19,0,0,0,0,0,0,0,5,0
knowledge,0,0,0,0,0,0,6,0,0,0
lógos,0,0,0,0,0,0,0,0,0,1
mistakenly,0,0,1,0,0,0,0,0,0,0
consider,0,0,0,0,0,0,0,0,7,0
synonym,0,0,0,0,0,0,1,0,0,0
occasionally,0,0,4,0,0,0,0,0,0,0
specialist,0,0,0,0,0,0,1,0,0,0
adopt,0,0,0,0,0,0,0,0,6,0
convention,0,0,0,0,0,0,1,0,0,0
inclusive,1,0,0,0,0,0,0,0,0,0
entire,4,0,0,0,0,0,0,0,0,0
concerned,2,0,0,0,0,0,0,0,0,0
datum,0,0,0,0,0,0,12,0,0,0
communication,0,0,0,0,0,0,35,0,0,0
storage,0,0,0,0,0,0,3,0,0,0
usually,0,0,7,0,0,0,0,0,0,0
initially,0,0,3,0,0,0,0,0,0,0
secrecy,0,0,0,0,0,0,14,0,0,0
especially,0,0,2,0,0,0,0,0,0,0
equally,0,0,10,0,0,0,0,0,0,0
flow,0,0,0,0,0,0,1,0,1,0
store,0,0,0,0,0,0,0,0,4,0
facsimile,1,0,0,0,0,0,0,0,0,0
television,0,0,0,0,0,0,1,0,0,0
legally,0,0,1,0,0,0,0,0,0,0
acceptable,2,0,0,0,0,0,0,0,0,0
record,0,0,0,0,0,0,6,0,2,0
broaden,0,0,0,0,0,0,0,0,1,0
enlarge,0,0,0,0,0,0,0,0,2,0
obtain,0,0,0,0,0,0,0,0,3,0
transform,0,0,0,0,0,0,1,0,4,0
virtue,0,0,0,0,0,0,1,0,0,0
generally,0,0,9,0,0,0,0,0,0,0
inscrutable,1,0,0,0,0,0,0,0,0,0
forgeable,1,0,0,0,0,0,0,0,0,0
source,0,0,0,0,0,0,3,0,0,0
function,0,0,0,0,0,0,24,0,3,0
main,5,0,0,0,0,0,0,0,0,0
purpose,0,0,0,0,0,0,5,0,0,0
loosely,0,0,1,0,0,0,0,0,0,0
terminology,0,0,0,0,0,0,1,0,0,0
apparently,0,0,2,0,0,0,0,0,0,0
incomprehensible,1,0,0,0,0,0,0,0,0,0
output,0,0,0,0,0,0,7,0,2,0
refer,0,0,0,0,0,0,0,0,2,0
note,0,0,0,0,0,0,1,0,3,0
call,0,0,0,0,0,0,0,0,23,0
ciphertext,0,0,0,0,0,0,57,0,0,0
inverse,4,0,0,0,0,0,2,0,0,0
receiver,0,0,0,0,0,0,10,0,0,0
frequently,0,0,8,0,0,0,0,0,0,0
confuse,0,0,0,0,0,0,0,0,1,0
misuse,0,0,0,0,0,0,0,0,2,0
lexicon,0,0,0,0,0,0,1,0,0,0
expert,0,0,0,0,0,0,1,0,0,0
synonymous,1,0,0,0,0,0,0,0,0,0
unvarying,1,0,0,0,0,0,0,0,0,0
piece,0,0,0,0,0,0,4,0,0,0
phrase,0,0,0,0,0,0,3,0,0,0
object,0,0,0,0,0,0,2,0,0,0
necessarily,0,0,3,0,0,0,0,0,0,0
sort,0,0,0,0,0,0,6,0,0,0
alphanumeric,1,0,0,0,0,0,0,0,0,0
dot,0,0,0,0,0,0,1,0,0,0
dash,0,0,0,0,0,0,1,0,0,0
familiar,3,0,0,0,0,0,0,0,0,0
probably,0,0,3,0,0,0,0,0,0,0
widely,0,0,10,0,0,0,0,0,0,0
personal,10,0,0,0,0,0,0,0,0,0
terminal,0,0,0,0,0,0,1,0,0,0
backspace,0,0,0,0,0,0,1,0,0,0
carriage,0,0,0,0,0,0,1,0,0,0
return,0,0,0,0,0,0,1,0,0,0
seven,0,0,0,0,0,0,0,2,0,0
string,0,0,0,0,0,0,3,0,0,0
lowercase,0,0,0,0,0,0,1,0,0,0
uppercase,0,0,0,0,0,0,1,0,0,0
acronym,0,0,0,0,0,0,1,0,0,0
ask,0,0,0,0,0,0,0,0,3,0
cash,0,0,0,0,0,0,2,0,0,0
delivery,0,0,0,0,0,0,2,0,0,0
achieve,0,0,0,0,0,0,0,0,5,0
independent,1,0,0,0,0,0,0,0,0,0
existence,0,0,0,0,0,0,2,0,0,0
meaning,0,0,0,0,0,0,2,0,0,0
equivalent,5,0,0,0,0,0,1,0,0,0
forget,0,0,0,0,0,0,0,0,2,0
precise,1,0,0,0,0,0,0,0,0,0
attribute,0,0,0,0,0,0,0,0,1,0
modem,0,0,0,0,0,0,1,0,0,0
stand,0,0,0,0,0,0,0,0,1,0
modulator,0,0,0,0,0,0,1,0,0,0
demodulator,0,0,0,0,0,0,1,0,0,0
case,0,0,0,0,0,0,10,0,0,0
consist,0,0,0,0,0,0,0,0,11,0
difference,0,0,0,0,0,0,2,0,0,0
replacement,0,0,0,0,0,0,5,0,0,0
transmitter,0,0,0,0,0,0,5,0,0,0
expectation,0,0,0,0,0,0,2,0,0,0
outsider,0,0,0,0,0,0,3,0,0,0
ignorant,1,0,0,0,0,0,0,0,0,0
invert,0,0,0,0,0,0,0,0,2,0
past,0,0,0,0,0,0,3,0,0,0
blurring,0,0,0,0,0,0,1,0,0,0
distinction,0,0,0,0,0,0,2,0,0,0
relatively,0,0,3,0,0,0,0,0,0,0
unimportant,1,0,0,0,0,0,0,0,0,0
contemporary,4,0,0,0,0,0,0,0,0,0
satellite,0,0,0,0,0,0,2,0,0,0
link,0,0,0,0,0,0,2,0,1,0
textual,1,0,0,0,0,0,0,0,0,0
pulse,0,0,0,0,0,0,1,0,0,0
modulate,0,0,0,0,0,0,0,0,1,0
digitize,0,0,0,0,0,0,0,0,1,0
decimal,2,0,0,0,0,0,0,0,0,0
analog,1,0,0,0,0,0,2,0,0,0
speech,0,0,0,0,0,0,1,0,0,0
chapter,0,0,0,0,0,0,3,0,0,0
finally,0,0,1,0,0,0,0,0,0,0
correct,0,0,0,0,0,0,0,0,1,0
transmission,0,0,0,0,0,0,4,0,0,0
ground,0,0,0,0,0,0,2,0,0,0
station,0,0,0,0,0,0,2,0,0,0
orbit,0,0,0,0,0,0,0,0,1,0
intend,0,0,0,0,0,0,0,0,3,0
true,7,0,0,0,0,0,0,0,0,0
wish,0,0,0,0,0,0,0,0,11,0
send,0,0,0,0,0,0,0,0,15,0
likely,7,0,0,0,0,0,0,0,0,0
buy,0,0,0,0,0,0,0,0,6,0
sell,0,0,0,0,0,0,0,0,7,0
particular,3,0,0,0,0,0,0,0,0,0
stock,0,0,0,0,0,0,1,0,0,0
wireless,2,0,0,0,0,0,0,0,0,0
telephone,0,0,0,0,0,0,5,0,0,0
eavesdropper,0,0,0,0,0,0,5,0,0,0
listen,0,0,0,0,0,0,0,0,2,0
interest,0,0,0,0,0,0,2,0,0,0
privy,1,0,0,0,0,0,0,0,0,0
content,0,0,0,0,0,0,5,0,0,0
foil,0,0,0,0,0,0,0,0,1,0
actually,0,0,6,0,0,0,0,0,0,0
opposite,3,0,0,0,0,0,2,0,0,0
decision,0,0,0,0,0,0,3,0,0,0
unpredictable,1,0,0,0,0,0,0,0,0,0
decide,0,0,0,0,0,0,0,0,1,0
flip,0,0,0,0,0,0,4,0,2,0
coin,0,0,0,0,0,0,6,0,1,0
head,0,0,0,0,0,0,3,0,1,0
want,0,0,0,0,0,0,0,0,5,0
tail,0,0,0,0,0,0,1,0,0,0
forth,0,0,6,0,0,0,0,0,0,0
clear,1,0,0,0,0,0,0,0,0,0
protocol,0,0,0,0,0,0,6,0,0,0
gain,0,0,0,0,0,0,0,0,3,0
actual,1,0,0,0,0,0,0,0,0,0
instruction,0,0,0,0,0,0,8,0,0,0
cryptosystem,0,0,0,0,0,0,19,0,0,0
perfect,1,0,0,0,0,0,0,0,0,0
share,0,0,0,0,0,0,1,0,4,0
say,0,0,0,0,0,0,0,0,4,0
act,0,0,0,0,0,0,1,0,3,0
determine,0,0,0,0,0,0,0,0,11,0
extend,0,0,0,0,0,0,0,0,4,0
means,0,0,0,0,0,0,5,0,0,0
assure,0,0,0,0,0,0,0,0,4,0
unaltered,1,0,0,0,0,0,0,0,0,0
intercept,0,0,0,0,0,0,1,0,8,0
prearrange,0,0,0,0,0,0,0,0,2,0
cause,0,0,0,0,0,0,0,0,7,0
contrary,0,0,2,0,0,0,0,0,0,0
intent,0,0,0,0,0,0,1,0,0,0
pass,0,0,0,0,0,0,0,0,3,0
similarly,0,0,5,0,0,0,0,0,0,0
impersonate,0,0,0,0,0,0,0,0,7,0
tell,0,0,0,0,0,0,0,0,2,0
wait,0,0,0,0,0,0,0,0,3,0
action,0,0,0,0,0,0,3,0,0,0
event,0,0,0,0,0,0,3,0,0,0
deceive,0,0,0,0,0,0,0,0,4,0
request,0,0,0,0,0,0,5,0,1,0
deception,0,0,0,0,0,0,2,0,0,0
following,2,0,0,0,0,0,0,0,0,0
twice,0,0,3,0,0,1,0,0,0,0
choose,0,0,0,0,0,0,0,0,18,0
label,0,0,0,0,0,0,1,0,2,0
outcome,0,0,0,0,0,0,2,0,0,0
previous,4,0,0,0,0,0,0,0,0,0
append,0,0,0,0,0,0,0,0,4,0
accept,0,0,0,0,0,0,0,0,4,0
authentic,3,0,0,0,0,0,0,0,0,0
occur,0,0,0,0,0,0,0,0,19,0
row,0,0,0,0,0,0,15,0,0,0
correspond,0,0,0,0,0,0,0,0,4,0
reject,0,0,0,0,0,0,0,0,2,0
non,2,0,0,0,0,0,0,0,0,0
easily,0,0,7,0,0,0,0,0,0,0
probability,0,0,0,0,0,0,6,0,0,0
attempt,0,0,0,0,0,0,1,0,3,0
detect,0,0,0,0,0,0,0,0,2,0
choice,0,0,0,0,0,0,5,0,0,0
convey,0,0,0,0,0,0,0,0,3,0
consequently,0,0,2,0,0,0,0,0,0,0
eavesdrop,0,0,0,0,0,0,0,0,3,0
conversation,0,0,0,0,0,0,1,0,0,0
improve,0,0,0,0,0,0,0,0,2,0
clearly,0,0,6,0,0,0,0,0,0,0
reuse,0,0,0,0,0,0,1,0,2,0
eavesdropping,0,0,0,0,0,0,1,0,0,0
observe,0,0,0,0,0,0,0,0,2,0
response,0,0,0,0,0,0,2,0,0,0
deduce,0,0,0,0,0,0,0,0,2,0
certainty,0,0,0,0,0,0,1,0,0,0
success,0,0,0,0,0,0,4,0,0,0
random,8,0,0,0,0,0,0,0,0,0
manner,0,0,0,0,0,0,2,0,0,0
concept,0,0,0,0,0,0,3,0,0,0
onetime,5,0,0,0,0,0,1,0,0,0
mathematically,0,0,1,0,0,0,0,0,0,0
cryptosecure,0,0,0,0,0,0,5,0,0,0
toy,0,0,0,0,0,0,1,0,0,0
feature,0,0,0,0,0,0,3,0,0,0
worth,1,0,0,0,0,0,0,0,0,0
remark,0,0,0,0,0,0,1,0,1,0
show,0,0,0,0,0,0,0,0,5,0
child,0,0,0,0,0,0,1,0,0,0
cost,0,0,0,0,0,0,1,0,0,0
fair,1,0,0,0,0,0,0,0,0,0
national,5,0,0,0,0,0,0,0,0,0
cryptologic,5,0,0,0,0,0,0,0,0,0
service,0,0,0,0,0,0,10,0,0,0
arbitrary,3,0,0,0,0,0,0,0,0,0
compute,0,0,0,0,0,0,0,0,6,0
disabuse,0,0,0,0,0,0,0,0,1,0
lay,1,0,0,0,0,0,0,0,1,0
notion,0,0,0,0,0,0,2,0,0,0
unachieved,1,0,0,0,0,0,0,0,0,0
goal,0,0,0,0,0,0,2,0,0,0
end,0,0,0,0,0,0,10,0,0,0
revolution,0,0,0,0,0,0,4,0,0,0
private,8,0,0,0,0,0,0,0,0,0
citizen,0,0,0,0,0,0,2,0,0,0
dependent,2,0,0,0,0,0,0,0,0,0
pure,1,0,0,0,0,0,0,0,0,0
meaningful,3,0,0,0,0,0,0,0,0,0
physical,2,0,0,0,0,0,0,0,0,0
embodiment,0,0,0,0,0,0,1,0,0,0
spark,0,0,0,0,0,0,0,0,1,0
technical,2,0,0,0,0,0,0,0,0,0
universal,1,0,0,0,0,0,0,0,0,0
access,0,0,0,0,0,0,7,0,0,0
affordable,1,0,0,0,0,0,0,0,0,0
global,1,0,0,0,0,0,0,0,0,0
practical,1,0,0,0,0,0,0,0,0,0
capability,0,0,0,0,0,0,5,0,0,0
acquire,0,0,0,0,0,0,0,0,2,0
virtually,0,0,2,0,0,0,0,0,0,0
unlimited,1,0,0,0,0,0,0,0,0,0
amount,0,0,0,0,0,0,2,0,0,0
banking,0,0,0,0,0,0,3,0,0,0
internet,0,0,0,0,0,0,12,0,0,0
associate,0,0,0,0,0,0,1,0,2,0
smart,6,0,0,0,0,0,0,0,0,0
obvious,4,0,0,0,0,0,0,0,0,0
instance,0,0,0,0,0,0,4,0,0,0
aspect,0,0,0,0,0,0,4,0,0,0
commercial,6,0,0,0,0,0,0,0,0,0
contrast,0,0,0,0,0,0,0,0,1,0
customer,0,0,0,0,0,0,10,0,0,0
noncash,1,0,0,0,0,0,0,0,0,0
purchase,0,0,0,0,0,0,3,0,1,0
direct,3,0,0,0,0,0,0,0,0,0
routinely,0,0,1,0,0,0,0,0,0,0
photo,0,0,0,0,0,0,1,0,0,0
identification,0,0,0,0,0,0,3,0,0,0
driver,0,0,0,0,0,0,3,0,0,0
license,0,0,0,0,0,0,7,0,0,0
ordinarily,0,0,1,0,0,0,0,0,0,0
vitally,0,0,1,0,0,0,0,0,0,0
integrity,0,0,0,0,0,0,1,0,0,0
analogous,1,0,0,0,0,0,0,0,0,0
separate,0,0,0,0,0,0,0,0,4,0
mile,0,0,0,0,0,0,2,0,0,0
charge,0,0,0,0,0,0,0,0,1,0
gamut,0,0,0,0,0,0,1,0,0,0
confidential,1,0,0,0,0,0,0,0,0,0
interception,0,0,0,0,0,0,1,0,0,0
retain,0,0,0,0,0,0,0,0,1,0
signature,0,0,0,0,0,0,8,0,0,0
material,1,0,0,0,0,0,2,0,0,0
proof,0,0,0,0,0,0,4,0,0,0
disk,0,0,0,0,0,0,7,0,0,0
confident,3,0,0,0,0,0,0,0,0,0
suffice,0,0,0,0,0,0,0,0,1,0
collect,0,0,0,0,0,0,0,0,2,0
payment,0,0,0,0,0,0,1,0,0,0
disavow,0,0,0,0,0,0,0,0,2,0
far,0,0,8,0,0,0,0,0,0,0
bank,0,0,0,0,0,0,10,0,0,0
deposit,0,0,0,0,0,0,0,0,1,0
check,0,0,0,0,0,0,2,0,0,0
picture,0,0,0,0,0,0,2,0,0,0
smartphone,0,0,0,0,0,0,1,0,0,0
app,0,0,0,0,0,0,1,0,0,0
conduct,0,0,0,0,0,0,2,0,2,0
state,0,0,0,0,0,0,3,0,3,0
depend,0,0,0,0,0,0,0,0,14,0
authority,0,0,0,0,0,0,3,0,0,0
ownership,0,0,0,0,0,0,1,0,0,0
notarization,0,0,0,0,0,0,2,0,0,0
receipt,0,0,0,0,0,0,5,0,0,0
entirely,0,0,2,0,0,0,0,0,0,0
document,0,0,0,0,0,0,9,0,0,0
society,0,0,0,0,0,0,1,0,0,0
legal,3,0,0,0,0,0,0,0,0,0
forensic,1,0,0,0,0,0,0,0,0,0
evidence,0,0,0,0,0,0,3,0,0,0
intrinsic,1,0,0,0,0,0,0,0,0,0
resolve,0,0,0,0,0,0,0,0,2,0
dispute,0,0,0,0,0,0,1,0,0,0
authenticity,0,0,0,0,0,0,1,0,0,0
possession,0,0,0,0,0,0,2,0,0,0
asset,0,0,0,0,0,0,1,0,0,0
modify,0,0,0,0,0,0,0,0,5,0
valuable,1,0,0,0,0,0,0,0,0,0
internal,3,0,0,0,0,0,0,0,0,0
available,6,0,0,0,0,0,0,0,0,0
presently,0,0,1,0,0,0,0,0,0,0
serve,0,0,0,0,0,0,0,0,5,0
public,25,0,0,0,0,0,2,0,0,0
mail,0,0,0,0,0,0,1,0,1,0
certify,0,0,0,0,0,0,0,0,2,0
envelope,0,0,0,0,0,0,1,0,0,0
deliver,0,0,0,0,0,0,0,0,2,0
digital,9,0,0,0,0,0,0,0,0,0
certificate,0,0,0,0,0,0,1,0,0,0
origination,0,0,0,0,0,0,2,0,0,0
inextricably,0,0,1,0,0,0,0,0,0,0
demanding,1,0,0,0,0,0,0,0,0,0
setting,0,0,0,0,0,0,7,0,0,0
status,0,0,0,0,0,0,1,0,0,0
legislation,0,0,0,0,0,0,1,0,0,0
classical,2,0,0,0,0,0,0,0,0,0
trust,0,0,0,0,0,0,0,0,5,0
typical,1,0,0,0,0,0,0,0,0,0
diplomatic,9,0,0,0,0,0,0,0,0,0
command,0,0,0,0,0,0,2,0,0,0
situation,0,0,0,0,0,0,3,0,0,0
motive,0,0,0,0,0,0,1,0,0,0
cheating,0,0,0,0,0,0,4,0,0,0
cheater,0,0,0,0,0,0,2,0,0,0
insider,0,0,0,0,0,0,1,0,0,0
originate,0,0,0,0,0,0,0,0,2,0
receive,0,0,0,0,0,0,0,0,7,0
suppose,0,0,0,0,0,0,0,0,3,0
alter,0,0,0,0,0,0,0,0,1,0
subvert,0,0,0,0,0,0,0,0,1,0
deny,0,0,0,0,0,0,0,0,3,0
fraudulent,1,0,0,0,0,0,0,0,0,0
prevent,0,0,0,0,0,0,0,0,4,0
fail,0,0,0,0,0,0,0,0,2,0
tamper,0,0,0,0,0,0,0,0,1,0
press,0,0,0,0,0,0,0,0,1,0
merchandise,0,0,0,0,0,0,1,0,0,0
warning,0,0,0,0,0,0,3,0,0,0
alert,0,0,0,0,0,0,0,0,1,0
expire,0,0,0,0,0,0,0,0,1,0
aware,2,0,0,0,0,0,0,0,0,0
proceed,0,0,0,0,0,0,0,0,3,0
risk,0,0,0,0,0,0,2,0,0,0
common,6,0,0,0,0,0,0,0,0,0
export,0,0,0,0,0,0,1,0,0,0
insecure,3,0,0,0,0,0,0,0,0,0
test,0,0,0,0,0,0,0,0,3,0
offer,0,0,0,0,0,0,1,0,3,0
strong,3,0,0,0,0,0,0,0,0,0
web,0,0,0,0,0,0,1,0,0,0
browser,0,0,0,0,0,0,1,0,0,0
support,0,0,0,0,0,0,1,0,2,0
individual,1,0,0,0,0,0,5,0,0,0
official,1,0,0,0,0,0,0,0,0,0
facto,0,0,0,0,0,0,0,0,0,2
taxis,0,0,0,0,0,0,1,0,0,0
track,0,0,0,0,0,0,1,0,0,0
employee,0,0,0,0,0,0,1,0,0,0
student,0,0,0,0,0,0,1,0,0,0
patient,0,0,0,0,0,0,1,0,0,0
afford,0,0,0,0,0,0,0,0,1,0
opportunity,0,0,0,0,0,0,1,0,0,0
gather,0,0,0,0,0,0,0,0,1,0
relate,0,0,0,0,0,0,0,0,2,0
citizenship,0,0,0,0,0,0,1,0,0,0
steal,0,0,0,0,0,0,0,0,5,0
reconstruct,0,0,0,0,0,0,0,0,1,0
firm,0,0,0,0,0,0,2,0,0,0
produce,0,0,0,0,0,0,0,0,15,0
effect,0,0,0,0,0,0,6,0,0,0
useful,2,0,0,0,0,0,0,0,0,0
run,0,0,0,0,0,0,0,0,9,0
huge,1,0,0,0,0,0,0,0,0,0
bill,0,0,0,0,0,0,2,0,0,0
force,0,0,0,0,0,0,3,0,1,1
suffer,0,0,0,0,0,0,0,0,1,0
large,16,0,0,0,0,0,0,0,0,0
fashion,0,0,0,0,0,0,2,0,0,0
name,0,0,0,0,0,0,2,0,8,0
contact,0,0,0,0,0,0,6,0,2,0
mailing,0,0,0,0,0,0,1,0,0,0
address,0,0,0,0,0,0,1,0,1,0
account,0,0,0,0,0,0,6,0,0,0
passport,0,0,0,0,0,0,1,0,0,0
victim,0,0,0,0,0,0,2,0,0,0
open,2,0,0,0,0,0,0,0,2,0
loan,0,0,0,0,0,0,1,0,0,0
background,0,0,0,0,0,0,1,0,0,0
cardholder,0,0,0,0,0,0,3,0,0,0
unaware,1,0,0,0,0,0,0,0,0,0
debt,0,0,0,0,0,0,1,0,0,0
great,14,0,0,0,0,0,0,0,0,0
holder,0,0,0,0,0,0,3,0,0,0
visible,1,0,0,0,0,0,0,0,0,0
daily,2,0,0,0,0,0,0,0,0,0
medical,1,0,0,0,0,0,0,0,0,0
database,0,0,0,0,0,0,1,0,0,0
pin,0,0,0,0,0,0,14,0,0,0
enter,0,0,0,0,0,0,0,0,5,0
teller,0,0,0,0,0,0,1,0,0,0
bankcard,0,0,0,0,0,0,1,0,0,0
corroborate,0,0,0,0,0,0,0,0,2,0
authorized,2,0,0,0,0,0,0,0,0,0
bearer,0,0,0,0,0,0,1,0,0,0
easy,11,0,0,0,0,0,0,0,0,0
file,0,0,0,0,0,0,1,0,1,0
thief,0,0,0,0,0,0,1,0,0,0
tap,0,0,0,0,0,0,0,0,1,0
phone,0,0,0,0,0,0,1,0,0,0
line,0,0,0,0,0,0,2,0,0,0
atm,0,0,0,0,0,0,1,0,0,0
authorize,0,0,0,0,0,0,0,0,2,0
dispensing,0,0,0,0,0,0,1,0,0,0
feed,0,0,0,0,0,0,0,0,2,0
repeatedly,0,0,1,0,0,0,0,0,0,0
dispense,0,0,0,0,0,0,0,0,1,0
illegitimately,0,0,1,0,0,0,0,0,0,0
microprocessor,0,0,0,0,0,0,3,0,0,0
reader,0,0,0,0,0,0,3,0,0,0
execute,0,0,0,0,0,0,0,0,2,0
sign,0,0,0,0,0,0,1,0,2,0
countersign,0,0,0,0,0,0,1,0,0,0
deal,0,0,0,0,0,0,0,0,2,0
counterpart,0,0,0,0,0,0,2,0,0,0
establish,0,0,0,0,0,0,0,0,2,0
carry,0,0,0,0,0,0,0,0,9,0
encrypted,1,0,0,0,0,0,0,0,0,0
defraud,0,0,0,0,0,0,0,0,1,0
invisible,1,0,0,0,0,0,0,0,0,0
initiate,0,0,0,0,0,0,0,0,3,0
widespread,1,0,0,0,0,0,0,0,0,0
dumb,1,0,0,0,0,0,0,0,0,0
plastic,0,0,0,0,0,0,1,0,0,0
compatible,1,0,0,0,0,0,0,0,0,0
implementation,0,0,0,0,0,0,5,0,0,0
unlike,0,3,0,0,0,0,0,0,0,0
predecessor,0,0,0,0,0,0,1,0,0,0
previously,0,0,6,0,0,0,0,0,0,0
abstract,0,0,0,0,0,0,0,0,1,0
kind,0,0,0,0,0,0,2,0,0,0
rearrange,0,0,0,0,0,0,0,0,1,0
etc,0,0,0,0,0,0,0,0,0,2
group,0,0,0,0,0,0,7,0,0,0
aid,0,0,0,0,0,0,4,0,3,0
remember,0,0,0,0,0,0,0,0,2,0
mnemonic,0,0,0,0,0,0,4,0,0,0
schoolboy,0,0,0,0,0,0,2,0,0,0
rail,0,0,0,0,0,0,3,0,0,0
alternate,0,0,0,0,0,0,0,0,1,0
read,0,0,0,0,0,0,0,0,11,0
sequentially,0,0,1,0,0,0,0,0,0,0
depth,0,0,0,0,0,0,1,0,0,0
discover,0,0,0,0,0,0,0,0,11,0
save,0,0,0,0,0,0,0,0,2,0
frequency,0,0,0,0,0,0,24,0,0,0
count,0,0,0,0,0,0,2,0,0,0
precisely,0,0,3,0,0,0,0,0,0,0
average,4,0,0,0,0,0,0,0,0,0
probable,5,0,0,0,0,0,0,0,0,0
class,0,0,0,0,0,0,4,0,0,0
route,0,0,0,0,0,0,11,0,0,0
enjoy,0,0,0,0,0,0,0,0,1,0
considerable,1,0,0,0,0,0,0,0,0,0
popularity,0,0,0,0,0,0,1,0,0,0
single,27,0,0,0,0,0,0,0,0,0
geometric,2,0,0,0,0,0,0,0,0,0
array,0,0,0,0,0,0,5,0,0,0
matrix,0,0,0,0,0,0,15,0,0,0
typically,0,0,4,0,0,0,0,0,0,0
rectangle,0,0,0,0,0,0,1,0,0,0
prescribe,0,0,0,0,0,0,0,0,3,0
keep,0,0,0,0,0,0,0,0,2,0
starting,0,0,0,0,0,0,2,0,0,0
permutation,0,0,0,0,0,0,2,0,0,0
identify,0,0,0,0,0,0,0,0,2,0
column,0,0,0,0,0,0,12,0,0,0
rectangular,3,0,0,0,0,0,0,0,0,0
author,0,0,0,0,0,0,1,0,0,0
lexicographic,2,0,0,0,0,0,0,0,0,0
entry,0,0,0,0,0,0,2,0,0,0
improvement,0,0,0,0,0,0,4,0,0,0
cryptosecurity,0,0,0,0,0,0,3,0,0,0
reencrypte,0,0,0,0,0,0,0,0,1,0
difficult,3,0,0,0,0,0,0,0,0,0
fall,0,0,0,0,0,0,1,0,1,0
perforated,1,0,0,0,0,0,0,0,0,0
cardboard,0,0,0,0,0,0,1,0,0,0
grille,0,0,0,0,0,0,1,0,0,0
find,0,0,0,0,0,0,0,0,16,0
old,4,0,0,0,0,0,0,0,0,0
principally,0,0,1,0,0,0,0,0,0,0
step,0,0,0,0,0,0,12,0,3,0
compound,0,0,0,0,0,0,1,0,0,0
unit,0,0,0,0,0,0,9,0,0,0
need,0,0,0,1,0,0,5,0,8,0
dance,0,0,0,0,0,0,0,0,1,0
solve,0,0,0,0,0,0,0,0,12,0
monoalphabetic,12,0,0,0,0,0,0,0,0,0
stick,0,0,0,0,0,0,1,0,0,0
human,1,0,0,0,0,0,1,0,0,0
dancelike,1,0,0,0,0,0,0,0,0,0
pose,0,0,0,0,0,0,1,0,0,0
merely,0,0,1,0,0,0,0,0,0,0
cyclical,4,0,0,0,0,0,0,0,0,0
shift,0,0,0,0,0,0,16,0,7,0
embarrassment,0,0,0,0,0,0,1,0,0,0
redundancy,0,0,0,0,0,0,4,0,0,0
english,4,0,0,0,0,0,0,0,0,0
permit,0,0,0,0,0,0,0,0,2,0
recreational,1,0,0,0,0,0,0,0,0,0
cryptogram,0,0,0,0,0,0,1,0,0,0
explanation,0,0,0,0,0,0,1,0,0,0
weakness,0,0,0,0,0,0,4,0,0,0
distribution,0,0,0,0,0,0,16,0,0,0
identical,6,0,0,0,0,0,0,0,0,0
have,0,0,0,0,0,0,0,0,7,0
relabele,0,0,0,0,0,0,0,0,1,0
preserve,0,0,0,0,0,0,0,0,1,0
intact,1,0,0,0,0,0,0,0,0,0
task,0,0,0,0,0,0,2,0,0,0
lessen,0,0,0,0,0,0,0,0,2,0
primarily,0,0,3,0,0,0,0,0,0,0
survive,0,0,0,0,0,0,0,0,9,0
digraph,0,0,0,0,0,0,9,0,0,0
trigraph,0,0,0,0,0,0,2,0,0,0
polyalphabetic,3,0,0,0,0,0,2,0,0,0
limit,0,0,0,0,0,0,1,0,4,0
pad,0,0,0,0,0,0,1,0,0,0
treat,0,0,0,0,0,0,0,0,2,0
raw,4,0,0,0,0,0,0,0,0,0
eliminate,0,0,0,0,0,0,0,0,4,0
highly,0,0,2,0,0,0,0,0,0,0
correlated,1,0,0,0,0,0,0,0,0,0
invent,0,0,0,0,0,0,0,0,3,0
champion,0,0,0,0,0,0,0,0,1,0
british,8,0,0,0,0,0,0,0,0,0
square,5,0,0,0,0,0,2,0,0,0
contain,0,0,0,0,0,0,0,0,6,0
monarchy,0,0,0,0,0,0,1,0,0,0
fill,0,0,0,0,0,0,1,0,1,0
unused,1,0,0,0,0,0,0,0,0,0
locate,0,0,0,0,0,0,0,0,2,0
alike,0,0,1,0,0,0,0,0,0,0
corresponding,1,0,0,0,0,0,0,0,0,0
cyclically,0,0,2,0,0,0,0,0,0,0
double,2,0,0,0,0,0,0,0,0,0
spurious,1,0,0,0,0,0,0,0,0,0
introduce,0,0,0,0,0,0,0,0,6,0
summer,0,0,0,0,0,0,3,0,0,0
yield,0,0,0,0,0,0,0,0,3,0
totally,0,0,3,0,0,0,0,0,0,0
plot,0,0,0,0,0,0,1,0,1,0
flat,2,0,0,0,0,0,0,0,0,0
deviation,0,0,0,0,0,0,1,0,0,0
ideal,0,0,0,0,0,0,1,0,0,0
measure,0,0,0,0,0,0,2,0,0,0
tendency,0,0,0,0,0,0,1,0,0,0
correlation,0,0,0,0,0,0,2,0,0,0
exploit,0,0,0,0,0,0,0,0,3,0
cryptanalyze,0,0,0,0,0,0,0,0,13,0
specify,0,0,0,0,0,0,0,0,3,0
generically,0,0,2,0,0,0,0,0,0,0
usage,0,0,0,0,0,0,1,0,0,0
differ,0,0,0,0,0,0,0,0,3,0
mainly,0,0,2,0,0,0,0,0,0,0
collection,0,0,0,0,0,0,5,0,0,0
french,4,0,0,0,0,0,0,0,0,0
impregnable,1,0,0,0,0,0,0,0,0,0
chiffre,0,0,0,0,0,0,0,0,0,1
indéchiffrable,0,0,0,0,0,0,0,0,0,1
intersection,0,0,0,0,0,0,2,0,0,0
index,0,0,0,0,0,0,0,0,1,0
diagonal,0,0,0,0,0,0,1,0,0,0
repeat,0,0,0,0,0,0,0,0,9,0
encipher,0,0,0,0,0,0,0,0,4,0
deceptive,1,0,0,0,0,0,0,0,0,0
german,25,0,0,0,0,0,0,0,0,0
army,0,0,0,0,0,0,5,0,0,0
officer,0,0,0,0,0,0,2,0,0,0
publish,0,0,0,0,0,0,0,0,15,0
solution,0,0,0,0,0,0,6,0,0,0
pairing,0,0,0,0,0,0,1,0,0,0
generate,0,0,0,0,0,0,0,0,8,0
repetition,0,0,0,0,0,0,1,0,0,0
suggest,0,0,0,0,0,0,0,0,5,0
partition,0,0,0,0,0,0,0,0,3,0
monoalphabet,0,0,0,0,0,0,1,0,0,0
sufficient,3,0,0,0,0,0,0,0,0,0
unknown,3,0,0,0,0,0,0,0,0,0
periodicity,0,0,0,0,0,0,3,0,0,0
nonrepeating,1,0,0,0,0,0,0,0,0,0
propose,0,0,0,0,0,0,0,0,7,0
concatenate,0,0,0,0,0,0,0,0,1,0
autokey,0,0,0,0,0,0,3,0,0,0
exist,0,0,0,0,0,0,0,0,1,0
assumption,0,0,0,0,0,0,1,0,0,0
statistical,2,0,0,0,0,0,0,0,0,0
half,0,0,1,0,0,0,7,0,0,0
course,0,0,1,0,0,0,1,0,0,0
segment,0,0,0,0,0,0,1,0,0,0
essentially,0,0,2,0,0,0,0,0,0,0
recurrence,0,0,0,0,0,0,1,0,0,0
commonly,0,0,1,0,0,0,0,0,0,0
subtract,0,0,0,0,0,0,0,0,1,0
habit,0,0,0,0,0,0,1,0,0,0
reasonable,1,0,0,0,0,0,0,0,0,0
president,0,0,0,0,0,0,2,0,0,0
simplicity,0,0,0,0,0,0,1,0,0,0
space,0,0,0,0,0,0,7,0,0,0
modulo,0,0,0,0,0,0,2,0,0,0
plus,0,0,0,0,1,0,0,0,0,0
successive,5,0,0,0,0,0,0,0,0,0
fragment,0,0,0,0,0,0,2,0,0,0
ultimately,0,0,2,0,0,0,0,0,0,0
mind,0,0,0,0,0,0,1,0,0,0
rate,0,0,0,0,0,0,3,0,0,0
equivocation,0,0,0,0,0,0,3,0,0,0
uncertainty,0,0,0,0,0,0,2,0,0,0
reduce,0,0,0,0,0,0,0,0,3,0
zero,0,0,0,0,0,0,0,2,0,0
reach,0,0,0,0,0,0,0,0,1,0
unicity,0,0,0,0,0,0,1,0,0,0
distance,0,0,0,0,0,0,1,0,0,0
engineer,0,0,0,0,0,0,6,0,0,0
variant,0,0,0,0,0,0,2,0,0,0
transmit,0,0,0,0,0,0,0,0,1,0
teleprinter,0,0,0,0,0,0,2,0,0,0
mark,0,0,0,0,0,0,2,0,3,0
cryptanalytic,6,0,0,0,0,0,0,0,0,0
attack,0,0,0,0,0,0,12,0,0,0
intersymbol,0,0,0,0,0,0,1,0,0,0
series,0,0,0,0,0,0,3,0,0,0
running,0,0,0,0,0,0,1,0,0,0
mingle,0,0,0,0,0,0,0,0,1,0
streaming,0,0,0,0,0,0,1,0,0,0
communicant,0,0,0,0,0,0,2,0,0,0
impractically,0,0,1,0,0,0,0,0,0,0
eventually,0,0,5,0,0,0,0,0,0,0
punch,0,0,0,0,0,0,0,0,2,0
paper,0,0,0,0,0,0,3,0,0,0
tape,0,0,0,0,0,0,6,0,0,0
automatically,0,0,1,0,0,0,0,0,0,0
teletypewriter,0,0,0,0,0,0,2,0,0,0
keyboard,0,0,0,0,0,0,7,0,0,0
perform,0,0,0,0,0,0,0,0,3,0
copy,0,0,0,0,0,0,2,0,0,0
believe,0,0,0,0,0,0,0,0,4,0
short,4,0,0,0,0,0,0,0,0,0
safely,0,0,1,0,0,0,0,0,0,0
justify,0,0,0,0,0,0,0,0,1,0
turn,0,0,0,0,0,0,2,0,4,0
alternative,1,0,0,0,0,0,0,0,0,0
combine,0,0,0,0,0,0,0,0,7,0
factor,0,0,0,0,0,0,9,0,7,0
prime,10,0,0,0,0,0,9,0,0,0
demonstrate,0,0,0,0,0,0,0,0,4,0
linearly,0,0,1,0,0,0,0,0,0,0
lead,0,0,0,0,0,0,0,0,8,0
realization,0,0,0,0,0,0,1,0,0,0
consequence,0,0,0,0,0,0,4,0,0,0
idea,0,0,0,0,0,0,2,0,0,0
cornerstone,0,0,0,0,0,0,1,0,0,0
conclusion,0,0,0,0,0,0,1,0,0,0
draw,0,0,0,0,0,0,0,0,2,0
unconditionally,0,0,4,0,0,0,0,0,0,0
researcher,0,0,0,0,0,0,2,0,0,0
father,0,0,0,0,0,0,1,0,0,0
theory,0,0,0,0,0,0,4,0,0,0
incoherent,1,0,0,0,0,0,0,0,0,0
occurrence,0,0,0,0,0,0,5,0,0,0
lose,0,0,0,0,0,0,0,0,4,0
indicate,0,0,0,0,0,0,0,0,3,0
dotted,1,0,0,0,0,0,0,0,0,0
curve,0,0,0,0,0,0,1,0,0,0
frequent,3,0,0,0,0,0,0,0,0,0
assign,0,0,0,0,0,0,0,0,1,0
value,0,0,0,0,0,0,5,0,0,0
relative,4,0,0,0,0,0,0,0,0,0
horizontal,1,0,0,0,0,0,0,0,0,0
scale,0,0,0,0,0,0,1,0,0,0
remarkably,0,0,1,0,0,0,0,0,0,0
pronounced,1,0,0,0,0,0,0,0,0,0
completely,0,0,5,0,0,0,0,0,0,0
sufficiently,0,0,2,0,0,0,0,0,0,0
failure,0,0,0,0,0,0,2,0,0,0
irresolvable,1,0,0,0,0,0,0,0,0,0
american,4,0,0,0,0,0,0,0,0,0
enemy,0,0,0,0,0,0,1,0,0,0
infant,0,0,0,0,0,0,1,0,0,0
family,0,0,0,0,0,0,2,0,0,0
immigrate,0,0,0,0,0,0,0,0,1,0
genetic,0,0,0,0,0,0,1,0,0,0
involved,1,0,0,0,0,0,0,0,0,0
marry,0,0,0,0,0,0,0,0,1,0
partly,0,0,1,0,0,0,0,0,0,0
analyze,0,0,0,0,0,0,0,0,1,0
move,0,0,0,0,0,0,0,0,5,0
department,0,0,0,0,0,0,1,0,0,0
notably,0,0,3,0,0,0,0,0,0,0
rumrunner,0,0,0,0,0,0,1,0,0,0
smuggler,0,0,0,0,0,0,1,0,0,0
chief,1,0,0,0,0,0,0,0,0,0
cryptoanalyst,0,0,0,0,0,0,1,0,0,0
team,0,0,0,0,0,0,2,0,0,0
japanese,14,0,0,0,0,0,0,0,0,0
awhile,0,0,1,0,0,0,0,0,0,0
die,0,0,0,0,0,0,0,0,3,0
nomenclature,0,0,0,0,0,0,1,0,0,0
classification,0,0,0,0,0,0,1,0,0,0
shakespearean,1,0,0,0,0,0,0,0,0,0
purport,0,0,0,0,0,0,0,0,2,0
authorship,0,0,0,0,0,0,1,0,0,0
sonnet,0,0,0,0,0,0,1,0,0,0
discussion,0,0,0,0,0,0,4,0,0,0
device,0,0,0,0,0,0,13,0,0,0
fractionation,0,0,0,0,0,0,3,0,0,0
biliteral,3,0,0,0,0,0,0,0,0,0
final,2,0,0,0,0,0,0,0,0,0
superencryption,0,0,0,0,0,0,2,0,0,0
famous,6,0,0,0,0,0,0,0,0,0
succeed,0,0,0,0,0,0,0,0,5,0
devastating,1,0,0,0,0,0,0,0,0,0
battle,0,0,0,0,0,0,1,0,0,0
classify,0,0,0,0,0,0,0,0,1,0
cascade,0,0,0,0,0,0,0,0,3,0
symmetric,4,0,0,0,0,0,0,0,0,0
asymmetric,5,0,0,0,0,0,0,0,0,0
possess,0,0,0,0,0,0,0,0,2,0
physically,0,0,1,0,0,0,0,0,0,0
organization,0,0,0,0,0,0,4,0,0,0
traditionally,0,0,2,0,0,0,0,0,0,0
courier,0,0,0,0,0,0,1,0,0,0
superencrypt,0,0,0,0,0,0,0,0,1,0
low,1,0,0,0,0,0,0,0,0,0
impractical,2,0,0,0,0,0,0,0,0,0
compel,0,0,0,0,0,0,0,0,1,0
tolerable,1,0,0,0,0,0,0,0,0,0
flexible,2,0,0,0,0,0,0,0,0,0
modest,1,0,0,0,0,0,0,0,0,0
proportion,0,0,0,0,0,0,3,0,0,0
insolvable,1,0,0,0,0,0,0,0,0,0
demand,0,0,0,0,0,0,1,0,0,0
network,0,0,0,0,0,0,4,0,0,0
equal,1,0,0,0,0,0,1,0,0,0
respect,0,0,0,0,0,0,1,0,0,0
temporary,1,0,0,0,0,0,0,0,0,0
session,0,0,0,0,0,0,4,0,0,0
burden,0,0,0,0,0,0,1,0,0,0
inspired,1,0,0,0,0,0,0,0,0,0
electrical,3,0,0,0,0,0,0,0,0,0
realize,0,0,0,0,0,0,0,0,6,0
satisfy,0,0,0,0,0,0,0,0,4,0
desirable,2,0,0,0,0,0,0,0,0,0
assume,0,0,0,0,0,0,0,0,2,0
hold,0,0,0,0,0,0,0,0,7,0
arbitrarily,0,0,1,0,0,0,0,0,0,0
feasible,3,0,0,0,0,0,0,0,0,0
directory,0,0,0,0,0,0,8,0,0,0
privately,0,0,1,0,0,0,0,0,0,0
total,1,0,0,0,0,0,0,0,0,0
self,0,0,0,0,0,0,2,0,0,0
obviously,0,0,2,0,0,0,0,0,0,0
trick,0,0,0,0,0,0,0,0,1,0
focus,0,0,0,0,0,0,0,0,1,0
discovery,0,0,0,0,0,0,1,0,0,0
literature,0,0,0,0,0,0,3,0,0,0
director,0,0,0,0,0,0,1,0,0,0
originator,0,0,0,0,0,0,1,0,0,0
expense,0,0,0,0,0,0,2,0,0,0
channel,0,0,0,0,0,0,11,0,0,0
striking,1,0,0,0,0,0,0,0,0,0
sum,0,0,0,0,0,0,5,0,0,0
part,0,0,0,0,0,0,1,0,0,0
reason,0,0,0,0,0,0,4,0,0,0
nonsingular,1,0,0,0,0,0,0,0,0,0
invertible,2,0,0,0,0,0,0,0,0,0
singular,1,0,0,0,0,0,0,0,0,0
sure,1,0,0,0,0,0,0,0,0,0
superencrypts,0,0,0,0,0,0,0,0,1,0
outer,1,0,0,0,0,0,0,0,0,0
guarantee,0,0,0,0,0,0,0,0,1,0
inner,3,0,0,0,0,0,0,0,0,0
presumably,0,0,1,0,0,0,0,0,0,0
paradigm,0,0,0,0,0,0,1,0,0,0
scheme,0,0,0,0,0,0,10,0,0,0
good,2,0,0,0,0,0,0,0,0,0
underlie,0,0,0,0,0,0,0,0,2,0
candidate,0,0,0,0,0,0,2,0,0,0
computational,6,0,0,0,0,0,0,0,0,0
asymmetry,0,0,0,0,0,0,1,0,0,0
select,0,0,0,0,0,0,0,0,4,0
openly,0,0,1,0,0,0,0,0,0,0
modular,2,0,0,0,0,0,0,0,0,0
leave,0,0,0,0,0,0,0,0,2,0
designate,0,0,0,0,0,0,0,0,1,0
remainder,0,0,0,0,0,0,2,0,0,0
divide,0,0,0,0,0,0,0,0,3,0
extract,0,0,0,0,0,0,0,0,1,0
subtlety,0,0,0,0,0,0,1,0,0,0
tool,0,0,0,0,0,0,1,0,0,0
reliability,0,0,0,0,0,0,1,0,0,0
aircraft,0,0,0,0,0,0,1,0,0,0
nuclear,1,0,0,0,0,0,0,0,0,0
weapon,0,0,0,0,0,0,2,0,0,0
cheat,0,0,0,0,0,0,0,0,2,0
enforce,0,0,0,0,0,0,0,0,1,0
concurrence,0,0,0,0,0,0,1,0,0,0
cryptoalgorithm,0,0,0,0,0,0,5,0,0,0
individually,0,0,1,0,0,0,0,0,0,0
certification,0,0,0,0,0,0,2,0,0,0
project,0,0,0,0,0,0,1,0,1,0
lifetime,0,0,0,0,0,0,1,0,0,0
modulus,0,0,0,0,0,0,3,0,0,0
size,0,0,0,0,0,0,11,0,0,0
roughly,0,0,3,0,0,0,0,0,0,0
processor,0,0,0,0,0,0,1,0,0,0
soon,0,0,1,0,0,0,0,0,0,0
safe,2,0,0,0,0,0,0,0,0,0
recommend,0,0,0,0,0,0,0,0,1,0
integer,0,0,0,0,0,0,4,0,0,0
algorithm,0,0,0,0,0,0,13,0,0,0
denote,0,0,0,0,0,0,0,0,1,0
interchangeable,1,0,0,0,0,0,0,0,0,0
convenience,0,0,0,0,0,0,1,0,0,0
exposition,0,0,0,0,0,0,1,0,0,0
special,6,0,0,0,0,0,0,0,0,0
presumption,0,0,0,0,0,0,1,0,0,0
verification,0,0,0,0,0,0,1,0,0,0
get,0,0,0,0,0,0,0,0,1,0
digitally,0,0,1,0,0,0,0,0,0,0
hashing,0,0,0,0,0,0,1,0,0,0
publicly,0,0,2,0,0,0,0,0,0,0
map,0,0,0,0,0,0,0,0,1,0
small,5,0,0,0,0,0,0,0,0,0
digest,0,0,0,0,0,0,7,0,0,0
apt,1,0,0,0,0,0,0,0,0,0
preassigne,0,0,0,0,0,0,0,0,1,0
independently,0,0,2,0,0,0,0,0,0,0
conclude,0,0,0,0,0,0,0,0,1,0
positive,2,0,0,0,0,0,0,0,0,0
divisible,1,0,0,0,0,0,0,0,0,0
fundamental,1,0,0,0,0,0,0,0,0,0
theorem,0,0,0,0,0,0,2,0,0,0
arithmetic,0,0,0,0,0,0,1,0,0,0
express,0,0,0,0,0,0,0,0,2,0
regard,0,0,0,0,0,0,0,0,2,0
multiplicative,1,0,0,0,0,0,0,0,0,0
natural,2,0,0,0,0,0,0,0,0,0
recognize,0,0,0,0,0,0,0,0,5,0
antiquity,0,0,0,0,0,0,2,0,0,0
mathematician,0,0,0,0,0,0,10,0,0,0
infinitely,0,0,1,0,0,0,0,0,0,0
flaw,0,0,0,0,0,0,0,0,1,0
merit,0,0,0,0,0,0,0,0,1,0
mention,0,0,0,0,0,0,1,0,3,0
zeta,0,0,0,0,0,0,1,0,0,0
research,0,0,0,0,0,0,5,0,0,0
nearly,0,0,4,0,0,0,0,0,0,0
exact,0,0,0,0,0,0,0,0,1,0
price,0,0,0,0,0,0,1,0,0,0
separation,0,0,0,0,0,0,1,0,0,0
privacy,0,0,0,0,0,0,1,0,0,0
greatly,0,0,2,0,0,0,0,0,0,0
computation,0,0,0,0,0,0,1,0,0,0
significantly,0,0,1,0,0,0,0,0,0,0
cut,0,0,0,0,0,0,0,0,1,0
capacity,0,0,0,0,0,0,1,0,0,0
hybrid,1,0,0,0,0,0,0,0,0,0
randomly,0,0,2,0,0,0,0,0,0,0
discard,0,0,0,0,0,0,0,0,1,0
fixed,1,0,0,0,0,0,0,0,0,0
feasibly,0,0,1,0,0,0,0,0,0,0
hand,0,0,0,0,0,0,5,0,0,0
operate,0,0,0,0,0,0,0,0,2,0
trigram,0,0,0,0,0,0,1,0,0,0
potentially,0,0,1,0,0,0,0,0,0,0
difficulty,0,0,0,0,0,0,4,0,0,0
alphabetic,2,0,0,0,0,0,0,0,0,0
settle,0,0,0,0,0,0,0,0,1,0
des,0,0,0,0,0,0,1,0,0,1
codebook,0,0,0,0,0,0,2,0,0,0
mode,0,0,0,0,0,0,2,0,0,0
normally,0,0,3,0,0,0,0,0,0,0
ith,0,0,0,0,0,0,2,0,0,0
vernam,0,0,0,0,0,0,1,0,0,0
de,0,0,0,0,0,0,1,0,0,0
feedback,0,0,0,0,0,0,8,0,0,0
generator,0,0,0,0,0,0,6,0,0,0
synchronize,0,0,0,0,0,0,0,0,3,0
stay,0,0,0,0,0,0,0,0,1,0
sync,0,0,0,0,0,0,1,0,0,0
garbled,1,0,0,0,0,0,0,0,0,0
synchrony,0,0,0,0,0,0,1,0,0,0
reestablish,0,0,0,0,0,0,0,0,1,0
property,0,0,0,0,0,0,2,0,0,0
propagation,0,0,0,0,0,0,1,0,0,0
parameter,0,0,0,0,0,0,1,0,0,0
abound,0,0,0,0,0,0,0,0,2,0
seriousness,0,0,0,0,0,0,1,0,0,0
turning,0,0,0,0,0,0,1,0,0,0
naval,2,0,0,0,0,0,0,0,0,0
win,0,0,0,0,0,0,0,0,2,0
diversionary,1,0,0,0,0,0,0,0,0,0
deciphering,0,0,0,0,0,0,1,0,0,0
telegram,0,0,0,0,0,0,7,0,0,0
foreign,4,0,0,0,0,0,0,0,0,0
minister,0,0,0,0,0,0,5,0,0,0
plan,0,0,0,0,0,0,1,0,1,0
reward,0,0,0,0,0,0,0,0,1,0
ally,0,0,0,0,0,0,1,0,0,0
newspaper,0,0,0,0,0,0,2,0,0,0
news,0,0,0,0,0,0,1,0,0,0
submarine,0,0,0,0,0,0,2,0,0,0
ship,0,0,0,0,0,0,1,0,0,0
accelerate,0,0,0,0,0,0,0,0,2,0
sentiment,0,0,0,0,0,0,1,0,0,0
debate,0,0,0,0,0,0,1,0,0,0
member,0,0,0,0,0,0,2,0,0,0
gaffe,0,0,0,0,0,0,1,0,0,0
argentine,2,0,0,0,0,0,0,0,0,0
clerk,0,0,0,0,0,0,3,0,0,0
analytic,1,0,0,0,0,0,0,0,0,0
synthetic,1,0,0,0,0,0,0,0,0,0
gamelike,1,0,0,0,0,0,0,0,0,0
intuition,0,0,0,0,0,0,1,0,0,0
recognition,0,0,0,0,0,0,2,0,0,0
subliminal,1,0,0,0,0,0,0,0,0,0
scientific,1,0,0,0,0,0,0,0,0,0
appreciation,0,0,0,0,0,0,1,0,0,0
mathematic,0,0,0,0,0,0,2,0,0,0
mainstay,0,0,0,0,0,0,2,0,0,0
career,0,0,0,0,0,0,1,0,0,0
consular,1,0,0,0,0,0,0,0,0,0
branch,0,0,0,0,0,0,1,0,0,0
retire,0,0,0,0,0,0,0,0,1,0
secretary,0,0,0,0,0,0,2,0,0,0
relation,0,0,0,0,0,0,2,0,0,0
envoy,0,0,0,0,0,0,1,0,0,0
absence,0,0,0,0,0,0,1,0,0,0
assassination,0,0,0,0,0,0,1,0,0,0
pressure,0,0,0,0,0,0,1,0,0,0
anger,0,0,0,0,0,0,0,0,1,0
draft,0,0,0,0,0,0,0,0,1,0
embody,0,0,0,0,0,0,0,0,1,0
intensify,0,0,0,0,0,0,0,0,1,0
crisis,0,0,0,0,0,0,1,0,0,0
culminate,0,0,0,0,0,0,0,0,1,0
outbreak,0,0,0,0,0,0,1,0,0,0
insist,0,0,0,0,0,0,0,0,1,0
resumption,0,0,0,0,0,0,1,0,0,0
unrestricted,1,0,0,0,0,0,0,0,0,0
warfare,0,0,0,0,0,0,1,0,0,0
defeat,0,0,0,0,0,0,0,0,1,0
provoke,0,0,0,0,0,0,0,0,1,0
belligerency,0,0,0,0,0,0,1,0,0,0
resign,0,0,0,0,0,0,0,0,1,0
pro,0,0,0,0,0,0,1,0,0,0
boat,0,0,0,0,0,0,2,0,0,0
appoint,0,0,0,0,0,0,0,0,1,0
nullify,0,0,0,0,0,0,0,0,1,0
intervention,0,0,0,0,0,0,1,0,0,0
engage,0,0,0,0,0,0,0,0,2,0
arm,0,0,0,0,0,0,1,0,0,0
energy,0,0,0,0,0,0,1,0,0,0
embroil,0,0,0,0,0,0,0,0,1,0
pursuit,0,0,0,0,0,0,1,0,0,0
ambassador,0,0,0,0,0,0,1,0,0,0
alliance,0,0,0,0,0,0,1,0,0,0
understanding,0,0,0,0,0,0,1,0,0,0
reconquer,0,0,0,0,0,0,0,0,1,0
invite,0,0,0,0,0,0,0,0,1,0
immediate,1,0,0,0,0,0,0,0,0,0
adherence,0,0,0,0,0,0,1,0,0,0
convince,0,0,0,0,0,0,0,0,1,0
hostility,0,0,0,0,0,0,1,0,0,0
declaration,0,0,0,0,0,0,1,0,0,0
week,0,0,0,0,0,0,1,0,0,0
office,0,0,0,0,0,0,1,0,0,0
trace,0,0,0,0,0,0,1,0,0,0
discernible,1,0,0,0,0,0,0,0,0,0
likeli,1,0,0,0,0,0,0,0,0,0
equivalence,0,0,0,0,0,0,1,0,0,0
table,0,0,0,0,0,0,6,0,0,0
approximate,2,0,0,0,0,0,0,0,1,0
sentence,0,0,0,0,0,0,1,0,0,0
paragraph,0,0,0,0,0,0,2,0,0,0
minus,0,0,0,0,1,0,0,0,0,0
parenthetical,1,0,0,0,0,0,0,0,0,0
clause,0,0,0,0,0,0,1,0,0,0
rank,1,0,0,0,0,0,1,0,0,0
amateur,0,0,0,0,0,0,1,0,0,0
homophone,0,0,0,0,0,0,3,0,0,0
uniform,1,0,0,0,0,0,0,0,0,0
persistent,1,0,0,0,0,0,0,0,0,0
partially,0,0,3,0,0,0,0,0,0,0
wholly,0,0,1,0,0,0,0,0,0,0
homophonic,1,0,0,0,0,0,0,0,0,0
instead,0,0,1,0,0,0,0,0,0,0
ten,0,0,0,0,0,0,3,0,0,0
generic,1,0,0,0,0,0,0,0,0,0
characterize,0,0,0,0,0,0,0,0,1,0
precede,0,0,0,0,0,0,0,0,7,0
structural,1,0,0,0,0,0,0,0,0,0
log,0,0,0,0,0,0,0,0,1,0
category,0,0,0,0,0,0,1,0,0,0
favourable,1,0,0,0,0,0,0,0,0,0
input,1,0,0,0,0,0,1,0,0,0
resistance,0,0,0,0,0,0,1,0,0,0
search,0,0,0,0,0,0,5,0,4,0
exhaustively,0,0,1,0,0,0,0,0,0,0
overlook,0,0,0,0,0,0,0,0,1,0
door,0,0,0,0,0,0,1,0,0,0
brute,2,0,0,0,0,0,0,0,0,0
frontal,1,0,0,0,0,0,0,0,0,0
analyst,0,0,0,0,0,0,1,0,0,0
generality,0,0,0,0,0,0,1,0,0,0
systematically,0,0,2,0,0,0,0,0,0,0
resource,0,0,0,0,0,0,1,0,0,0
close,1,0,0,0,0,0,0,0,1,0
pc,0,0,0,0,0,0,2,0,0,0
mip,0,0,0,0,0,0,1,0,0,0
hour,0,0,0,0,0,0,3,0,0,0
alternatively,0,0,1,0,0,0,0,0,0,0
minute,0,0,0,0,0,0,1,0,0,0
current,1,0,0,0,0,0,2,0,0,0
reliance,0,0,0,0,0,0,1,0,0,0
expose,0,0,0,0,0,0,0,0,1,0
indistinguishable,1,0,0,0,0,0,0,0,0,0
aim,0,0,0,0,0,0,0,0,1,0
susceptible,1,0,0,0,0,0,0,0,0,0
breakthrough,0,0,0,0,0,0,2,0,0,0
factoring,0,0,0,0,0,0,2,0,0,0
achievement,0,0,0,0,0,0,1,0,0,0
explain,0,0,0,0,0,0,0,0,1,0
approximately,0,0,2,0,0,0,0,0,0,0
conversely,0,0,1,0,0,0,0,0,0,0
equate,0,0,0,0,0,0,0,0,2,0
atypical,1,0,0,0,0,0,0,0,0,0
period,0,0,0,0,0,0,3,0,0,0
subject,0,0,0,0,0,0,2,0,0,0
reasonably,0,0,1,0,0,0,0,0,0,0
page,0,0,0,0,0,0,2,0,0,0
millennium,0,0,0,0,0,0,1,0,0,0
mechanization,0,0,0,0,0,0,1,0,0,0
applicable,1,0,0,0,0,0,0,0,0,0
telegraph,0,0,0,0,0,0,1,0,0,0
relay,0,0,0,0,0,0,1,0,0,0
gear,0,0,0,0,0,0,2,0,0,0
sprocket,0,0,0,0,0,0,1,0,0,0
ratchet,0,0,0,0,0,0,1,0,0,0
pawl,0,0,0,0,0,0,1,0,0,0
cam,0,0,0,0,0,0,1,0,0,0
importantly,0,0,1,0,0,0,0,0,0,0
stone,0,0,0,0,0,0,1,0,0,0
inscription,0,0,0,0,0,0,1,0,0,0
cuneiform,1,0,0,0,0,0,0,0,0,0
tablet,0,0,0,0,0,0,1,0,0,0
papyrus,0,0,0,0,0,0,1,0,0,0
protocryptographic,1,0,0,0,0,0,0,0,0,0
uninitiated,1,0,0,0,0,0,0,0,0,0
enhance,0,0,0,0,0,0,0,0,1,0
significance,0,0,0,0,0,0,2,0,0,0
correspondence,0,0,0,0,0,0,1,0,0,0
scytale,0,0,0,0,0,0,2,0,0,0
tapered,1,0,0,0,0,0,0,0,0,0
baton,0,0,0,0,0,0,2,0,0,0
spirally,0,0,1,0,0,0,0,0,0,0
wrap,0,0,0,0,0,0,0,0,2,0
strip,0,0,0,0,0,0,2,0,0,0
parchment,0,0,0,0,0,0,1,0,0,0
leather,0,0,0,0,0,0,1,0,0,0
unwrap,0,0,0,0,0,0,0,0,1,0
reappear,0,0,0,0,0,0,0,0,1,0
inventor,0,0,0,0,0,0,5,0,0,0
entitle,0,0,0,0,0,0,0,0,1,0
devote,0,0,0,0,0,0,0,0,1,0
treatise,0,0,0,0,0,0,3,0,0,0
checkerboard,0,0,0,0,0,0,1,0,0,0
presage,0,0,0,0,0,0,0,0,1,0
primitive,1,0,0,0,0,0,0,0,0,0
civilization,0,0,0,0,0,0,1,0,0,0
cyclic,1,0,0,0,0,0,0,0,0,0
displacement,0,0,0,0,0,0,1,0,0,0
position,0,0,0,0,0,0,18,0,0,0
moviegoer,0,0,0,0,0,0,1,0,0,0
notice,0,0,0,0,0,0,0,0,1,0
elucidate,0,0,0,0,0,0,0,0,1,0
respectable,1,0,0,0,0,0,0,0,0,0
elementary,1,0,0,0,0,0,0,0,0,0
treatment,0,0,0,0,0,0,1,0,0,0
encyclopaedia,0,0,0,0,0,0,1,0,0,0
explicit,1,0,0,0,0,0,0,0,0,0
complete,1,0,0,0,0,0,0,0,1,0
lengthy,2,0,0,0,0,0,0,0,0,0
european,5,0,0,0,0,0,0,0,0,0
italian,2,0,0,0,0,0,0,0,0,0
city,0,0,0,0,0,0,2,0,0,0
compilation,0,0,0,0,0,0,1,0,0,0
archive,0,0,0,0,0,0,1,0,0,0
correspondent,0,0,0,0,0,0,1,0,0,0
embrace,0,0,0,0,0,0,0,0,1,0
BEYOND,0,0,0,0,0,0,1,0,0,0
brief,1,0,0,0,0,0,0,0,0,0
vocabulary,0,0,0,0,0,0,1,0,0,0
nomenclator,0,0,0,0,0,0,1,0,0,0
gradually,0,0,2,0,0,0,0,0,0,0
cifra,0,0,0,0,0,0,0,0,0,1
conceive,0,0,0,0,0,0,0,0,1,0
polyalphabeticity,0,0,0,0,0,0,1,0,0,0
tactical,5,0,0,0,0,0,0,0,0,0
digraphic,1,0,0,0,0,0,0,0,0,0
furtivis,0,0,0,0,0,0,0,0,0,1
literarum,0,0,0,0,0,0,0,0,0,1
notis,0,0,0,0,0,0,0,0,0,1
notorious,1,0,0,0,0,0,0,0,0,0
chiffres,0,0,0,0,0,0,0,0,0,1
enable,0,0,0,0,0,0,0,0,2,0
quickly,0,0,2,0,0,0,0,0,0,0
rotate,0,0,0,0,0,0,0,0,5,0
ring,0,0,0,0,0,0,2,0,0,0
rarity,0,0,0,0,0,0,1,0,0,0
perceive,0,0,0,0,0,0,0,0,1,0
inefficiency,0,0,0,0,0,0,1,0,0,0
prevail,0,0,0,0,0,0,0,0,1,0
capture,0,0,0,0,0,0,1,0,0,0
compromise,0,0,0,0,0,0,1,0,0,0
lost,1,0,0,0,0,0,0,0,0,0
unsolved,1,0,0,0,0,0,0,0,0,0
location,0,0,0,0,0,0,4,0,0,0
bury,0,0,0,0,0,0,0,0,1,0
treasure,0,0,0,0,0,0,1,0,0,0
county,0,0,0,0,0,0,1,0,0,0
extensive,2,0,0,0,0,0,0,0,0,0
occasion,0,0,0,0,0,0,1,0,0,0
desperation,0,0,0,0,0,0,1,0,0,0
appeal,0,0,0,0,0,0,0,0,1,0
exclusively,0,0,1,0,0,0,0,0,0,0
lack,0,0,0,0,0,0,0,0,1,0
sophistication,0,0,0,0,0,0,1,0,0,0
complicated,1,0,0,0,0,0,0,0,0,0
telegraphy,0,0,0,0,0,0,1,0,0,0
radio,0,0,0,0,0,0,1,0,0,0
maturing,0,0,0,0,0,0,1,0,0,0
electromechanical,3,0,0,0,0,0,0,0,0,0
cryptodevice,0,0,0,0,0,0,1,0,0,0
anticipate,0,0,0,0,0,0,0,0,2,0
patent,0,0,0,0,0,0,4,0,2,0
hardwire,0,0,0,0,0,0,0,0,1,0
connection,0,0,0,0,0,0,5,0,0,0
arrange,0,0,0,0,0,0,0,0,1,0
stack,0,0,0,0,0,0,4,0,0,0
basket,0,0,0,0,0,0,1,0,0,0
rotation,0,0,0,0,0,0,1,0,0,0
wheel,0,0,0,0,0,0,10,0,0,0
odometer,0,0,0,0,0,0,1,0,0,0
drive,0,0,0,0,0,0,0,0,1,0
path,0,0,0,0,0,0,1,0,0,0
straight,0,0,1,0,0,0,0,0,0,0
typewriter,0,0,0,0,0,0,2,0,0,0
maze,0,0,0,0,0,0,1,0,0,0
interconnection,0,0,0,0,0,0,1,0,0,0
rotational,1,0,0,0,0,0,0,0,0,0
plate,0,0,0,0,0,0,1,0,0,0
connect,0,0,0,0,0,0,0,0,2,0
printer,0,0,0,0,0,0,1,0,0,0
indicator,0,0,0,0,0,0,1,0,0,0
scholar,0,0,0,0,0,0,1,0,0,0
dutch,4,0,0,0,0,0,0,0,0,0
prototype,0,0,0,0,0,0,1,0,0,0
operator,0,0,0,0,0,0,2,0,0,0
navy,0,0,0,0,0,0,6,0,0,0
direction,0,0,0,0,0,0,2,0,0,0
decline,0,0,0,0,0,0,0,0,1,0
immediately,0,0,2,0,0,0,0,0,0,0
seek,0,0,0,0,0,0,0,0,1,0
resist,0,0,0,0,0,0,0,0,1,0
declassify,0,0,0,0,0,0,0,0,2,0
steadily,0,0,1,0,0,0,0,0,0,0
evaluate,0,0,0,0,0,0,0,0,3,0
undoubtedly,0,0,1,0,0,0,0,0,0,0
superior,1,0,0,0,0,0,0,0,0,0
compare,0,0,0,0,0,0,0,0,2,0
steady,1,0,0,0,0,0,0,0,0,0
cryptomachine,0,0,0,0,0,0,3,0,0,0
precursor,0,0,0,0,0,0,1,0,0,0
lug,0,0,0,0,0,0,5,0,0,0
active,5,0,0,0,0,0,0,0,0,0
inactive,1,0,0,0,0,0,0,0,0,0
appropriately,0,0,1,0,0,0,0,0,0,0
recycle,0,0,0,0,0,0,0,0,1,0
initial,3,0,0,0,0,0,0,0,0,0
configuration,0,0,0,0,0,0,1,0,0,0
swedish,1,0,0,0,0,0,0,0,0,0
extensively,0,0,1,0,0,0,0,0,0,0
respectively,0,0,1,0,0,0,0,0,0,0
interesting,1,0,0,0,0,0,0,0,0,0
exhaust,0,0,0,0,0,0,0,0,1,0
backbone,0,0,0,0,0,0,2,0,0,0
circuit,0,0,0,0,0,0,2,0,0,0
model,0,0,0,0,0,0,2,0,0,0
relationship,0,0,0,0,0,0,1,0,0,0
one,0,0,0,0,0,0,2,0,0,0
squirrel,0,0,0,0,0,0,1,0,0,0
cage,0,0,0,0,0,0,1,0,0,0
bar,0,0,0,0,0,0,1,0,0,0
movable,2,0,0,0,0,0,0,0,0,0
left,4,0,0,0,0,0,3,0,0,0
diverter,0,0,0,0,0,0,1,0,0,0
actuate,0,0,0,0,0,0,0,0,1,0
presence,0,0,0,0,0,0,1,0,0,0
effective,1,0,0,0,0,0,0,0,0,0
tooth,0,0,0,0,0,0,4,0,0,0
zyx,0,0,0,0,0,0,1,0,0,0
strictly,0,0,1,0,0,0,0,0,0,0
subtraction,0,0,0,0,0,0,1,0,0,0
functional,2,0,0,0,0,0,0,0,0,0
operational,1,0,0,0,0,0,0,0,0,0
kana,0,0,0,0,0,0,2,0,0,0
directly,0,0,2,0,0,0,0,0,0,0
battery,0,0,0,0,0,0,1,0,0,0
portable,1,0,0,0,0,0,0,0,0,0
lamp,0,0,0,0,0,0,4,0,0,0
board,0,0,0,0,0,0,4,0,0,0
stencil,0,0,0,0,0,0,0,0,1,0
lightbulb,0,0,0,0,0,0,1,0,0,0
bulb,0,0,0,0,0,0,1,0,0,0
electrically,0,0,1,0,0,0,0,0,0,0
wiring,0,0,0,0,0,0,2,0,0,0
winter,0,0,0,0,0,0,1,0,0,0
polish,3,0,0,0,0,0,0,0,0,0
inside,0,1,0,0,0,0,0,0,0,0
photograph,0,0,0,0,0,0,1,0,0,0
establishment,0,0,0,0,0,0,1,0,0,0
north,0,0,1,0,0,0,0,0,0,0
air,0,0,0,0,0,0,1,0,0,0
care,0,0,0,0,0,0,1,0,0,0
exercise,0,0,0,0,0,0,0,0,2,0
leak,0,0,0,0,0,0,0,0,1,0
false,2,0,0,0,0,0,0,0,0,0
hint,0,0,0,0,0,0,0,0,1,0
revolutionary,1,0,0,0,0,0,0,0,0,0
radar,0,0,0,0,0,0,2,0,0,0
instal,0,0,0,0,0,0,0,0,2,0
incorporate,0,0,0,0,0,0,0,0,1,0
drum,0,0,0,0,0,0,2,0,0,0
wire,0,0,0,0,0,0,1,0,0,0
solder,0,0,0,0,0,0,0,0,1,0
instinct,0,0,0,0,0,0,1,0,0,0
crib,0,0,0,0,0,0,3,0,0,0
forerunner,0,0,0,0,0,0,1,0,0,0
powerful,3,0,0,0,0,0,0,0,0,0
heavily,0,0,1,0,0,0,0,0,0,0
experience,0,0,0,0,0,0,3,0,0,0
gradual,1,0,0,0,0,0,0,0,0,0
shortcut,0,0,0,0,0,0,1,0,0,0
functionally,0,0,1,0,0,0,0,0,0,0
chiefly,0,0,1,0,0,0,0,0,0,0
triumph,0,0,0,0,0,0,1,0,0,0
impressive,1,0,0,0,0,0,0,0,0,0
tour,0,0,0,0,0,0,0,0,0,1
allied,1,0,0,0,0,0,0,0,0,0
diminish,0,0,0,0,0,0,0,0,1,0
importance,0,0,0,0,0,0,1,0,0,0
invention,0,0,0,0,0,0,1,0,0,0
trend,0,0,0,0,0,0,1,0,0,0
fabricate,0,0,0,0,0,0,0,0,1,0
silicon,0,0,0,0,0,0,2,0,0,0
chip,0,0,0,0,0,0,2,0,0,0
throughput,0,0,0,0,0,0,1,0,0,0
gigabit,0,0,0,0,0,0,2,0,0,0
handle,0,0,0,0,0,0,0,0,1,0
mechanized,1,0,0,0,0,0,0,0,0,0
volume,0,0,0,0,0,0,1,0,0,0
billionfold,0,0,0,0,0,0,1,0,0,0
radical,1,0,0,0,0,0,0,0,0,0
extension,0,0,0,0,0,0,1,0,0,0
tempting,1,0,0,0,0,0,0,0,0,0
appearance,0,0,0,0,0,0,2,0,0,0
narrow,2,0,0,0,0,0,0,0,0,0
view,0,0,0,0,0,0,1,0,0,0
inevitable,1,0,0,0,0,0,0,0,0,0
tangible,1,0,0,0,0,0,0,0,0,0
recently,0,0,1,0,0,0,0,0,0,0
electronically,0,0,1,0,0,0,0,0,0,0
disadvantage,0,0,0,0,0,0,1,0,0,0
inherit,0,0,0,0,0,0,0,0,1,0
coexist,0,0,0,0,0,0,0,0,1,0
reliable,1,0,0,0,0,0,0,0,0,0
indication,0,0,0,0,0,0,1,0,0,0
generation,0,0,0,0,0,0,1,0,0,0
equipment,0,0,0,0,0,0,4,0,0,0
withdraw,0,0,0,0,0,0,0,0,1,0
loose,1,0,0,0,0,0,0,0,0,0
analogy,0,0,0,0,0,0,1,0,0,0
fix,0,0,0,0,0,0,0,0,2,0
stage,0,0,0,0,0,0,4,0,0,0
register,0,0,0,0,0,0,9,0,0,0
extreme,1,0,0,0,0,0,0,0,0,0
logical,3,0,0,0,0,0,0,0,0,0
symbolize,0,0,0,0,0,0,0,0,1,0
cycle,0,0,0,0,0,0,4,0,0,0
maximal,3,0,0,0,0,0,0,0,0,0
realizable,1,0,0,0,0,0,0,0,0,0
relevance,0,0,0,0,0,0,1,0,0,0
successively,0,0,1,0,0,0,0,0,0,0
scrambled,1,0,0,0,0,0,0,0,0,0
ordering,0,0,0,0,0,0,2,0,0,0
resemble,0,0,0,0,0,0,0,0,1,0
linear,4,0,0,0,0,0,0,0,0,0
tuple,0,0,0,0,0,0,4,0,0,0
reinvent,0,0,0,0,0,0,0,0,1,0
forward,0,0,1,0,0,0,0,0,0,0
diffusion,0,0,0,0,0,0,2,0,0,0
keying,0,0,0,0,0,0,1,0,0,0
variable,0,0,0,0,0,0,1,0,0,0
load,0,0,0,0,0,0,0,0,1,0
diffuse,0,0,0,0,0,0,0,0,1,0
combiner,0,0,0,0,0,0,1,0,0,0
involutory,2,0,0,0,0,0,0,0,0,0
restore,0,0,0,0,0,0,0,0,1,0
logic,0,0,0,0,0,0,7,0,0,0
pictorially,0,0,1,0,0,0,0,0,0,0
retrace,0,0,0,0,0,0,0,0,1,0
linearity,0,0,0,0,0,0,2,0,0,0
slight,1,0,0,0,0,0,0,0,0,0
modification,0,0,0,0,0,0,2,0,0,0
constitute,0,0,0,0,0,0,0,0,1,0
commercially,0,0,2,0,0,0,0,0,0,0
stepping,0,0,0,0,0,0,1,0,0,0
nonlinear,5,0,0,0,0,0,0,0,0,0
lookup,0,0,0,0,0,0,1,0,0,0
supply,0,0,0,0,0,0,0,0,1,0
northern,1,0,0,0,0,0,0,0,0,0
fame,0,0,0,0,0,0,1,0,0,0
hindu,1,0,0,0,0,0,0,0,0,0
arabic,1,0,0,0,0,0,0,0,0,0
numeral,0,0,0,0,0,0,1,0,0,0
man,0,0,0,0,0,0,1,0,0,0
rabbit,0,0,0,0,0,0,2,0,0,0
surround,0,0,0,0,0,0,0,0,1,0
wall,0,0,0,0,0,0,1,0,0,0
month,0,0,0,0,0,0,2,0,0,0
beget,0,0,0,0,0,0,0,0,1,0
productive,1,0,0,0,0,0,0,0,0,0
omit,0,0,0,0,0,0,0,0,1,0
recursive,1,0,0,0,0,0,0,0,0,0
subscript,0,0,0,0,0,0,1,0,0,0
magnitude,0,0,0,0,0,0,1,0,0,0
ratio,0,0,0,0,0,0,2,0,0,0
golden,1,0,0,0,0,0,0,0,0,0
scientist,0,0,0,0,0,0,1,0,0,0
spiral,0,0,0,0,0,0,2,0,0,0
sunflower,0,0,0,0,0,0,1,0,0,0
pine,0,0,0,0,0,0,1,0,0,0
cone,0,0,0,0,0,0,1,0,0,0
regular,1,0,0,0,0,0,0,0,0,0
descent,0,0,0,0,0,0,1,0,0,0
genealogy,0,0,0,0,0,0,1,0,0,0
male,1,0,0,0,0,0,0,0,0,0
bee,0,0,0,0,0,0,1,0,0,0
related,1,0,0,0,0,0,0,0,0,0
logarithmic,1,0,0,0,0,0,0,0,0,0
equiangular,1,0,0,0,0,0,0,0,0,0
snail,0,0,0,0,0,0,1,0,0,0
shell,0,0,0,0,0,0,1,0,0,0
arrangement,0,0,0,0,0,0,1,0,0,0
leaf,0,0,0,0,0,0,1,0,0,0
bud,0,0,0,0,0,0,1,0,0,0
stem,0,0,0,0,0,0,1,0,0,0
animal,0,0,0,0,0,0,1,0,0,0
horn,0,0,0,0,0,0,1,0,0,0
spread,0,0,0,0,0,0,0,0,1,0
exhaustive,1,0,0,0,0,0,0,0,0,0
backward,0,0,1,0,0,0,0,0,0,0
complicate,0,0,0,0,0,0,0,0,1,0
contribute,0,0,0,0,0,0,0,0,1,0
proposal,0,0,0,0,0,0,1,0,0,0
viable,2,0,0,0,0,0,0,0,0,0
submission,0,0,0,0,0,0,2,0,0,0
submit,0,0,0,0,0,0,0,0,2,0
company,0,0,0,0,0,0,1,0,0,0
consultation,0,0,0,0,0,0,1,0,0,0
shortening,0,0,0,0,0,0,1,0,0,0
detail,0,0,0,0,0,0,2,0,0,0
evaluation,0,0,0,0,0,0,1,0,0,0
comment,0,0,0,0,0,0,1,0,0,0
commitment,0,0,0,0,0,0,1,0,0,0
mandate,0,0,0,0,0,0,0,0,1,0
unclassified,1,0,0,0,0,0,0,0,0,0
classified,1,0,0,0,0,0,0,0,0,0
mandatory,1,0,0,0,0,0,0,0,0,0
fund,0,0,0,0,0,0,1,0,0,0
subsequent,1,0,0,0,0,0,0,0,0,0
worldwide,0,0,1,0,0,0,0,0,0,0
iteration,0,0,0,0,0,0,2,0,0,0
parity,0,0,0,0,0,0,1,0,0,0
redundant,1,0,0,0,0,0,0,0,0,0
schematic,0,0,0,0,0,0,1,0,0,0
intermediate,3,0,0,0,0,0,0,0,0,0
transpose,0,0,0,0,0,0,0,0,2,0
subset,0,0,0,0,0,0,2,0,0,0
tabulate,0,0,0,0,0,0,0,0,1,0
box,0,0,0,0,0,0,1,0,0,0
exclusive,1,0,0,0,0,0,0,0,0,0
exactly,0,0,1,0,0,0,0,0,0,0
attractive,1,0,0,0,0,0,0,0,0,0
diagram,0,0,0,0,0,0,1,0,0,0
needle,0,0,0,0,0,0,1,0,0,0
haystack,0,0,0,0,0,0,1,0,0,0
quadrillion,0,0,0,0,0,0,0,1,0,0
straw,0,0,0,0,0,0,1,0,0,0
engine,0,0,0,0,0,0,2,0,0,0
usual,1,0,0,0,0,0,0,0,0,0
ironically,0,0,1,0,0,0,0,0,0,0
triple,3,0,0,0,0,0,0,0,0,0
normal,1,0,0,0,0,0,0,0,0,0
ekdk,0,0,0,0,0,0,1,0,0,0
dkek,0,0,0,0,0,0,1,0,0,0
resultant,1,0,0,0,0,0,0,0,0,0
ordinary,1,0,0,0,0,0,0,0,0,0
interoperable,1,0,0,0,0,0,0,0,0,0
continuation,0,0,0,0,0,0,1,0,0,0
culmination,0,0,0,0,0,0,1,0,0,0
emphasize,0,0,0,0,0,0,0,0,2,0
secretive,1,0,0,0,0,0,0,0,0,0
release,0,0,0,0,0,0,0,0,1,0
program,0,0,0,0,0,0,1,0,1,0
microcomputer,0,0,0,0,0,0,1,0,0,0
paradoxical,1,0,0,0,0,0,0,0,0,0
concede,0,0,0,0,0,0,0,0,1,0
country,0,0,0,0,0,0,1,0,0,0
announce,0,0,0,0,0,0,0,0,1,0
belgian,1,0,0,0,0,0,0,0,0,0
expect,0,0,0,0,0,0,0,0,1,0
consideration,0,0,0,0,0,0,1,0,0,0
efficient,1,0,0,0,0,0,0,0,0,0
unable,1,0,0,0,0,0,0,0,0,0
rapid,1,0,0,0,0,0,0,0,0,0
specification,0,0,0,0,0,0,2,0,0,0
sale,0,0,0,0,0,0,1,0,0,0
limited,1,0,0,0,0,0,0,0,0,0
overrun,0,0,0,0,0,0,0,0,2,0
capable,1,0,0,0,0,0,0,0,0,0
byte,0,0,0,0,0,0,1,0,0,0
succumb,0,0,0,0,0,0,0,0,1,0
adjust,0,0,0,0,0,0,0,0,1,0
outpace,0,0,0,0,0,0,0,0,1,0
defense,0,0,0,0,0,0,2,0,0,0
innumerable,1,0,0,0,0,0,0,0,0,0
reside,0,0,0,0,0,0,0,0,1,0
destroy,0,0,0,0,0,0,0,0,1,0
maliciously,0,0,1,0,0,0,0,0,0,0
accessible,2,0,0,0,0,0,0,0,0,0
particularly,0,0,1,0,0,0,0,0,0,0
password,0,0,0,0,0,0,1,0,0,0
mechanism,0,0,0,0,0,0,2,0,0,0
clever,1,0,0,0,0,0,0,0,0,0
programmer,0,0,0,0,0,0,1,0,0,0
evade,0,0,0,0,0,0,0,0,1,0
confidence,0,0,0,0,0,0,1,0,0,0
adequately,0,0,1,0,0,0,0,0,0,0
valid,1,0,0,0,0,0,0,0,0,0
withdrawal,0,0,0,0,0,0,1,0,0,0
violation,0,0,0,0,0,0,1,0,0,0
harm,0,0,0,0,0,0,0,0,1,0
benefit,0,0,0,0,0,0,0,0,1,0
majority,0,0,0,0,0,0,1,0,0,0
suspect,0,0,0,0,0,0,0,0,1,0
keystroke,0,0,0,0,0,0,1,0,0,0
click,0,0,0,0,0,0,1,0,0,0
pay,0,0,0,0,0,0,0,0,1,0
