word,ADJ,ADP,ADV,CCONJ,DET,NOUN,NUM,VERB,X
day,0,0,0,0,0,6,0,0,0
walk,0,0,0,0,0,0,0,1,0
surface,0,0,0,0,0,9,0,1,0
admire,0,0,0,0,0,0,0,1,0
variety,0,0,0,0,0,2,0,0,0
plant,0,0,0,0,0,31,0,0,0
animal,0,0,0,0,0,25,0,0,0
landscape,0,0,0,0,0,2,0,0,0
take,0,0,0,0,0,0,0,7,0
billion,0,0,0,0,0,3,34,0,0
year,0,0,0,0,0,101,0,0,0
evolve,0,0,0,0,0,0,0,13,0
planet,0,0,0,0,0,26,0,0,0
inhabit,0,0,0,0,0,0,0,1,0
volume,0,0,0,0,0,2,0,0,0
examine,0,0,0,0,0,0,0,1,0
long,8,0,3,0,0,0,0,0,0
history,0,0,0,0,0,6,0,0,0
origin,0,0,0,0,0,3,0,0,0
cloud,0,0,0,0,0,11,0,0,0
gas,0,0,0,0,0,13,0,0,0
dust,0,0,0,0,0,8,0,0,0
place,0,0,0,0,0,7,0,1,0
teem,0,0,0,0,0,0,0,1,0
life,0,0,0,0,0,40,0,0,0
address,0,0,0,0,0,0,0,1,0
question,0,0,0,0,0,2,0,0,0
scientist,0,0,0,0,0,21,0,0,0
debate,0,0,0,0,0,1,0,2,0
form,0,0,0,0,0,10,0,40,0
develop,0,0,0,0,0,0,0,14,0
complex,4,0,0,0,0,0,0,0,0
intriguing,1,0,0,0,0,0,0,0,0
believe,0,0,0,0,0,0,0,20,0
rest,0,0,0,0,0,4,0,0,0
solar,13,0,0,0,0,0,0,0,0
system,0,0,0,0,0,12,0,0,0
begin,0,0,0,0,0,0,0,27,0
ago,0,0,53,0,0,0,0,0,0
call,0,0,0,0,0,0,0,26,0
nebula,0,0,0,0,0,10,0,0,0
force,0,0,0,0,0,2,0,0,0
gravity,0,0,0,0,0,4,0,0,0
particle,0,0,0,0,0,4,0,0,0
come,0,0,0,0,0,0,0,2,0
object,0,0,0,0,0,6,0,0,0
grow,0,0,0,0,0,0,0,10,0
large,31,0,0,0,0,0,0,0,0
eventually,0,0,16,0,0,0,0,0,0
unstable,1,0,0,0,0,0,0,0,0
cover,0,0,0,0,0,0,0,6,0
sea,0,0,0,0,0,29,0,0,0
molten,2,0,0,0,0,0,0,0,0
rock,0,0,0,0,0,36,0,0,0
cool,2,0,0,0,0,0,0,4,0
crust,0,0,0,0,0,7,0,0,0
solid,4,0,0,0,0,0,0,0,0
outer,6,0,0,0,0,0,0,0,0
layer,0,0,0,0,0,17,0,1,0
know,0,0,0,0,0,0,0,13,0
generally,0,0,4,0,0,0,0,0,0
date,0,0,0,0,0,0,0,11,0
old,19,0,0,0,0,0,0,0,0
discovery,0,0,0,0,0,3,0,0,0
mineral,0,0,0,0,0,6,0,0,0
lead,0,0,0,0,0,1,0,4,0
stable,1,0,0,0,0,0,0,0,0
exist,0,0,0,0,0,0,0,6,0
hundred,0,0,0,0,0,5,0,0,0
million,0,0,0,0,0,8,62,0,0
early,15,0,5,0,0,0,0,0,0
help,0,0,0,0,0,0,0,4,0
study,0,0,0,0,0,0,0,5,0
devise,0,0,0,0,0,0,0,1,0
scale,0,0,0,0,0,6,0,0,0
geologic,8,0,0,0,0,0,0,0,0
time,0,0,0,0,0,57,0,0,0
provide,0,0,0,0,0,0,0,1,0
framework,0,0,0,0,0,1,0,0,0
evolution,0,0,0,0,0,5,0,0,0
continent,0,0,0,0,0,22,0,0,0
ocean,0,0,0,0,0,13,0,0,0
atmosphere,0,0,0,0,0,11,0,0,0
biosphere,0,0,0,0,0,6,0,0,0
zone,0,0,0,0,0,1,0,0,0
consist,0,0,0,0,0,0,0,7,0
live,0,0,0,0,0,0,0,19,0
thing,0,0,0,0,0,8,0,0,0
pebble,0,0,0,0,0,1,0,0,0
sand,0,0,0,0,0,2,0,0,0
mud,0,0,0,0,0,3,0,0,0
deposit,0,0,0,0,0,7,0,2,0
water,0,0,0,0,0,13,0,0,0
wind,0,0,0,0,0,4,0,0,0
glacier,0,0,0,0,0,6,0,0,0
lower,0,0,1,0,0,0,0,1,0
recent,4,0,0,0,0,0,0,0,0
find,0,0,0,0,0,0,0,17,0
contain,0,0,0,0,0,0,0,6,0
distinctive,1,0,0,0,0,0,0,0,0
fossil,0,0,0,0,0,16,0,0,0
similar,4,0,0,0,0,0,0,0,0
world,0,0,0,0,0,9,0,0,0
classify,0,0,0,0,0,0,0,1,0
create,0,0,0,0,0,0,0,2,0
occupy,0,0,0,0,0,0,0,2,0
mind,0,0,0,0,0,1,0,0,0
age,0,0,0,0,0,17,0,0,0
divide,0,0,0,0,0,0,0,6,0
eon,0,0,0,0,0,11,0,0,0
small,15,0,0,0,0,0,0,0,0
unit,0,0,0,0,0,1,0,0,0
last,0,0,0,0,0,0,0,10,0
period,0,0,0,0,0,55,0,0,0
appear,0,0,0,0,0,0,0,23,0
little,8,0,0,0,0,0,0,0,0
oxygen,0,0,0,0,0,34,0,0,0
limit,0,0,0,0,0,0,0,2,0
microorganism,0,0,0,0,0,5,0,0,0
survive,0,0,0,0,0,0,0,9,0
level,0,0,0,0,0,22,0,0,0
increase,0,0,0,0,0,1,0,11,0
significantly,0,0,3,0,0,0,0,0,0
proterozoic,2,0,0,0,0,1,0,0,0
bacteria,0,0,0,0,0,9,0,0,0
fungus,0,0,0,0,0,3,0,0,0
simple,1,0,0,0,0,0,0,0,0
organism,0,0,0,0,0,23,0,0,0
include,0,0,0,0,0,0,0,10,0
phanerozoic,2,0,0,0,0,0,0,0,0
stretch,0,0,0,0,0,1,0,2,0
present,21,0,0,0,0,5,0,1,0
see,0,0,0,0,0,0,0,7,0
rapid,3,0,0,0,0,0,0,0,0
expansion,0,0,0,0,0,1,0,0,0
major,8,0,0,0,0,0,0,0,0
largely,0,0,6,0,0,0,0,0,0
basis,0,0,0,0,0,3,0,0,0
characteristic,1,0,0,0,0,2,0,0,0
paleozoic,3,0,0,0,0,0,0,0,0
mesozoic,1,0,0,0,0,0,0,0,0
cenozoic,2,0,0,0,0,0,0,0,0
era,0,0,0,0,0,13,0,0,0
cambrian,6,0,0,0,0,0,0,0,0
explosion,0,0,0,0,0,3,0,0,0
extraordinary,1,0,0,0,0,0,0,0,0
diversification,0,0,0,0,0,1,0,0,0
marine,9,0,0,0,0,0,0,0,0
end,0,0,0,0,0,9,0,7,0
extinction,0,0,0,0,0,20,0,0,0
land,0,0,0,0,0,22,0,0,0
specie,0,0,0,0,0,13,0,0,0
ancestor,0,0,0,0,0,4,0,0,0
group,0,0,0,0,0,7,0,0,0
today,0,0,0,0,0,16,0,0,0
well,0,0,1,0,0,0,0,0,0
dinosaur,0,0,0,0,0,20,0,0,0
continue,0,0,0,0,0,0,0,13,0
gradually,0,0,3,0,0,0,0,0,0
assume,0,0,0,0,0,0,0,4,0
configuration,0,0,0,0,0,1,0,0,0
physical,1,0,0,0,0,0,0,0,0
feature,0,0,0,0,0,6,0,2,0
process,0,0,0,0,0,6,0,0,0
plate,0,0,0,0,0,7,0,0,0
tectonics,0,0,0,0,0,1,0,0,0
mountain,0,0,0,0,0,1,0,0,0
building,0,0,0,0,0,1,0,0,0
continental,2,0,0,0,0,0,0,0,0
glaciation,0,0,0,0,0,4,0,0,0
represent,0,0,0,0,0,0,0,1,0
eighth,0,0,0,0,0,1,0,0,0
importance,0,0,0,0,0,1,0,0,0
far,0,0,5,0,0,0,0,0,0
exceed,0,0,0,0,0,0,0,1,0
relatively,0,0,6,0,0,0,0,0,0
short,2,0,0,0,0,0,0,0,0
span,0,0,0,0,0,1,0,0,0
strong,4,0,0,0,0,0,0,0,0
evidence,0,0,0,0,0,9,0,0,0
constant,1,0,0,0,0,0,0,0,0
fluctuation,0,0,0,0,0,2,0,0,0
climate,0,0,0,0,0,11,0,0,0
apt,1,0,0,0,0,0,0,0,0
midst,0,0,0,0,0,1,0,0,0
change,0,0,0,0,0,11,0,5,0
exactly,0,0,1,0,0,0,0,0,0
occur,0,0,0,0,0,0,0,19,0
learn,0,0,0,0,0,0,0,2,0
lively,1,0,0,0,0,0,0,0,0
varied,1,0,0,0,0,0,0,0,0
subject,0,0,0,0,0,1,0,0,0
great,8,0,0,0,0,0,0,0,0
interest,0,0,0,0,0,1,0,0,0
late,15,0,5,0,0,0,0,0,0
geologist,0,0,0,0,0,3,0,0,0
biologist,0,0,0,0,0,3,0,0,0
collect,0,0,0,0,0,0,0,4,0
suggest,0,0,0,0,0,0,0,8,0
think,0,0,0,0,0,0,0,10,0
reason,0,0,0,0,0,0,0,1,0
vast,4,0,0,0,0,0,0,0,0
need,0,0,0,0,0,0,0,5,0
slow,3,0,0,0,0,0,0,0,0
work,0,0,0,0,0,1,0,0,0
erosion,0,0,0,0,0,1,0,0,0
sedimentation,0,0,0,0,0,1,0,0,0
effect,0,0,0,0,0,11,0,0,0
apparently,0,0,7,0,0,0,0,0,0
feel,0,0,0,0,0,0,0,1,0
result,0,0,0,0,0,2,0,6,0
diversity,0,0,0,0,0,2,0,0,0
dissenting,1,0,0,0,0,0,0,0,0
opinion,0,0,0,0,0,1,0,0,0
physicist,0,0,0,0,0,2,0,0,0
calculate,0,0,0,0,0,0,0,3,0
inside,0,0,3,0,0,0,0,0,0
similarly,0,0,2,0,0,0,0,0,0
astronomer,0,0,0,0,0,4,0,0,0
figure,0,0,0,0,0,0,0,1,0
ten,0,0,0,0,0,1,0,0,0
shine,0,0,0,0,0,0,0,2,0
energy,0,0,0,0,0,8,0,0,0
gravitational,3,0,0,0,0,0,0,0,0
contraction,0,0,0,0,0,2,0,0,0
sustain,0,0,0,0,0,0,0,2,0
output,0,0,0,0,0,1,0,0,0
drastic,1,0,0,0,0,0,0,0,0
reduction,0,0,0,0,0,1,0,0,0
size,0,0,0,0,0,5,0,0,0
radioactivity,0,0,0,0,0,1,0,0,0
solution,0,0,0,0,0,1,0,0,0
problem,0,0,0,0,0,2,0,0,0
heat,0,0,0,0,0,6,0,1,0
internally,0,0,1,0,0,0,0,0,0
radioactive,5,0,0,0,0,0,0,0,0
decay,0,0,0,0,0,2,0,2,0
element,0,0,0,0,0,5,0,0,0
uranium,0,0,0,0,0,2,0,0,0
deep,3,0,2,0,0,0,0,0,0
turn,0,0,0,0,0,0,0,4,0
nuclear,4,0,0,0,0,0,0,0,0
fusion,0,0,0,0,0,1,0,0,0
give,0,0,0,0,0,0,0,2,0
potential,1,0,0,0,0,0,0,0,0
lifetime,0,0,0,0,0,2,0,0,0
dating,0,0,0,0,0,2,0,0,0
play,0,0,0,0,0,0,0,7,0
crucial,1,0,0,0,0,0,0,0,0
role,0,0,0,0,0,8,0,0,0
isotope,0,0,0,0,0,3,0,0,0
different,7,0,0,0,0,0,0,0,0
atomic,1,0,0,0,0,0,0,0,0
masse,0,0,0,0,0,1,0,0,0
emit,0,0,0,0,0,0,0,1,0
radiation,0,0,0,0,0,2,0,0,0
electron,0,0,0,0,0,1,0,0,0
alpha,0,0,0,0,0,1,0,0,0
leave,0,0,0,0,0,2,0,5,0
succession,0,0,0,0,0,1,0,0,0
daughter,0,0,0,0,0,2,0,0,0
product,0,0,0,0,0,3,0,0,0
rate,0,0,0,0,0,3,0,0,0
measure,0,0,0,0,0,0,0,4,0
precision,0,0,0,0,0,1,0,0,0
laboratory,0,0,0,0,0,1,0,0,0
ratio,0,0,0,0,0,2,0,0,0
original,1,0,0,0,0,0,0,0,0
material,0,0,0,0,0,14,0,0,0
trap,0,0,0,0,0,0,0,4,0
solidify,0,0,0,0,0,0,0,1,0
seafloor,0,0,0,0,0,5,0,0,0
rarely,0,0,1,0,0,0,0,0,0
occasionally,0,0,1,0,0,0,0,0,0
australian,2,0,0,0,0,0,0,0,0
researcher,0,0,0,0,0,2,0,0,0
announce,0,0,0,0,0,0,0,1,0
grain,0,0,0,0,0,2,0,0,0
zircon,0,0,0,0,0,2,0,0,0
zirconium,0,0,0,0,0,1,0,0,0
meteorite,0,0,0,0,0,2,0,0,0
likely,5,0,13,0,0,0,0,0,0
finding,0,0,0,0,0,1,0,0,0
pin,0,0,0,0,0,0,0,1,0
part,0,0,0,0,0,9,0,0,0
galaxy,0,0,0,0,0,1,0,0,0
star,0,0,0,0,0,7,0,0,0
planetary,1,0,0,0,0,0,0,0,0
nebulae,0,0,0,0,0,1,0,0,0
mutual,1,0,0,0,0,0,0,0,0
attraction,0,0,0,0,0,1,0,0,0
pull,0,0,0,0,0,0,0,1,0
accord,0,0,0,0,0,0,0,2,0
theory,0,0,0,0,0,6,0,0,0
nebular,1,0,0,0,0,0,0,0,0
hypothesis,0,0,0,0,0,1,0,0,0
mainly,0,0,5,0,0,0,0,0,0
hydrogen,0,0,0,0,0,2,0,0,0
helium,0,0,0,0,0,1,0,0,0
cold,10,0,0,0,0,0,0,0,0
compound,0,0,0,0,0,2,0,0,0
methane,0,0,0,0,0,5,0,0,0
ammonia,0,0,0,0,0,2,0,0,0
able,3,0,0,0,0,0,0,0,0
gravitationally,0,0,1,0,0,0,0,0,0
rocky,2,0,0,0,0,0,0,0,0
metallic,1,0,0,0,0,0,0,0,0
core,0,0,0,0,0,2,0,0,0
disk,0,0,0,0,0,9,0,0,0
young,1,0,0,0,0,0,0,0,0
light,2,0,0,0,0,3,0,0,0
away,0,1,3,0,0,0,0,0,0
new,9,0,0,0,0,0,0,0,0
making,0,0,0,0,0,1,0,0,0
image,0,0,0,0,0,3,0,0,0
surround,0,0,0,0,0,0,0,2,0
arise,0,0,0,0,0,0,0,2,0
protoplanetary,1,0,0,0,0,0,0,0,0
central,1,0,0,0,0,0,0,0,0
glow,0,0,0,0,0,1,0,2,0
range,0,0,0,0,0,1,0,1,0
diameter,0,0,0,0,0,4,0,0,0
inner,4,0,0,0,0,0,0,0,0
warm,14,0,0,0,0,0,0,1,0
expose,0,0,0,0,0,0,0,3,0
drive,0,0,0,0,0,0,0,1,0
space,0,0,0,0,0,5,0,0,0
body,0,0,0,0,0,7,0,0,0
less,1,0,0,0,0,0,0,0,0
extent,0,0,0,0,0,2,0,0,0
retain,0,0,0,0,0,0,0,1,0
fairly,0,0,4,0,0,0,0,0,0
thin,2,0,0,0,0,0,0,0,0
envelope,0,0,0,0,0,1,0,0,0
metal,0,0,0,0,0,2,0,0,0
accretion,0,0,0,0,0,2,0,0,0
collecting,0,0,0,0,0,1,0,0,0
stage,0,0,0,0,0,3,0,0,0
impact,0,0,0,0,0,18,0,0,0
meteoroid,0,0,0,0,0,2,0,0,0
comet,0,0,0,0,0,7,0,0,0
tremendously,0,0,1,0,0,0,0,0,0
energetic,1,0,0,0,0,0,0,0,0
melt,0,0,0,0,0,0,0,11,0
widely,0,0,2,0,0,0,0,0,0
accept,0,0,0,0,0,0,0,1,0
formation,0,0,0,0,0,10,0,0,0
protoplanet,0,0,0,0,0,1,0,0,0
half,0,0,0,0,4,1,0,0,0
strike,0,0,0,0,0,0,0,3,0
blast,0,0,0,0,0,0,0,1,0
event,0,0,0,0,0,14,0,0,0
probably,0,0,17,0,0,0,0,0,0
happen,0,0,0,0,0,0,0,3,0
underworld,0,0,0,0,0,1,0,0,0
abode,0,0,0,0,0,1,0,0,0
dead,2,0,0,0,0,0,0,0,0
ancient,6,0,0,0,0,0,0,0,0
greek,1,0,0,0,0,0,0,0,0
religion,0,0,0,0,0,1,0,0,0
leftover,1,0,0,0,0,0,0,0,0
combine,0,0,0,0,0,0,0,6,0
frequent,3,0,0,0,0,0,0,0,0
render,0,0,0,0,0,0,0,1,0
hellish,1,0,0,0,0,0,0,0,0
red,7,0,0,0,0,0,0,0,0
hot,9,0,0,0,0,0,0,0,0
magma,0,0,0,0,0,2,0,0,0
existence,0,0,0,0,0,2,0,0,0
crystal,0,0,0,0,0,2,0,0,0
quickly,0,0,4,0,0,0,0,0,0
previously,0,0,2,0,0,0,0,0,0
certain,8,0,0,0,0,0,0,0,0
presence,0,0,0,0,0,2,0,0,0
mean,0,0,0,0,0,0,0,4,0
temperature,0,0,0,0,0,12,0,0,0
boiling,0,0,0,0,0,1,0,0,0
point,0,0,0,0,0,2,0,1,0
area,0,0,0,0,0,6,0,0,0
prevail,0,0,0,0,0,0,0,1,0
satellite,0,0,0,0,0,1,0,0,0
condense,0,0,0,0,0,0,0,3,0
huge,11,0,0,0,0,0,0,0,0
interstellar,3,0,0,0,0,0,0,0,0
cause,0,0,0,0,0,5,0,13,0
start,0,0,0,0,0,0,0,6,0
contract,0,0,0,0,0,0,0,1,0
slowly,0,0,2,0,0,0,0,0,0
spin,0,0,0,0,0,0,0,4,0
random,1,0,0,0,0,0,0,0,0
density,0,0,0,0,0,1,0,0,0
external,1,0,0,0,0,0,0,0,0
disturbance,0,0,0,0,0,1,0,0,0
shock,0,0,0,0,0,2,0,0,0
wave,0,0,0,0,0,2,0,0,0
explode,0,0,0,0,0,0,0,1,0
squeeze,0,0,0,0,0,0,0,1,0
inward,0,0,1,0,0,0,0,0,0
matter,0,0,0,0,0,5,0,0,0
pack,0,0,0,0,0,0,0,1,0
center,0,0,0,0,0,7,0,0,0
protosun,0,0,0,0,0,1,0,0,0
later,1,0,5,0,0,0,0,0,0
fast,0,0,3,0,0,0,0,0,0
flatten,0,0,0,0,0,0,0,1,0
collapse,0,0,0,0,0,0,0,1,0
dense,2,0,0,0,0,0,0,0,0
reaction,0,0,0,0,0,2,0,0,0
bear,0,0,0,0,0,0,0,3,0
silicate,2,0,0,0,0,1,0,0,0
gaseous,1,0,0,0,0,0,0,0,0
farth,1,0,0,0,0,0,0,0,0
low,1,0,0,0,0,0,0,0,0
ice,0,0,0,0,0,33,0,0,0
collide,0,0,0,0,0,0,0,1,0
stick,0,0,0,0,0,0,0,1,0
ultimately,0,0,1,0,0,0,0,0,0
clump,0,0,0,0,0,0,0,2,0
chunk,0,0,0,0,0,2,0,0,0
debris,0,0,0,0,0,2,0,0,0
incorporate,0,0,0,0,0,0,0,1,0
asteroid,0,0,0,0,0,7,0,0,0
nucleus,0,0,0,0,0,3,0,0,0
intensity,0,0,0,0,0,2,0,0,0
suddenly,0,0,3,0,0,0,0,0,0
blow,0,0,0,0,0,0,0,1,0
shroud,0,0,0,0,0,0,0,1,0
mystery,0,0,0,0,0,1,0,0,0
partly,0,0,1,0,0,0,0,0,0
remain,0,0,0,0,0,2,0,6,0
repeat,0,0,0,0,0,0,0,1,0
cycle,0,0,0,0,0,4,0,0,0
subducte,0,0,0,0,0,0,0,2,0
middle,3,0,0,0,0,2,0,0,0
witness,0,0,0,0,0,1,0,0,0
violent,1,0,0,0,0,0,0,0,0
surely,0,0,1,0,0,0,0,0,0
exploration,0,0,0,0,0,1,0,0,0
program,0,0,0,0,0,1,0,0,0
lunar,1,0,0,0,0,0,0,0,0
crater,0,0,0,0,0,5,0,0,0
prior,0,0,1,0,0,0,0,0,0
heavy,2,0,0,0,0,0,0,0,0
bombardment,0,0,0,0,0,1,0,0,0
migration,0,0,0,0,0,1,0,0,0
disturb,0,0,0,0,0,0,0,1,0
orbit,0,0,0,0,0,3,0,1,0
send,0,0,0,0,0,0,0,2,0
sunward,0,0,1,0,0,0,0,0,0
indicate,0,0,0,0,0,0,0,1,0
name,0,0,0,0,0,1,0,1,0
division,0,0,0,0,0,1,0,0,0
right,0,0,1,0,0,0,0,0,0
upper,1,0,0,0,0,0,0,0,0
left,1,0,1,0,0,0,0,0,0
source,0,0,0,0,0,3,0,0,0
piece,0,0,0,0,0,2,0,0,0
good,1,0,0,0,0,0,0,0,0
example,0,0,0,0,0,5,0,0,0
constitute,0,0,0,0,0,0,0,1,0
country,0,0,0,0,0,1,0,0,0
instead,0,0,3,0,0,0,0,0,0
arc,0,0,0,0,0,1,0,0,0
volcanic,7,0,0,0,0,0,0,0,0
island,0,0,0,0,0,1,0,0,0
drift,0,0,0,0,0,0,0,2,0
precambrian,1,0,0,0,0,0,0,0,0
bedrock,0,0,0,0,0,1,0,0,0
rise,0,0,0,0,0,2,0,4,0
border,0,0,0,0,0,1,0,0,0
northeastern,1,0,0,0,0,0,0,0,0
northwestern,3,0,0,0,0,0,0,0,0
iii,0,0,0,0,0,0,1,0,0
model,0,0,0,0,0,1,0,1,0
percent,0,0,0,0,0,9,0,0,0
bright,1,0,0,0,0,0,0,0,0
completely,0,0,5,0,0,0,0,0,0
freeze,0,0,0,0,0,3,0,2,0
snow,0,0,0,0,0,4,0,0,0
calculation,0,0,0,0,0,1,0,0,0
white,4,0,0,0,0,0,0,0,0
reflect,0,0,0,0,0,0,0,2,0
fact,0,0,0,0,0,3,0,0,0
carbon,0,0,0,0,0,19,0,0,0
dioxide,0,0,0,0,0,14,0,0,0
abundant,5,0,0,0,0,0,0,0,0
release,0,0,0,0,0,3,0,7,0
activity,0,0,0,0,0,6,0,0,0
greenhouse,0,0,0,0,0,4,0,0,0
let,0,0,0,0,0,0,0,1,0
visible,1,0,0,0,0,0,0,0,0
absorb,0,0,0,0,0,0,0,4,0
outgoing,1,0,0,0,0,0,0,0,0
infrared,1,0,0,0,0,0,0,0,0
ray,0,0,0,0,0,1,0,0,0
sufficient,2,0,0,0,0,0,0,0,0
avoid,0,0,0,0,0,0,0,1,0
frozen,1,0,0,0,0,0,0,0,0
fate,0,0,0,0,0,2,0,0,0
tiny,1,0,0,0,0,0,0,0,0
fraction,0,0,0,0,0,2,0,0,0
concentration,0,0,0,0,0,3,0,0,0
sign,0,0,0,0,0,1,0,0,0
organic,1,0,0,0,0,0,0,0,0
molecule,0,0,0,0,0,1,0,0,0
produce,0,0,0,0,0,0,0,11,0
definite,2,0,0,0,0,0,0,0,0
microscopic,2,0,0,0,0,0,0,0,0
cast,0,0,0,0,0,1,0,0,0
resemble,0,0,0,0,0,0,0,1,0
cyanobacteria,0,0,0,0,0,5,0,0,0
blue,2,0,0,0,0,0,0,0,0
green,4,0,0,0,0,1,0,0,0
algae,0,0,0,0,0,3,0,0,0
stromatolite,0,0,0,0,0,1,0,0,0
growth,0,0,0,0,0,2,0,0,0
matlike,1,0,0,0,0,0,0,0,0
colony,0,0,0,0,0,1,0,0,0
especially,0,0,2,0,0,0,0,0,0
layered,2,0,0,0,0,0,0,0,0
column,0,0,0,0,0,1,0,0,0
spot,0,0,0,0,0,1,0,0,0
western,2,0,0,0,0,0,0,0,0
coast,0,0,0,0,0,5,0,0,0
prokaryote,0,0,0,0,0,8,0,0,0
single,7,0,0,0,0,0,0,0,0
celled,9,0,0,0,0,0,0,0,0
cell,0,0,0,0,0,4,0,0,0
carry,0,0,0,0,0,0,0,4,0
photosynthesis,0,0,0,0,0,6,0,0,0
use,0,0,0,0,0,0,0,2,0
sunlight,0,0,0,0,0,4,0,0,0
build,0,0,0,0,0,0,0,5,0
air,0,0,0,0,0,12,0,0,0
type,0,0,0,0,0,14,0,0,0
chemoautotroph,0,0,0,0,0,1,0,0,0
depth,0,0,0,0,0,3,0,0,0
archaean,0,0,0,0,0,3,0,0,0
true,1,0,0,0,0,0,0,0,0
extreme,1,0,0,0,0,0,0,0,0
environment,0,0,0,0,0,4,0,0,0
particularly,0,0,1,0,0,0,0,0,0
salty,1,0,0,0,0,0,0,0,0
condition,0,0,0,0,0,7,0,0,0
photosynthesize,0,0,0,0,0,0,0,2,0
react,0,0,0,0,0,0,0,1,0
accumulate,0,0,0,0,0,0,0,2,0
iron,0,0,0,0,0,8,0,0,0
essentially,0,0,1,0,0,0,0,0,0
rust,0,0,0,0,0,1,0,0,0
describe,0,0,0,0,0,0,0,1,0
confuse,0,0,0,0,0,0,0,1,0
agree,0,0,0,0,0,0,0,2,0
archean,1,0,0,0,0,0,0,0,0
oxidize,0,0,0,0,0,0,0,2,0
banded,1,0,0,0,0,0,0,0,0
lay,0,0,0,0,0,0,0,2,0
alternate,0,0,0,0,0,0,0,2,0
extremely,0,0,1,0,0,0,0,0,0
rich,1,0,0,0,0,0,0,0,0
silica,0,0,0,0,0,1,0,0,0
chert,0,0,0,0,0,2,0,0,0
understand,0,0,0,0,0,0,0,1,0
response,0,0,0,0,0,2,0,0,0
fluctuate,0,0,0,0,0,0,0,1,0
amount,0,0,0,0,0,3,0,0,0
free,2,0,0,0,0,0,0,0,0
ore,0,0,0,0,0,1,0,0,0
people,0,0,0,0,0,5,0,0,0
reap,0,0,0,0,0,0,0,1,0
harvest,0,0,0,0,0,1,0,0,0
fundamental,1,0,0,0,0,0,0,0,0
food,0,0,0,0,0,2,0,0,0
supply,0,0,0,0,0,1,0,0,0
replenish,0,0,0,0,0,0,0,1,0
lack,0,0,0,0,0,0,0,1,0
harness,0,0,0,0,0,0,0,1,0
transform,0,0,0,0,0,0,0,1,0
chemical,1,0,0,0,0,1,0,0,0
convert,0,0,0,0,0,0,0,1,0
sugar,0,0,0,0,0,1,0,0,0
perform,0,0,0,0,0,0,0,1,0
photosynthetic,1,0,0,0,0,0,0,0,0
greatly,0,0,2,0,0,0,0,0,0
content,0,0,0,0,0,1,0,0,0
make,0,0,0,0,0,0,0,1,0
possible,2,0,0,0,0,0,0,0,0
development,0,0,0,0,0,2,0,0,0
aerobic,1,0,0,0,0,0,0,0,0
sulfur,0,0,0,0,0,2,0,0,0
reach,0,0,0,0,0,0,0,8,0
current,3,0,0,0,0,1,0,0,0
bed,0,0,0,0,0,2,0,0,0
soil,0,0,0,0,0,2,0,0,0
rusty,1,0,0,0,0,0,0,0,0
dry,2,0,0,0,0,0,0,0,0
outback,0,0,0,0,0,1,0,0,0
important,2,0,0,0,0,0,0,0,0
consequence,0,0,0,0,0,2,0,0,0
dramatic,6,0,0,0,0,0,0,0,0
poisonous,1,0,0,0,0,0,0,0,0
tetanus,0,0,0,0,0,1,0,0,0
bacterium,0,0,0,0,0,1,0,0,0
thrive,0,0,0,0,0,0,0,2,0
close,0,0,1,0,0,0,0,1,0
wound,0,0,0,0,0,1,0,0,0
perish,0,0,0,0,0,0,0,2,0
refuge,0,0,0,0,0,1,0,0,0
underground,0,0,2,0,0,0,0,0,0
eukaryote,0,0,0,0,0,7,0,0,0
structure,0,0,0,0,0,3,0,0,0
multicellular,3,0,0,0,0,0,0,0,0
protist,0,0,0,0,0,1,0,0,0
band,0,0,0,0,0,0,0,1,0
recover,0,0,0,0,0,0,0,1,0
greenstone,0,0,0,0,0,1,0,0,0
belt,0,0,0,0,0,2,0,0,0
dark,3,0,0,0,0,0,0,0,0
oxide,0,0,0,0,0,1,0,0,0
require,0,0,0,0,0,0,0,2,0
eukaryotic,1,0,0,0,0,0,0,0,0
flourish,0,0,0,0,0,0,0,1,0
remainder,0,0,0,0,0,1,0,0,0
near,0,6,0,0,0,0,0,0,0
dramatically,0,0,2,0,0,0,0,0,0
like,2,7,0,0,0,0,0,0,0
drastically,0,0,2,0,0,0,0,0,0
plunge,0,0,0,0,0,0,0,2,0
action,0,0,0,0,0,1,0,0,0
state,0,0,0,0,0,5,0,0,0
snowball,0,0,0,0,0,1,0,0,0
twice,0,0,1,0,1,0,0,0,0
widespread,1,0,0,0,0,0,0,0,0
extensive,3,0,0,0,0,0,0,0,0
open,1,0,0,0,0,0,0,0,0
bare,1,0,0,0,0,0,0,0,0
tropic,0,0,0,0,0,2,0,0,0
case,0,0,0,0,0,4,0,0,0
frigid,1,0,0,0,0,0,0,0,0
spell,0,0,0,0,0,2,0,0,0
supercontinent,0,0,0,0,0,2,0,0,0
break,0,0,0,0,0,0,0,7,0
apart,0,0,6,0,0,0,0,0,0
fragment,0,0,0,0,0,2,0,0,0
tropical,2,0,0,0,0,0,0,0,0
region,0,0,0,0,0,4,0,0,0
dissolve,0,0,0,0,0,0,0,1,0
rain,0,0,0,0,0,5,0,0,0
fall,0,0,0,0,0,0,0,2,0
smash,0,0,0,0,0,0,0,1,0
shore,0,0,0,0,0,1,0,0,0
weather,0,0,0,0,0,0,0,2,0
wash,0,0,0,0,0,0,0,1,0
calcium,0,0,0,0,0,2,0,0,0
ion,0,0,0,0,0,1,0,0,0
limestone,0,0,0,0,0,2,0,0,0
bury,0,0,0,0,0,0,0,4,0
die,0,0,0,0,0,0,0,5,0
sink,0,0,0,0,0,0,0,4,0
brightness,0,0,0,0,0,1,0,0,0
drop,0,0,0,0,0,1,0,3,0
vicious,1,0,0,0,0,0,0,0,0
circle,0,0,0,0,0,1,0,0,0
positive,2,0,0,0,0,0,0,0,0
feedback,0,0,0,0,0,2,0,0,0
allow,0,0,0,0,0,0,0,3,0
average,2,0,0,0,0,2,0,1,0
warming,0,0,0,0,0,3,0,0,0
reduce,0,0,0,0,0,0,0,5,0
available,1,0,0,0,0,0,0,0,0
remove,0,0,0,0,0,0,0,1,0
go,0,0,0,0,0,0,0,2,0
thaw,0,0,0,0,0,1,0,0,0
stress,0,0,0,0,0,1,0,0,0
revolution,0,0,0,0,0,2,0,0,0
appearance,0,0,0,0,0,1,0,0,0
rapidly,0,0,5,0,0,0,0,0,0
imprint,0,0,0,0,0,2,0,0,0
soft,4,0,0,0,0,0,0,0,0
bodied,1,0,0,0,0,0,0,0,0
creature,0,0,0,0,0,12,0,0,0
round,1,0,0,0,0,0,0,0,0
fanlike,1,0,0,0,0,0,0,0,0
quilt,0,0,0,0,0,0,0,1,0
impression,0,0,0,0,0,1,0,0,0
relationship,0,0,0,0,0,1,0,0,0
unclear,1,0,0,0,0,0,0,0,0
herald,0,0,0,0,0,0,0,1,0
beginning,0,0,0,0,0,1,0,0,0
flood,0,0,0,0,0,0,0,3,0
coastline,0,0,0,0,0,3,0,0,0
earth,0,0,0,0,0,3,0,0,0
somewhat,0,0,3,0,0,0,0,0,0
recently,0,0,1,0,0,0,0,0,0
considerable,1,0,0,0,0,0,0,0,0
uncertainty,0,0,0,0,0,1,0,0,0
set,0,0,0,0,0,0,0,2,0
phase,0,0,0,0,0,4,0,0,0
scarce,1,0,0,0,0,0,0,0,0
precede,0,0,0,0,0,0,0,2,0
explanation,0,0,0,0,0,2,0,0,0
factor,0,0,0,0,0,2,0,0,0
ability,0,0,0,0,0,1,0,0,0
hard,4,0,0,0,0,0,0,0,0
exoskeleton,0,0,0,0,0,2,0,0,0
shell,0,0,0,0,0,5,0,0,0
easily,0,0,2,0,0,0,0,0,0
preserve,0,0,0,0,0,0,0,3,0
actual,1,0,0,0,0,0,0,0,0
number,0,0,0,0,0,4,0,0,0
certainly,0,0,2,0,0,0,0,0,0
phyla,0,0,0,0,0,1,0,0,0
kingdom,0,0,0,0,0,1,0,0,0
arthropod,0,0,0,0,0,3,0,0,0
crab,0,0,0,0,0,1,0,0,0
spider,0,0,0,0,0,2,0,0,0
insect,0,0,0,0,0,9,0,0,0
mollusk,0,0,0,0,0,2,0,0,0
snail,0,0,0,0,0,2,0,0,0
clam,0,0,0,0,0,1,0,0,0
squid,0,0,0,0,0,1,0,0,0
poriferan,0,0,0,0,0,1,0,0,0
sponge,0,0,0,0,0,2,0,0,0
echinoderm,0,0,0,0,0,2,0,0,0
starfish,0,0,0,0,0,2,0,0,0
urchin,0,0,0,0,0,1,0,0,0
sediment,0,0,0,0,0,6,0,0,0
fish,0,0,0,0,0,8,0,0,0
jaw,0,0,0,0,0,2,0,0,0
limited,1,0,0,0,0,0,0,0,0
dweller,0,0,0,0,0,1,0,0,0
relate,0,0,0,0,0,0,0,2,0
look,0,0,0,0,0,0,0,5,0
unfamiliar,1,0,0,0,0,0,0,0,0
bizarre,1,0,0,0,0,0,0,0,0
common,10,0,0,0,0,0,0,0,0
trilobite,0,0,0,0,0,4,0,0,0
thousand,0,0,0,0,0,2,2,0,0
segmented,1,0,0,0,0,0,0,0,0
rib,0,0,0,0,0,1,0,0,0
cage,0,0,0,0,0,1,0,0,0
vary,0,0,0,0,0,0,0,1,0
coin,0,0,0,0,0,1,0,0,0
inch,0,0,0,0,0,2,0,0,0
centimeter,0,0,0,0,0,3,0,0,0
feed,0,0,0,0,0,0,0,1,0
eat,0,0,0,0,0,0,0,3,0
prey,0,0,0,0,0,1,0,0,0
nearly,0,0,2,0,0,0,0,0,0
entire,2,0,0,0,0,0,0,0,0
sketch,0,0,0,0,0,1,0,0,0
show,0,0,0,0,0,0,0,4,0
canadensis,0,0,0,0,0,0,0,0,1
member,0,0,0,0,0,1,0,0,0
genus,0,0,0,0,0,5,0,0,0
predator,0,0,0,0,0,5,0,0,0
fear,0,0,0,0,0,0,0,1,0
strange,1,0,0,0,0,0,0,0,0
shrimp,0,0,0,0,0,1,0,0,0
evidently,0,0,1,0,0,0,0,0,0
curved,1,0,0,0,0,0,0,0,0
spiny,1,0,0,0,0,0,0,0,0
appendage,0,0,0,0,0,1,0,0,0
protrude,0,0,0,0,0,0,0,2,0
mouthlike,1,0,0,0,0,0,0,0,0
underside,0,0,0,0,0,1,0,0,0
eye,0,0,0,0,0,1,0,0,0
foot,0,0,0,0,0,9,0,0,0
length,0,0,0,0,0,3,0,0,0
fossilized,3,0,0,0,0,0,0,0,0
apparent,2,0,0,0,0,0,0,0,0
bite,0,0,0,0,0,1,0,0,0
possibly,0,0,4,0,0,0,0,0,0
ordovician,6,0,0,0,0,0,0,0,0
silurian,4,0,0,0,0,0,0,0,0
devonian,4,0,0,0,0,0,0,0,0
carboniferous,6,0,0,0,0,0,0,0,0
distinguishable,1,0,0,0,0,0,0,0,0
significant,2,0,0,0,0,0,0,0,0
record,0,0,0,0,0,2,0,0,0
correspond,0,0,0,0,0,0,0,1,0
environmental,4,0,0,0,0,0,0,0,0
scattered,1,0,0,0,0,0,0,0,0
increasingly,0,0,1,0,0,0,0,0,0
compacted,1,0,0,0,0,0,0,0,0
edge,0,0,0,0,0,1,0,0,0
approach,0,0,0,0,0,1,0,2,0
trace,0,0,0,0,0,1,0,0,0
prehistoric,1,0,0,0,0,0,0,0,0
lie,0,0,0,0,0,0,0,2,0
underwater,0,0,1,0,0,0,0,0,0
usually,0,0,2,0,0,0,0,0,0
bone,0,0,0,0,0,2,0,0,0
shape,0,0,0,0,0,1,0,0,0
kind,0,0,0,0,0,3,0,0,0
harden,0,0,0,0,0,0,0,4,0
footprint,0,0,0,0,0,1,0,0,0
get,0,0,0,0,0,0,0,2,0
resin,0,0,0,0,0,2,0,0,0
sticky,1,0,0,0,0,0,0,0,0
substance,0,0,0,0,0,1,0,0,0
pine,0,0,0,0,0,1,0,0,0
fir,0,0,0,0,0,1,0,0,0
tree,0,0,0,0,0,4,0,0,0
rocklike,1,0,0,0,0,0,0,0,0
amber,0,0,0,0,0,1,0,0,0
extinct,7,0,0,0,0,0,0,0,0
trustee,0,0,0,0,0,3,0,0,0
photograph,0,0,0,0,0,3,0,0,0
fossilize,0,0,0,0,0,0,0,1,0
spherical,1,0,0,0,0,0,0,0,0
stalked,1,0,0,0,0,0,0,0,0
lily,0,0,0,0,0,1,0,0,0
courtesy,0,0,0,0,0,2,0,0,0
spread,0,0,0,0,0,0,0,4,0
concentrate,0,0,0,0,0,0,0,1,0
high,7,0,0,0,0,0,0,0,0
diverse,1,0,0,0,0,0,0,0,0
primitive,4,0,0,0,0,0,0,0,0
colonize,0,0,0,0,0,0,0,1,0
catenularia,0,0,0,0,0,1,0,0,0
coral,1,0,0,0,0,3,0,0,0
reef,0,0,0,0,0,6,0,0,0
jawless,1,0,0,0,0,0,0,0,0
plentiful,2,0,0,0,0,0,0,0,0
vascular,1,0,0,0,0,0,0,0,0
transport,0,0,0,0,0,0,0,1,0
nutrient,0,0,0,0,0,1,0,0,0
stem,0,0,0,0,0,1,0,0,0
worm,0,0,0,0,0,1,0,0,0
centipede,0,0,0,0,0,1,0,0,0
add,0,0,0,0,0,0,0,1,0
biological,2,0,0,0,0,0,0,0,0
community,0,0,0,0,0,3,0,0,0
stromatoporoid,0,0,0,0,0,1,0,0,0
skeleton,0,0,0,0,0,3,0,0,0
southern,5,0,0,0,0,0,0,0,0
shark,0,0,0,0,0,1,0,0,0
tetrapod,0,0,0,0,0,1,0,0,0
legged,1,0,0,0,0,0,0,0,0
descend,0,0,0,0,0,0,0,4,0
one,0,0,0,0,0,1,0,0,0
amphibian,1,0,0,0,0,2,0,0,0
modern,6,0,0,0,0,0,0,0,0
reptile,0,0,0,0,0,13,0,0,0
bird,0,0,0,0,0,8,0,0,0
mammal,0,0,0,0,0,15,0,0,0
reconstruct,0,0,0,0,0,0,0,1,0
head,0,0,0,0,0,1,0,0,0
species,0,0,0,0,0,2,0,0,0
jawed,2,0,0,0,0,0,0,0,0
armored,3,0,0,0,0,0,0,0,0
dominant,1,0,0,0,0,0,0,0,0
meter,0,0,0,0,0,8,0,0,0
forest,0,0,0,0,0,11,0,0,0
swamp,0,0,0,0,0,3,0,0,0
liberate,0,0,0,0,0,0,0,1,0
fire,0,0,0,0,0,2,0,0,0
burn,0,0,0,0,0,0,0,1,0
particular,1,0,0,0,0,0,0,0,0
permian,6,0,0,0,0,0,0,0,0
massive,2,0,0,0,0,0,0,0,0
favor,0,0,0,0,0,0,0,1,0
interesting,1,0,0,0,0,0,0,0,0
lung,0,0,0,0,0,1,0,0,0
severely,0,0,1,0,0,0,0,0,0
maximum,1,0,0,0,0,0,0,0,0
height,0,0,0,0,0,2,0,0,0
width,0,0,0,0,0,1,0,0,0
double,0,0,0,0,0,0,0,1,0
mass,1,0,0,0,0,2,0,0,0
underpowered,1,0,0,0,0,0,0,0,0
function,0,0,0,0,0,0,0,1,0
dragonfly,0,0,0,0,0,1,0,0,0
wingspan,0,0,0,0,0,1,0,0,0
diorama,0,0,0,0,0,1,0,0,0
neg,0,0,0,0,0,1,0,0,0
tall,3,0,0,0,0,0,0,0,0
treelike,2,0,0,0,0,0,0,0,0
giant,3,0,0,0,0,1,0,0,0
horsetail,0,0,0,0,0,1,0,0,0
fern,0,0,0,0,0,4,0,0,0
mat,0,0,0,0,0,1,0,0,0
log,0,0,0,0,0,2,0,0,0
rot,0,0,0,0,0,0,0,1,0
appropriate,1,0,0,0,0,0,0,0,0
microbe,0,0,0,0,0,1,0,0,0
consume,0,0,0,0,0,0,0,1,0
coal,0,0,0,0,0,2,0,0,0
extract,0,0,0,0,0,0,0,1,0
fuel,0,0,0,0,0,1,0,0,0
eastern,1,0,0,0,0,0,0,0,0
cap,0,0,0,0,0,3,0,0,0
difference,0,0,0,0,0,4,0,0,0
pole,0,0,0,0,0,2,0,0,0
trade,0,0,0,0,0,1,0,0,0
bring,0,0,0,0,0,0,0,3,0
moisture,0,0,0,0,0,1,0,0,0
inland,0,0,2,0,0,0,0,0,0
enable,0,0,0,0,0,0,0,1,0
reassemble,0,0,0,0,0,0,0,1,0
desert,0,0,0,0,0,1,0,0,0
diminish,0,0,0,0,0,0,0,2,0
disappear,0,0,0,0,0,0,0,2,0
replace,0,0,0,0,0,0,0,3,0
conifer,0,0,0,0,0,3,0,0,0
broad,1,0,0,0,0,0,0,0,0
leaved,1,0,0,0,0,0,0,0,0
deciduous,1,0,0,0,0,0,0,0,0
south,0,0,1,0,0,3,0,0,0
curious,1,0,0,0,0,0,0,0,0
sail,0,0,0,0,0,2,0,0,0
membrane,0,0,0,0,0,2,0,0,0
gorgonopsid,0,0,0,0,0,2,0,0,0
therapsid,0,0,0,0,0,4,0,0,0
restore,0,0,0,0,0,0,0,1,0
spine,0,0,0,0,0,1,0,0,0
connect,0,0,0,0,0,0,0,1,0
carnivorous,3,0,0,0,0,0,0,0,0
general,1,0,0,0,0,0,0,0,0
define,0,0,0,0,0,0,0,2,0
sharp,1,0,0,0,0,0,0,0,0
strata,0,0,0,0,0,2,0,0,0
predominate,0,0,0,0,0,0,0,1,0
word,0,0,0,0,0,2,0,0,0
tend,0,0,0,0,0,0,0,1,0
separate,0,0,0,0,0,0,0,6,0
triassic,6,0,0,0,0,0,0,0,0
roughly,0,0,4,0,0,0,0,0,0
base,0,0,0,0,0,0,0,1,0
experience,0,0,0,0,0,0,0,1,0
decrease,0,0,0,0,0,0,0,1,0
population,0,0,0,0,0,1,0,0,0
dying,0,0,0,0,0,1,0,0,0
actually,0,0,3,0,0,0,0,0,0
series,0,0,0,0,0,2,0,0,0
final,2,0,0,0,0,0,0,0,0
certainty,0,0,0,0,0,1,0,0,0
combination,0,0,0,0,0,2,0,0,0
tremendous,2,0,0,0,0,0,0,0,0
cubic,2,0,0,0,0,0,0,0,0
mile,0,0,0,0,0,6,0,0,0
kilometer,0,0,0,0,0,5,0,0,0
lava,0,0,0,0,0,1,0,0,0
basalt,0,0,0,0,0,2,0,0,0
evenly,0,0,1,0,0,0,0,0,0
acid,0,0,0,0,0,2,0,0,0
disrupt,0,0,0,0,0,0,0,1,0
ecosystem,0,0,0,0,0,2,0,0,0
abundance,0,0,0,0,0,1,0,0,0
intense,2,0,0,0,0,0,0,0,0
assembly,0,0,0,0,0,1,0,0,0
shallow,5,0,0,0,0,0,0,0,0
possibility,0,0,0,0,0,1,0,0,0
trigger,0,0,0,0,0,0,0,3,0
catastrophe,0,0,0,0,0,2,0,0,0
antarctic,2,0,0,0,0,0,0,0,0
interrelate,0,0,0,0,0,0,0,1,0
consensus,0,0,0,0,0,1,0,0,0
threaten,0,0,0,0,0,0,0,3,0
future,0,0,0,0,0,4,0,0,0
familiar,2,0,0,0,0,0,0,0,0
degree,0,0,0,0,0,3,0,0,0
nonetheless,0,0,1,0,0,0,0,0,0
pave,0,0,0,0,0,0,0,1,0
way,0,0,0,0,0,4,0,0,0
cretaceous,11,0,0,0,0,0,0,0,0
dominate,0,0,0,0,0,0,0,4,0
carefully,0,0,1,0,0,0,0,0,0
dig,0,0,0,0,0,0,0,1,0
face,0,0,0,0,0,1,0,1,0
quarry,0,0,0,0,0,1,0,0,0
wall,0,0,0,0,0,1,0,0,0
recovery,0,0,0,0,0,1,0,0,0
populate,0,0,0,0,0,0,0,2,0
individual,0,0,0,0,0,1,0,0,0
straddle,0,0,0,0,0,0,0,1,0
harsh,1,0,0,0,0,0,0,0,0
season,0,0,0,0,0,1,0,0,0
summer,0,0,0,0,0,1,0,0,0
winter,0,0,0,0,0,1,0,0,0
seasonal,1,0,0,0,0,0,0,0,0
rainfall,0,0,0,0,0,1,0,0,0
northern,5,0,0,0,0,0,0,0,0
sort,0,0,0,0,0,1,0,0,0
seed,0,0,0,0,0,1,0,0,0
glossopteri,0,0,0,0,0,1,0,0,0
north,0,0,1,0,0,3,0,0,0
cycad,0,0,0,0,0,2,0,0,0
cross,0,0,0,0,0,1,0,0,0
palm,0,0,0,0,0,1,0,0,0
ginkgo,0,0,0,0,0,2,0,0,0
evergreen,1,0,0,0,0,0,0,0,0
archosaur,0,0,0,0,0,2,0,0,0
predominant,1,0,0,0,0,0,0,0,0
aquatic,2,0,0,0,0,0,0,0,0
ichthyosaur,0,0,0,0,0,1,0,0,0
have,0,0,0,0,0,0,0,2,0
shrewlike,1,0,0,0,0,0,0,0,0
rift,0,0,0,0,0,1,0,0,0
split,0,0,0,0,0,0,0,1,0
enormous,2,0,0,0,0,0,0,0,0
sauropod,0,0,0,0,0,1,0,0,0
weigh,0,0,0,0,0,0,0,2,0
ton,0,0,0,0,0,2,0,0,0
herbivore,0,0,0,0,0,2,0,0,0
pursue,0,0,0,0,0,0,0,1,0
theropod,0,0,0,0,0,3,0,0,0
self,0,0,0,0,0,1,0,0,0
defense,0,0,0,0,0,1,0,0,0
bony,1,0,0,0,0,0,0,0,0
spike,0,0,0,0,0,2,0,0,0
featherless,1,0,0,0,0,0,0,0,0
fly,0,0,0,0,0,0,0,3,0
glide,0,0,0,0,0,0,0,1,0
pterosaur,0,0,0,0,0,1,0,0,0
carnivore,0,0,0,0,0,1,0,0,0
feather,0,0,0,0,0,1,0,0,0
plated,1,0,0,0,0,0,0,0,0
jurassic,1,0,0,0,0,0,0,0,0
chalk,0,0,0,0,0,6,0,0,0
widen,0,0,0,0,0,0,0,1,0
equatorial,1,0,0,0,0,0,0,0,0
narrow,0,0,0,0,0,0,0,1,0
move,0,0,0,0,0,0,0,3,0
distribute,0,0,0,0,0,0,0,1,0
thick,3,0,0,0,0,0,0,0,0
countless,1,0,0,0,0,0,0,0,0
devoid,1,0,0,0,0,0,0,0,0
poor,1,0,0,0,0,0,0,0,0
circulation,0,0,0,0,0,1,0,0,0
deprive,0,0,0,0,0,0,0,1,0
rudist,0,0,0,0,0,2,0,0,0
plesiosaur,0,0,0,0,0,1,0,0,0
swim,0,0,0,0,0,0,0,1,0
decline,0,0,0,0,0,0,0,1,0
fearsome,1,0,0,0,0,0,0,0,0
rex,0,0,0,0,0,1,0,0,0
eater,0,0,0,0,0,2,0,0,0
defensive,1,0,0,0,0,0,0,0,0
natural,1,0,0,0,0,0,0,0,0
fine,1,0,0,0,0,0,0,0,0
grained,1,0,0,0,0,0,0,0,0
compose,0,0,0,0,0,0,0,1,0
primarily,0,0,1,0,0,0,0,0,0
carbonate,0,0,0,0,0,1,0,0,0
foraminiferan,0,0,0,0,0,2,0,0,0
floor,0,0,0,0,0,1,0,0,0
mix,0,0,0,0,0,0,0,1,0
lime,0,0,0,0,0,1,0,0,0
big,1,0,0,0,0,0,0,0,0
famous,1,0,0,0,0,0,0,0,0
cliff,0,0,0,0,0,1,0,0,0
thrust,0,0,0,0,0,0,0,2,0
upward,0,0,1,0,0,0,0,0,0
geological,1,0,0,0,0,0,0,0,0
powerful,2,0,0,0,0,0,0,0,0
angiosperm,0,0,0,0,0,1,0,0,0
flower,0,0,0,0,0,1,0,1,0
shade,0,0,0,0,0,1,0,1,0
hue,0,0,0,0,0,1,0,0,0
attractive,1,0,0,0,0,0,0,0,0
lure,0,0,0,0,0,0,0,1,0
pollen,0,0,0,0,0,1,0,0,0
diversify,0,0,0,0,0,0,0,2,0
crocodile,0,0,0,0,0,1,0,0,0
turtle,0,0,0,0,0,1,0,0,0
placental,0,0,0,0,0,1,0,0,0
marsupial,0,0,0,0,0,1,0,0,0
monotreme,0,0,0,0,0,1,0,0,0
burrow,0,0,0,0,0,0,0,1,0
ground,0,0,0,0,0,2,0,0,0
descendant,0,0,0,0,0,4,0,0,0
severe,3,0,0,0,0,0,0,0,0
worst,0,0,1,0,0,0,0,0,0
destroy,0,0,0,0,0,0,0,1,0
outpouring,0,0,0,0,0,1,0,0,0
smoking,0,0,0,0,0,1,0,0,0
gun,0,0,0,0,0,1,0,0,0
support,0,0,0,0,0,0,0,1,0
extraterrestrial,1,0,0,0,0,0,0,0,0
discover,0,0,0,0,0,0,0,1,0
excess,1,0,0,0,0,0,0,0,0
iridium,0,0,0,0,0,2,0,0,0
boundary,0,0,0,0,0,2,0,0,0
tertiary,2,0,0,0,0,0,0,0,0
father,0,0,0,0,0,1,0,0,0
propose,0,0,0,0,0,0,0,1,0
say,0,0,0,0,0,0,0,1,0
explain,0,0,0,0,0,0,0,1,0
devastation,0,0,0,0,0,1,0,0,0
survey,0,0,0,0,0,1,0,0,0
magnetic,2,0,0,0,0,0,0,0,0
field,0,0,0,0,0,2,0,0,0
circular,1,0,0,0,0,0,0,0,0
drill,0,0,0,0,0,0,0,1,0
oil,0,0,0,0,0,1,0,0,0
company,0,0,0,0,0,1,0,0,0
reveal,0,0,0,0,0,0,0,1,0
unusual,1,0,0,0,0,0,0,0,0
glassy,1,0,0,0,0,0,0,0,0
addition,0,0,0,0,0,1,0,0,0
breccia,0,0,0,0,0,2,0,0,0
tektite,0,0,0,0,0,2,0,0,0
numerous,1,0,0,0,0,0,0,0,0
site,0,0,0,0,0,3,0,0,0
mixture,0,0,0,0,0,1,0,0,0
fuse,0,0,0,0,0,0,0,1,0
heating,0,0,0,0,0,2,0,0,0
eject,0,0,0,0,0,0,0,2,0
resolidifie,0,0,0,0,0,0,0,1,0
sample,0,0,0,0,0,1,0,0,0
determine,0,0,0,0,0,0,0,2,0
suppose,0,0,0,0,0,0,0,1,0
generate,0,0,0,0,0,0,0,1,0
computer,0,0,0,0,0,1,0,0,0
datum,0,0,0,0,0,1,0,0,0
scar,0,0,0,0,0,1,0,0,0
bisect,0,0,0,0,0,0,0,1,0
estimate,0,0,0,0,0,0,0,1,0
megaton,0,0,0,0,0,1,0,0,0
equivalent,0,0,0,0,0,1,0,0,0
bomb,0,0,0,0,0,1,0,0,0
detonate,0,0,0,0,0,0,0,1,0
tsunami,0,0,0,0,0,1,0,0,0
earthquake,0,0,0,0,0,2,0,0,0
immediate,1,0,0,0,0,0,0,0,0
hour,0,0,0,0,0,1,0,0,0
reentere,0,0,0,0,0,0,0,1,0
globe,0,0,0,0,0,1,0,0,0
term,0,0,0,0,0,3,0,0,0
complete,1,0,0,0,0,0,0,0,0
cutoff,0,0,0,0,0,1,0,0,0
month,0,0,0,0,0,1,0,0,0
poison,0,0,0,0,0,0,0,1,0
vaporization,0,0,0,0,0,1,0,0,0
afterward,0,0,1,0,0,0,0,0,0
spite,0,0,0,0,0,1,0,0,0
main,1,0,0,0,0,0,0,0,0
threat,0,0,0,0,0,1,0,0,0
traditionally,0,0,1,0,0,0,0,0,0
unequal,1,0,0,0,0,0,0,0,0
epoch,0,0,0,0,0,2,0,0,0
prominent,1,0,0,0,0,0,0,0,0
tectonic,0,0,0,0,0,3,0,0,0
position,0,0,0,0,0,3,0,0,0
ram,0,0,0,0,0,0,0,1,0
contact,0,0,0,0,0,1,0,0,0
global,3,0,0,0,0,0,0,0,0
peak,0,0,0,0,0,0,0,2,0
compare,0,0,0,0,0,0,0,1,0
extend,0,0,0,0,0,0,0,2,0
gradual,2,0,0,0,0,0,0,0,0
cooling,0,0,0,0,0,1,0,0,0
enter,0,0,0,0,0,0,0,2,0
interrupt,0,0,0,0,0,0,0,1,0
mild,1,0,0,0,0,0,0,0,0
interval,0,0,0,0,0,1,0,0,0
interglacial,1,0,0,0,0,3,0,0,0
sheet,0,0,0,0,0,4,0,0,0
latitude,0,0,0,0,0,1,0,0,0
strongly,0,0,1,0,0,0,0,0,0
affect,0,0,0,0,0,0,0,1,0
perspective,0,0,0,0,0,1,0,0,0
considerably,0,0,1,0,0,0,0,0,0
fill,0,0,0,0,0,0,0,2,0
ecological,1,0,0,0,0,0,0,0,0
niche,0,0,0,0,0,1,0,0,0
indricotherium,0,0,0,0,0,1,0,0,0
stand,0,0,0,0,0,0,0,1,0
shoulder,0,0,0,0,0,1,0,0,0
rhinoceros,0,0,0,0,0,2,0,0,0
giraffe,0,0,0,0,0,1,0,0,0
adapt,0,0,0,0,0,0,0,1,0
whale,0,0,0,0,0,1,0,0,0
dolphin,0,0,0,0,0,1,0,0,0
bat,0,0,0,0,0,1,0,0,0
reshape,0,0,0,0,0,0,0,1,0
sure,1,0,0,0,0,0,0,0,0
variation,0,0,0,0,0,3,0,0,0
receive,0,0,0,0,0,0,0,1,0
fit,0,0,0,0,0,0,0,1,0
astronomy,0,0,0,0,0,1,0,0,0
guess,0,0,0,0,0,0,0,1,0
blanket,0,0,0,0,0,1,0,0,0
cut,0,0,0,0,0,0,0,1,0
mark,0,0,0,0,0,1,0,0,0
creep,0,0,0,0,0,0,0,1,0
gravel,0,0,0,0,0,1,0,0,0
clay,0,0,0,0,0,1,0,0,0
boulder,0,0,0,0,0,1,0,0,0
ridge,0,0,0,0,0,1,0,0,0
pile,0,0,0,0,0,1,0,0,0
lake,0,0,0,0,0,1,0,0,0
finally,0,0,1,0,0,0,0,0,0
weight,0,0,0,0,0,1,0,0,0
valley,0,0,0,0,0,2,0,0,0
bay,0,0,0,0,0,1,0,0,0
inlet,0,0,0,0,0,1,0,0,0
drown,0,0,0,0,0,0,0,1,0
fjord,0,0,0,0,0,1,0,0,0
gouge,0,0,0,0,0,0,0,1,0
polar,1,0,0,0,0,0,0,0,0
map,0,0,0,0,0,1,0,0,0
outward,0,0,1,0,0,0,0,0,0
retreat,0,0,0,0,0,0,0,1,0
hornless,1,0,0,0,0,0,0,0,0
relative,0,0,0,0,0,1,0,0,0
flightless,1,0,0,0,0,0,0,0,0
predatory,1,0,0,0,0,0,0,0,0
sense,0,0,0,0,0,1,0,0,0
totally,0,0,1,0,0,0,0,0,0
alive,1,0,0,0,0,0,0,0,0
flowering,1,0,0,0,0,0,0,0,0
grass,0,0,0,0,0,1,0,0,0
primate,0,0,0,0,0,1,0,0,0
monkey,0,0,0,0,0,1,0,0,0
ape,0,0,0,0,0,1,0,0,0
human,2,0,0,0,0,5,0,0,0
civilization,0,0,0,0,0,2,0,0,0
farming,0,0,0,0,0,1,0,0,0
city,0,0,0,0,0,1,0,0,0
recede,0,0,0,0,0,0,0,2,0
consider,0,0,0,0,0,0,0,1,0
past,0,0,0,0,0,2,0,0,0
speculate,0,0,0,0,0,0,0,1,0
informed,1,0,0,0,0,0,0,0,0
involve,0,0,0,0,0,0,0,1,0
explore,0,0,0,0,0,0,0,1,0
basic,2,0,0,0,0,0,0,0,0
scenario,0,0,0,0,0,2,0,0,0
influence,0,0,0,0,0,0,0,1,0
course,0,0,0,0,0,2,0,0,0
reassembly,0,0,0,0,0,1,0,0,0
breakup,0,0,0,0,0,1,0,0,0
power,0,0,0,0,0,0,0,1,0
convection,0,0,0,0,0,1,0,0,0
mantle,0,0,0,0,0,1,0,0,0
volcano,0,0,0,0,0,1,0,0,0
cease,0,0,0,0,0,0,0,2,0
intelligent,2,0,0,0,0,0,0,0,0
intervention,0,0,0,0,0,1,0,0,0
plus,0,0,0,1,0,0,0,0,0
brighten,0,0,0,0,0,0,0,2,0
alter,0,0,0,0,0,0,0,1,0
clue,0,0,0,0,0,1,0,0,0
rainforest,0,0,0,0,0,1,0,0,0
predict,0,0,0,0,0,0,0,1,0
weathering,0,0,0,0,0,1,0,0,0
atmospheric,1,0,0,0,0,0,0,0,0
succumb,0,0,0,0,0,0,0,1,0
evaporate,0,0,0,0,0,0,0,2,0
tolerable,1,0,0,0,0,0,0,0,0
hardy,1,0,0,0,0,0,0,0,0
approximately,0,0,1,0,0,0,0,0,0
reverse,1,0,0,0,0,0,0,0,0
order,0,0,0,0,0,1,0,0,0
vapor,0,0,0,0,0,1,0,0,0
lose,0,0,0,0,0,0,0,2,0
ultraviolet,0,0,0,0,0,1,0,0,0
atom,0,0,0,0,0,1,0,0,0
escape,0,0,0,0,0,0,0,1,0
swell,0,0,0,0,0,0,0,2,0
ball,0,0,0,0,0,1,0,0,0
interestingly,0,0,1,0,0,0,0,0,0
moon,0,0,0,0,0,2,0,0,0
offer,0,0,0,0,0,0,0,1,0
chance,0,0,0,0,0,1,0,0,0
barren,1,0,0,0,0,0,0,0,0
shrink,0,0,0,0,0,0,0,1,0
faint,1,0,0,0,0,0,0,0,0
dwarf,0,0,0,0,0,1,0,0,0
aforementioned,1,0,0,0,0,0,0,0,0
pass,0,0,0,0,0,0,0,2,0
quarter,0,0,0,0,0,1,0,0,0
uncertain,1,0,0,0,0,0,0,0,0
vital,1,0,0,0,0,0,0,0,0
buried,1,0,0,0,0,0,0,0,0
unprecedented,1,0,0,0,0,0,0,0,0
rival,0,0,0,0,0,0,0,1,0
adjacent,1,0,0,0,0,0,0,0,0
discuss,0,0,0,0,0,0,0,1,0
adjust,0,0,0,0,0,0,0,1,0
distant,1,0,0,0,0,0,0,0,0
feasible,1,0,0,0,0,0,0,0,0
redirect,0,0,0,0,0,0,0,1,0
swing,0,0,0,0,0,0,0,1,0
gentle,1,0,0,0,0,0,0,0,0
tug,0,0,0,0,0,1,0,0,0
orbital,1,0,0,0,0,0,0,0,0
radius,0,0,0,0,0,1,0,0,0
option,0,0,0,0,0,1,0,0,0
execute,0,0,0,0,0,0,0,1,0
plan,0,0,0,0,0,1,0,0,0
