word,ADJ,ADP,ADV,CCONJ,DET,NOUN,NUM,SCONJ,VERB,X
telephone,0,0,0,0,0,284,0,0,0,0
prove,0,0,0,0,0,0,0,0,5,0
fast,5,0,0,0,0,0,0,0,0,0
personal,17,0,0,0,0,0,0,0,0,0
way,0,0,0,0,0,42,0,0,0,0
people,0,0,0,0,0,5,0,0,0,0
connect,0,0,0,0,0,0,0,0,41,0
separate,9,0,0,0,0,0,0,0,11,0
distance,0,0,0,0,0,50,0,0,0,0
information,0,0,0,0,0,75,0,0,0,0
take,0,0,0,0,0,0,0,0,18,0
week,0,0,0,0,0,2,0,0,0,0
convey,0,0,0,0,0,0,0,0,6,0
second,16,0,1,0,0,52,0,0,0,1
advance,0,0,0,0,0,6,0,0,1,0
technology,0,0,0,0,0,40,0,0,0,0
open,1,0,0,0,0,0,0,0,6,0
avenue,0,0,0,0,0,1,0,0,0,0
electronic,19,0,0,0,0,2,0,0,0,0
communication,0,0,0,0,0,76,0,0,0,0
breakthrough,0,0,0,0,0,3,0,0,0,0
explain,0,0,0,0,0,0,0,0,2,0
detail,0,0,0,0,0,1,0,0,0,0
composition,0,0,0,0,0,1,0,0,0,0
intricate,1,0,0,0,0,0,0,0,0,0
operation,0,0,0,0,0,11,0,0,0,0
instrument,0,0,0,0,0,47,0,0,0,0
illustrate,0,0,0,0,0,0,0,0,5,0
phone,0,0,0,0,0,55,0,0,0,0
change,0,0,0,0,0,4,0,0,12,0
time,0,0,0,0,0,75,0,0,1,0
text,0,0,0,0,0,18,0,0,0,0
reader,0,0,0,0,0,1,0,0,0,0
history,0,0,0,0,0,4,0,0,0,0
point,0,0,0,0,0,25,0,0,1,0
possible,29,0,0,0,0,0,0,0,0,0
future,1,0,0,0,0,0,0,0,0,0
application,0,0,0,0,0,15,0,0,0,0
comprehensive,1,0,0,0,0,0,0,0,0,0
study,0,0,0,0,0,5,0,0,2,0
begin,0,0,0,0,0,0,0,0,35,0
understanding,0,0,0,0,0,2,0,0,0,0
work,0,0,0,0,0,11,0,0,20,0
device,0,0,0,0,0,42,0,0,0,0
direct,10,0,0,0,0,0,0,0,1,0
current,8,0,0,0,0,40,0,0,0,0
power,0,0,0,0,0,19,0,0,5,0
source,0,0,0,0,0,28,0,0,0,0
supply,0,0,0,0,0,0,0,0,4,0
local,38,0,0,0,0,0,0,0,0,0
company,0,0,0,0,0,25,0,0,0,0
switch,0,0,0,0,0,54,0,0,29,0
office,0,0,0,0,0,52,0,0,0,0
circuit,0,0,0,0,0,101,0,0,1,0
call,0,0,0,0,0,19,0,0,54,0
loop,0,0,0,0,0,24,0,0,1,0
cordless,8,0,0,0,0,0,0,0,0,0
exception,0,0,0,0,0,1,0,0,0,0
draw,0,0,0,0,0,0,0,0,3,0
internal,3,0,0,0,0,0,0,0,0,0
battery,0,0,0,0,0,8,0,0,0,0
hook,0,0,0,0,0,14,0,0,0,0
disconnect,0,0,0,0,0,0,0,0,3,0
dialer,0,0,0,0,0,5,0,0,0,0
transmit,0,0,0,0,0,0,0,0,133,0
pulse,0,0,0,0,0,20,0,0,0,0
dual,6,0,0,0,0,0,0,0,0,0
tone,0,0,0,0,0,29,0,0,0,0
signal,0,0,0,0,0,256,0,0,13,0
indicate,0,0,0,0,0,0,0,0,10,0
number,0,0,0,0,0,85,0,0,0,0
ringer,0,0,0,0,0,17,0,0,0,0
ready,3,0,0,0,0,0,0,0,0,0
announce,0,0,0,0,0,0,0,0,4,0
incoming,5,0,0,0,0,0,0,0,0,0
transmitter,0,0,0,0,0,55,0,0,0,0
convert,0,0,0,0,0,0,0,0,19,0
sound,0,0,0,0,0,45,0,0,2,0
vibration,0,0,0,0,0,9,0,0,0,0
electric,29,0,0,0,0,0,0,0,0,0
receive,0,0,0,0,0,0,0,0,33,0
end,0,0,0,0,0,22,0,0,0,0
line,0,0,0,0,0,84,0,0,0,0
receiver,0,0,0,0,0,53,0,0,0,0
opposite,3,0,0,0,0,0,0,0,0,0
translate,0,0,0,0,0,0,0,0,8,0
audible,5,0,0,0,0,0,0,0,0,0
mimic,0,0,0,0,0,0,0,0,1,0
speech,0,0,0,0,0,34,0,0,0,0
anti,5,0,0,0,0,0,0,0,0,0
sidetone,4,0,0,0,0,2,0,0,0,0
prevent,0,0,0,0,0,0,0,0,9,0
user,0,0,0,0,0,75,0,0,0,0
voice,0,0,0,0,0,92,0,0,0,0
go,0,0,0,0,0,0,0,0,9,0
experimental,3,0,0,0,0,0,0,0,0,0
iteration,0,0,0,0,0,1,0,0,0,0
operate,0,0,0,0,0,0,0,0,32,0
come,0,0,0,0,0,0,0,0,13,0
fruition,0,0,0,0,0,1,0,0,0,0
century,0,0,0,0,0,10,0,0,0,0
inventor,0,0,0,0,0,11,0,0,0,0
search,0,0,0,0,0,0,0,0,2,0
long,49,0,3,0,0,0,0,0,0,0
create,0,0,0,0,0,0,0,0,11,0
conceive,0,0,0,0,0,0,0,0,4,0
similar,16,0,0,0,0,0,0,0,0,0
electrical,15,0,0,0,0,0,0,0,0,0
metal,0,0,0,0,0,16,0,0,0,0
diaphragm,0,0,0,0,0,12,0,0,0,0
reproduce,0,0,0,0,0,0,0,0,9,0
build,0,0,0,0,0,0,0,0,7,0
model,0,0,0,0,0,4,0,0,0,0
day,0,0,0,0,0,9,0,0,0,0
patent,0,0,0,0,0,22,0,0,2,0
win,0,0,0,0,0,0,0,0,2,0
caveat,0,0,0,0,0,5,0,0,0,0
sort,0,0,0,0,0,1,0,0,0,0
prelude,0,0,0,0,0,1,0,0,0,0
official,1,0,0,0,0,1,0,0,0,0
duplicate,0,0,0,0,0,0,0,0,1,0
human,9,0,0,0,0,0,0,0,0,0
hurdle,0,0,0,0,0,1,0,0,0,0
overcome,0,0,0,0,0,0,0,0,5,0
design,0,0,0,0,0,21,0,0,23,0
successful,7,0,0,0,0,0,0,0,0,0
pair,0,0,0,0,0,20,0,0,1,0
rod,0,0,0,0,0,5,0,0,0,0
acidic,2,0,0,0,0,0,0,0,0,0
solution,0,0,0,0,0,4,0,0,0,0
move,0,0,0,0,0,0,0,0,8,0
relation,0,0,0,0,0,1,0,0,0,0
activate,0,0,0,0,0,0,0,0,11,0
wave,0,0,0,0,0,45,0,0,0,0
cause,0,0,0,0,0,0,0,0,15,0
liquid,2,0,0,0,0,1,0,0,0,0
enable,0,0,0,0,0,0,0,0,12,0
message,0,0,0,0,0,17,0,0,0,0
assistant,0,0,0,0,0,4,0,0,0,0
send,0,0,0,0,0,0,0,0,42,0
decade,0,0,0,0,0,3,0,0,0,0
later,1,0,13,0,0,0,0,0,0,0
invent,0,0,0,0,0,0,0,0,6,0
refined,1,0,0,0,0,0,0,0,0,0
granulated,1,0,0,0,0,0,0,0,0,0
charcoal,0,0,0,0,0,1,0,0,0,0
nearly,0,0,2,0,0,0,0,0,0,0
year,0,0,0,0,0,30,0,0,0,0
individual,8,0,0,0,0,2,0,0,0,0
network,0,0,0,0,0,69,0,0,1,0
main,2,0,0,0,0,0,0,0,0,0
function,0,0,0,0,0,11,0,0,1,0
switching,0,0,0,0,0,36,0,0,0,0
signaling,0,0,0,0,0,19,0,0,0,0
transmitting,0,0,0,0,0,2,0,0,0,0
refer,0,0,0,0,0,0,0,0,11,0
connection,0,0,0,0,0,33,0,0,0,0
directly,0,0,13,0,0,0,0,0,0,0
station,0,0,0,0,0,16,0,0,0,0
handle,0,0,0,0,0,2,0,0,9,0
numerous,5,0,0,0,0,0,0,0,0,0
early,31,0,3,0,0,0,0,0,0,0
use,0,0,0,0,0,40,0,0,27,0
manually,0,0,4,0,0,0,0,0,0,0
operator,0,0,0,0,0,11,0,0,0,0
exchange,0,0,0,0,0,8,0,0,2,0
physically,0,0,2,0,0,0,0,0,0,0
plug,0,0,0,0,0,0,0,0,5,0
ended,1,0,0,0,0,0,0,0,0,0
cord,0,0,0,0,0,2,0,0,0,0
appropriate,5,0,0,0,0,0,0,0,0,0
jack,0,0,0,0,0,5,0,0,0,0
transfer,0,0,0,0,0,5,0,0,4,0
require,0,0,0,0,0,0,0,0,35,0
increase,0,0,0,0,0,1,0,0,21,0
installation,0,0,0,0,0,4,0,0,0,0
lead,0,0,0,0,0,0,0,0,9,0
automated,1,0,0,0,0,0,0,0,0,0
system,0,0,0,0,0,241,0,0,0,0
crossbar,0,0,0,0,0,9,0,0,0,0
instal,0,0,0,0,0,0,0,0,14,0
replace,0,0,0,0,0,0,0,0,15,0
double,1,0,0,0,0,0,0,0,2,0
capability,0,0,0,0,0,11,0,0,0,0
digital,110,0,0,0,0,0,0,0,0,0
multiplexe,0,0,0,0,0,0,0,0,14,0
space,0,0,0,0,0,9,0,0,6,0
division,0,0,0,0,0,34,0,0,0,0
greatly,0,0,2,0,0,0,0,0,0,0
capacity,0,0,0,0,0,26,0,0,0,0
outfit,0,0,0,0,0,0,0,0,1,0
single,41,0,0,0,0,0,0,0,0,0
button,0,0,0,0,0,21,0,0,0,0
alert,0,0,0,0,0,0,0,0,3,0
rotary,12,0,0,0,0,0,0,0,0,0
dialing,0,0,0,0,0,16,0,0,0,0
standard,18,0,0,0,0,46,0,0,0,0
dial,0,0,0,0,0,26,0,0,4,0
place,0,0,0,0,0,16,0,0,16,0
caller,0,0,0,0,0,8,0,0,0,0
turn,0,0,0,0,0,9,0,0,2,0
set,0,0,0,0,0,13,0,0,8,0
digit,0,0,0,0,0,16,0,0,0,0
return,0,0,0,0,0,5,0,0,3,0
original,15,0,0,0,0,0,0,0,0,0
position,0,0,0,0,0,7,0,0,0,0
code,0,0,0,0,0,55,0,0,11,0
desire,0,0,0,0,0,2,0,0,1,0
push,11,0,0,0,0,2,0,0,3,0
touch,0,0,0,0,0,7,0,0,0,0
new,40,0,0,0,0,0,0,0,0,0
efficient,14,0,0,0,0,0,0,0,0,0
offer,0,0,0,0,0,0,0,0,15,0
additional,8,0,0,0,0,0,0,0,0,0
pound,0,0,0,0,0,2,0,0,0,0
star,0,0,0,0,0,2,0,0,0,0
automate,0,0,0,0,0,0,0,0,2,0
answer,0,0,0,0,0,0,0,0,2,0
today,0,0,0,0,0,9,0,0,0,0
transmission,0,0,0,0,0,158,0,0,0,0
course,0,0,0,0,0,3,0,0,0,0
wire,0,0,0,0,0,43,0,0,1,0
pole,0,0,0,0,0,6,0,0,0,0
like,2,5,0,0,0,0,0,0,0,0
telegraph,0,0,0,0,0,17,0,0,0,0
setup,0,0,0,0,0,1,0,0,0,0
soon,0,0,10,0,0,0,0,0,0,0
lack,0,0,0,0,0,2,0,0,1,0
need,0,0,0,0,0,4,0,0,12,0
high,62,0,0,0,0,0,0,0,0,0
frequency,0,0,0,0,0,120,0,0,0,0
form,0,0,0,0,0,30,0,0,16,0
material,0,0,0,0,0,6,0,0,0,0
copper,0,0,0,0,0,7,0,0,0,0
improve,0,0,0,0,0,0,0,0,10,0
problem,0,0,0,0,0,13,0,0,0,0
remain,0,0,0,0,0,0,0,0,8,0
interference,0,0,0,0,0,9,0,0,0,0
cross,1,0,0,0,0,2,0,0,2,0
talk,0,0,0,0,0,3,0,0,3,0
eliminate,0,0,0,0,0,0,0,0,3,0
simply,0,0,5,0,0,0,0,0,0,0
twist,0,0,0,0,0,0,0,0,6,0
interval,0,0,0,0,0,11,0,0,0,0
attenuation,0,0,0,0,0,5,0,0,0,0
weakening,0,0,0,0,0,1,0,0,0,0
simple,15,0,0,0,0,0,0,0,0,0
solve,0,0,0,0,0,0,0,0,4,0
particularly,0,0,2,0,0,0,0,0,0,0
pertain,0,0,0,0,0,0,0,0,1,0
amplification,0,0,0,0,0,3,0,0,0,0
vacuum,0,0,0,0,0,4,0,0,0,0
tube,0,0,0,0,0,8,0,0,0,0
effective,5,0,0,0,0,0,0,0,0,0
expensive,3,0,0,0,0,0,0,0,0,0
multiple,34,0,0,0,0,2,0,0,0,0
allow,0,0,0,0,0,0,0,0,24,0
expand,0,0,0,0,0,0,0,0,3,0
exponentially,0,0,2,0,0,0,0,0,0,0
conversion,0,0,0,0,0,15,0,0,0,0
analog,55,0,0,0,0,16,0,0,0,0
multiplexing,0,0,0,0,0,26,0,0,0,0
technique,0,0,0,0,0,17,0,0,0,0
speed,0,0,0,0,0,35,0,0,1,0
quality,0,0,0,0,0,10,0,0,0,0
coaxial,20,0,0,0,0,0,0,0,0,0
cable,0,0,0,0,0,81,0,0,0,0
shortly,0,0,4,0,0,0,0,0,0,0
join,0,0,0,0,0,0,0,0,3,0
microwave,1,0,0,0,0,14,0,0,0,0
link,0,0,0,0,0,9,0,0,0,0
overseas,1,0,0,0,0,0,0,0,0,0
radio,1,0,0,0,0,34,0,0,0,0
quickly,0,0,4,0,0,0,0,0,0,0
undersea,7,0,0,0,0,0,0,0,0,0
fibre,0,0,0,0,0,26,0,0,0,0
optic,1,0,0,0,0,5,0,0,0,0
great,15,0,0,0,0,0,0,0,0,0
bandwidth,0,0,0,0,0,43,0,0,0,0
reliability,0,0,0,0,0,4,0,0,0,0
low,23,0,0,0,0,0,0,0,0,0
cost,0,0,0,0,0,13,0,0,1,0
satellite,1,0,0,0,0,35,0,0,0,0
think,0,0,0,0,0,0,0,0,4,0
promising,2,0,0,0,0,0,0,0,0,0
inferior,1,0,0,0,0,0,0,0,0,0
support,0,0,0,0,0,2,0,0,31,0
data,0,0,0,0,0,63,0,0,0,0
service,0,0,0,0,0,89,0,0,0,0
reliable,1,0,0,0,0,0,0,0,0,0
sampling,0,0,0,0,0,5,0,0,0,0
range,0,0,0,0,0,25,0,0,4,0
determine,0,0,0,0,0,0,0,0,10,0
quantize,0,0,0,0,0,0,0,0,8,0
evenly,0,0,1,0,0,0,0,0,0,0
complete,5,0,0,0,0,0,0,0,1,0
modify,0,0,0,0,0,0,0,0,6,0
accuracy,0,0,0,0,0,3,0,0,0,0
encoding,0,0,0,0,0,19,0,0,0,0
reduce,0,0,0,0,0,0,0,0,19,0
redundancy,0,0,0,0,0,7,0,0,0,0
bit,0,0,0,0,0,150,0,0,0,0
little,4,0,0,0,0,0,0,0,0,0
modulation,0,0,0,0,0,46,0,0,0,0
step,0,0,0,0,0,6,0,0,1,0
process,0,0,0,0,0,30,0,0,2,0
carrier,0,0,0,0,0,45,0,0,0,0
modulate,0,0,0,0,0,0,0,0,30,0
manner,0,0,0,0,0,3,0,0,0,0
travel,0,0,0,0,0,1,0,0,5,0
efficiently,0,0,2,0,0,0,0,0,0,0
accurately,0,0,2,0,0,0,0,0,0,0
occur,0,0,0,0,0,0,0,0,21,0
amplitude,0,0,0,0,0,32,0,0,0,0
shift,0,0,0,0,0,30,0,0,6,0
keying,0,0,0,0,0,18,0,0,0,0
one,0,0,0,0,0,6,0,0,0,0
zero,0,0,0,0,0,3,1,0,0,0
binary,37,0,0,0,0,0,0,0,0,0
alternate,0,0,0,0,0,0,0,0,6,0
different,17,0,0,0,0,0,0,0,0,0
phase,0,0,0,0,0,25,0,0,0,0
assign,0,0,0,0,0,0,0,0,20,0
oppose,0,0,0,0,0,0,0,0,1,0
polarity,0,0,0,0,0,6,0,0,0,0
advanced,8,0,0,0,0,0,0,0,0,0
method,0,0,0,0,0,47,0,0,0,0
apply,0,0,0,0,0,0,0,0,10,0
cellular,38,0,0,0,0,0,0,0,0,0
combine,0,0,0,0,0,1,0,0,14,0
share,0,0,0,0,0,3,0,0,11,0
key,1,0,0,0,0,2,0,0,0,0
large,23,0,0,0,0,0,0,0,0,0
world,0,0,0,0,0,17,0,0,0,0
give,0,0,0,0,0,0,0,0,17,0
moment,0,0,0,0,0,2,0,0,0,0
specific,11,0,0,0,0,0,0,0,0,0
group,0,0,0,0,0,17,0,0,2,0
guard,0,0,0,0,0,2,0,0,0,0
band,0,0,0,0,0,21,0,0,0,0
know,0,0,0,0,0,0,0,0,65,0
scanner,0,0,0,0,0,4,0,0,0,0
select,0,0,0,0,0,0,0,0,13,0
sequential,1,0,0,0,0,0,0,0,0,0
slot,0,0,0,0,0,28,0,0,0,0
datum,0,0,0,0,0,63,0,0,0,0
interleave,0,0,0,0,0,0,0,0,4,0
composite,3,0,0,0,0,0,0,0,0,0
reassemble,0,0,0,0,0,0,0,0,1,0
interruption,0,0,0,0,0,4,0,0,0,0
notice,0,0,0,0,0,0,0,0,2,0
crackle,0,0,0,0,0,0,0,0,1,0
thing,0,0,0,0,0,1,0,0,0,0
past,1,0,0,0,0,1,0,0,0,0
extremely,0,0,3,0,0,0,0,0,0,0
complex,6,0,0,0,0,0,0,0,0,0
image,0,0,0,0,0,12,0,0,0,0
fax,0,0,0,0,0,58,0,0,0,0
machine,0,0,0,0,0,46,0,0,0,0
word,0,0,0,0,0,22,0,0,0,0
phonetic,2,0,0,0,0,0,0,0,0,0
shortening,0,0,0,0,0,1,0,0,0,0
facsimile,11,0,0,0,0,3,0,0,0,0
mean,0,0,0,0,0,8,0,0,3,0
exact,1,0,0,0,0,0,0,0,0,0
copy,0,0,0,0,0,3,0,0,0,0
replica,0,0,0,0,0,1,0,0,0,0
scan,0,0,0,0,0,2,0,0,16,0
print,0,0,0,0,0,2,0,0,3,0
document,0,0,0,0,0,15,0,0,0,0
pick,0,0,0,0,0,0,0,0,4,0
contrast,0,0,0,0,0,2,0,0,0,0
light,2,0,0,0,0,7,0,0,0,0
dark,1,0,0,0,0,0,0,0,0,0
reverse,0,0,0,0,0,0,0,0,3,0
produce,0,0,0,0,0,0,0,0,20,0
paper,0,0,0,0,0,11,0,0,0,0
old,12,0,0,0,0,0,0,0,0,0
special,6,0,0,0,0,0,0,0,0,0
thermal,3,0,0,0,0,0,0,0,0,0
xerographic,2,0,0,0,0,0,0,0,0,0
computer,0,0,0,0,0,38,0,0,0,0
printout,0,0,0,0,0,1,0,0,0,0
cylinder,0,0,0,0,0,8,0,0,0,0
conductive,5,0,0,0,0,0,0,0,0,0
stylus,0,0,0,0,0,6,0,0,0,0
write,0,0,0,0,0,0,0,0,3,0
tinfoil,0,0,0,0,0,2,0,0,0,0
photo,0,0,0,0,0,3,0,0,0,0
german,1,0,0,0,0,0,0,0,0,0
newspaper,0,0,0,0,0,3,0,0,0,0
regularly,0,0,1,0,0,0,0,0,0,0
photograph,0,0,0,0,0,6,0,0,0,0
news,0,0,0,0,0,1,0,0,0,0
outlet,0,0,0,0,0,3,0,0,0,0
purpose,0,0,0,0,0,5,0,0,0,0
meet,0,0,0,0,0,0,0,0,3,0
minimum,2,0,0,0,0,1,0,0,0,0
conform,0,0,0,0,0,0,0,0,2,0
modem,0,0,0,0,0,90,0,0,0,0
get,0,0,0,0,0,0,0,0,1,0
term,0,0,0,0,0,2,0,0,0,0
demodulate,0,0,0,0,0,0,0,0,6,0
video,0,0,0,0,0,45,0,0,0,0
voiceband,0,0,0,0,0,24,0,0,0,0
modulating,0,0,0,0,0,1,0,0,0,0
discuss,0,0,0,0,0,0,0,0,2,0
previously,0,0,4,0,0,0,0,0,0,0
regard,0,0,0,0,0,1,0,0,1,0
half,2,0,0,0,1,3,0,0,0,0
modern,16,0,0,0,0,0,0,0,0,0
entirely,0,0,4,0,0,0,0,0,0,0
simultaneously,0,0,10,0,0,0,0,0,0,0
television,0,0,0,0,0,21,0,0,0,0
home,0,0,0,0,0,10,0,0,0,0
dsl,0,0,0,0,0,2,0,0,0,0
traditional,14,0,0,0,0,0,0,0,0,0
compete,0,0,0,0,0,0,0,0,2,0
cell,0,0,0,0,0,46,0,0,0,0
dominance,0,0,0,0,0,1,0,0,0,0
telecommunication,0,0,0,0,0,13,0,0,0,0
area,0,0,0,0,0,23,0,0,0,0
serve,0,0,0,0,0,0,0,0,17,0
base,0,0,0,0,0,10,0,0,21,0
mobile,40,0,0,0,0,1,0,0,0,0
reassign,0,0,0,0,0,0,0,0,2,0
divide,0,0,0,0,0,0,0,0,5,0
reach,0,0,0,0,0,0,0,0,5,0
provide,0,0,0,0,0,0,0,0,44,0
true,1,0,0,0,0,0,0,0,0,0
existence,0,0,0,0,0,2,0,0,0,0
demand,1,0,0,0,0,8,0,0,0,0
start,0,0,0,0,0,0,0,0,3,0
million,0,0,0,0,0,2,19,0,0,0
sign,0,0,0,0,0,1,0,0,2,0
attempt,0,0,0,0,0,2,0,0,4,0
access,0,0,0,0,0,22,0,0,7,0
exist,0,0,0,0,0,0,0,0,9,0
generation,0,0,0,0,0,22,0,0,0,0
advent,0,0,0,0,0,5,0,0,0,0
condition,0,0,0,0,0,5,0,0,0,0
internet,0,0,0,0,0,45,0,0,0,0
smartphone,0,0,0,0,0,20,0,0,0,0
well,3,0,5,0,0,0,0,0,0,0
describe,0,0,0,0,0,0,0,0,3,0
enter,0,0,0,0,0,0,0,0,7,0
marketplace,0,0,0,0,0,2,0,0,0,0
promise,0,0,0,0,0,0,0,0,1,0
accelerate,0,0,0,0,0,0,0,0,1,0
trend,0,0,0,0,0,3,0,0,0,0
videophone,0,0,0,0,0,21,0,0,0,0
utilize,0,0,0,0,0,0,0,0,2,0
combination,0,0,0,0,0,7,0,0,0,0
closed,1,0,0,0,0,0,0,0,0,0
follow,0,0,0,0,0,0,0,0,27,0
path,0,0,0,0,0,21,0,0,0,0
refinement,0,0,0,0,0,2,0,0,0,0
videoconferencing,0,0,0,0,0,8,0,0,0,0
typically,0,0,7,0,0,0,0,0,0,0
bypass,0,0,0,0,0,0,0,0,3,0
critic,0,0,0,0,0,1,0,0,0,0
downside,0,0,0,0,0,1,0,0,0,0
interrupted,1,0,0,0,0,0,0,0,0,0
occasionally,0,0,1,0,0,0,0,0,0,0
questionable,1,0,0,0,0,0,0,0,0,0
attach,0,0,0,0,0,0,0,0,5,0
address,0,0,0,0,0,5,0,0,2,0
emergency,0,0,0,0,0,3,0,0,0,0
type,0,0,0,0,0,20,0,0,1,0
popular,2,0,0,0,0,0,0,0,0,0
telecommunications,0,0,0,0,0,7,0,0,0,0
tool,0,0,0,0,0,1,0,0,0,0
explode,0,0,0,0,0,0,0,0,1,0
popularity,0,0,0,0,0,2,0,0,0,0
landline,0,0,0,0,0,4,0,0,0,0
obsolete,3,0,0,0,0,0,0,0,0,0
unlikely,1,0,0,0,0,0,0,0,0,0
rely,0,0,0,0,0,0,0,0,2,0
infrastructure,0,0,0,0,0,1,0,0,0,0
reluctance,0,0,0,0,0,1,0,0,0,0
rapidly,0,0,8,0,0,0,0,0,0,0
essential,4,0,0,0,0,1,0,0,0,0
luxury,0,0,0,0,0,1,0,0,0,0
necessity,0,0,0,0,0,2,0,0,0,0
speculate,0,0,0,0,0,0,0,0,1,0
evolution,0,0,0,0,0,2,0,0,0,0
bring,0,0,0,0,0,0,0,0,4,0
greek,1,0,0,0,0,0,0,0,0,0
root,0,0,0,0,0,2,0,0,0,0
tēle,0,0,0,0,0,0,0,0,0,1
far,1,0,3,0,0,0,0,0,0,0
phonē,0,0,0,0,0,1,0,0,0,0
late,12,0,1,0,0,0,0,0,0,0
string,0,0,0,0,0,3,0,0,0,0
familiar,1,0,0,0,0,0,0,0,0,0
child,0,0,0,0,0,1,0,0,0,0
pull,0,0,0,0,0,0,0,0,1,0
taut,1,0,0,0,0,0,0,0,0,0
cap,0,0,0,0,0,0,0,0,1,0
tin,0,0,0,0,0,1,0,0,0,0
can,0,0,0,0,0,1,0,0,0,0
cup,0,0,0,0,0,1,0,0,0,0
megaphone,0,0,0,0,0,1,0,0,0,0
speak,0,0,0,0,0,0,0,0,5,0
usage,0,0,0,0,0,1,0,0,0,0
solely,0,0,1,0,0,0,0,0,0,0
derive,0,0,0,0,0,0,0,0,1,0
invention,0,0,0,0,0,10,0,0,0,0
acquire,0,0,0,0,0,0,0,0,3,0
functional,2,0,0,0,0,0,0,0,0,0
fundamentally,0,0,3,0,0,0,0,0,0,0
wiring,0,0,0,0,0,2,0,0,0,0
heavy,2,0,0,0,0,0,0,0,0,0
hardware,0,0,0,0,0,5,0,0,0,0
lightweight,1,0,0,0,0,0,0,0,0,0
compact,1,0,0,0,0,0,0,0,0,0
microcircuitry,0,0,0,0,0,1,0,0,0,0
introduction,0,0,0,0,0,7,0,0,0,0
smart,1,0,0,0,0,0,0,0,0,0
feature,0,0,0,0,0,11,0,0,2,0
automatic,12,0,0,0,0,0,0,0,0,0
redialing,0,0,0,0,0,1,0,0,0,0
identification,0,0,0,0,0,2,0,0,0,0
wireless,12,0,0,0,0,0,0,0,0,0
visual,2,0,0,0,0,0,0,0,0,0
display,0,0,0,0,0,7,0,0,0,0
supplement,0,0,0,0,0,0,0,0,1,0
basic,5,0,0,0,0,0,0,0,0,0
component,0,0,0,0,0,13,0,0,0,0
include,0,0,0,0,0,0,0,0,24,0
generate,0,0,0,0,0,0,0,0,20,0
electromagnet,0,0,0,0,0,4,0,0,0,0
speaker,0,0,0,0,0,7,0,0,0,0
voltage,0,0,0,0,0,10,0,0,0,0
distant,4,0,0,0,0,0,0,0,0,0
independent,1,0,0,0,0,0,0,0,0,0
locate,0,0,0,0,0,0,0,0,9,0
volt,0,0,0,0,0,3,0,0,0,0
represent,0,0,0,0,0,0,0,0,41,0
wattage,0,0,0,0,0,1,0,0,0,0
small,14,0,0,0,0,0,0,0,0,0
portable,8,0,0,0,0,0,0,0,0,0
handset,0,0,0,0,0,11,0,0,0,0
recharge,0,0,0,0,0,0,0,0,2,0
contact,0,0,0,0,0,18,0,0,1,0
unit,0,0,0,0,0,20,0,0,0,0
transformer,0,0,0,0,0,6,0,0,0,0
woman,0,0,0,0,0,1,0,0,0,0
strip,0,0,0,0,0,7,0,0,0,0
visible,1,0,0,0,0,0,0,0,0,0
hang,0,0,0,0,0,0,0,0,1,0
close,1,0,1,0,0,0,0,0,4,0
common,18,0,0,0,0,0,0,0,0,0
cradle,0,0,0,0,0,2,0,0,1,0
hold,0,0,0,0,0,4,0,0,2,0
enclose,0,0,0,0,0,0,0,0,1,0
mechanical,7,0,0,0,0,0,0,0,0,0
transistor,0,0,0,0,0,2,0,0,0,0
relay,0,0,0,0,0,2,0,0,2,0
break,0,0,0,0,0,1,0,0,5,0
lift,0,0,0,0,0,0,0,0,2,0
restore,0,0,0,0,0,0,0,0,1,0
flow,0,0,0,0,0,3,0,0,5,0
restoration,0,0,0,0,0,1,0,0,0,0
actually,0,0,9,0,0,0,0,0,0,0
simultaneous,4,0,0,0,0,0,0,0,0,0
hertz,0,0,0,0,0,15,0,0,0,0
party,0,0,0,0,0,20,0,0,0,0
wish,0,0,0,0,0,0,0,0,3,0
establish,0,0,0,0,0,0,0,0,14,0
introduce,0,0,0,0,0,0,0,0,29,0
pressing,0,0,0,0,0,1,0,0,0,0
keypad,0,0,0,0,0,4,0,0,0,0
capacitor,0,0,0,0,0,3,0,0,0,0
resistor,0,0,0,0,0,2,0,0,0,0
pass,0,0,0,0,0,0,0,0,14,0
emit,0,0,0,0,0,0,0,0,2,0
ring,0,0,0,0,0,2,0,0,3,0
alternating,1,0,0,0,0,0,0,0,0,0
pause,0,0,0,0,0,3,0,0,0,0
hear,0,0,0,0,0,0,0,0,3,0
short,10,0,0,0,0,0,0,0,0,0
consist,0,0,0,0,0,0,0,0,28,0
closely,0,0,1,0,0,0,0,0,0,0
bell,0,0,0,0,0,4,0,0,0,0
clapper,0,0,0,0,0,2,0,0,0,0
magnet,0,0,0,0,0,3,0,0,0,0
passage,0,0,0,0,0,1,0,0,0,0
coil,0,0,0,0,0,21,0,0,1,0
alternation,0,0,0,0,0,2,0,0,0,0
magnetic,7,0,0,0,0,0,0,0,0,0
attraction,0,0,0,0,0,2,0,0,0,0
exert,0,0,0,0,0,0,0,0,2,0
vibrate,0,0,0,0,0,0,0,0,13,0
loudly,0,0,1,0,0,0,0,0,0,0
volume,0,0,0,0,0,3,0,0,0,0
mute,0,0,0,0,0,0,0,0,1,0
damper,0,0,0,0,0,1,0,0,0,0
oscillator,0,0,0,0,0,1,0,0,0,0
adjust,0,0,0,0,0,0,0,0,3,0
precise,3,0,0,0,0,0,0,0,0,0
piezoelectric,1,0,0,0,0,0,0,0,0,0
transducer,0,0,0,0,0,2,0,0,0,0
crystalline,1,0,0,0,0,0,0,0,0,0
response,0,0,0,0,0,7,0,0,0,0
couple,0,0,0,0,0,0,0,0,6,0
loudspeaker,0,0,0,0,0,1,0,0,0,0
connected,1,0,0,0,0,0,0,0,0,0
necessary,6,0,0,0,0,0,0,0,0,0
impedance,0,0,0,0,0,4,0,0,0,0
order,0,0,0,0,0,41,0,0,0,0
avoid,0,0,0,0,0,0,0,0,2,0
drain,0,0,0,0,0,0,0,0,1,0
essentially,0,0,7,0,0,0,0,0,0,0
tiny,2,0,0,0,0,0,0,0,0,0
microphone,0,0,0,0,0,5,0,0,0,0
mouthpiece,0,0,0,0,0,3,0,0,0,0
variation,0,0,0,0,0,14,0,0,0,0
carbon,0,0,0,0,0,11,0,0,0,0
develop,0,0,0,0,0,0,0,0,40,0
thin,6,0,0,0,0,0,0,0,0,0
layer,0,0,0,0,0,4,0,0,0,0
granule,0,0,0,0,0,5,0,0,0,0
fix,0,0,0,0,0,0,0,0,11,0
electrode,0,0,0,0,0,8,0,0,0,0
certain,8,0,0,0,0,0,0,0,0,0
resistance,0,0,0,0,0,6,0,0,0,0
force,0,0,0,0,0,1,0,0,4,0
movable,2,0,0,0,0,0,0,0,0,0
fluctuate,0,0,0,0,0,0,0,0,10,0
pressure,0,0,0,0,0,2,0,0,0,0
fluctuation,0,0,0,0,0,6,0,0,0,0
opening,0,0,0,0,0,1,0,0,0,0
see,0,0,0,0,0,0,0,0,2,0
japanese,3,0,0,0,0,0,0,0,0,0
electret,0,0,0,0,0,2,0,0,0,0
plastic,0,0,0,0,0,3,0,0,0,0
sheet,0,0,0,0,0,4,0,0,0,0
metallic,7,0,0,0,0,0,0,0,0,0
coating,0,0,0,0,0,2,0,0,0,0
maintain,0,0,0,0,0,0,0,0,2,0
field,0,0,0,0,0,7,0,0,0,0
amplify,0,0,0,0,0,0,0,0,4,0
earpiece,0,0,0,0,0,1,0,0,0,0
electromagnetic,6,0,0,0,0,0,0,0,0,0
principle,0,0,0,0,0,4,0,0,0,0
part,0,0,0,0,0,4,0,0,0,0
permanent,2,0,0,0,0,0,0,0,0,0
have,0,0,0,0,0,0,0,0,6,0
piece,0,0,0,0,0,2,0,0,0,0
wind,0,0,0,0,0,0,0,0,2,0
insulated,2,0,0,0,0,0,0,0,0,0
fine,2,0,0,0,0,0,0,0,0,0
drive,0,0,0,0,0,0,0,0,4,0
near,0,4,0,0,0,0,0,0,0,0
vary,0,0,0,0,0,0,0,0,10,0
continuously,0,0,4,0,0,0,0,0,0,0
central,32,0,0,0,0,0,0,0,0,0
cone,0,0,0,0,0,1,0,0,0,0
shape,0,0,0,0,0,1,0,0,1,0
armature,0,0,0,0,0,1,0,0,0,0
piston,0,0,0,0,0,1,0,0,0,0
obtain,0,0,0,0,0,0,0,0,1,0
wide,6,0,0,0,0,0,0,0,0,0
accurate,3,0,0,0,0,0,0,0,0,0
dynamic,3,0,0,0,0,0,0,0,0,0
narrow,4,0,0,0,0,0,0,0,0,0
ear,0,0,0,0,0,1,0,0,0,0
sufficient,6,0,0,0,0,0,0,0,0,0
normal,2,0,0,0,0,0,0,0,0,0
assemblage,0,0,0,0,0,1,0,0,0,0
perform,0,0,0,0,0,0,0,0,6,0
primary,1,0,0,0,0,0,0,0,0,0
distract,0,0,0,0,0,0,0,0,1,0
accomplish,0,0,0,0,0,0,0,0,6,0
reduction,0,0,0,0,0,6,0,0,0,0
interpose,0,0,0,0,0,0,0,0,1,0
split,0,0,0,0,0,0,0,0,4,0
cancel,0,0,0,0,0,0,0,0,3,0
hand,0,0,0,0,0,10,0,0,1,0
arrive,0,0,0,0,0,0,0,0,5,0
undivided,1,0,0,0,0,0,0,0,0,0
unimpeded,1,0,0,0,0,0,0,0,0,0
match,0,0,0,0,0,0,0,0,4,0
matching,0,0,0,0,0,1,0,0,0,0
historical,1,0,0,0,0,0,0,0,0,0
period,0,0,0,0,0,2,0,0,0,0
fierce,1,0,0,0,0,0,0,0,0,0
competition,0,0,0,0,0,1,0,0,0,0
launch,0,0,0,0,0,1,0,0,10,0
series,0,0,0,0,0,9,0,0,0,0
unsuccessful,2,0,0,0,0,0,0,0,0,0
suggest,0,0,0,0,0,0,0,0,1,0
electrically,0,0,4,0,0,0,0,0,0,0
make,0,0,0,0,0,0,0,0,11,0
employ,0,0,0,0,0,0,0,0,56,0
membrane,0,0,0,0,0,13,0,0,0,0
intermittently,0,0,1,0,0,0,0,0,0,0
impinge,0,0,0,0,0,0,0,0,2,0
interrupt,0,0,0,0,0,0,0,0,2,0
rate,0,0,0,0,0,80,0,0,0,0
iron,0,0,0,0,0,5,0,0,0,0
needle,0,0,0,0,0,2,0,0,0,0
surround,0,0,0,0,0,0,0,0,3,0
box,0,0,0,0,0,4,0,0,0,0
waveform,0,0,0,0,0,10,0,0,0,0
caption,0,0,0,0,0,1,0,0,0,2
sounding,0,0,0,0,0,1,0,0,0,0
protrude,0,0,0,0,0,0,0,0,1,0
philosophical,2,0,0,0,0,0,0,0,0,0
toy,0,0,0,0,0,2,0,0,0,0
bear,0,0,0,0,0,0,0,0,9,0
educate,0,0,0,0,0,0,0,0,1,0
merchant,0,0,0,0,0,1,0,0,0,0
teach,0,0,0,0,0,0,0,0,3,0
experiment,0,0,0,0,0,3,0,0,1,0
electricity,0,0,0,0,0,2,0,0,0,0
development,0,0,0,0,0,18,0,0,0,0
hearing,0,0,0,0,0,1,0,0,0,0
aid,0,0,0,0,0,2,0,0,0,0
research,0,0,0,0,0,5,0,0,0,0
interest,0,0,0,0,0,5,0,0,0,0
rest,0,0,0,0,0,0,0,0,1,0
theory,0,0,0,0,0,5,0,0,0,0
bounce,0,0,0,0,0,1,0,0,1,0
intermittent,3,0,0,0,0,0,0,0,0,0
synchronous,3,0,0,0,0,0,0,0,0,0
furthermore,0,0,2,0,0,0,0,0,0,0
height,0,0,0,0,0,1,0,0,0,0
intensity,0,0,0,0,0,3,0,0,0,0
expect,0,0,0,0,0,0,0,0,2,0
believe,0,0,0,0,0,0,0,0,2,0
musical,1,0,0,0,0,0,0,0,0,0
apparatus,0,0,0,0,0,4,0,0,0,0
fact,0,0,0,0,0,7,0,0,0,0
demonstration,0,0,0,0,0,8,0,0,0,0
addition,0,0,0,0,0,17,0,0,0,0
report,0,0,0,0,0,2,0,0,2,0
subsequently,0,0,4,0,0,0,0,0,0,0
discount,0,0,0,0,0,0,0,0,1,0
court,0,0,0,0,0,2,0,0,0,0
case,0,0,0,0,0,17,0,0,0,0
uphold,0,0,0,0,0,0,0,0,2,0
largely,0,0,2,0,0,0,0,0,0,0
recognize,0,0,0,0,0,0,0,0,3,0
impossible,1,0,0,0,0,0,0,0,0,0
strong,3,0,0,0,0,0,0,0,0,0
instead,0,0,9,0,0,0,0,0,0,0
similarly,0,0,1,0,0,0,0,0,0,0
respond,0,0,0,0,0,0,0,0,2,0
magnetostriction,0,0,0,0,0,1,0,0,0,0
sensitivity,0,0,0,0,0,1,0,0,0,0
unreasonable,1,0,0,0,0,0,0,0,0,0
question,0,0,0,0,0,0,0,0,1,0
validity,0,0,0,0,0,1,0,0,0,0
limited,8,0,0,0,0,0,0,0,0,0
testimony,0,0,0,0,0,1,0,0,0,0
evidence,0,0,0,0,0,1,0,0,0,0
good,4,0,0,0,0,0,0,0,0,0
lecture,0,0,0,0,0,1,0,0,2,0
nature,0,0,0,0,0,4,0,0,0,0
authorize,0,0,0,0,0,0,0,0,1,0
reproduction,0,0,0,0,0,4,0,0,0,0
sell,0,0,0,0,0,0,0,0,9,0
die,0,0,0,0,0,0,0,0,4,0
american,13,0,0,0,0,0,0,0,0,0
independently,0,0,2,0,0,0,0,0,0,0
harmonic,2,0,0,0,0,0,0,0,0,0
reed,0,0,0,0,0,11,0,0,0,0
tune,0,0,0,0,0,0,0,0,2,0
resonant,1,0,0,0,0,0,0,0,0,0
example,0,0,0,0,0,19,0,0,0,0
induce,0,0,0,0,0,0,0,0,2,0
corresponding,3,0,0,0,0,0,0,0,0,0
spring,0,0,0,0,0,3,0,0,0,0
realize,0,0,0,0,0,0,0,0,3,0
steel,0,0,0,0,0,3,0,0,0,0
initially,0,0,2,0,0,0,0,0,0,0
unable,1,0,0,0,0,0,0,0,0,0
choose,0,0,0,0,0,0,0,0,6,0
demonstrate,0,0,0,0,0,0,0,0,9,0
telegraphic,1,0,0,0,0,0,0,0,0,0
summer,0,0,0,0,0,3,0,0,0,0
consider,0,0,0,0,0,0,0,0,4,0
concept,0,0,0,0,0,16,0,0,0,0
construct,0,0,0,0,0,0,0,0,9,0
postulate,0,0,0,0,0,0,0,0,1,0
young,6,0,0,0,0,0,0,0,0,0
machinist,0,0,0,0,0,1,0,0,0,0
test,0,0,0,0,0,5,0,0,2,0
intelligible,1,0,0,0,0,0,0,0,0,0
speechlike,1,0,0,0,0,0,0,0,0,0
file,0,0,0,0,0,5,0,0,7,0
hour,0,0,0,0,0,2,0,0,0,0
confidential,1,0,0,0,0,0,0,0,0,0
formal,1,0,0,0,0,0,0,0,0,0
declaration,0,0,0,0,0,2,0,0,0,0
intent,0,0,0,0,0,3,0,0,0,0
idea,0,0,0,0,0,5,0,0,0,0
perfect,1,0,0,0,0,0,0,0,1,0
intend,0,0,0,0,0,0,0,0,7,0
basis,0,0,0,0,0,4,0,0,0,0
filing,0,0,0,0,0,1,0,0,0,0
award,0,0,0,0,0,0,0,0,2,0
valuable,1,0,0,0,0,0,0,0,0,0
issue,0,0,0,0,0,1,0,0,4,0
sketch,0,0,0,0,0,1,0,0,0,0
rival,0,0,0,0,0,1,0,0,0,0
immerse,0,0,0,0,0,0,0,0,2,0
respect,0,0,0,0,0,2,0,0,0,0
variable,6,0,0,0,0,0,0,0,0,0
permit,0,0,0,0,0,0,0,0,35,0
want,0,0,0,0,0,0,0,0,4,0
public,13,0,0,0,0,1,0,0,0,0
afterward,0,0,2,0,0,0,0,0,0,0
equipment,0,0,0,0,0,15,0,0,0,0
conduct,0,0,0,0,0,0,0,0,7,0
mile,0,0,0,0,0,16,1,0,0,0
commercial,9,0,0,0,0,0,0,0,0,0
customer,0,0,0,0,0,18,0,0,0,0
burglar,0,0,0,0,0,1,0,0,0,0
alarm,0,0,0,0,0,1,0,0,0,0
add,0,0,0,0,0,0,0,0,9,0
son,0,0,0,0,0,2,0,0,0,0
family,0,0,0,0,0,4,0,0,0,0
authority,0,0,0,0,0,1,0,0,0,0
elocution,0,0,0,0,0,1,0,0,0,0
correction,0,0,0,0,0,1,0,0,0,0
brother,0,0,0,0,0,3,0,0,0,0
train,0,0,0,0,0,0,0,0,1,0
continue,0,0,0,0,0,0,0,0,15,0
profession,0,0,0,0,0,1,0,0,0,0
father,0,0,0,0,0,4,0,0,0,0
assume,0,0,0,0,0,0,0,0,7,0
charge,0,0,0,0,0,5,0,0,3,0
senior,1,0,0,0,0,0,0,0,0,0
shock,0,0,0,0,0,1,0,0,0,0
sudden,1,0,0,0,0,0,0,0,0,0
death,0,0,0,0,0,1,0,0,0,0
tuberculosis,0,0,0,0,0,1,0,0,0,0
strike,0,0,0,0,0,0,0,0,1,0
strain,0,0,0,0,0,2,0,0,0,0
professional,1,0,0,0,0,0,0,0,0,0
duty,0,0,0,0,0,1,0,0,0,0
toll,0,0,0,0,0,5,0,0,0,0
concern,0,0,0,0,0,3,0,0,0,0
survive,0,0,0,0,0,0,0,0,1,0
prompt,0,0,0,0,0,0,0,0,2,0
parent,0,0,0,0,0,1,0,0,0,0
settle,0,0,0,0,0,0,0,0,1,0
health,0,0,0,0,0,1,0,0,0,0
spend,0,0,0,0,0,0,0,0,1,0
publish,0,0,0,0,0,0,0,0,5,0
means,0,0,0,0,0,2,0,0,0,0
deaf,3,0,0,0,0,1,0,0,0,0
symbol,0,0,0,0,0,7,0,0,0,0
definite,1,0,0,0,0,0,0,0,0,0
organ,0,0,0,0,0,1,0,0,0,0
lip,0,0,0,0,0,1,0,0,0,0
tongue,0,0,0,0,0,1,0,0,0,0
soft,1,0,0,0,0,0,0,0,0,0
palate,0,0,0,0,0,1,0,0,0,0
imitate,0,0,0,0,0,0,0,0,1,0
usual,2,0,0,0,0,0,0,0,0,0
prefer,0,0,0,0,0,0,0,0,2,0
show,0,0,0,0,0,0,0,0,6,0
professor,0,0,0,0,0,1,0,0,0,0
vocal,3,0,0,0,0,0,0,0,0,0
physiology,0,0,0,0,0,1,0,0,0,0
adept,1,0,0,0,0,0,0,0,0,0
fortune,0,0,0,0,0,1,0,0,0,0
discover,0,0,0,0,0,0,0,0,2,0
inspire,0,0,0,0,0,0,0,0,2,0
repair,0,0,0,0,0,1,0,0,0,0
mechanic,0,0,0,0,0,3,0,0,0,0
maker,0,0,0,0,0,1,0,0,0,0
assist,0,0,0,0,0,0,0,0,2,0
enthusiastically,0,0,1,0,0,0,0,0,0,0
devise,0,0,0,0,0,0,0,0,4,0
nightly,1,0,0,0,0,0,0,0,0,0
session,0,0,0,0,0,1,0,0,0,0
tangible,1,0,0,0,0,0,0,0,0,0
result,0,0,0,0,0,6,0,0,9,0
student,0,0,0,0,0,1,0,0,0,0
help,0,0,0,0,0,0,0,0,2,0
sufficiently,0,0,3,0,0,0,0,0,0,0
impressed,1,0,0,0,0,0,0,0,0,0
teacher,0,0,0,0,0,2,0,0,0,0
financially,0,0,2,0,0,0,0,0,0,0
scientific,1,0,0,0,0,0,0,0,0,0
pursuit,0,0,0,0,0,1,0,0,0,0
specification,0,0,0,0,0,3,0,0,0,0
grant,0,0,0,0,0,0,0,0,1,0
cover,0,0,0,0,0,0,0,0,4,0
telegraphically,0,0,1,0,0,0,0,0,0,0
undulation,0,0,0,0,0,1,0,0,0,0
air,0,0,0,0,0,4,0,0,0,0
accompany,0,0,0,0,0,0,0,0,1,0
say,0,0,0,0,0,0,0,0,3,0
ironically,0,0,1,0,0,0,0,0,0,0
joke,0,0,0,0,0,1,0,0,0,0
creator,0,0,0,0,0,1,0,0,0,0
prophet,0,0,0,0,0,1,0,0,0,0
eccentric,0,0,0,0,0,1,0,0,0,0
subject,0,0,0,0,0,1,0,0,2,0
involved,1,0,0,0,0,0,0,0,0,0
litigation,0,0,0,0,0,2,0,0,0,0
celebrated,1,0,0,0,0,0,0,0,0,0
action,0,0,0,0,0,2,0,0,0,0
fledgling,0,0,0,0,0,1,0,0,0,0
successfully,0,0,1,0,0,0,0,0,0,0
challenge,0,0,0,0,0,0,0,0,1,0
subsidiary,0,0,0,0,0,2,0,0,0,0
giant,1,0,0,0,0,0,0,0,0,0
infringement,0,0,0,0,0,1,0,0,0,0
accusation,0,0,0,0,0,1,0,0,0,0
especially,0,0,4,0,0,0,0,0,0,0
painful,1,0,0,0,0,0,0,0,0,0
outcome,0,0,0,0,0,1,0,0,0,0
persist,0,0,0,0,0,0,0,0,1,0
life,0,0,0,0,0,2,0,0,0,0
claim,0,0,0,0,0,1,0,0,0,0
undulatory,1,0,0,0,0,0,0,0,0,0
marry,0,0,0,0,0,0,0,0,2,0
junior,1,0,0,0,0,0,0,0,0,0
resident,0,0,0,0,0,1,0,0,0,0
culminate,0,0,0,0,0,0,0,0,1,0
beam,0,0,0,0,0,4,0,0,0,0
medical,1,0,0,0,0,0,0,0,0,0
wax,0,0,0,0,0,1,0,0,0,0
record,0,0,0,0,0,0,0,0,5,0
land,0,0,0,0,0,3,0,0,0,0
surrounding,0,0,0,0,0,1,0,0,0,0
reminiscent,1,0,0,0,0,0,0,0,0,0
laboratory,0,0,0,0,0,1,0,0,0,0
leave,0,0,0,0,0,0,0,0,2,0
school,0,0,0,0,0,1,0,0,0,0
age,0,0,0,0,0,1,0,0,0,0
shop,0,0,0,0,0,3,0,0,0,0
room,0,0,0,0,0,2,0,0,0,0
famous,1,0,0,0,0,0,0,0,0,0
transcribe,0,0,0,0,0,0,0,0,1,0
lab,0,0,0,0,0,1,0,0,0,0
note,0,0,0,0,0,1,0,0,4,0
recall,0,0,0,0,0,1,0,0,1,0
slightly,0,0,1,0,0,0,0,0,0,0
spectacular,1,0,0,0,0,0,0,0,0,0
widely,0,0,3,0,0,0,0,0,0,0
exhibition,0,0,0,0,0,1,0,0,0,0
business,0,0,0,0,0,12,0,0,0,0
head,0,0,0,0,0,3,0,0,0,0
technical,2,0,0,0,0,0,0,0,0,0
wealthy,1,0,0,0,0,0,0,0,0,0
royalty,0,0,0,0,0,1,0,0,0,0
farming,0,0,0,0,0,1,0,0,0,0
southeast,0,0,1,0,0,0,0,0,0,0
building,0,0,0,0,0,1,0,0,0,0
farm,0,0,0,0,0,1,0,0,0,0
property,0,0,0,0,0,1,0,0,0,0
partnership,0,0,0,0,0,1,0,0,0,0
partner,0,0,0,0,0,1,0,0,0,0
marine,1,0,0,0,0,0,0,0,0,0
engine,0,0,0,0,0,1,0,0,0,0
government,0,0,0,0,0,6,0,0,0,0
contract,0,0,0,0,0,2,0,0,0,0
destroyer,0,0,0,0,0,1,0,0,0,0
shipyard,0,0,0,0,0,1,0,0,0,0
nearby,2,0,0,0,0,0,0,0,0,0
grow,0,0,0,0,0,0,0,0,12,0
lightship,0,0,0,0,0,1,0,0,0,0
cruiser,0,0,0,0,0,1,0,0,0,0
battleship,0,0,0,0,0,1,0,0,0,0
schooner,0,0,0,0,0,1,0,0,0,0
vessel,0,0,0,0,0,1,0,0,0,0
retirement,0,0,0,0,0,3,0,0,0,0
shipbuilding,0,0,0,0,0,1,0,0,0,0
restless,1,0,0,0,0,0,0,0,0,0
peripatetic,1,0,0,0,0,0,0,0,0,0
wife,0,0,0,0,0,1,0,0,0,0
geology,0,0,0,0,0,1,0,0,0,0
act,0,0,0,0,0,1,0,0,4,0
shakespearean,1,0,0,0,0,0,0,0,0,0
autobiography,0,0,0,0,0,1,0,0,0,0
explore,0,0,0,0,0,0,0,0,2,0
rejoin,0,0,0,0,0,0,0,0,1,0
transcontinental,4,0,0,0,0,0,0,0,0,0
winter,0,0,0,0,0,1,0,0,0,0
poor,2,0,0,0,0,0,0,0,0,0
performance,0,0,0,0,0,6,0,0,0,0
pursue,0,0,0,0,0,0,0,0,1,0
cavity,0,0,0,0,0,1,0,0,0,0
fill,0,0,0,0,0,0,0,0,1,0
carbonized,1,0,0,0,0,0,0,0,0,0
anthracite,1,0,0,0,0,0,0,0,0,0
coal,0,0,0,0,0,1,0,0,0,0
confine,0,0,0,0,0,0,0,0,2,0
constant,5,0,0,0,0,1,0,0,0,0
alternately,0,0,1,0,0,0,0,0,0,0
compress,0,0,0,0,0,0,0,0,11,0
release,0,0,0,0,0,2,0,0,9,0
cheap,1,0,0,0,0,0,0,0,0,0
durable,1,0,0,0,0,0,0,0,0,0
evolve,0,0,0,0,0,0,0,0,4,0
mount,0,0,0,0,0,0,0,0,5,0
appear,0,0,0,0,0,0,0,0,8,0
wall,0,0,0,0,0,2,0,0,0,0
mounting,0,0,0,0,0,1,0,0,0,0
crank,0,0,0,0,0,0,0,0,1,0
magneto,0,0,0,0,0,1,0,0,0,0
version,0,0,0,0,0,10,0,0,0,0
originate,0,0,0,0,0,0,0,0,1,0
found,0,0,0,0,0,0,0,0,3,0
founder,0,0,0,0,0,2,0,0,0,0
preempt,0,0,0,0,0,0,0,0,1,0
firm,0,0,0,0,0,2,0,0,0,0
incorporate,0,0,0,0,0,0,0,0,8,0
career,0,0,0,0,0,1,0,0,0,0
manufacture,0,0,0,0,0,0,0,0,1,0
typewriter,0,0,0,0,0,1,0,0,0,0
incandescent,1,0,0,0,0,0,0,0,0,0
lamp,0,0,0,0,0,1,0,0,0,0
battle,0,0,0,0,0,0,0,0,1,0
control,0,0,0,0,0,10,0,0,5,0
burgeon,0,0,0,0,0,0,0,0,1,0
industry,0,0,0,0,0,5,0,0,0,0
major,9,0,0,0,0,0,0,0,0,0
ally,0,0,0,0,0,1,0,0,0,0
supplier,0,0,0,0,0,1,0,0,0,0
war,0,0,0,0,0,1,0,0,0,0
buy,0,0,0,0,0,0,0,0,1,0
reincorporate,0,0,0,0,0,0,0,0,1,0
manufacturer,0,0,0,0,0,6,0,0,0,0
broad,1,0,0,0,0,0,0,0,0,0
prime,1,0,0,0,0,0,0,0,0,0
defense,0,0,0,0,0,2,0,0,0,0
contractor,0,0,0,0,0,1,0,0,0,0
product,0,0,0,0,0,2,0,0,0,0
radar,0,0,0,0,0,1,0,0,0,0
aerospace,0,0,0,0,0,1,0,0,0,0
guidance,0,0,0,0,0,1,0,0,0,0
missile,0,0,0,0,0,1,0,0,0,0
nuclear,1,0,0,0,0,0,0,0,0,0
weapon,0,0,0,0,0,1,0,0,0,0
dissolve,0,0,0,0,0,0,0,0,1,0
breakup,0,0,0,0,0,1,0,0,0,0
brand,0,0,0,0,0,2,0,0,0,0
disappear,0,0,0,0,0,0,0,0,1,0
distinct,1,0,0,0,0,0,0,0,0,0
restructure,0,0,0,0,0,0,0,0,1,0
desk,0,0,0,0,0,3,0,0,0,0
pattern,0,0,0,0,0,1,0,0,1,0
usually,0,0,16,0,0,0,0,0,0,0
arrangement,0,0,0,0,0,2,0,0,0,0
supersede,0,0,0,0,0,0,0,0,1,0
totally,0,0,1,0,0,0,0,0,0,0
significant,12,0,0,0,0,0,0,0,0,0
improvement,0,0,0,0,0,6,0,0,0,0
audio,3,0,0,0,0,1,0,0,0,0
physical,3,0,0,0,0,0,0,0,0,0
construction,0,0,0,0,0,1,0,0,0,0
available,34,0,0,0,0,0,0,0,0,0
integrate,0,0,0,0,0,0,0,0,6,0
date,0,0,0,0,0,0,0,0,1,0
coat,0,0,0,0,0,0,0,0,1,0
gap,0,0,0,0,0,1,0,0,0,0
mechanism,0,0,0,0,0,7,0,0,0,0
finally,0,0,4,0,0,0,0,0,0,0
list,0,0,0,0,0,2,0,0,0,0
conference,0,0,0,0,0,3,0,0,0,0
calling,0,0,0,0,0,5,0,0,0,0
mobility,0,0,0,0,0,2,0,0,0,0
metre,0,0,0,0,0,3,0,0,0,0
approximately,0,0,9,0,0,0,0,0,0,0
yard,0,0,0,0,0,1,0,0,0,0
communicate,0,0,0,0,0,0,0,0,12,0
extension,0,0,0,0,0,3,0,0,0,0
megahertz,0,0,0,0,0,17,0,0,0,0
spread,3,0,0,0,0,1,0,0,4,0
spectrum,0,0,0,0,0,11,0,0,0,0
gigahertz,0,0,0,0,0,8,0,0,0,0
region,0,0,0,0,0,3,0,0,0,0
generally,0,0,8,0,0,0,0,0,0,0
successive,3,0,0,0,0,0,0,0,0,0
consumer,0,0,0,0,0,4,0,0,0,0
frequently,0,0,6,0,0,0,0,0,0,0
condescendingly,0,0,1,0,0,0,0,0,0,0
plain,2,0,0,0,0,0,0,0,0,0
understand,0,0,0,0,0,0,0,0,1,0
active,1,0,0,0,0,0,0,0,0,0
helpful,1,0,0,0,0,0,0,0,0,0
review,0,0,0,0,0,0,0,0,1,0
making,0,0,0,0,0,1,0,0,0,0
subscriber,0,0,0,0,0,23,0,0,0,0
request,0,0,0,0,0,4,0,0,2,0
monitor,0,0,0,0,0,1,0,0,2,0
attend,0,0,0,0,0,0,0,0,1,0
store,0,0,0,0,0,1,0,0,6,0
location,0,0,0,0,0,8,0,0,0,0
busy,7,0,0,0,0,0,0,0,0,0
lie,0,0,0,0,0,0,0,0,3,0
designate,0,0,0,0,0,0,0,0,2,0
intraoffice,2,0,0,0,0,1,0,0,0,0
interoffice,7,0,0,0,0,1,0,0,0,0
entire,7,0,0,0,0,0,0,0,0,0
coordinate,0,0,0,0,0,0,0,0,1,0
progression,0,0,0,0,0,1,0,0,0,0
multitude,0,0,0,0,0,1,0,0,0,0
trunk,0,0,0,0,0,6,0,0,0,0
ringing,0,0,0,0,0,2,0,0,0,0
discontinue,0,0,0,0,0,0,0,0,4,0
charging,0,0,0,0,0,1,0,0,0,0
evident,1,0,0,0,0,0,0,0,0,0
collection,0,0,0,0,0,1,0,0,0,0
manual,3,0,0,0,0,0,0,0,0,0
packet,0,0,0,0,0,10,0,0,0,0
clear,3,0,0,0,0,0,0,0,0,0
run,0,0,0,0,0,17,0,0,9,0
practical,3,0,0,0,0,0,0,0,0,0
switchboard,0,0,0,0,0,4,0,0,0,0
city,0,0,0,0,0,3,0,0,0,0
extend,0,0,0,0,0,0,0,0,1,0
hundred,0,0,0,0,0,4,0,0,0,0
terminate,0,0,0,0,0,0,0,0,3,0
socket,0,0,0,0,0,1,0,0,0,0
interconnect,0,0,0,0,0,0,0,0,1,0
flexible,1,0,0,0,0,0,0,0,0,0
fully,0,0,2,0,0,0,0,0,0,0
achieve,0,0,0,0,0,0,0,0,10,0
success,0,0,0,0,0,2,0,0,0,0
owner,0,0,0,0,0,1,0,0,0,0
undertaking,0,0,0,0,0,1,0,0,0,0
array,0,0,0,0,0,1,0,0,0,0
terminal,1,0,0,0,0,8,0,0,0,0
bank,0,0,0,0,0,1,0,0,0,0
arrange,0,0,0,0,0,0,0,0,2,0
row,0,0,0,0,0,9,0,0,0,0
column,0,0,0,0,0,6,0,0,0,0
cylindrical,2,0,0,0,0,0,0,0,0,0
arc,0,0,0,0,0,2,0,0,0,0
brush,0,0,0,0,0,2,0,0,0,0
ratchet,0,0,0,0,0,1,0,0,1,0
rotate,0,0,0,0,0,0,0,0,7,0
movement,0,0,0,0,0,3,0,0,0,0
associate,0,0,0,0,0,1,0,0,2,0
engineer,0,0,0,0,0,3,0,0,0,0
manufacturing,0,0,0,0,0,2,0,0,0,0
grid,0,0,0,0,0,3,0,0,0,0
compose,0,0,0,0,0,0,0,0,1,0
horizontal,2,0,0,0,0,0,0,0,0,0
bar,0,0,0,0,0,7,0,0,0,0
vertical,1,0,0,0,0,0,0,0,0,0
input,0,0,0,0,0,4,0,0,0,0
output,0,0,0,0,0,14,0,0,0,0
upward,0,0,1,0,0,0,0,0,0,0
downward,0,0,1,0,0,0,0,0,0,0
effectively,0,0,1,0,0,0,0,0,0,0
swedish,1,0,0,0,0,0,0,0,0,0
own,0,0,0,0,0,0,0,0,5,0
commercially,0,0,6,0,0,0,0,0,0,0
notable,2,0,0,0,0,0,0,0,0,0
deploy,0,0,0,0,0,0,0,0,18,0
workhorse,0,0,0,0,0,1,0,0,0,0
account,0,0,0,0,0,1,0,0,2,0
originally,0,0,5,0,0,0,0,0,0,0
upgrade,0,0,0,0,0,0,0,0,3,0
revision,0,0,0,0,0,2,0,0,0,0
electromechanical,5,0,0,0,0,0,0,0,0,0
traffic,0,0,0,0,0,19,0,0,0,0
plan,0,0,0,0,0,3,0,0,0,0
innovative,2,0,0,0,0,0,0,0,0,0
subsequent,3,0,0,0,0,0,0,0,0,0
memory,0,0,0,0,0,12,0,0,0,0
trial,0,0,0,0,0,2,0,0,0,0
variety,0,0,0,0,0,6,0,0,0,0
ferreed,1,0,0,0,0,1,0,0,0,0
normally,0,0,2,0,0,0,0,0,0,0
seal,0,0,0,0,0,0,0,0,1,0
glass,0,0,0,0,0,3,0,0,0,0
energize,0,0,0,0,0,0,0,0,2,0
alloy,0,0,0,0,0,1,0,0,0,0
side,0,0,0,0,0,1,0,0,0,0
retain,0,0,0,0,0,0,0,0,2,0
magnetism,0,0,0,0,0,1,0,0,0,0
read,0,0,0,0,0,0,0,0,3,0
random,2,0,0,0,0,0,0,0,0,0
innovation,0,0,0,0,0,1,0,0,0,0
undergo,0,0,0,0,0,0,0,0,3,0
adoption,0,0,0,0,0,1,0,0,0,0
semiconductor,0,0,0,0,0,2,0,0,0,0
classify,0,0,0,0,0,0,0,0,1,0
characterize,0,0,0,0,0,0,0,0,2,0
continuous,3,0,0,0,0,0,0,0,0,0
sense,0,0,0,0,0,1,0,0,1,0
format,0,0,0,0,0,7,0,0,0,0
digitize,0,0,0,0,0,0,0,0,12,0
slice,0,0,0,0,0,0,0,0,1,0
sequence,0,0,0,0,0,36,0,0,0,0
correspond,0,0,0,0,0,0,0,0,10,0
insert,0,0,0,0,0,0,0,0,1,0
stream,0,0,0,0,0,12,0,0,1,0
effect,0,0,0,0,0,2,0,0,0,0
interchange,0,0,0,0,0,0,0,0,1,0
determined,1,0,0,0,0,0,0,0,0,0
mixture,0,0,0,0,0,1,0,0,0,0
advantageous,1,0,0,0,0,0,0,0,0,0
circumstance,0,0,0,0,0,1,0,0,0,0
capable,7,0,0,0,0,0,0,0,0,0
maximum,5,0,0,0,0,1,0,0,0,0
improved,7,0,0,0,0,0,0,0,0,0
organize,0,0,0,0,0,0,0,0,4,0
hierarchical,5,0,0,0,0,0,0,0,0,0
organization,0,0,0,0,0,1,0,0,0,0
centre,0,0,0,0,0,2,0,0,1,0
class,0,0,0,0,0,7,0,0,0,0
tandem,2,0,0,0,0,2,0,0,0,0
cluster,0,0,0,0,0,1,0,0,0,0
atoll,0,0,0,0,0,1,0,0,0,0
involve,0,0,0,0,0,0,0,0,2,0
significantly,0,0,6,0,0,0,0,0,0,0
protocol,0,0,0,0,0,6,0,0,0,0
availability,0,0,0,0,0,4,0,0,0,0
tremendous,1,0,0,0,0,0,0,0,0,0
collapse,0,0,0,0,0,0,0,0,1,0
level,0,0,0,0,0,47,0,0,0,0
provider,0,0,0,0,0,8,0,0,0,0
interexchange,0,0,0,0,0,1,0,0,0,0
distinction,0,0,0,0,0,1,0,0,0,0
deregulation,0,0,0,0,0,1,0,0,0,0
rendering,0,0,0,0,0,9,0,0,0,0
edition,0,0,0,0,0,10,0,0,0,0
alternative,0,0,0,0,0,4,0,0,0,0
arise,0,0,0,0,0,0,0,0,4,0
instance,0,0,0,0,0,9,0,0,0,0
packetize,0,0,0,0,0,0,0,0,1,0
conventional,8,0,0,0,0,0,0,0,0,0
dedicate,0,0,0,0,0,0,0,0,3,0
approach,0,0,0,0,0,7,0,0,0,0
length,0,0,0,0,0,22,0,0,0,0
fixed,4,0,0,0,0,0,0,0,0,0
underlie,0,0,0,0,0,0,0,0,1,0
configuration,0,0,0,0,0,1,0,0,0,0
router,0,0,0,0,0,2,0,0,0,0
port,0,0,0,0,0,2,0,0,0,0
fabric,0,0,0,0,0,1,0,0,0,0
processor,0,0,0,0,0,1,0,0,0,0
execute,0,0,0,0,0,0,0,0,1,0
routing,0,0,0,0,0,1,0,0,0,0
management,0,0,0,0,0,3,0,0,0,0
digitized,1,0,0,0,0,0,0,0,0,0
pack,0,0,0,0,0,0,0,0,1,0
asynchronous,3,0,0,0,0,0,0,0,0,0
mode,0,0,0,0,0,1,0,0,0,0
destination,0,0,0,0,0,2,0,0,0,0
alerting,0,0,0,0,0,1,0,0,0,0
addressing,0,0,0,0,0,1,0,0,0,0
supervision,0,0,0,0,0,1,0,0,0,0
idle,1,0,0,0,0,0,0,0,0,0
recording,0,0,0,0,0,1,0,0,0,0
general,5,0,0,0,0,0,0,0,0,0
standardize,0,0,0,0,0,0,0,0,6,0
proportion,0,0,0,0,0,3,0,0,0,0
rotation,0,0,0,0,0,2,0,0,0,0
inside,0,1,0,0,0,0,0,0,0,0
governor,0,0,0,0,0,2,0,0,0,0
ensure,0,0,0,0,0,0,0,0,2,0
shaft,0,0,0,0,0,1,0,0,0,0
cam,0,0,0,0,0,1,0,0,0,0
stop,0,0,0,0,0,0,0,0,2,0
limit,0,0,0,0,0,1,0,0,6,0
operating,0,0,0,0,0,6,0,0,0,0
nominally,0,0,1,0,0,0,0,0,0,0
tenth,0,0,0,0,0,1,0,0,0,0
pad,0,0,0,0,0,3,0,0,0,0
conjunction,0,0,0,0,0,5,0,0,0,0
timing,0,0,0,0,0,1,0,0,0,0
extensive,2,0,0,0,0,0,0,0,0,0
conclude,0,0,0,0,0,0,0,0,2,0
twice,0,0,1,0,2,0,0,0,0,0
mechanically,0,0,1,0,0,0,0,0,0,0
eventually,0,0,4,0,0,0,0,0,0,0
worldwide,4,0,3,0,0,0,0,0,0,0
multifrequency,0,0,0,0,0,1,0,0,0,0
accommodate,0,0,0,0,0,0,0,0,4,0
intersect,0,0,0,0,0,0,0,0,1,0
despite,0,0,0,0,0,0,0,2,0,0
simplicity,0,0,0,0,0,2,0,0,0,0
present,2,0,0,0,0,0,0,0,3,0
fall,0,0,0,0,0,0,0,0,3,0
interfere,0,0,0,0,0,0,0,0,1,0
carry,0,0,0,0,0,0,0,0,9,0
tie,0,0,0,0,0,0,0,0,1,0
merely,0,0,1,0,0,0,0,0,0,0
channel,0,0,0,0,0,67,0,0,0,0
microprocessor,0,0,0,0,0,1,0,0,0,0
predecessor,0,0,0,0,0,4,0,0,0,0
internationally,0,0,1,0,0,0,0,0,0,0
international,2,0,0,0,0,0,0,0,0,0
body,0,0,0,0,0,2,0,0,0,0
universally,0,0,1,0,0,0,0,0,0,0
shortcoming,0,0,0,0,0,1,0,0,0,0
successor,0,0,0,0,0,4,0,0,0,0
implement,0,0,0,0,0,0,0,0,2,0
sending,0,0,0,0,0,1,0,0,0,0
receiving,0,0,0,0,0,2,0,0,0,0
ordinary,2,0,0,0,0,0,0,0,0,0
huge,1,0,0,0,0,0,0,0,0,0
amount,0,0,0,0,0,2,0,0,1,0
medium,0,0,0,0,0,8,0,0,0,0
outdoor,1,0,0,0,0,0,0,0,0,0
non,1,0,0,0,0,0,0,0,0,0
wooden,1,0,0,0,0,0,0,0,0,0
insulator,0,0,0,0,0,1,0,0,0,0
ground,0,0,0,0,0,4,0,0,0,0
earth,0,0,0,0,0,1,0,0,0,0
unfortunately,0,0,2,0,0,0,0,0,0,0
susceptible,2,0,0,0,0,0,0,0,0,0
experience,0,0,0,0,0,1,0,0,2,0
apparent,2,0,0,0,0,0,0,0,0,0
fraction,0,0,0,0,0,1,0,0,0,0
principal,2,0,0,0,0,0,0,0,0,0
difference,0,0,0,0,0,3,0,0,0,0
situation,0,0,0,0,0,2,0,0,0,0
brittle,1,0,0,0,0,0,0,0,0,0
self,0,0,0,0,0,1,0,0,0,0
span,0,0,0,0,0,2,0,0,1,0
hard,0,0,2,0,0,0,0,0,0,0
telephony,0,0,0,0,0,2,0,0,0,0
adjacent,2,0,0,0,0,0,0,0,0,0
crossarm,0,0,0,0,0,1,0,0,0,0
find,0,0,0,0,0,0,0,0,4,0
transpose,0,0,0,0,0,0,0,0,1,0
specify,0,0,0,0,0,0,0,0,2,0
attenuate,0,0,0,0,0,0,0,0,4,0
theoretical,3,0,0,0,0,0,0,0,0,0
book,0,0,0,0,0,4,0,0,0,0
english,3,0,0,0,0,0,0,0,0,0
physicist,0,0,0,0,0,2,0,0,0,0
inductive,1,0,0,0,0,0,0,0,0,0
loading,0,0,0,0,0,5,0,0,0,0
regular,8,0,0,0,0,0,0,0,0,0
kilohertz,0,0,0,0,0,17,0,0,0,0
extended,1,0,0,0,0,0,0,0,0,0
proceeding,0,0,0,0,0,1,0,0,0,0
country,0,0,0,0,0,9,0,0,0,0
amplifier,0,0,0,0,0,5,0,0,0,0
patenting,0,0,0,0,0,1,0,0,0,0
truly,0,0,2,0,0,0,0,0,0,0
viable,2,0,0,0,0,0,0,0,0,0
substantial,1,0,0,0,0,0,0,0,0,0
growth,0,0,0,0,0,2,0,0,0,0
circuitry,0,0,0,0,0,2,0,0,0,0
bulk,0,0,0,0,0,1,0,0,0,0
conversation,0,0,0,0,0,6,0,0,0,0
stack,0,0,0,0,0,0,0,0,1,0
discrete,5,0,0,0,0,0,0,0,0,0
frame,0,0,0,0,0,16,0,0,0,0
interface,0,0,0,0,0,5,0,0,0,0
aggregate,0,0,0,0,0,0,0,0,1,0
broadband,4,0,0,0,0,6,0,0,0,0
feasibility,0,0,0,0,0,1,0,0,0,0
effort,0,0,0,0,0,9,0,0,0,0
integrated,1,0,0,0,0,0,0,0,0,0
bitrate,0,0,0,0,0,1,0,0,0,0
roll,0,0,0,0,0,0,0,0,1,0
initial,2,0,0,0,0,0,0,0,0,0
look,0,0,0,0,0,0,0,0,2,0
attractive,1,0,0,0,0,0,0,0,0,0
repurpose,0,0,0,0,0,0,0,0,1,0
creation,0,0,0,0,0,1,0,0,0,0
downstream,8,0,4,0,0,2,0,0,0,0
upstream,9,0,3,0,0,2,0,0,0,0
adapter,0,0,0,0,0,3,0,0,0,0
dedicated,3,0,0,0,0,0,0,0,0,0
unlike,0,9,0,0,0,0,0,0,0,0
competitor,0,0,0,0,0,1,0,0,0,0
neighbourhood,0,0,0,0,0,1,0,0,0,0
degrade,0,0,0,0,0,0,0,0,3,0
strength,0,0,0,0,0,1,0,0,0,0
depend,0,0,0,0,0,0,0,0,9,0
gauge,0,0,0,0,0,1,0,0,0,0
factor,0,0,0,0,0,3,0,0,0,0
mbp,0,0,0,0,0,16,0,0,0,0
kbp,0,0,0,0,0,27,0,0,0,0
motion,0,0,0,0,0,3,0,0,0,0
picture,0,0,0,0,0,6,0,0,0,0
residence,0,0,0,0,0,1,0,0,0,0
bundle,0,0,0,0,0,1,0,0,2,0
contain,0,0,0,0,0,0,0,0,8,0
advantage,0,0,0,0,0,3,0,0,0,0
contiguous,1,0,0,0,0,0,0,0,0,0
sight,0,0,0,0,0,3,0,0,0,0
tower,0,0,0,0,0,5,0,0,0,0
route,0,0,0,0,0,2,0,0,1,0
cutaway,0,0,0,0,0,2,0,0,0,0
drawing,0,0,0,0,0,4,0,0,0,0
multipair,1,0,0,0,0,0,0,0,0,0
direction,0,0,0,0,0,7,0,0,0,0
propagation,0,0,0,0,0,2,0,0,0,0
render,0,0,0,0,0,0,0,0,1,0
optical,16,0,0,0,0,0,0,0,0,0
haul,0,0,0,0,0,2,0,0,0,0
deployment,0,0,0,0,0,5,0,0,0,0
progress,0,0,0,0,0,1,0,0,0,0
nonzero,1,0,0,0,0,0,0,0,0,0
dispersion,0,0,0,0,0,1,0,0,0,0
wavelength,0,0,0,0,0,9,0,0,0,0
erbium,0,0,0,0,0,2,0,0,0,0
dope,0,0,0,0,0,0,0,0,2,0
laser,0,0,0,0,0,3,0,0,0,0
pump,0,0,0,0,0,1,0,0,0,0
tunable,1,0,0,0,0,0,0,0,0,0
left,1,0,0,0,0,0,0,0,0,0
protective,1,0,0,0,0,0,0,0,0,0
sheathing,0,0,0,0,0,1,0,0,0,0
right,0,0,1,0,0,0,0,0,0,0
schematic,1,0,0,0,0,0,0,0,0,0
ray,0,0,0,0,0,2,0,0,0,0
refractive,1,0,0,0,0,0,0,0,0,0
index,0,0,0,0,0,1,0,0,0,0
dense,1,0,0,0,0,0,0,0,0,0
gbp,0,0,0,0,0,2,0,0,0,0
gigabit,0,0,0,0,0,2,0,0,0,0
billion,0,0,0,0,0,1,11,0,0,0
equivalent,3,0,0,0,0,2,0,0,0,0
hierarchy,0,0,0,0,0,2,0,0,0,0
continent,0,0,0,0,0,2,0,0,0,0
goal,0,0,0,0,0,6,0,0,0,0
natural,2,0,0,0,0,0,0,0,0,0
ocean,0,0,0,0,0,1,0,0,0,0
ingenuity,0,0,0,0,0,1,0,0,0,0
transatlantic,8,0,0,0,0,0,0,0,0,0
limitation,0,0,0,0,0,3,0,0,0,0
outgrow,0,0,0,0,0,0,0,0,1,0
accordingly,0,0,1,0,0,0,0,0,0,0
transoceanic,2,0,0,0,0,0,0,0,0,0
repeater,0,0,0,0,0,2,0,0,0,0
lay,0,0,0,0,0,0,0,0,2,0
specifically,0,0,1,0,0,0,0,0,0,0
dramatically,0,0,1,0,0,0,0,0,0,0
assignment,0,0,0,0,0,2,0,0,0,0
interpolation,0,0,0,0,0,1,0,0,0,0
total,5,0,0,0,0,3,0,0,0,0
transpacific,1,0,0,0,0,0,0,0,0,0
segment,0,0,0,0,0,2,0,0,1,0
ambitious,1,0,0,0,0,0,0,0,0,0
program,0,0,0,0,0,4,0,0,0,0
protect,0,0,0,0,0,0,0,0,4,0
roughly,0,0,1,0,0,0,0,0,0,0
owe,0,0,0,0,0,0,0,0,1,0
investigate,0,0,0,0,0,0,0,0,1,0
elliptical,1,0,0,0,0,0,0,0,0,0
orbit,0,0,0,0,0,4,0,0,4,0
apogee,0,0,0,0,0,1,0,0,0,0
farth,1,0,0,0,0,0,0,0,0,0
sky,0,0,0,0,0,1,0,0,0,0
view,0,0,0,0,0,2,0,0,3,0
geostationary,8,0,0,0,0,0,0,0,0,0
circular,1,0,0,0,0,0,0,0,0,0
previous,1,0,0,0,0,0,0,0,0,0
longitude,0,0,0,0,0,1,0,0,0,0
transponder,0,0,0,0,0,1,0,0,0,0
quarter,1,0,0,0,0,1,0,0,0,0
delay,0,0,0,0,0,5,0,0,0,0
difficult,1,0,0,0,0,0,0,0,0,0
reason,0,0,0,0,0,4,0,0,0,0
damage,0,0,0,0,0,0,0,0,1,0
loss,0,0,0,0,0,1,0,0,0,0
noise,0,0,0,0,0,12,0,0,0,0
encoder,0,0,0,0,0,28,0,0,0,0
formula,0,0,0,0,0,1,0,0,0,0
redundant,13,0,0,0,0,0,0,0,0,0
error,0,0,0,0,0,28,0,0,0,0
detect,0,0,0,0,0,0,0,0,4,0
correct,1,0,0,0,0,0,0,0,9,0
encode,0,0,0,0,0,0,0,0,11,0
suitable,3,0,0,0,0,0,0,0,0,0
extract,0,0,0,0,0,0,0,0,2,0
block,0,0,0,0,0,10,0,0,1,0
diagram,0,0,0,0,0,3,0,0,0,0
object,0,0,0,0,0,1,0,0,0,0
fidelity,0,0,0,0,0,3,0,0,0,0
degradation,0,0,0,0,0,1,0,0,0,0
impose,0,0,0,0,0,0,0,0,1,0
distortion,0,0,0,0,0,5,0,0,0,0
relatively,0,0,1,0,0,0,0,0,0,0
free,7,0,1,0,0,0,0,0,0,0
kind,0,0,0,0,0,1,0,0,0,0
value,0,0,0,0,0,14,0,0,0,0
reception,0,0,0,0,0,5,0,0,0,0
digitally,0,0,1,0,0,0,0,0,0,0
gather,0,0,0,0,0,0,0,0,2,0
probe,0,0,0,0,0,1,0,0,0,0
continually,0,0,2,0,0,0,0,0,0,0
sample,0,0,0,0,0,13,0,0,7,0
map,0,0,0,0,0,1,0,0,6,0
decode,0,0,0,0,0,0,0,0,2,0
reconstitute,0,0,0,0,0,0,0,0,2,0
measure,0,0,0,0,0,1,0,0,5,0
equally,0,0,1,0,0,0,0,0,0,0
instant,3,0,0,0,0,2,0,0,0,0
assumption,0,0,0,0,0,2,0,0,0,0
constrain,0,0,0,0,0,0,0,0,1,0
sum,0,0,0,0,0,4,0,0,0,0
sine,0,0,0,0,0,2,0,0,0,0
oscillation,0,0,0,0,0,3,0,0,0,0
occupy,0,0,0,0,0,0,0,0,8,0
fundamental,2,0,0,0,0,0,0,0,0,0
theorem,0,0,0,0,0,5,0,0,0,0
uniquely,0,0,1,0,0,0,0,0,0,0
apart,0,0,3,0,0,0,0,0,0,0
commonly,0,0,8,0,0,0,0,0,0,0
practice,0,0,0,0,0,8,0,0,1,0
representation,0,0,0,0,0,3,0,0,0,0
finite,4,0,0,0,0,0,0,0,0,0
ease,0,0,0,0,0,1,0,0,0,0
degree,0,0,0,0,0,6,0,0,0,0
precision,0,0,0,0,0,1,0,0,0,0
adequate,1,0,0,0,0,0,0,0,0,0
average,4,0,0,0,0,1,0,0,0,0
listener,0,0,0,0,0,1,0,0,0,0
quantizer,0,0,0,0,0,5,0,0,0,0
infinite,1,0,0,0,0,0,0,0,0,0
restrict,0,0,0,0,0,0,0,0,1,0
infinitely,0,0,1,0,0,0,0,0,0,0
inevitably,0,0,1,0,0,0,0,0,0,0
inaccuracy,0,0,0,0,0,3,0,0,0,0
quantization,0,0,0,0,0,8,0,0,0,0
lossy,1,0,0,0,0,0,0,0,0,0
storage,0,0,0,0,0,6,0,0,0,0
judicious,1,0,0,0,0,0,0,0,0,0
placement,0,0,0,0,0,2,0,0,0,0
threshold,0,0,0,0,0,2,0,0,0,0
optimal,3,0,0,0,0,0,0,0,0,0
likely,4,0,0,0,0,0,0,0,0,0
few,6,0,0,0,0,0,0,0,0,0
nonlinear,2,0,0,0,0,0,0,0,0,0
compressor,0,0,0,0,0,1,0,0,0,0
weak,1,0,0,0,0,0,0,0,0,0
uniform,3,0,0,0,0,0,0,0,0,0
linear,1,0,0,0,0,0,0,0,0,0
spacing,0,0,0,0,0,1,0,0,0,0
uniformly,0,0,1,0,0,0,0,0,0,0
compression,0,0,0,0,0,12,0,0,0,0
expansion,0,0,0,0,0,2,0,0,0,0
companding,0,0,0,0,0,1,0,0,0,0
yield,0,0,0,0,0,0,0,0,2,0
earn,0,0,0,0,0,0,0,0,2,0
engineering,0,0,0,0,0,3,0,0,0,0
physics,0,0,0,0,0,1,0,0,0,0
department,0,0,0,0,0,1,0,0,0,0
elegance,0,0,0,0,0,1,0,0,0,0
generality,0,0,0,0,0,1,0,0,0,0
writing,0,0,0,0,0,1,0,0,0,0
cite,0,0,0,0,0,0,0,0,2,0
affect,0,0,0,0,0,0,0,0,1,0
analysis,0,0,0,0,0,1,0,0,0,0
relationship,0,0,0,0,0,1,0,0,0,0
topic,0,0,0,0,0,1,0,0,0,0
refine,0,0,0,0,0,0,0,0,1,0
reconstruct,0,0,0,0,0,0,0,0,1,0
paragraph,0,0,0,0,0,1,0,0,0,0
classic,1,0,0,0,0,0,0,0,0,0
essay,0,0,0,0,0,1,0,0,0,0
seminal,1,0,0,0,0,0,0,0,0,0
role,0,0,0,0,0,1,0,0,0,0
acknowledge,0,0,0,0,0,0,0,0,1,0
mathematical,1,0,0,0,0,0,0,0,0,0
explanation,0,0,0,0,0,1,0,0,0,0
unexpectedly,0,0,1,0,0,0,0,0,0,0
critical,1,0,0,0,0,0,0,0,0,0
importance,0,0,0,0,0,2,0,0,0,0
pioneer,0,0,0,0,0,0,0,0,1,0
negative,1,0,0,0,0,1,0,0,0,0
feedback,0,0,0,0,0,2,0,0,0,0
stable,1,0,0,0,0,0,0,0,0,0
criterion,0,0,0,0,0,1,0,0,0,0
stability,0,0,0,0,0,1,0,0,0,0
artillery,0,0,0,0,0,1,0,0,0,0
prolific,1,0,0,0,0,0,0,0,0,0
credit,0,0,0,0,0,0,0,0,2,0
relate,0,0,0,0,0,0,0,0,2,0
consultant,0,0,0,0,0,1,0,0,0,0
military,1,0,0,0,0,0,0,0,0,0
digitization,0,0,0,0,0,1,0,0,0,0
table,0,0,0,0,0,1,0,0,0,0
overall,2,0,0,0,0,0,0,0,0,0
squeeze,0,0,0,0,0,0,0,0,1,0
allot,0,0,0,0,0,0,0,0,1,0
costly,1,0,0,0,0,0,0,0,0,0
correspondingly,0,0,1,0,0,0,0,0,0,0
distort,0,0,0,0,0,0,0,0,1,0
resultant,1,0,0,0,0,0,0,0,0,0
tolerance,0,0,0,0,0,1,0,0,0,0
parameter,0,0,0,0,0,5,0,0,0,0
important,2,0,0,0,0,0,0,0,0,0
converter,0,0,0,0,0,1,0,0,0,0
probability,0,0,0,0,0,5,0,0,0,0
scale,0,0,0,0,0,1,0,0,1,0
percent,0,0,0,0,0,15,0,0,0,0
mapping,0,0,0,0,0,2,0,0,0,0
rule,0,0,0,0,0,3,0,0,0,0
minimize,0,0,0,0,0,0,0,0,2,0
designer,0,0,0,0,0,1,0,0,0,0
desirable,2,0,0,0,0,0,0,0,0,0
adapt,0,0,0,0,0,0,0,0,2,0
unknown,1,0,0,0,0,0,0,0,0,0
probable,1,0,0,0,0,0,0,0,0,0
occurrence,0,0,0,0,0,2,0,0,0,0
algorithm,0,0,0,0,0,7,0,0,0,0
codebook,0,0,0,0,0,4,0,0,0,0
encounter,0,0,0,0,0,0,0,0,1,0
extra,7,0,0,0,0,0,0,0,0,0
particular,4,0,0,0,0,0,0,0,0,0
black,6,0,0,0,0,0,0,0,0,0
pixel,0,0,0,0,0,7,0,0,0,0
element,0,0,0,0,0,4,0,0,0,0
white,5,0,0,0,0,0,0,0,0,0
inch,0,0,0,0,0,6,0,0,0,0
resolution,0,0,0,0,0,6,0,0,0,0
page,0,0,0,0,0,10,0,0,0,0
minute,0,0,0,0,0,6,0,0,0,0
partition,0,0,0,0,0,0,0,0,1,0
plus,0,0,0,6,0,0,0,0,0,0
remainder,0,0,0,0,0,1,0,0,0,0
decrease,0,0,0,0,0,0,0,0,2,0
typical,2,0,0,0,0,0,0,0,0,0
strategy,0,0,0,0,0,2,0,0,0,0
protection,0,0,0,0,0,1,0,0,0,0
coding,0,0,0,0,0,4,0,0,0,0
deep,1,0,0,0,0,0,0,0,0,0
networking,0,0,0,0,0,1,0,0,0,0
electronically,0,0,1,0,0,0,0,0,0,0
forward,1,0,0,0,0,0,0,0,0,0
decoder,0,0,0,0,0,3,0,0,0,0
repeat,0,0,0,0,0,2,0,0,0,0
examine,0,0,0,0,0,0,0,0,1,0
decide,0,0,0,0,0,0,0,0,1,0
majority,0,0,0,0,0,2,0,0,0,0
vote,0,0,0,0,0,1,0,0,0,0
repetition,0,0,0,0,0,1,0,0,0,0
uncoded,2,0,0,0,0,0,0,0,0,0
compare,0,0,0,0,0,0,0,0,3,0
gain,0,0,0,0,0,1,0,0,0,0
able,2,0,0,0,0,0,0,0,0,0
seven,0,0,0,0,0,0,5,0,0,0
calculation,0,0,0,0,0,1,0,0,0,0
parity,0,0,0,0,0,9,0,0,0,0
check,0,0,0,0,0,5,0,0,1,0
fourth,2,0,0,0,0,0,0,0,0,0
recompute,0,0,0,0,0,0,0,0,1,0
fail,0,0,0,0,0,0,0,0,2,0
elimination,0,0,0,0,0,1,0,0,0,0
wrong,1,0,0,0,0,0,0,0,0,0
append,0,0,0,0,0,0,0,0,1,0
completely,0,0,1,0,0,0,0,0,0,0
scheme,0,0,0,0,0,9,0,0,0,0
convolutional,5,0,0,0,0,0,0,0,0,0
naturally,0,0,1,0,0,0,0,0,0,0
unending,1,0,0,0,0,0,0,0,0,0
precede,0,0,0,0,0,0,0,0,2,0
state,0,0,0,0,0,10,0,0,0,0
node,0,0,0,0,0,1,0,0,0,0
decoding,0,0,0,0,0,5,0,0,0,0
trellis,0,0,0,0,0,6,0,0,0,0
demodulating,0,0,0,0,0,1,0,0,0,0
jointly,0,0,1,0,0,0,0,0,0,0
optimize,0,0,0,0,0,0,0,0,1,0
assigning,0,0,0,0,0,1,0,0,0,0
characteristic,0,0,0,0,0,3,0,0,0,0
accordance,0,0,0,0,0,2,0,0,0,0
recover,0,0,0,0,0,0,0,0,2,0
demodulation,0,0,0,0,0,1,0,0,0,0
passband,0,0,0,0,0,2,0,0,0,0
seriously,0,0,1,0,0,0,0,0,0,0
exhibit,0,0,0,0,0,0,0,0,3,0
translation,0,0,0,0,0,2,0,0,0,0
fit,0,0,0,0,0,0,0,0,3,0
mutual,2,0,0,0,0,0,0,0,0,0
combining,0,0,0,0,0,4,0,0,0,0
distribute,0,0,0,0,0,0,0,0,2,0
broadcast,0,0,0,0,0,1,0,0,0,0
undesirable,1,0,0,0,0,0,0,0,0,0
antenna,0,0,0,0,0,6,0,0,0,0
inherently,0,0,2,0,0,0,0,0,0,0
prior,0,0,2,0,0,0,0,0,0,0
reflect,0,0,0,0,0,0,0,0,1,0
baseband,0,0,0,0,0,1,0,0,0,0
impress,0,0,0,0,0,0,0,0,1,0
abruptly,0,0,1,0,0,0,0,0,0,0
alter,0,0,0,0,0,0,0,0,3,0
burst,0,0,0,0,0,2,0,0,0,0
preselecte,0,0,0,0,0,0,0,0,1,0
elementary,1,0,0,0,0,0,0,0,0,0
superposition,0,0,0,0,0,1,0,0,0,0
quadrature,0,0,0,0,0,4,0,0,0,0
exceed,0,0,0,0,0,0,0,0,4,0
sharing,0,0,0,0,0,5,0,0,0,0
separation,0,0,0,0,0,1,0,0,0,0
overlap,0,0,0,0,0,1,0,0,1,0
recovery,0,0,0,0,0,1,0,0,0,0
simplify,0,0,0,0,0,0,0,0,1,0
filtering,0,0,0,0,0,1,0,0,0,0
unused,2,0,0,0,0,0,0,0,0,0
portion,0,0,0,0,0,3,0,0,0,0
structure,0,0,0,0,0,4,0,0,0,0
supergroup,0,0,0,0,0,2,0,0,0,0
master,0,0,0,0,0,3,0,0,0,0
jumbo,1,0,0,0,0,0,0,0,0,0
north,4,0,0,0,0,0,0,0,0,0
interleaving,0,0,0,0,0,2,0,0,0,0
representative,1,0,0,0,0,0,0,0,0,0
multiplexer,0,0,0,0,0,2,0,0,0,0
tdm,0,0,0,0,0,1,0,0,0,0
interleaved,1,0,0,0,0,0,0,0,0,0
align,0,0,0,0,0,0,0,0,1,0
synchronize,0,0,0,0,0,0,0,0,4,0
scanning,0,0,0,0,0,3,0,0,0,0
kilobit,0,0,0,0,0,3,0,0,0,0
synchronization,0,0,0,0,0,1,0,0,0,0
megabit,0,0,0,0,0,3,0,0,0,0
recent,1,0,0,0,0,0,0,0,0,0
define,0,0,0,0,0,0,0,0,3,0
geographically,0,0,2,0,0,0,0,0,0,0
sporadically,0,0,1,0,0,0,0,0,0,0
difficulty,0,0,0,0,0,2,0,0,0,0
potential,1,0,0,0,0,0,0,0,0,0
communicator,0,0,0,0,0,1,0,0,0,0
manage,0,0,0,0,0,0,0,0,2,0
reuse,0,0,0,0,0,1,0,0,4,0
locally,0,0,1,0,0,0,0,0,0,0
randomly,0,0,1,0,0,0,0,0,0,0
occasion,0,0,0,0,0,1,0,0,0,0
buffer,0,0,0,0,0,0,0,0,2,0
buffering,0,0,0,0,0,1,0,0,0,0
brief,2,0,0,0,0,0,0,0,0,0
ordinarily,0,0,1,0,0,0,0,0,0,0
aspect,0,0,0,0,0,2,0,0,0,0
reject,0,0,0,0,0,0,0,0,1,0
recognition,0,0,0,0,0,1,0,0,0,0
signature,0,0,0,0,0,2,0,0,0,0
site,0,0,0,0,0,3,0,0,0,0
millisecond,0,0,0,0,0,1,0,0,0,0
duration,0,0,0,0,0,1,0,0,0,0
cyclic,1,0,0,0,0,0,0,0,0,0
detection,0,0,0,0,0,1,0,0,0,0
tail,0,0,0,0,0,1,0,0,0,0
properly,0,0,1,0,0,0,0,0,0,0
multiply,0,0,0,0,0,0,0,0,2,0
filter,0,0,0,0,0,1,0,0,2,0
immediately,0,0,1,0,0,0,0,0,0,0
context,0,0,0,0,0,1,0,0,0,0
textual,1,0,0,0,0,0,0,0,0,0
graphic,1,0,0,0,0,0,0,0,0,0
revolutionize,0,0,0,0,0,0,0,0,1,0
correspondence,0,0,0,0,0,1,0,0,0,0
postal,1,0,0,0,0,0,0,0,0,0
private,2,0,0,0,0,0,0,0,0,0
courier,0,0,0,0,0,1,0,0,0,0
adopt,0,0,0,0,0,0,0,0,7,0
compatibility,0,0,0,0,0,1,0,0,0,0
letter,0,0,0,0,0,2,0,0,0,0
size,0,0,0,0,0,3,0,0,0,0
feed,0,0,0,0,0,0,0,0,1,0
repeatedly,0,0,1,0,0,0,0,0,0,0
width,0,0,0,0,0,1,0,0,0,0
solid,2,0,0,0,0,0,0,0,0,0
photosensor,0,0,0,0,0,3,0,0,0,0
spot,0,0,0,0,0,6,0,0,0,0
typewritten,1,0,0,0,0,0,0,0,0,0
handshake,0,0,0,0,0,1,0,0,0,0
compatible,4,0,0,0,0,0,0,0,0,0
printing,0,0,0,0,0,2,0,0,0,0
receipt,0,0,0,0,0,1,0,0,0,0
printer,0,0,0,0,0,3,0,0,0,0
thermally,0,0,1,0,0,0,0,0,0,0
sensitive,2,0,0,0,0,0,0,0,0,0
minutely,0,0,1,0,0,0,0,0,0,0
focus,0,0,0,0,0,0,0,0,5,0
diode,0,0,0,0,0,1,0,0,0,0
sweep,0,0,0,0,0,0,0,0,1,0
electrostatically,0,0,1,0,0,0,0,0,0,0
drum,0,0,0,0,0,4,0,0,0,0
toner,0,0,0,0,0,2,0,0,0,0
powder,0,0,0,0,0,1,0,0,0,0
pc,0,0,0,0,0,5,0,0,0,0
proper,1,0,0,0,0,0,0,0,0,0
software,0,0,0,0,0,11,0,0,0,0
conversely,0,0,1,0,0,0,0,0,0,0
remote,2,0,0,0,0,0,0,0,0,0
eventual,2,0,0,0,0,0,0,0,0,0
desktop,0,0,0,0,0,6,0,0,0,0
mail,0,0,0,0,0,6,0,0,0,0
contemporary,1,0,0,0,0,0,0,0,0,0
widespread,1,0,0,0,0,0,0,0,0,0
employment,0,0,0,0,0,3,0,0,0,0
inexpensive,2,0,0,0,0,0,0,0,0,0
ultimately,0,0,4,0,0,0,0,0,0,0
fruitful,1,0,0,0,0,0,0,0,0,0
trace,0,0,0,0,0,0,0,0,3,0
section,0,0,0,0,0,1,0,0,0,0
origin,0,0,0,0,0,1,0,0,0,0
scottish,2,0,0,0,0,0,0,0,0,0
british,2,0,0,0,0,0,0,0,0,0
regulate,0,0,0,0,0,0,0,0,1,0
timepiece,0,0,0,0,0,1,0,0,0,0
dimensional,1,0,0,0,0,0,0,0,0,0
surface,0,0,0,0,0,4,0,0,1,0
propose,0,0,0,0,0,0,0,0,3,0
pendulum,0,0,0,0,0,3,0,0,0,0
differ,0,0,0,0,0,0,0,0,1,0
somewhat,0,0,1,0,0,0,0,0,0,0
varnish,0,0,0,0,0,1,0,0,0,0
nonconducting,1,0,0,0,0,0,0,0,0,0
wrap,0,0,0,0,0,0,0,0,2,0
clock,0,0,0,0,0,1,0,0,0,0
mark,0,0,0,0,0,0,0,0,1,0
chemically,0,0,1,0,0,0,0,0,0,0
treat,0,0,0,0,0,0,0,0,1,0
italian,1,0,0,0,0,0,0,0,0,0
selenium,0,0,0,0,0,1,0,0,0,0
photocell,0,0,0,0,0,2,0,0,0,0
transparent,3,0,0,0,0,0,0,0,0,0
photographic,1,0,0,0,0,0,0,0,0,0
film,0,0,0,0,0,1,0,0,0,0
predate,0,0,0,0,0,0,0,0,1,0
await,0,0,0,0,0,0,0,0,1,0
telephotography,0,0,0,0,0,3,0,0,0,0
political,1,0,0,0,0,0,0,0,0,0
convention,0,0,0,0,0,1,0,0,0,0
publication,0,0,0,0,0,1,0,0,0,0
motor,0,0,0,0,0,3,0,0,0,0
positive,1,0,0,0,0,0,0,0,0,0
photoelectric,2,0,0,0,0,0,0,0,0,0
unexposed,1,0,0,0,0,0,0,0,0,0
progressively,0,0,1,0,0,0,0,0,0,0
illuminate,0,0,0,0,0,0,0,0,1,0
narrowly,0,0,1,0,0,0,0,0,0,0
advancement,0,0,0,0,0,1,0,0,0,0
operability,0,0,0,0,0,1,0,0,0,0
european,3,0,0,0,0,0,0,0,0,0
nontextual,1,0,0,0,0,0,0,0,0,0
slow,2,0,0,0,0,0,0,0,0,0
threefold,1,0,0,0,0,0,0,0,0,0
sponsor,0,0,0,0,0,0,0,0,1,0
supplant,0,0,0,0,0,0,0,0,1,0
readily,0,0,2,0,0,0,0,0,0,0
byte,0,0,0,0,0,10,0,0,0,0
increment,0,0,0,0,0,1,0,0,0,0
choice,0,0,0,0,0,1,0,0,0,0
thousand,0,0,0,0,0,3,0,0,0,0
operable,1,0,0,0,0,0,0,0,0,0
character,0,0,0,0,0,3,0,0,0,0
comma,0,0,0,0,0,1,0,0,0,0
percentage,0,0,0,0,0,1,0,0,0,0
processing,0,0,0,0,0,2,0,0,0,0
kilobyte,0,0,0,0,0,1,0,0,0,0
megabyte,0,0,0,0,0,1,0,0,0,0
express,0,0,0,0,0,0,0,0,4,0
gigabyte,0,0,0,0,0,1,0,0,0,0
terabyte,0,0,0,0,0,1,0,0,0,0
trillion,0,0,0,0,0,1,1,0,0,0
modulator,0,0,0,0,0,1,0,0,0,0
demodulator,0,0,0,0,0,1,0,0,0,0
downloading,0,0,0,0,0,1,0,0,0,0
server,0,0,0,0,0,1,0,0,0,0
asymmetric,3,0,0,0,0,0,0,0,0,0
deliver,0,0,0,0,0,0,0,0,3,0
requirement,0,0,0,0,0,2,0,0,0,0
lease,0,0,0,0,0,0,0,0,3,0
hybrid,3,0,0,0,0,0,0,0,0,0
market,0,0,0,0,0,7,0,0,1,0
freestanding,1,0,0,0,0,0,0,0,0,0
sized,1,0,0,0,0,0,0,0,0,0
module,0,0,0,0,0,1,0,0,0,0
board,0,0,0,0,0,2,0,0,0,0
wavelike,1,0,0,0,0,0,0,0,0,0
job,0,0,0,0,0,1,0,0,0,0
baud,0,0,0,0,0,5,0,0,0,0
rise,0,0,0,0,0,0,0,0,2,0
throughput,0,0,0,0,0,4,0,0,0,0
bp,0,0,0,0,0,2,0,0,0,0
raise,0,0,0,0,0,0,0,0,1,0
recommendation,0,0,0,0,0,1,0,0,0,0
sector,0,0,0,0,0,1,0,0,0,0
initiate,0,0,0,0,0,0,0,0,1,0
identical,2,0,0,0,0,0,0,0,0,0
ability,0,0,0,0,0,3,0,0,0,0
duplex,8,0,0,0,0,1,0,0,0,0
interactive,1,0,0,0,0,0,0,0,0,0
strictly,0,0,1,0,0,0,0,0,0,0
impairment,0,0,0,0,0,4,0,0,0,0
inherent,1,0,0,0,0,0,0,0,0,0
equalization,0,0,0,0,0,4,0,0,0,0
smear,0,0,0,0,0,0,0,0,1,0
stem,0,0,0,0,0,0,0,0,1,0
kbps,0,0,0,0,0,6,0,0,0,0
adaptive,5,0,0,0,0,0,0,0,0,0
equalizer,0,0,0,0,0,3,0,0,0,0
compensate,0,0,0,0,0,0,0,0,2,0
smearing,0,0,0,0,0,1,0,0,0,0
imperfect,1,0,0,0,0,0,0,0,0,0
intervention,0,0,0,0,0,1,0,0,0,0
imperfection,0,0,0,0,0,1,0,0,0,0
nominal,1,0,0,0,0,0,0,0,0,0
concerted,1,0,0,0,0,0,0,0,0,0
echo,0,0,0,0,0,1,0,0,0,0
cancellation,0,0,0,0,0,1,0,0,0,0
unconditioned,1,0,0,0,0,0,0,0,0,0
integral,1,0,0,0,0,0,0,0,0,0
possibility,0,0,0,0,0,2,0,0,0,0
issuance,0,0,0,0,0,1,0,0,0,0
estimate,0,0,0,0,0,0,0,0,2,0
purely,0,0,4,0,0,0,0,0,0,0
backbone,0,0,0,0,0,1,0,0,0,0
premise,0,0,0,0,0,4,0,0,0,0
researcher,0,0,0,0,0,1,0,0,0,0
spectral,2,0,0,0,0,0,0,0,0,0
shaping,0,0,0,0,0,1,0,0,0,0
domain,0,0,0,0,0,1,0,0,0,0
regulation,0,0,0,0,0,1,0,0,0,0
actual,3,0,0,0,0,0,0,0,0,0
isp,0,0,0,0,0,2,0,0,0,0
precoding,0,0,0,0,0,1,0,0,0,0
equalize,0,0,0,0,0,0,0,0,1,0
ethernet,0,0,0,0,0,2,0,0,0,0
distribution,0,0,0,0,0,1,0,0,0,0
termination,0,0,0,0,0,1,0,0,0,0
fairly,0,0,1,0,0,0,0,0,0,0
rare,1,0,0,0,0,0,0,0,0,0
substantially,0,0,1,0,0,0,0,0,0,0
consolidation,0,0,0,0,0,2,0,0,0,0
incompatible,3,0,0,0,0,0,0,0,0,0
consortium,0,0,0,0,0,3,0,0,0,0
branch,0,0,0,0,0,5,0,0,0,0
collectively,0,0,2,0,0,0,0,0,0,0
analogous,1,0,0,0,0,0,0,0,0,0
quaternary,1,0,0,0,0,0,0,0,0,0
initialize,0,0,0,0,0,0,0,0,1,0
card,0,0,0,0,0,1,0,0,0,0
symmetric,1,0,0,0,0,0,0,0,0,0
designation,0,0,0,0,0,1,0,0,0,0
currently,0,0,1,0,0,0,0,0,0,0
statistically,0,0,1,0,0,0,0,0,0,0
transceiver,0,0,0,0,0,3,0,0,0,0
delivery,0,0,0,0,0,1,0,0,0,0
multitone,0,0,0,0,0,1,0,0,0,0
qam,0,0,0,0,0,1,0,0,0,0
splitter,0,0,0,0,0,3,0,0,0,0
technician,0,0,0,0,0,2,0,0,0,0
expense,0,0,0,0,0,1,0,0,0,0
adsl,0,0,0,0,0,1,0,0,0,0
variously,0,0,1,0,0,0,0,0,0,0
splitterless,1,0,0,0,0,0,0,0,0,0
dmt,0,0,0,0,0,1,0,0,0,0
installable,1,0,0,0,0,0,0,0,0,0
equal,1,0,0,0,0,0,0,0,1,0
foot,0,0,0,0,0,2,0,0,0,0
global,3,0,0,0,0,0,0,0,0,0
phenomenon,0,0,0,0,0,1,0,0,0,0
subscription,0,0,0,0,0,4,0,0,0,0
population,0,0,0,0,0,3,0,0,0,0
live,0,0,0,0,0,0,0,0,1,0
coverage,0,0,0,0,0,6,0,0,0,0
third,0,0,0,0,0,1,0,0,0,0
purchase,0,0,0,0,0,2,0,0,1,0
handheld,6,0,0,0,0,0,0,0,0,0
download,0,0,0,0,0,1,0,0,1,0
comparable,2,0,0,0,0,0,0,0,0,0
vehicle,0,0,0,0,0,3,0,0,0,0
pedestrian,0,0,0,0,0,3,0,0,0,0
square,3,0,0,0,0,0,0,0,0,0
kilometre,0,0,0,0,0,1,0,0,0,0
weight,0,0,0,0,0,1,0,0,0,0
teenage,1,0,0,0,0,0,0,0,0,0
girl,0,0,0,0,0,1,0,0,0,0
laptop,0,0,0,0,0,1,0,0,0,0
summarize,0,0,0,0,0,0,0,0,1,0
geographic,4,0,0,0,0,0,0,0,0,0
hexagon,0,0,0,0,0,1,0,0,0,0
hexagonal,1,0,0,0,0,0,0,0,0,0
irregular,1,0,0,0,0,0,0,0,0,0
efficiency,0,0,0,0,0,1,0,0,0,0
proceed,0,0,0,0,0,0,0,0,1,0
controller,0,0,0,0,0,3,0,0,0,0
automatically,0,0,1,0,0,0,0,0,0,0
reroute,0,0,0,0,0,0,0,0,1,0
noticeable,2,0,0,0,0,0,0,0,0,0
handoff,0,0,0,0,0,2,0,0,0,0
intelligent,1,0,0,0,0,0,0,0,0,0
keep,0,0,0,0,0,0,0,0,1,0
track,0,0,0,0,0,1,0,0,0,0
overloaded,1,0,0,0,0,0,0,0,0,0
allocation,0,0,0,0,0,2,0,0,0,0
rearrange,0,0,0,0,0,0,0,0,1,0
discontiguous,1,0,0,0,0,0,0,0,0,0
splitting,0,0,0,0,0,1,0,0,0,0
distinguish,0,0,0,0,0,0,0,0,1,0
metropolitan,2,0,0,0,0,0,0,0,0,0
interconnection,0,0,0,0,0,1,0,0,0,0
simplex,1,0,0,0,0,0,0,0,0,0
searching,0,0,0,0,0,1,0,0,0,0
face,0,0,0,0,0,2,0,0,1,0
resource,0,0,0,0,0,1,0,0,0,0
tall,2,0,0,0,0,0,0,0,0,0
chance,0,0,0,0,0,1,0,0,0,0
disrupt,0,0,0,0,0,0,0,0,1,0
primarily,0,0,1,0,0,0,0,0,0,0
outset,0,0,0,0,0,1,0,0,0,0
automobile,0,0,0,0,0,1,0,0,0,0
publicly,0,0,1,0,0,0,0,0,0,0
beginning,0,0,0,0,0,1,0,0,0,0
shortage,0,0,0,0,0,1,0,0,0,0
narrowband,0,0,0,0,0,1,0,0,0,0
committee,0,0,0,0,0,1,0,0,0,0
ubiquitous,2,0,0,0,0,0,0,0,0,0
enhancement,0,0,0,0,0,1,0,0,0,0
browsing,0,0,0,0,0,3,0,0,0,0
messaging,0,0,0,0,0,6,0,0,0,0
loosely,0,0,1,0,0,0,0,0,0,0
attribute,0,0,0,0,0,1,0,0,0,0
multimedia,0,0,0,0,0,2,0,0,0,0
aware,1,0,0,0,0,0,0,0,0,0
initiative,0,0,0,0,0,1,0,0,0,0
label,0,0,0,0,0,0,0,0,1,0
connectivity,0,0,0,0,0,1,0,0,0,0
mbps,0,0,0,0,0,1,0,0,0,0
gpb,0,0,0,0,0,1,0,0,0,0
geographical,1,0,0,0,0,0,0,0,0,0
broaden,0,0,0,0,0,0,0,0,1,0
roof,0,0,0,0,0,1,0,0,0,0
dish,0,0,0,0,0,1,0,0,0,0
chip,0,0,0,0,0,2,0,0,0,0
superior,1,0,0,0,0,0,0,0,0,0
existing,1,0,0,0,0,0,0,0,0,0
proponent,0,0,0,0,0,1,0,0,0,0
hope,0,0,0,0,0,0,0,0,1,0
continental,1,0,0,0,0,0,0,0,0,0
rural,1,0,0,0,0,0,0,0,0,0
suburban,1,0,0,0,0,0,0,0,0,0
texting,0,0,0,0,0,2,0,0,0,0
emerge,0,0,0,0,0,0,0,0,1,0
monthly,1,0,0,0,0,0,0,0,0,0
cumbersome,1,0,0,0,0,0,0,0,0,0
shorthand,0,0,0,0,0,1,0,0,0,0
shortcut,0,0,0,0,0,1,0,0,0,0
humble,1,0,0,0,0,0,0,0,0,0
opinion,0,0,0,0,0,1,0,0,0,0
emoticon,0,0,0,0,0,1,0,0,0,0
smiley,0,0,0,0,0,1,0,0,0,0
emotion,0,0,0,0,0,1,0,0,0,0
plot,0,0,0,0,0,1,0,0,0,0
literary,1,0,0,0,0,0,0,0,0,0
condense,0,0,0,0,0,0,0,0,1,0
educator,0,0,0,0,0,1,0,0,0,0
ban,0,0,0,0,0,0,0,0,1,0
classroom,0,0,0,0,0,1,0,0,0,0
discourage,0,0,0,0,0,0,0,0,1,0
cheating,0,0,0,0,0,1,0,0,0,0
drop,0,0,0,0,0,0,0,0,2,0
abbreviation,0,0,0,0,0,1,0,0,0,0
mainstream,0,0,0,0,0,1,0,0,0,0
deter,0,0,0,0,0,0,0,0,1,0
texter,0,0,0,0,0,2,0,0,0,0
surprise,0,0,0,0,0,1,0,0,0,0
overactive,1,0,0,0,0,0,0,0,0,0
repetitive,1,0,0,0,0,0,0,0,0,0
injury,0,0,0,0,0,1,0,0,0,0
warn,0,0,0,0,0,0,0,0,1,0
overuse,0,0,0,0,0,1,0,0,0,0
carpal,0,0,0,0,0,1,0,0,0,0
tunnel,0,0,0,0,0,1,0,0,0,0
syndrome,0,0,0,0,0,1,0,0,0,0
tendinitis,0,0,0,0,0,1,0,0,0,0
advise,0,0,0,0,0,0,0,0,1,0
hourly,1,0,0,0,0,0,0,0,0,0
screen,0,0,0,0,0,8,0,0,0,0
crystal,0,0,0,0,0,1,0,0,0,0
lcd,0,0,0,0,0,1,0,0,0,0
calendar,0,0,0,0,0,2,0,0,0,0
web,0,0,0,0,0,4,0,0,0,0
music,0,0,0,0,0,4,0,0,0,0
touchscreen,0,0,0,0,0,1,0,0,0,0
calculator,0,0,0,0,0,1,0,0,0,0
mature,0,0,0,0,0,0,0,0,1,0
clip,0,0,0,0,0,1,0,0,0,0
license,0,0,0,0,0,0,0,0,3,0
proprietary,3,0,0,0,0,0,0,0,0,0
keyboard,0,0,0,0,0,3,0,0,0,0
qwerty,0,0,0,0,0,1,0,0,0,0
mailing,0,0,0,0,0,1,0,0,0,0
browser,0,0,0,0,0,2,0,0,0,0
virtual,1,0,0,0,0,0,0,0,0,0
camera,0,0,0,0,0,13,0,0,0,0
hot,1,0,0,0,0,0,0,0,0,0
pay,0,0,0,0,0,0,0,0,2,0
fee,0,0,0,0,0,3,0,0,0,0
inventive,1,0,0,0,0,0,0,0,0,0
augment,0,0,0,0,0,0,0,0,2,0
reality,0,0,0,0,0,1,0,0,0,0
overlay,0,0,0,0,0,0,0,0,1,0
street,0,0,0,0,0,1,0,0,0,0
scene,0,0,0,0,0,1,0,0,0,0
tidbit,0,0,0,0,0,1,0,0,0,0
identity,0,0,0,0,0,1,0,0,0,0
real,2,0,0,0,0,0,0,0,0,0
estate,0,0,0,0,0,1,0,0,0,0
listing,0,0,0,0,0,1,0,0,0,0
enterprise,0,0,0,0,0,1,0,0,0,0
airborne,1,0,0,0,0,0,0,0,0,0
altitude,0,0,0,0,0,2,0,0,0,0
constellation,0,0,0,0,0,4,0,0,0,0
assure,0,0,0,0,0,0,0,0,1,0
easily,0,0,1,0,0,0,0,0,0,0
big,1,0,0,0,0,0,0,0,0,0
event,0,0,0,0,0,1,0,0,0,0
sleek,1,0,0,0,0,0,0,0,0,0
appealing,1,0,0,0,0,0,0,0,0,0
package,0,0,0,0,0,1,0,0,0,0
sale,0,0,0,0,0,2,0,0,0,0
month,0,0,0,0,0,2,0,0,0,0
revolutionary,1,0,0,0,0,0,0,0,0,0
multisensor,1,0,0,0,0,0,0,0,0,0
manipulate,0,0,0,0,0,0,0,0,1,0
fingertip,0,0,0,0,0,1,0,0,0,0
tactile,1,0,0,0,0,0,0,0,0,0
playback,0,0,0,0,0,2,0,0,0,0
tab,0,0,0,0,0,0,0,0,1,0
computing,0,0,0,0,0,1,0,0,0,0
name,0,0,0,0,0,0,0,0,1,0
magazine,0,0,0,0,0,1,0,0,0,0
content,0,0,0,0,0,1,0,0,0,0
listen,0,0,0,0,0,0,0,0,1,0
rectify,0,0,0,0,0,0,0,0,1,0
canadian,1,0,0,0,0,0,0,0,0,0
gear,0,0,0,0,0,0,0,0,1,0
remotely,0,0,1,0,0,0,0,0,0,0
wipe,0,0,0,0,0,0,0,0,1,0
lose,0,0,0,0,0,0,0,0,3,0
megapixel,0,0,0,0,0,2,0,0,0,0
compass,0,0,0,0,0,1,0,0,0,0
peer,0,0,0,0,0,4,0,0,0,0
play,0,0,0,0,0,1,0,0,0,0
game,0,0,0,0,0,1,0,0,0,0
gaming,0,0,0,0,0,1,0,0,0,0
suffer,0,0,0,0,0,0,0,0,1,0
embarrassment,0,0,0,0,0,1,0,0,0,0
employee,0,0,0,0,0,1,0,0,0,0
prototype,0,0,0,0,0,1,0,0,0,0
chat,0,0,0,0,0,2,0,0,0,0
corporate,2,0,0,0,0,0,0,0,0,0
secret,0,0,0,0,0,1,0,0,0,0
publicize,0,0,0,0,0,0,0,0,1,0
rob,0,0,0,0,0,0,0,0,1,0
mystery,0,0,0,0,0,1,0,0,0,0
excitement,0,0,0,0,0,1,0,0,0,0
announcement,0,0,0,0,0,1,0,0,0,0
officially,0,0,1,0,0,0,0,0,0,0
unveil,0,0,0,0,0,0,0,0,1,0
multiplatform,1,0,0,0,0,0,0,0,0,0
app,0,0,0,0,0,1,0,0,0,0
corporation,0,0,0,0,0,1,0,0,0,0
plane,0,0,0,0,0,1,0,0,0,0
crosslink,0,0,0,0,0,2,0,0,0,0
uninterrupted,1,0,0,0,0,0,0,0,0,0
gateway,0,0,0,0,0,1,0,0,0,0
globe,0,0,0,0,0,2,0,0,0,0
attract,0,0,0,0,0,0,0,0,1,0
away,0,0,1,0,0,0,0,0,0,0
asset,0,0,0,0,0,2,0,0,0,0
refocus,0,0,0,0,0,0,0,0,1,0
finance,0,0,0,0,0,0,0,0,1,0
merge,0,0,0,0,0,0,0,0,1,0
investment,0,0,0,0,0,1,0,0,0,0
bankruptcy,0,0,0,0,0,1,0,0,0,0
reorganize,0,0,0,0,0,0,0,0,1,0
failure,0,0,0,0,0,1,0,0,0,0
severely,0,0,1,0,0,0,0,0,0,0
compromise,0,0,0,0,0,0,0,0,2,0
stage,0,0,0,0,0,1,0,0,0,0
traditionally,0,0,1,0,0,0,0,0,0,0
facilitate,0,0,0,0,0,0,0,0,1,0
capture,0,0,0,0,0,2,0,0,2,0
person,0,0,0,0,0,2,0,0,0,0
secretary,0,0,0,0,0,1,0,0,0,0
commerce,0,0,0,0,0,1,0,0,0,0
headquarter,0,0,0,0,0,1,0,0,0,0
broadcasting,0,0,0,0,0,1,0,0,0,0
crucial,1,0,0,0,0,0,0,0,0,0
deem,0,0,0,0,0,0,0,0,1,0
stand,0,0,0,0,0,0,0,0,1,0
electron,0,0,0,0,0,1,0,0,0,0
cathode,0,0,0,0,0,1,0,0,0,0
acceptance,0,0,0,0,0,1,0,0,0,0
dependency,0,0,0,0,0,1,0,0,0,0
colour,0,0,0,0,0,1,0,0,0,0
decompression,0,0,0,0,0,1,0,0,0,0
meeting,0,0,0,0,0,1,0,0,0,0
participant,0,0,0,0,0,1,0,0,0,0
interoperability,0,0,0,0,0,1,0,0,0,0
preferably,0,0,1,0,0,0,0,0,0,0
conferencing,0,0,0,0,0,1,0,0,0,0
clipboard,0,0,0,0,0,1,0,0,0,0
whiteboard,0,0,0,0,0,1,0,0,0,0
voip,0,0,0,0,0,13,0,0,0,0
regardless,0,0,1,0,0,0,0,0,0,0
mainland,0,0,0,0,0,1,0,0,0,0
outside,0,1,0,0,0,0,0,0,0,0
disadvantage,0,0,0,0,0,1,0,0,0,0
fragile,1,0,0,0,0,0,0,0,0,0
persistent,1,0,0,0,0,0,0,0,0,0
outage,0,0,0,0,0,1,0,0,0,0
differently,0,0,1,0,0,0,0,0,0,0
optional,1,0,0,0,0,0,0,0,0,0
client,0,0,0,0,0,3,0,0,0,0
decentralized,1,0,0,0,0,0,0,0,0,0
task,0,0,0,0,0,1,0,0,0,0
online,2,0,0,0,0,0,0,0,0,0
auction,0,0,0,0,0,2,0,0,0,0
trading,0,0,0,0,0,1,0,0,0,0
core,1,0,0,0,0,2,0,0,0,0
incentive,0,0,0,0,0,1,0,0,0,0
reacquire,0,0,0,0,0,0,0,0,1,0
rebuff,0,0,0,0,0,0,0,0,1,0
stake,0,0,0,0,0,1,0,0,0,0
investor,0,0,0,0,0,1,0,0,0,0
suit,0,0,0,0,0,1,0,0,0,0
declare,0,0,0,0,0,0,0,0,1,0
violate,0,0,0,0,0,0,0,0,1,0
copyright,0,0,0,0,0,1,0,0,0,0
alteration,0,0,0,0,0,1,0,0,0,0
threat,0,0,0,0,0,1,0,0,0,0
agree,0,0,0,0,0,0,0,0,1,0
buyer,0,0,0,0,0,1,0,0,0,0
seat,0,0,0,0,0,1,0,0,0,0
director,0,0,0,0,0,1,0,0,0,0
ownership,0,0,0,0,0,1,0,0,0,0
softphone,0,0,0,0,0,1,0,0,0,0
specialized,1,0,0,0,0,0,0,0,0,0
unavailable,1,0,0,0,0,0,0,0,0,0
shrink,0,0,0,0,0,0,0,0,1,0
concretely,0,0,1,0,0,0,0,0,0,0
instantaneously,0,0,1,0,0,0,0,0,0,0
inexpensively,0,0,1,0,0,0,0,0,0,0
expanse,0,0,0,0,0,1,0,0,0,0
ago,0,0,1,0,0,0,0,0,0,0
