word,ADJ,ADP,ADV,NOUN,NUM,PUNCT,SCONJ,VERB,X
introduction,0,0,0,1,0,0,0,0,0
life,0,0,0,42,0,0,0,0,0
exist,0,0,0,0,0,0,0,6,0
billion,0,0,0,1,5,0,0,0,0
year,0,0,0,22,0,0,0,0,0
change,0,0,0,2,0,0,0,14,0
adapt,0,0,0,0,0,0,0,7,0
new,21,0,0,0,0,0,0,0,0
form,0,0,0,16,0,0,0,14,0
evolve,0,0,0,0,0,0,0,7,0
old,8,0,0,0,0,0,0,0,0
one,0,0,0,5,0,0,0,0,0
extinct,4,0,0,0,0,0,0,0,0
simple,10,0,0,0,0,0,0,0,0
organism,0,0,0,101,0,0,0,0,0
give,0,0,0,0,0,0,0,6,0
rise,0,0,0,1,0,0,0,1,0
million,0,0,0,6,8,0,0,0,0
specie,0,0,0,32,0,0,0,0,0
familiar,3,0,0,0,0,0,0,0,0
kind,0,0,0,15,0,0,0,0,0
plant,0,0,0,74,0,0,0,0,0
animal,0,0,0,69,0,0,0,0,0
know,0,0,0,0,0,0,0,19,0
tiny,6,0,0,0,0,0,0,0,0
rare,1,0,0,0,0,0,0,0,0
handful,0,0,0,1,0,0,0,0,0
specialist,0,0,0,1,0,0,0,0,0
caption,0,0,0,13,0,0,0,0,17
male,2,0,0,0,0,0,0,0,0
robin,0,0,0,1,0,0,0,0,0
feed,0,0,0,0,0,0,0,2,0
earthworm,0,0,0,1,0,0,0,0,0
unfledged,1,0,0,0,0,0,0,0,0
young,1,0,0,0,0,0,0,0,0
scientist,0,0,0,24,0,0,0,0,0
study,0,0,0,33,0,0,0,19,0
bird,0,0,0,8,0,0,0,0,0
ornithologist,0,0,0,1,0,0,0,0,0
live,0,0,0,0,0,0,0,86,0
biologist,0,0,0,25,0,0,0,0,0
broad,6,0,0,0,0,0,0,0,0
definition,0,0,0,1,0,0,0,0,0
dozen,0,0,0,1,0,0,0,0,0
subspecialtie,0,0,0,1,0,0,0,0,0
certain,16,0,0,0,0,0,0,0,0
category,0,0,0,3,0,0,0,0,0
focus,0,0,0,0,0,0,0,6,0
pattern,0,0,0,2,0,0,0,0,0
connect,0,0,0,0,0,0,0,1,0
look,0,0,0,1,0,0,0,6,0
big,2,0,0,0,0,0,0,0,0
picture,0,0,0,1,0,0,0,0,0
environment,0,0,0,22,0,0,0,0,0
building,0,0,0,3,0,0,0,0,0
block,0,0,0,3,0,0,0,0,0
cell,0,0,0,109,0,0,0,0,0
molecule,0,0,0,14,0,0,0,0,0
long,4,0,3,0,0,0,0,0,0
time,0,0,0,7,0,0,0,0,0
planet,0,0,0,2,0,0,0,0,0
inanimate,2,0,0,0,0,0,0,0,0
substance,0,0,0,13,0,0,0,0,0
mineral,0,0,0,3,0,0,0,0,0
gas,0,0,0,5,0,0,0,0,0
mystery,0,0,0,2,0,0,0,0,0
surround,0,0,0,0,0,0,0,2,0
come,0,0,0,0,0,0,0,8,0
fascinating,2,0,0,0,0,0,0,0,0
field,0,0,0,11,0,0,0,0,0
biology,0,0,0,33,0,0,0,0,0
equally,0,0,1,0,0,0,0,0,0
question,0,0,0,8,0,0,0,0,0
concern,0,0,0,1,0,0,0,2,0
fail,0,0,0,0,0,0,0,2,0
carnivorous,3,0,0,0,0,0,0,0,0
dodo,0,0,0,1,0,0,0,0,0
bacteria,0,0,0,37,0,0,0,0,0
deadly,2,0,0,0,0,0,0,0,0
human,8,0,0,8,0,0,0,0,0
cause,0,0,0,1,0,0,0,7,0
harm,0,0,0,1,0,0,0,0,0
blood,0,0,0,11,0,0,0,0,0
tree,0,0,0,6,0,0,0,0,0
sap,0,0,0,4,0,0,0,0,0
survive,0,0,0,0,0,0,0,6,0
extreme,2,0,0,0,0,0,0,0,0
temperature,0,0,0,3,0,0,0,0,0
infinitely,0,0,1,0,0,0,0,0,0
variable,2,0,0,0,0,0,0,0,0
incredibly,0,0,1,0,0,0,0,0,0
tenacious,1,0,0,0,0,0,0,0,0
individual,4,0,0,6,0,0,0,0,0
species,0,0,0,12,0,0,0,0,0
die,0,0,0,0,0,0,0,5,0
entire,5,0,0,0,0,0,0,0,0
recently,0,0,1,0,0,0,0,0,0
century,0,0,0,20,0,0,0,0,0
ago,0,0,4,0,0,0,0,0,0
people,0,0,0,5,0,0,0,0,0
little,3,0,0,0,0,0,0,0,0
idea,0,0,0,6,0,0,0,0,0
initially,0,0,1,0,0,0,0,0,0
begin,0,0,0,0,0,0,0,7,0
understand,0,0,0,0,0,0,0,7,0
exactly,0,0,1,0,0,0,0,0,0
work,0,0,0,8,0,0,0,14,0
tool,0,0,0,3,0,0,0,0,0
vocabulary,0,0,0,1,0,0,0,0,0
accurately,0,0,1,0,0,0,0,0,0
observe,0,0,0,0,0,0,0,6,0
describe,0,0,0,0,0,0,0,6,0
incredible,1,0,0,0,0,0,0,0,0
complexity,0,0,0,2,0,0,0,0,0
tireless,1,0,0,0,0,0,0,0,0
influential,1,0,0,0,0,0,0,0,0
help,0,0,0,1,0,0,0,12,0
offer,0,0,0,0,0,0,0,1,0
explanation,0,0,0,2,0,0,0,0,0
develop,0,0,0,0,0,0,0,10,0
system,0,0,0,25,0,0,0,0,0
categorize,0,0,0,0,0,0,0,5,0
eventual,1,0,0,0,0,0,0,0,0
torrent,0,0,0,1,0,0,0,0,0
biological,19,0,0,0,0,0,0,0,0
information,0,0,0,6,0,0,0,0,0
vast,2,0,0,0,0,0,0,0,0
encompass,0,0,0,0,0,0,0,3,0
understanding,0,0,0,7,0,0,0,0,0
define,0,0,0,0,0,0,0,2,0
continue,0,0,0,0,0,0,0,4,0
follow,0,0,0,0,0,0,0,3,0
page,0,0,0,1,0,0,0,0,0
examine,0,0,0,0,0,0,0,7,0
discipline,0,0,0,4,0,0,0,0,0
fundamental,4,0,0,1,0,0,0,0,0
process,0,0,0,32,0,0,0,1,0
relate,0,0,0,0,0,0,0,3,0
explore,0,0,0,0,0,0,0,2,0
important,14,0,0,0,0,0,0,0,0
discovery,0,0,0,9,0,0,0,0,0
influence,0,0,0,0,0,0,0,5,0
different,23,0,0,0,0,0,0,0,0
interact,0,0,0,0,0,0,0,2,0
body,0,0,0,22,0,0,0,0,0
knowledge,0,0,0,8,0,0,0,0,0
grow,0,0,0,0,0,0,0,21,0
provide,0,0,0,0,0,0,0,9,0
insight,0,0,0,2,0,0,0,0,0
medicine,0,0,0,12,0,0,0,0,0
anthropology,0,0,0,1,0,0,0,0,0
history,0,0,0,2,0,0,0,0,0
environmental,1,0,0,0,0,0,0,0,0
issue,0,0,0,4,0,0,0,0,0
pressing,1,0,0,0,0,0,0,0,0
inform,0,0,0,0,0,0,0,1,0
debate,0,0,0,1,0,0,0,0,0
problem,0,0,0,1,0,0,0,0,0
arise,0,0,0,0,0,0,0,4,0
find,0,0,0,0,0,0,0,14,0
solution,0,0,0,1,0,0,0,0,0
answer,0,0,0,1,0,0,0,4,0
remain,0,0,0,1,0,0,0,12,0
constantly,0,0,1,0,0,0,0,0,0
intriguing,1,0,0,0,0,0,0,0,0
consider,0,0,0,0,0,0,0,4,0
ask,0,0,0,0,0,0,0,2,0
chapter,0,0,0,7,0,0,0,0,0
thing,0,0,0,46,0,0,0,0,0
scientific,15,0,0,0,0,0,0,0,0
call,0,0,0,0,0,0,0,51,0
strive,0,0,0,0,0,0,0,1,0
natural,21,0,0,0,0,0,0,0,0
world,0,0,0,8,0,0,0,0,0
inhabitant,0,0,0,1,0,0,0,0,0
fungus,0,0,0,22,0,0,0,0,0
protozoan,0,0,0,12,0,0,0,0,0
algae,0,0,0,15,0,0,0,0,0
archaea,0,0,0,23,0,0,0,0,0
virus,0,0,0,11,0,0,0,0,0
occur,0,0,0,0,0,0,0,7,0
particular,4,0,0,0,0,0,0,0,0
way,0,0,0,15,0,0,0,0,0
carry,0,0,0,0,0,0,0,17,0
organ,0,0,0,9,0,0,0,0,0
tissue,0,0,0,23,0,0,0,0,0
specific,7,0,0,0,0,0,0,0,0
liver,0,0,0,6,0,0,0,0,0
break,0,0,0,0,0,0,0,3,0
fat,0,0,0,3,0,0,0,0,0
green,10,0,0,0,0,0,0,0,0
convert,0,0,0,0,0,0,0,3,0
water,0,0,0,17,0,0,0,0,0
carbon,0,0,0,21,0,0,0,0,0
dioxide,0,0,0,15,0,0,0,0,0
sugar,0,0,0,5,0,0,0,0,0
mosquito,0,0,0,1,0,0,0,0,0
winter,0,0,0,1,0,0,0,0,0
investigation,0,0,0,2,0,0,0,0,0
require,0,0,0,0,0,0,0,13,0
research,0,0,0,23,0,0,0,0,0
today,0,0,0,9,0,0,0,0,0
unsolved,1,0,0,0,0,0,0,0,0
lead,0,0,0,0,0,0,0,5,0
well,1,0,5,0,0,0,0,0,0
depend,0,0,0,0,0,0,0,3,0
rain,0,0,0,3,0,0,0,0,0
forest,0,0,0,3,0,0,0,0,0
like,2,11,0,0,0,0,0,1,0
estimate,0,0,0,1,0,0,0,5,0
contain,0,0,0,0,0,0,0,22,0
discover,0,0,0,0,0,0,0,7,0
gallery,0,0,0,0,0,1,0,0,0
annual,1,0,0,0,0,0,0,0,0
output,0,0,0,1,0,0,0,0,0
massive,1,0,0,0,0,0,0,0,0
single,20,0,0,0,0,0,0,0,0
possibly,0,0,1,0,0,0,0,0,0
acquire,0,0,0,0,0,0,0,2,0
area,0,0,0,8,0,0,0,0,0
specialization,0,0,0,4,0,0,0,0,0
allow,0,0,0,0,0,0,0,7,0
informed,1,0,0,0,0,0,0,0,0
key,4,0,0,0,0,0,0,0,0
development,0,0,0,11,0,0,0,0,0
subdivision,0,0,0,3,0,0,0,0,0
divide,0,0,0,0,0,0,0,8,0
incorporate,0,0,0,0,0,0,0,1,0
science,0,0,0,6,0,0,0,0,0
physics,0,0,0,1,0,0,0,0,0
chemistry,0,0,0,3,0,0,0,0,0
geology,0,0,0,2,0,0,0,0,0
example,0,0,0,22,0,0,0,0,0
detailed,1,0,0,0,0,0,0,0,0
bioluminescence,0,0,0,1,0,0,0,0,0
light,0,0,0,5,0,0,0,0,0
produce,0,0,0,0,0,0,0,12,0
firefly,0,0,0,1,0,0,0,0,0
solid,3,0,0,0,0,0,0,0,0
biochemistry,0,0,0,5,0,0,0,0,0
moon,0,0,0,1,0,0,0,0,0
jellyfish,0,0,0,1,0,0,0,0,0
bioluminescent,1,0,0,0,0,0,0,0,0
mean,0,0,0,2,0,0,0,4,0
dark,1,0,0,0,0,0,0,0,0
depth,0,0,0,2,0,0,0,0,0
sea,0,0,0,10,0,0,0,0,0
group,0,0,0,23,0,0,0,1,0
zoology,0,0,0,1,0,0,0,0,0
botany,0,0,0,5,0,0,0,0,0
following,1,0,0,0,0,0,0,0,0
arachnology,0,0,0,1,0,0,0,0,0
spider,0,0,0,1,0,0,0,0,0
mite,0,0,0,1,0,0,0,0,0
scorpion,0,0,0,1,0,0,0,0,0
bryology,0,0,0,1,0,0,0,0,0
moss,0,0,0,3,0,0,0,0,0
entomology,0,0,0,1,0,0,0,0,0
insect,0,0,0,11,0,0,0,0,0
herpetology,0,0,0,1,0,0,0,0,0
reptile,0,0,0,3,0,0,0,0,0
amphibian,0,0,0,2,0,0,0,0,0
ichthyology,0,0,0,1,0,0,0,0,0
fish,0,0,0,5,0,0,0,0,0
mammalogy,0,0,0,1,0,0,0,0,0
mammal,0,0,0,7,0,0,0,0,0
microbiology,0,0,0,2,0,0,0,0,0
microscopic,3,0,0,0,0,0,0,0,0
mycology,0,0,0,1,0,0,0,0,0
ornithology,0,0,0,1,0,0,0,0,0
parasitology,0,0,0,1,0,0,0,0,0
parasite,0,0,0,3,0,0,0,0,0
phycology,0,0,0,1,0,0,0,0,0
virology,0,0,0,1,0,0,0,0,0
feature,0,0,0,3,0,0,0,1,0
structure,0,0,0,24,0,0,0,0,0
concept,0,0,0,9,0,0,0,0,0
general,3,0,0,0,0,0,0,0,0
principle,0,0,0,4,0,0,0,0,0
apply,0,0,0,0,0,0,0,3,0
type,0,0,0,20,0,0,0,0,0
anatomy,0,0,0,5,0,0,0,0,0
cytology,0,0,0,2,0,0,0,0,0
ethology,0,0,0,2,0,0,0,0,0
behavior,0,0,0,2,0,0,0,0,0
genetics,0,0,0,1,0,0,0,0,0
heredity,0,0,0,7,0,0,0,0,0
pathology,0,0,0,1,0,0,0,0,0
disease,0,0,0,15,0,0,0,0,0
effect,0,0,0,5,0,0,0,0,0
physiology,0,0,0,4,0,0,0,0,0
function,0,0,0,15,0,0,0,1,0
identify,0,0,0,0,0,0,0,11,0
nonhuman,1,0,0,0,0,0,0,0,0
primate,0,0,0,1,0,0,0,0,0
ape,0,0,0,2,0,0,0,0,0
monkey,0,0,0,2,0,0,0,0,0
primatologist,0,0,0,2,0,0,0,0,0
genetic,14,0,0,7,0,0,0,0,0
geneticist,0,0,0,2,0,0,0,0,0
great,5,0,0,0,0,0,0,0,0
blue,2,0,0,0,0,0,0,0,0
heron,0,0,0,1,0,0,0,0,0
classify,0,0,0,0,0,0,0,13,0
mountain,0,0,0,1,0,0,0,0,0
gorilla,0,0,0,2,0,0,0,0,0
section,0,0,0,1,0,0,0,0,0
discuss,0,0,0,0,0,0,0,4,0
small,6,0,0,0,0,0,0,0,0
fraction,0,0,0,2,0,0,0,0,0
specialize,0,0,0,0,0,0,0,4,0
chemical,10,0,0,1,0,0,0,0,0
basis,0,0,0,3,0,0,0,0,0
activity,0,0,0,3,0,0,0,0,0
show,0,0,0,0,0,0,0,4,0
amoeba,0,0,0,11,0,0,0,0,0
elephant,0,0,0,1,0,0,0,0,0
alike,1,0,1,0,0,0,0,0,0
share,0,0,0,1,0,0,0,4,0
similarity,0,0,0,6,0,0,0,0,0
level,0,0,0,8,0,0,0,0,0
atom,0,0,0,9,0,0,0,0,0
exception,0,0,0,1,0,0,0,0,0
operate,0,0,0,0,0,0,0,1,0
unvarying,1,0,0,0,0,0,0,0,0
consist,0,0,0,0,0,0,0,8,0
basic,3,0,0,0,0,0,0,0,0
unit,0,0,0,5,0,0,0,0,0
vital,2,0,0,0,0,0,0,0,0
energy,0,0,0,23,0,0,0,0,0
undergo,0,0,0,0,0,0,0,1,0
reaction,0,0,0,2,0,0,0,0,0
reproduce,0,0,0,0,0,0,0,10,0
branch,0,0,0,6,0,0,0,0,0
easy,1,0,0,0,0,0,0,0,0
embryology,0,0,0,1,0,0,0,0,0
developmental,2,0,0,0,0,0,0,0,0
govern,0,0,0,0,0,0,0,2,0
growth,0,0,0,7,0,0,0,0,0
include,0,0,0,0,0,0,0,14,0
embryological,1,0,0,0,0,0,0,0,0
phenomenon,0,0,0,1,0,0,0,0,0
regeneration,0,0,0,1,0,0,0,0,0
remove,0,0,0,0,0,0,0,3,0
direct,2,0,0,0,0,0,0,0,0
application,0,0,0,2,0,0,0,0,0
agriculture,0,0,0,5,0,0,0,0,0
veterinary,1,0,0,0,0,0,0,0,0
cloning,0,0,0,3,0,0,0,0,0
adult,1,0,0,1,0,0,0,0,0
genetically,0,0,2,0,0,0,0,0,0
identical,1,0,0,0,0,0,0,0,0
stem,0,0,0,18,0,0,0,0,0
researcher,0,0,0,4,0,0,0,0,0
hope,0,0,0,0,0,0,0,1,0
treatment,0,0,0,2,0,0,0,0,0
diabetes,0,0,0,4,0,0,0,0,0
widely,0,0,3,0,0,0,0,0,0
horticulture,0,0,0,2,0,0,0,0,0
sheep,0,0,0,1,0,0,0,0,0
cow,0,0,0,3,0,0,0,0,0
cat,0,0,0,1,0,0,0,0,0
clone,0,0,0,0,0,0,0,2,0
practice,0,0,0,1,0,0,0,1,0
widespread,1,0,0,0,0,0,0,0,0
capability,0,0,0,1,0,0,0,0,0
early,8,0,4,0,0,0,0,0,0
stage,0,0,0,2,0,0,0,0,0
laboratory,0,0,0,7,0,0,0,0,0
culture,0,0,0,2,0,0,0,0,0
potential,1,0,0,2,0,0,0,0,0
despite,0,0,0,0,0,0,1,0,0
controversial,1,0,0,0,0,0,0,0,0
morphology,0,0,0,3,0,0,0,0,0
anatomist,0,0,0,1,0,0,0,0,0
morphological,2,0,0,0,0,0,0,0,0
compare,0,0,0,0,0,0,0,5,0
homologous,1,0,0,0,0,0,0,0,0
similar,7,0,0,0,0,0,0,0,0
origin,0,0,0,3,0,0,0,0,0
analogous,1,0,0,0,0,0,0,0,0
establish,0,0,0,0,0,0,0,3,0
relationship,0,0,0,16,0,0,0,0,0
investigate,0,0,0,0,0,0,0,4,0
mode,0,0,0,1,0,0,0,0,0
operation,0,0,0,1,0,0,0,0,0
anatomical,1,0,0,0,0,0,0,0,0
histology,0,0,0,1,0,0,0,0,0
chloroplast,0,0,0,5,0,0,0,0,0
facilitate,0,0,0,0,0,0,0,1,0
photosynthesis,0,0,0,9,0,0,0,0,0
physiologist,0,0,0,3,0,0,0,0,0
subcellular,2,0,0,0,0,0,0,0,0
circulation,0,0,0,1,0,0,0,0,0
respiration,0,0,0,8,0,0,0,0,0
physiological,1,0,0,0,0,0,0,0,0
intimately,0,0,1,0,0,0,0,0,0
associate,0,0,0,0,0,0,0,1,0
molecular,6,0,0,0,0,0,0,0,0
dynamic,1,0,0,0,0,0,0,0,0
technique,0,0,0,2,0,0,0,0,0
protein,0,0,0,9,0,0,0,0,0
determine,0,0,0,0,0,0,0,3,0
cellular,7,0,0,0,0,0,0,0,0
nucleus,0,0,0,10,0,0,0,0,0
membrane,0,0,0,7,0,0,0,0,0
benefit,0,0,0,0,0,0,0,1,0
gene,0,0,0,7,0,0,0,0,0
chromosome,0,0,0,3,0,0,0,0,0
use,0,0,0,9,0,0,0,17,0
engineering,0,0,0,1,0,0,0,0,0
raise,0,0,0,0,0,0,0,2,0
moral,1,0,0,0,0,0,0,0,0
philosophical,1,0,0,0,0,0,0,0,0
ecologist,0,0,0,2,0,0,0,0,0
interaction,0,0,0,2,0,0,0,0,0
ecosystem,0,0,0,2,0,0,0,0,0
ecological,1,0,0,0,0,0,0,0,0
input,0,0,0,1,0,0,0,0,0
policy,0,0,0,1,0,0,0,0,0
maker,0,0,0,1,0,0,0,0,0
interested,3,0,0,0,0,0,0,0,0
conservation,0,0,0,1,0,0,0,0,0
need,0,0,0,3,0,0,0,13,0
ecology,0,0,0,1,0,0,0,0,0
pollution,0,0,0,2,0,0,0,0,0
habitat,0,0,0,6,0,0,0,0,0
destruction,0,0,0,1,0,0,0,0,0
affect,0,0,0,0,0,0,0,1,0
community,0,0,0,2,0,0,0,0,0
local,2,0,0,0,0,0,0,0,0
global,1,0,0,0,0,0,0,0,0
protect,0,0,0,0,0,0,0,4,0
diverse,5,0,0,0,0,0,0,0,0
ethologist,0,0,0,1,0,0,0,0,0
behaviorist,0,0,0,1,0,0,0,0,0
attempt,0,0,0,0,0,0,0,1,0
behave,0,0,0,0,0,0,0,1,0
involve,0,0,0,0,0,0,0,3,0
observation,0,0,0,7,0,0,0,0,0
native,1,0,0,0,0,0,0,0,0
experiment,0,0,0,7,0,0,0,0,0
tie,0,0,0,0,0,0,0,1,0
closely,0,0,1,0,0,0,0,0,0
psychology,0,0,0,1,0,0,0,0,0
sociology,0,0,0,1,0,0,0,0,0
sociobiology,0,0,0,1,0,0,0,0,0
social,1,0,0,0,0,0,0,0,0
trait,0,0,0,10,0,0,0,0,0
intelligence,0,0,0,1,0,0,0,0,0
inherit,0,0,0,0,0,0,0,3,0
culturally,0,0,1,0,0,0,0,0,0
induce,0,0,0,0,0,0,0,1,0
evolutionary,8,0,0,0,0,0,0,0,0
evolution,0,0,0,13,0,0,0,0,0
selection,0,0,0,10,0,0,0,0,0
majority,0,0,0,1,0,0,0,0,0
tenet,0,0,0,1,0,0,0,0,0
modern,4,0,0,0,0,0,0,0,0
seek,0,0,0,0,0,0,0,2,0
dna,0,0,0,6,0,0,0,0,0
sequence,0,0,0,2,0,0,0,0,0
structural,4,0,0,0,0,0,0,0,0
glean,0,0,0,0,0,0,0,1,0
paleontology,0,0,0,1,0,0,0,0,0
fossil,1,0,0,3,0,0,0,0,0
marine,0,0,0,2,0,0,0,0,0
track,0,0,0,0,0,0,0,1,0
turtle,0,0,0,1,0,0,0,0,0
migrate,0,0,0,0,0,0,0,1,0
hundred,0,0,0,3,0,0,0,0,0
mile,0,0,0,2,0,0,0,0,0
feeding,0,0,0,1,0,0,0,0,0
site,0,0,0,2,0,0,0,0,0
nest,0,0,0,0,0,0,0,2,0
previously,0,0,4,0,0,0,0,0,0
name,0,0,0,1,0,0,0,6,0
represent,0,0,0,0,0,0,0,1,0
major,4,0,0,0,0,0,0,0,0
base,0,0,0,1,0,0,0,10,0
aspect,0,0,0,1,0,0,0,0,0
ocean,0,0,0,5,0,0,0,0,0
soil,0,0,0,3,0,0,0,0,0
organic,3,0,0,0,0,0,0,0,0
foundation,0,0,0,2,0,0,0,0,0
start,0,0,0,0,0,0,0,1,0
instruction,0,0,0,1,0,0,0,0,0
specialized,10,0,0,0,0,0,0,0,0
muscle,0,0,0,4,0,0,0,0,0
nerve,0,0,0,5,0,0,0,0,0
fully,0,0,1,0,0,0,0,0,0
instruct,0,0,0,0,0,0,0,1,0
normally,0,0,1,0,0,0,0,0,0
transplant,0,0,0,0,0,0,0,1,0
person,0,0,0,1,0,0,0,0,0
condition,0,0,0,8,0,0,0,0,0
heart,0,0,0,3,0,0,0,0,0
damage,0,0,0,1,0,0,0,0,0
spinal,1,0,0,0,0,0,0,0,0
cord,0,0,0,1,0,0,0,0,0
embryo,0,0,0,10,0,0,0,0,0
unborn,1,0,0,0,0,0,0,0,0
baby,0,0,0,3,0,0,0,0,0
create,0,0,0,0,0,0,0,4,0
egg,0,0,0,4,0,0,0,0,0
woman,0,0,0,2,0,0,0,0,0
sperm,0,0,0,1,0,0,0,0,0
man,0,0,0,1,0,0,0,0,0
combine,0,0,0,0,0,0,0,7,0
place,0,0,0,4,0,0,0,5,0
inside,0,3,0,0,0,0,0,0,0
keep,0,0,0,0,0,0,0,3,0
donate,0,0,0,0,0,0,0,2,0
embryonic,2,0,0,0,0,0,0,0,0
copy,0,0,0,0,0,0,0,2,0
hard,1,0,0,0,0,0,0,0,0
gather,0,0,0,0,0,0,0,2,0
opposed,1,0,0,0,0,0,0,0,0
ethical,1,0,0,0,0,0,0,0,0
ground,0,0,0,1,0,0,0,0,0
think,0,0,0,0,0,0,0,2,0
right,1,0,0,0,0,0,0,0,0
being,0,0,0,4,0,0,0,0,0
fact,0,0,0,1,0,0,0,0,0
destroy,0,0,0,0,0,0,0,2,0
want,0,0,0,0,0,0,0,2,0
collection,0,0,0,1,0,0,0,0,0
improve,0,0,0,0,0,0,0,1,0
precisely,0,0,1,0,0,0,0,0,0
expert,0,0,0,4,0,0,0,0,0
believe,0,0,0,0,0,0,0,11,0
domesticate,0,0,0,0,0,0,0,1,0
cultivate,0,0,0,0,0,0,0,1,0
crop,0,0,0,1,0,0,0,0,0
write,0,0,0,0,0,0,0,1,0
record,0,0,0,3,0,0,0,0,0
bce,0,0,0,5,0,0,0,0,0
civilization,0,0,0,1,0,0,0,0,0
opthalmology,0,0,0,1,0,0,0,0,0
deal,0,0,0,0,0,0,0,1,0
eye,0,0,0,5,0,0,0,0,0
health,0,0,0,4,0,0,0,0,0
date,0,0,0,0,0,0,0,1,0
ancient,3,0,0,0,0,0,0,0,0
formally,0,0,1,0,0,0,0,0,0
law,0,0,0,4,0,0,0,0,0
universe,0,0,0,1,0,0,0,0,0
propose,0,0,0,0,0,0,0,4,0
later,0,0,4,0,0,0,0,0,0
greek,5,0,0,0,0,0,0,0,0
physician,0,0,0,9,0,0,0,0,0
nature,0,0,0,3,0,0,0,0,0
present,0,0,0,0,0,0,0,3,0
student,0,0,0,2,0,0,0,0,0
draw,0,0,0,0,0,0,0,2,0
scheme,0,0,0,2,0,0,0,0,0
writing,0,0,0,2,0,0,0,0,0
roughly,0,0,9,0,0,0,0,0,0
center,0,0,0,1,0,0,0,1,0
shift,0,0,0,0,0,0,0,1,0
islamic,1,0,0,0,0,0,0,0,0
scholar,0,0,0,1,0,0,0,0,0
expand,0,0,0,0,0,0,0,1,0
multivolume,0,0,0,1,0,0,0,0,0
variety,0,0,0,2,0,0,0,0,0
topic,0,0,0,2,0,0,0,0,0
mimicry,0,0,0,1,0,0,0,0,0
persian,2,0,0,0,0,0,0,0,0
revive,0,0,0,0,0,0,0,1,0
european,1,0,0,0,0,0,0,0,0
interest,0,0,0,3,0,0,0,0,0
text,0,0,0,1,0,0,0,0,0
medical,2,0,0,0,0,0,0,0,0
rebirth,0,0,0,1,0,0,0,0,0
learning,0,0,0,1,0,0,0,0,0
advancement,0,0,0,1,0,0,0,0,0
emerge,0,0,0,0,0,0,0,1,0
effort,0,0,0,3,0,0,0,0,0
document,0,0,0,0,0,0,0,1,0
advance,0,0,0,6,0,0,0,1,0
dissection,0,0,0,1,0,0,0,0,0
prior,0,0,1,0,0,0,0,0,0
commonly,0,0,5,0,0,0,0,0,0
fly,0,0,0,5,0,0,0,0,0
worm,0,0,0,5,0,0,0,0,0
mud,0,0,0,2,0,0,0,0,0
matter,0,0,0,3,0,0,0,0,0
dispute,0,0,0,0,0,0,0,1,0
spontaneous,4,0,0,0,0,0,0,0,0
generation,0,0,0,5,0,0,0,0,0
untested,1,0,0,0,0,0,0,0,0
italian,2,0,0,0,0,0,0,0,0
challenge,0,0,0,1,0,0,0,3,0
set,0,0,0,1,0,0,0,3,0
control,0,0,0,3,0,0,0,6,0
increase,0,0,0,0,0,0,0,3,0
numerous,2,0,0,0,0,0,0,0,0
paper,0,0,0,3,0,0,0,0,0
publish,0,0,0,0,0,0,0,5,0
botanist,0,0,0,3,0,0,0,0,0
addition,0,0,0,3,0,0,0,0,0
disprove,0,0,0,0,0,0,0,1,0
invention,0,0,0,1,0,0,0,0,0
microscope,0,0,0,6,0,0,0,0,0
generate,0,0,0,0,0,0,0,1,0
explosion,0,0,0,1,0,0,0,0,0
value,0,0,0,1,0,0,0,0,0
phenomenal,1,0,0,0,0,0,0,0,0
unsuspected,1,0,0,0,0,0,0,0,0
unknown,4,0,0,0,0,0,0,0,0
flurry,0,0,0,1,0,0,0,0,0
report,0,0,0,0,0,0,0,2,0
celled,15,0,0,0,0,0,0,0,0
creature,0,0,0,4,0,0,0,0,0
protozoa,0,0,0,1,0,0,0,0,0
invisible,1,0,0,0,0,0,0,0,0
naked,1,0,0,0,0,0,0,0,0
subsequently,0,0,1,0,0,0,0,0,0
spermatozoa,0,0,0,1,0,0,0,0,0
interpretation,0,0,0,1,0,0,0,0,0
role,0,0,0,4,0,0,0,0,0
fertilization,0,0,0,1,0,0,0,0,0
reproduction,0,0,0,8,0,0,0,0,0
introduce,0,0,0,0,0,0,0,3,0
english,1,0,0,0,0,0,0,0,0
physicist,0,0,0,1,0,0,0,0,0
presence,0,0,0,2,0,0,0,0,0
compartment,0,0,0,2,0,0,0,0,0
red,2,0,0,0,0,0,0,0,0
contribution,0,0,0,1,0,0,0,0,0
period,0,0,0,1,0,0,0,0,0
result,0,0,0,4,0,0,0,1,0
unseen,1,0,0,0,0,0,0,0,0
lay,0,0,0,0,0,0,0,3,0
source,0,0,0,5,0,0,0,0,0
photo,0,0,0,1,0,0,0,0,0
cast,0,0,0,0,0,0,0,1,0
doubt,0,0,0,1,0,0,0,0,0
theory,0,0,0,7,0,0,0,0,0
demonstrate,0,0,0,0,0,0,0,1,0
maggot,0,0,0,3,0,0,0,0,0
rot,0,0,0,0,0,0,0,2,0
meat,0,0,0,6,0,0,0,0,0
spontaneously,0,0,2,0,0,0,0,0,0
bear,0,0,0,0,0,0,0,3,0
read,0,0,0,0,0,0,0,1,0
book,0,0,0,2,0,0,0,0,0
speculation,0,0,0,1,0,0,0,0,0
vermin,0,0,0,1,0,0,0,0,0
frog,0,0,0,2,0,0,0,0,0
seed,0,0,0,2,0,0,0,0,0
see,0,0,0,0,0,0,0,7,0
proper,1,0,0,0,0,0,0,0,0
series,0,0,0,2,0,0,0,0,0
flask,0,0,0,5,0,0,0,0,0
half,0,0,0,6,0,0,0,0,0
seal,0,0,0,0,0,0,0,2,0
open,2,0,0,0,0,0,0,0,0
repeat,0,0,0,0,0,0,0,1,0
instead,0,0,1,0,0,0,0,0,0
cover,0,0,0,0,0,0,0,8,0
gauze,0,0,0,1,0,0,0,0,0
air,0,0,0,2,0,0,0,0,0
enter,0,0,0,0,0,0,0,3,0
uncovered,1,0,0,0,0,0,0,0,0
freely,0,0,2,0,0,0,0,0,0
correctly,0,0,1,0,0,0,0,0,0
conclude,0,0,0,0,0,0,0,1,0
surprisingly,0,0,1,0,0,0,0,0,0
case,0,0,0,2,0,0,0,0,0
gall,0,0,0,1,0,0,0,0,0
intestinal,1,0,0,0,0,0,0,0,0
poet,0,0,0,1,0,0,0,0,0
chiefly,0,0,1,0,0,0,0,0,0
component,0,0,0,3,0,0,0,0,0
eat,0,0,0,0,0,0,0,4,0
respire,0,0,0,0,0,0,0,2,0
excrete,0,0,0,0,0,0,0,1,0
waste,0,0,0,10,0,0,0,0,0
perform,0,0,0,0,0,0,0,4,0
necessary,2,0,0,0,0,0,0,0,0
organized,1,0,0,0,0,0,0,0,0
fit,0,0,0,0,0,0,0,1,0
reason,0,0,0,1,0,0,0,0,0
material,0,0,0,7,0,0,0,0,0
eukaryote,0,0,0,10,0,0,0,0,0
bind,0,0,0,0,0,0,0,1,0
term,0,0,0,2,0,0,0,0,0
derive,0,0,0,0,0,0,0,3,0
true,4,0,0,0,0,0,0,0,0
karyon,0,0,0,2,0,0,0,0,0
eukaryotic,5,0,0,0,0,0,0,0,0
task,0,0,0,2,0,0,0,0,0
obtain,0,0,0,0,0,0,0,9,0
food,0,0,0,53,0,0,0,0,0
number,0,0,0,5,0,0,0,0,0
enclose,0,0,0,0,0,0,0,2,0
organelle,0,0,0,6,0,0,0,0,0
microorganism,0,0,0,9,0,0,0,0,0
lack,0,0,0,1,0,0,0,8,0
complex,13,0,0,0,0,0,0,0,0
distinct,4,0,0,0,0,0,0,0,0
prokaryote,0,0,0,7,0,0,0,0,0
pro,0,0,0,1,0,0,0,0,0
prokaryotic,4,0,0,0,0,0,0,0,0
cyanobacteria,0,0,0,4,0,0,0,0,0
photosynthesize,0,0,0,0,0,0,0,2,0
make,0,0,0,0,0,0,0,8,0
chlorophyll,0,0,0,16,0,0,0,0,0
scatter,0,0,0,0,0,0,0,1,0
heterotrophic,5,0,0,0,0,0,0,0,0
coli,0,0,0,1,0,0,0,0,0
bacterium,0,0,0,2,0,0,0,0,0
poisoning,0,0,0,1,0,0,0,0,0
consume,0,0,0,0,0,0,0,2,0
contaminate,0,0,0,0,0,0,0,1,0
transmit,0,0,0,0,0,0,0,1,0
bite,0,0,0,1,0,0,0,1,0
infective,1,0,0,0,0,0,0,0,0
particle,0,0,0,3,0,0,0,0,0
compose,0,0,0,0,0,0,0,3,0
nucleic,3,0,0,0,0,0,0,0,0
acid,0,0,0,3,0,0,0,0,0
core,0,0,0,1,0,0,0,0,0
capsule,0,0,0,2,0,0,0,0,0
responsible,2,0,0,0,0,0,0,0,0
infect,0,0,0,0,0,0,0,1,0
replicate,0,0,0,0,0,0,0,2,0
viral,1,0,0,0,0,0,0,0,0
essential,1,0,0,0,0,0,0,0,0
replication,0,0,0,2,0,0,0,0,0
order,0,0,0,6,0,0,0,0,0
viable,1,0,0,0,0,0,0,0,0
agree,0,0,0,0,0,0,0,1,0
actually,0,0,1,0,0,0,0,0,0
entity,0,0,0,1,0,0,0,0,0
sustain,0,0,0,0,0,0,0,1,0
part,0,0,0,11,0,0,0,0,0
conduct,0,0,0,0,0,0,0,2,0
slipper,0,0,0,1,0,0,0,0,0
vase,0,0,0,1,0,0,0,0,0
ball,0,0,0,2,0,0,0,0,0
swim,0,0,0,0,0,0,0,3,0
wave,0,0,0,0,0,0,0,1,0
flagellum,0,0,0,2,0,0,0,0,0
lashlike,1,0,0,0,0,0,0,0,0
hairlike,1,0,0,0,0,0,0,0,0
cilium,0,0,0,3,0,0,0,0,0
mouth,0,0,0,3,0,0,0,0,0
ring,0,0,0,1,0,0,0,0,0
move,0,0,0,0,0,0,0,2,0
hair,0,0,0,1,0,0,0,0,0
bring,0,0,0,0,0,0,0,3,0
stalk,0,0,0,1,0,0,0,0,0
stretch,0,0,0,0,0,0,0,1,0
coil,0,0,0,0,0,0,0,1,0
pull,0,0,0,0,0,0,0,1,0
away,0,0,3,0,0,0,0,0,0
danger,0,0,0,1,0,0,0,0,0
temporary,2,0,0,0,0,0,0,0,0
cytoplasmic,1,0,0,0,0,0,0,0,0
extension,0,0,0,1,0,0,0,0,0
pseudopodium,0,0,0,1,0,0,0,0,0
false,1,0,0,0,0,0,0,0,0
foot,0,0,0,1,0,0,0,0,0
primitive,2,0,0,0,0,0,0,0,0
locomotion,0,0,0,1,0,0,0,0,0
freshwater,1,0,0,2,0,0,0,0,0
pond,0,0,0,4,0,0,0,0,0
unaided,1,0,0,0,0,0,0,0,0
milky,1,0,0,0,0,0,0,0,0
speck,0,0,0,1,0,0,0,0,0
largely,0,0,1,0,0,0,0,0,0
jellylike,2,0,0,0,0,0,0,0,0
cytoplasm,0,0,0,6,0,0,0,0,0
surface,0,0,0,3,0,0,0,0,0
clear,2,0,0,0,0,0,0,0,0
tough,3,0,0,0,0,0,0,0,0
flexible,1,0,0,0,0,0,0,0,0
permit,0,0,0,0,0,0,0,1,0
shape,0,0,0,3,0,0,0,0,0
flow,0,0,0,2,0,0,0,1,0
take,0,0,0,0,0,0,0,7,0
droplet,0,0,0,3,0,0,0,0,0
vacuole,0,0,0,2,0,0,0,0,0
absorb,0,0,0,0,0,0,0,3,0
layer,0,0,0,7,0,0,0,0,0
scum,0,0,0,1,0,0,0,0,0
damp,1,0,0,0,0,0,0,0,0
rock,0,0,0,3,0,0,0,0,0
brick,0,0,0,1,0,0,0,0,0
wall,0,0,0,8,0,0,0,0,0
relatively,0,0,1,0,0,0,0,0,0
large,13,0,0,0,0,0,0,0,0
fill,0,0,0,0,0,0,0,1,0
grain,0,0,0,2,0,0,0,0,0
sunlight,0,0,0,3,0,0,0,0,0
alga,0,0,0,4,0,0,0,0,0
stiff,1,0,0,0,0,0,0,0,0
transparent,1,0,0,0,0,0,0,0,0
cellulose,0,0,0,6,0,0,0,0,0
contribute,0,0,0,0,0,0,0,3,0
productivity,0,0,0,1,0,0,0,0,0
overtake,0,0,0,0,0,0,0,1,0
multicellular,12,0,0,0,0,0,0,0,0
stream,0,0,0,1,0,0,0,0,0
chain,0,0,0,5,0,0,0,0,0
drift,0,0,0,0,0,0,0,1,0
holdfast,0,0,0,2,0,0,0,0,0
hold,0,0,0,0,0,0,0,1,0
piece,0,0,0,1,0,0,0,0,0
wood,0,0,0,4,0,0,0,0,0
float,0,0,0,0,0,0,0,1,0
lettuce,0,0,0,3,0,0,0,0,0
rest,0,0,0,3,0,0,0,0,0
boxlike,1,0,0,0,0,0,0,0,0
arrange,0,0,0,0,0,0,0,3,0
sheet,0,0,0,1,0,0,0,0,0
weed,0,0,0,1,0,0,0,0,0
land,0,0,0,3,0,0,0,0,0
root,0,0,0,5,0,0,0,0,0
leave,0,0,0,6,0,0,0,0,0
flower,0,0,0,3,0,0,0,1,0
simply,0,0,3,0,0,0,0,0,0
flat,1,0,0,0,0,0,0,0,0
dwell,0,0,0,0,0,0,0,1,0
tube,0,0,0,3,0,0,0,0,0
close,3,0,0,0,0,0,0,1,0
slender,1,0,0,0,0,0,0,0,0
tentacle,0,0,0,1,0,0,0,0,0
catch,0,0,0,0,0,0,0,2,0
dog,0,0,0,3,0,0,0,0,0
connective,1,0,0,0,0,0,0,0,0
nourish,0,0,0,0,0,0,0,1,0
contract,0,0,0,0,0,0,0,2,0
organisms,0,0,0,1,0,0,0,0,0
hormone,0,0,0,6,0,0,0,0,0
directly,0,0,2,0,0,0,0,0,0
touch,0,0,0,0,0,0,0,3,0
sensitive,1,0,0,0,0,0,0,0,0
instance,0,0,0,1,0,0,0,0,0
go,0,0,0,0,0,0,0,2,0
countless,3,0,0,0,0,0,0,0,0
lose,0,0,0,0,0,0,0,5,0
collapse,0,0,0,0,0,0,0,1,0
droop,0,0,0,0,0,0,0,1,0
spread,0,0,0,0,0,0,0,1,0
regulate,0,0,0,0,0,0,0,2,0
impulse,0,0,0,3,0,0,0,0,0
indicate,0,0,0,0,0,0,0,4,0
feel,0,0,0,0,0,0,0,1,0
hear,0,0,0,0,0,0,0,1,0
relax,0,0,0,0,0,0,0,1,0
run,0,0,0,0,0,0,0,1,0
lie,0,0,0,0,0,0,0,1,0
deliver,0,0,0,0,0,0,0,1,0
stimulate,0,0,0,0,0,0,0,1,0
production,0,0,0,1,0,0,0,0,0
flagella,0,0,0,6,0,0,0,0,0
swimming,0,0,0,1,0,0,0,0,0
current,0,0,0,1,0,0,0,0,0
swallow,0,0,0,0,0,0,0,1,0
mouthlike,1,0,0,0,0,0,0,0,0
digest,0,0,0,0,0,0,0,3,0
circulate,0,0,0,0,0,0,0,3,0
special,2,0,0,0,0,0,0,0,0
fiber,0,0,0,1,0,0,0,0,0
cilia,0,0,0,1,0,0,0,0,0
unicellular,1,0,0,0,0,0,0,0,0
possess,0,0,0,0,0,0,0,2,0
photoreceptor,0,0,0,1,0,0,0,0,0
eyespot,0,0,0,1,0,0,0,0,0
respond,0,0,0,0,0,0,0,2,0
say,0,0,0,0,0,0,0,1,0
brain,0,0,0,1,0,0,0,0,0
cactus,0,0,0,1,0,0,0,0,0
dry,1,0,0,0,0,0,0,0,0
region,0,0,0,1,0,0,0,0,0
cattail,0,0,0,1,0,0,0,0,0
wet,1,0,0,0,0,0,0,0,0
herring,0,0,0,1,0,0,0,0,0
near,0,1,0,0,0,0,0,0,0
deep,2,0,0,0,0,0,0,0,0
angler,0,0,0,1,0,0,0,0,0
caterpillar,0,0,0,1,0,0,0,0,0
leaf,0,0,0,1,0,0,0,0,0
adaptation,0,0,0,5,0,0,0,0,0
surrounding,0,0,0,3,0,0,0,0,0
sort,0,0,0,1,0,0,0,0,0
combination,0,0,0,2,0,0,0,0,0
element,0,0,0,7,0,0,0,0,0
compound,0,0,0,7,0,0,0,0,0
extremely,0,0,1,0,0,0,0,0,0
hemoglobin,0,0,0,3,0,0,0,0,0
oxygen,0,0,0,19,0,0,0,0,0
hydrogen,0,0,0,7,0,0,0,0,0
nitrogen,0,0,0,9,0,0,0,0,0
sulfur,0,0,0,1,0,0,0,0,0
iron,0,0,0,2,0,0,0,0,0
polypeptide,0,0,0,1,0,0,0,0,0
attach,0,0,0,0,0,0,0,2,0
heme,0,0,0,1,0,0,0,0,0
ringlike,1,0,0,0,0,0,0,0,0
possible,3,0,0,0,0,0,0,0,0
framework,0,0,0,1,0,0,0,0,0
link,0,0,0,0,0,0,0,1,0
proportion,0,0,0,2,0,0,0,0,0
arrangement,0,0,0,2,0,0,0,0,0
join,0,0,0,0,0,0,0,1,0
array,0,0,0,1,0,0,0,0,0
percent,0,0,0,2,0,0,0,0,0
weight,0,0,0,1,0,0,0,0,0
highly,0,0,4,0,0,0,0,0,0
play,0,0,0,0,0,0,0,3,0
amount,0,0,0,1,0,0,0,0,0
build,0,0,0,0,0,0,0,2,0
chitin,0,0,0,1,0,0,0,0,0
shell,0,0,0,1,0,0,0,0,0
crustacean,0,0,0,1,0,0,0,0,0
jointed,1,0,0,0,0,0,0,0,0
related,7,0,0,0,0,0,0,0,0
learn,0,0,0,0,0,0,0,3,0
ready,2,0,1,0,0,0,0,0,0
method,0,0,0,1,0,0,0,0,0
manufacture,0,0,0,0,0,0,0,3,0
step,0,0,0,2,0,0,0,0,0
glucose,0,0,0,8,0,0,0,0,0
nutrient,0,0,0,10,0,0,0,0,0
fast,1,0,1,0,0,0,0,0,0
turn,0,0,0,0,0,0,0,3,0
starch,0,0,0,3,0,0,0,0,0
oil,0,0,0,3,0,0,0,0,0
store,0,0,0,0,0,0,0,8,0
finally,0,0,1,0,0,0,0,0,0
dissolve,0,0,0,0,0,0,0,1,0
protoplasm,0,0,0,1,0,0,0,0,0
channel,0,0,0,1,0,0,0,0,0
sugary,1,0,0,0,0,0,0,0,0
glycogen,0,0,0,1,0,0,0,0,0
extra,1,0,0,0,0,0,0,0,0
secure,0,0,0,0,0,0,0,2,0
release,0,0,0,0,0,0,0,3,0
common,4,0,0,0,0,0,0,0,0
essentially,0,0,1,0,0,0,0,0,0
reverse,1,0,0,0,0,0,0,0,0
oxidation,0,0,0,2,0,0,0,0,0
complete,1,0,0,0,0,0,0,2,0
available,2,0,0,0,0,0,0,0,0
especially,0,0,1,0,0,0,0,0,0
alcoholic,2,0,0,0,0,0,0,0,0
fermentation,0,0,0,2,0,0,0,0,0
ethanol,0,0,0,1,0,0,0,0,0
alcohol,0,0,0,3,0,0,0,0,0
yeast,0,0,0,2,0,0,0,0,0
bread,0,0,0,2,0,0,0,0,0
dough,0,0,0,2,0,0,0,0,0
evaporate,0,0,0,0,0,0,0,2,0
bake,0,0,0,0,0,0,0,1,0
exchange,0,0,0,2,0,0,0,2,0
liquid,0,0,0,2,0,0,0,0,0
travel,0,0,0,0,0,0,0,2,0
lymph,0,0,0,2,0,0,0,0,0
fluid,0,0,0,1,0,0,0,0,0
immune,1,0,0,0,0,0,0,0,0
dispose,0,0,0,0,0,0,0,2,0
suited,1,0,0,0,0,0,0,0,0
act,0,0,0,0,0,0,0,1,0
heritable,2,0,0,0,0,0,0,0,0
characteristic,0,0,0,5,0,0,0,0,0
likely,3,0,0,0,0,0,0,0,0
thrive,0,0,0,0,0,0,0,3,0
pass,0,0,0,0,0,0,0,2,0
beneficial,5,0,0,0,0,0,0,0,0
offspring,0,0,0,3,0,0,0,0,0
contrast,0,0,0,1,0,0,0,0,0
adaptive,2,0,0,0,0,0,0,0,0
member,0,0,0,5,0,0,0,0,0
population,0,0,0,1,0,0,0,0,0
relative,2,0,0,0,0,0,0,0,0
approximately,0,0,3,0,0,0,0,0,0
kingdom,0,0,0,21,0,0,0,0,0
classification,0,0,0,12,0,0,0,0,0
formalize,0,0,0,0,0,0,0,1,0
genus,0,0,0,7,0,0,0,0,0
difference,0,0,0,3,0,0,0,0,0
view,0,0,0,0,0,0,0,1,0
product,0,0,0,6,0,0,0,0,0
recognize,0,0,0,0,0,0,0,2,0
adopt,0,0,0,0,0,0,0,1,0
separate,2,0,0,0,0,0,0,1,0
belong,0,0,0,0,0,0,0,4,0
late,3,0,0,0,0,0,0,0,0
existence,0,0,0,3,0,0,0,0,0
technology,0,0,0,3,0,0,0,0,0
note,0,0,0,0,0,0,0,3,0
code,0,0,0,4,0,0,0,0,0
apart,0,0,1,0,0,0,0,0,0
finding,0,0,0,2,0,0,0,0,0
eventually,0,0,2,0,0,0,0,0,0
significant,1,0,0,0,0,0,0,0,0
modification,0,0,0,1,0,0,0,0,0
domain,0,0,0,4,0,0,0,0,0
protist,0,0,0,11,0,0,0,0,0
virtually,0,0,3,0,0,0,0,0,0
rigid,1,0,0,0,0,0,0,0,0
peptidoglycan,0,0,0,2,0,0,0,0,0
typical,1,0,0,0,0,0,0,0,0
sphere,0,0,0,1,0,0,0,0,0
rod,0,0,0,1,0,0,0,0,0
spiral,0,0,0,1,0,0,0,0,0
propel,0,0,0,0,0,0,0,2,0
tail,0,0,0,1,0,0,0,0,0
extend,0,0,0,0,0,0,0,1,0
aerobic,2,0,0,0,0,0,0,0,0
anaerobic,3,0,0,0,0,0,0,0,0
purple,2,0,0,0,0,0,0,0,0
photosynthetic,3,0,0,0,0,0,0,0,0
greenish,1,0,0,0,0,0,0,0,0
clump,0,0,0,1,0,0,0,0,0
autotrophic,5,0,0,0,0,0,0,0,0
decompose,0,0,0,0,0,0,0,1,0
dead,1,0,0,0,0,0,0,0,0
external,2,0,0,0,0,0,0,0,0
appearance,0,0,0,1,0,0,0,0,0
differ,0,0,0,0,0,0,0,1,0
abundant,1,0,0,0,0,0,0,0,0
notable,2,0,0,0,0,0,0,0,0
methane,0,0,0,2,0,0,0,0,0
marsh,0,0,0,2,0,0,0,0,0
prevalent,1,0,0,0,0,0,0,0,0
swamp,0,0,0,2,0,0,0,0,0
methanogen,0,0,0,2,0,0,0,0,0
inhabit,0,0,0,0,0,0,0,2,0
vent,0,0,0,1,0,0,0,0,0
floor,0,0,0,1,0,0,0,0,0
hot,2,0,0,0,0,0,0,0,0
spring,0,0,0,2,0,0,0,0,0
extremophile,0,0,0,1,0,0,0,0,0
pool,0,0,0,2,0,0,0,0,0
acidic,1,0,0,0,0,0,0,0,0
salty,2,0,0,0,0,0,0,0,0
rumen,0,0,0,1,0,0,0,0,0
metabolism,0,0,0,1,0,0,0,0,0
sense,0,0,0,1,0,0,0,0,0
resemble,0,0,0,0,0,0,0,2,0
boil,0,0,0,0,0,0,0,1,0
atmosphere,0,0,0,3,0,0,0,0,0
devoid,1,0,0,0,0,0,0,0,0
ability,0,0,0,2,0,0,0,0,0
suggest,0,0,0,0,0,0,0,2,0
adapted,1,0,0,0,0,0,0,0,0
probably,0,0,2,0,0,0,0,0,0
comparison,0,0,0,1,0,0,0,0,0
able,4,0,0,0,0,0,0,0,0
unlike,0,3,0,0,0,0,0,0,0
difficult,1,0,0,0,0,0,0,0,0
analyze,0,0,0,0,0,0,0,1,0
rna,0,0,0,2,0,0,0,0,0
sample,0,0,0,1,0,0,0,0,0
solitary,1,0,0,0,0,0,0,0,0
colony,0,0,0,1,0,0,0,0,0
characterize,0,0,0,0,0,0,0,1,0
plantlike,1,0,0,0,0,0,0,0,0
funguslike,1,0,0,0,0,0,0,0,0
slime,0,0,0,1,0,0,0,0,0
mold,0,0,0,3,0,0,0,0,0
saprophagous,1,0,0,0,0,0,0,0,0
euglenoid,0,0,0,2,0,0,0,0,0
paramecia,0,0,0,1,0,0,0,0,0
diatom,0,0,0,1,0,0,0,0,0
capture,0,0,0,0,0,0,0,2,0
evade,0,0,0,0,0,0,0,1,0
predator,0,0,0,1,0,0,0,0,0
outside,3,1,0,0,0,0,0,0,0
flagellate,0,0,0,1,0,0,0,0,0
african,1,0,0,0,0,0,0,0,0
sleeping,0,0,0,1,0,0,0,0,0
sickness,0,0,0,1,0,0,0,0,0
dysentery,0,0,0,1,0,0,0,0,0
range,0,0,0,0,0,0,0,3,0
mildew,0,0,0,1,0,0,0,0,0
mushroom,0,0,0,1,0,0,0,0,0
toadstool,0,0,0,1,0,0,0,0,0
inspire,0,0,0,0,0,0,0,1,0
synthesize,0,0,0,0,0,0,0,1,0
nourishment,0,0,0,1,0,0,0,0,0
symbiotic,1,0,0,0,0,0,0,0,0
secrete,0,0,0,0,0,0,0,1,0
enzyme,0,0,0,2,0,0,0,0,0
immediate,1,0,0,0,0,0,0,0,0
degrade,0,0,0,0,0,0,0,1,0
accord,0,0,0,0,0,0,0,2,0
vine,0,0,0,1,0,0,0,0,0
enormous,1,0,0,0,0,0,0,0,0
redwood,0,0,0,1,0,0,0,0,0
autotrophs,1,0,0,0,0,0,0,0,0
vascular,3,0,0,0,0,0,0,0,0
terrestrial,3,0,0,0,0,0,0,0,0
nonvascular,3,0,0,0,0,0,0,0,0
usually,0,0,5,0,0,0,0,0,0
aquatic,1,0,0,0,0,0,0,0,0
liverwort,0,0,0,1,0,0,0,0,0
limit,0,0,0,0,0,0,0,1,0
transport,0,0,0,0,0,0,0,1,0
dodder,1,0,0,0,0,0,0,0,0
indian,1,0,0,0,0,0,0,0,0
pipe,0,0,0,1,0,0,0,0,0
nonphotosynthetic,1,0,0,0,0,0,0,0,0
flytrap,0,0,0,1,0,0,0,0,0
trap,0,0,0,0,0,0,0,2,0
heterotrophs,0,0,0,1,0,0,0,0,0
metazoan,0,0,0,1,0,0,0,0,0
distinguish,0,0,0,0,0,0,0,1,0
main,1,0,0,0,0,0,0,0,0
invertebrate,1,0,0,3,0,0,0,0,0
vertebrate,0,0,0,4,0,0,0,0,0
star,0,0,0,2,0,0,0,0,0
starfish,0,0,0,2,0,0,0,0,0
backbone,0,0,0,3,0,0,0,0,0
support,0,0,0,0,0,0,0,1,0
outer,1,0,0,0,0,0,0,0,0
exoskeleton,0,0,0,1,0,0,0,0,0
salamander,0,0,0,1,0,0,0,0,0
snake,0,0,0,1,0,0,0,0,0
lizard,0,0,0,1,0,0,0,0,0
horse,0,0,0,1,0,0,0,0,0
far,0,0,1,0,0,0,0,0,0
respectively,0,0,1,0,0,0,0,0,0
living,0,0,0,2,0,0,0,0,0
symbiosis,0,0,0,3,0,0,0,0,0
word,0,0,0,4,0,0,0,0,0
state,0,0,0,2,0,0,0,0,0
physical,3,0,0,0,0,0,0,0,0
contact,0,0,0,1,0,0,0,0,0
mutualism,0,0,0,1,0,0,0,0,0
mutually,0,0,1,0,0,0,0,0,0
commensualism,0,0,0,1,0,0,0,0,0
harmful,2,0,0,0,0,0,0,0,0
parasitism,0,0,0,1,0,0,0,0,0
readily,0,0,1,0,0,0,0,0,0
multitude,0,0,0,1,0,0,0,0,0
lake,0,0,0,1,0,0,0,0,0
river,0,0,0,1,0,0,0,0,0
descend,0,0,0,0,0,0,0,1,0
ancestor,0,0,0,2,0,0,0,0,0
alive,1,0,0,0,0,0,0,0,0
formation,0,0,0,1,0,0,0,0,0
belief,0,0,0,2,0,0,0,0,0
evidence,0,0,0,1,0,0,0,0,0
embed,0,0,0,0,0,0,0,1,0
middle,1,0,0,0,0,0,0,0,0
jurassic,1,0,0,0,0,0,0,0,0
rich,1,0,0,0,0,0,0,0,0
critical,1,0,0,0,0,0,0,0,0
event,0,0,0,1,0,0,0,0,0
hypothesis,0,0,0,1,0,0,0,0,0
soupy,1,0,0,0,0,0,0,0,0
mixture,0,0,0,1,0,0,0,0,0
concentrate,0,0,0,0,0,0,0,1,0
warm,1,0,0,0,0,0,0,0,0
bathe,0,0,0,0,0,0,0,1,0
ultraviolet,0,0,0,1,0,0,0,0,0
ray,0,0,0,1,0,0,0,0,0
sun,0,0,0,1,0,0,0,0,0
mix,0,0,0,1,0,0,0,0,0
increasingly,0,0,2,0,0,0,0,0,0
recombine,0,0,0,0,0,0,0,1,0
capable,2,0,0,0,0,0,0,0,0
aid,0,0,0,0,0,0,0,2,0
multicelled,1,0,0,0,0,0,0,0,0
seven,1,0,0,0,1,0,0,0,0
movement,0,0,0,4,0,0,0,0,0
sensitivity,0,0,0,1,0,0,0,0,0
sunshine,0,0,0,1,0,0,0,0,0
shrink,0,0,0,0,0,0,0,1,0
blink,0,0,0,0,0,0,0,1,0
shine,0,0,0,0,0,0,0,1,0
sunflower,0,0,0,1,0,0,0,0,0
slightly,0,0,1,0,0,0,0,0,0
specially,0,0,1,0,0,0,0,0,0
purpose,0,0,0,1,0,0,0,0,0
breathe,0,0,0,0,0,0,0,1,0
lung,0,0,0,2,0,0,0,0,0
transfer,0,0,0,1,0,0,0,1,0
artery,0,0,0,1,0,0,0,0,0
arterial,1,0,0,0,0,0,0,0,0
fresh,1,0,0,0,0,0,0,0,0
exhale,0,0,0,0,0,0,0,1,0
opening,0,0,0,1,0,0,0,0,0
stomata,0,0,0,1,0,0,0,0,0
underside,0,0,0,1,0,0,0,0,0
reactant,0,0,0,1,0,0,0,0,0
nitrate,0,0,0,1,0,0,0,0,0
nitrite,0,0,0,1,0,0,0,0,0
sulfate,0,0,0,1,0,0,0,0,0
ion,0,0,0,1,0,0,0,0,0
nutrition,1,0,0,1,0,0,0,0,0
legume,0,0,0,1,0,0,0,0,0
nodule,0,0,0,1,0,0,0,0,0
tooth,0,0,0,3,0,0,0,0,0
suck,0,0,0,0,0,0,0,1,0
nectar,0,0,0,1,0,0,0,0,0
tropical,1,0,0,0,0,0,0,0,0
pitcher,0,0,0,1,0,0,0,0,0
regardless,0,0,1,0,0,0,0,0,0
repair,0,0,0,1,0,0,0,0,0
bone,0,0,0,2,0,0,0,0,0
scale,0,0,0,1,0,0,0,0,0
portion,0,0,0,1,0,0,0,0,0
engine,0,0,0,2,0,0,0,0,0
burn,0,0,0,0,0,0,0,1,0
coal,0,0,0,2,0,0,0,0,0
get,0,0,0,0,0,0,0,1,0
train,0,0,0,1,0,0,0,0,0
mend,0,0,0,0,0,0,0,3,0
snowball,0,0,0,1,0,0,0,0,0
size,0,0,0,2,0,0,0,0,0
roll,0,0,0,0,0,0,0,1,0
snow,0,0,0,1,0,0,0,0,0
salt,0,0,0,1,0,0,0,0,0
crystal,0,0,0,1,0,0,0,0,0
lifeless,1,0,0,0,0,0,0,0,0
object,0,0,0,1,0,0,0,0,0
happen,0,0,0,0,0,0,0,2,0
chick,0,0,0,1,0,0,0,0,0
mature,0,0,0,0,0,0,0,1,0
hen,0,0,0,1,0,0,0,0,0
add,0,0,0,0,0,0,0,2,0
heal,0,0,0,0,0,0,0,2,0
injury,0,0,0,2,0,0,0,0,0
shrub,0,0,0,1,0,0,0,0,0
bark,0,0,0,1,0,0,0,0,0
crab,0,0,0,1,0,0,0,0,0
leg,0,0,0,1,0,0,0,0,0
cut,0,0,0,0,0,0,0,1,0
skin,0,0,0,1,0,0,0,0,0
asexual,3,0,0,0,0,0,0,0,0
mate,0,0,0,0,0,0,0,1,0
partner,0,0,0,3,0,0,0,0,0
sexual,1,0,0,0,0,0,0,0,0
low,2,0,0,0,0,0,0,0,0
unimportant,1,0,0,0,0,0,0,0,0
high,7,0,0,0,0,0,0,0,0
asexually,0,0,1,0,0,0,0,0,0
binary,1,0,0,0,0,0,0,0,0
fission,0,0,0,1,0,0,0,0,0
soon,0,0,2,0,0,0,0,0,0
illness,0,0,0,1,0,0,0,0,0
death,0,0,0,1,0,0,0,0,0
excretion,0,0,0,1,0,0,0,0,0
taxonomy,0,0,0,3,0,0,0,0,0
comprise,0,0,0,0,0,0,0,1,0
systematic,0,0,0,1,0,0,0,0,0
swedish,2,0,0,0,0,0,0,0,0
succession,0,0,0,1,0,0,0,0,0
linnaean,2,0,0,0,0,0,0,0,0
attribute,0,0,0,1,0,0,0,0,0
closeness,0,0,0,1,0,0,0,0,0
spell,0,0,0,0,0,0,0,1,0
identically,0,0,1,0,0,0,0,0,0
singular,1,0,0,0,0,0,0,0,0
plural,3,0,0,0,0,0,0,0,0
taxon,0,0,0,2,0,0,0,0,0
organization,0,0,0,1,0,0,0,0,0
generic,2,0,0,0,0,0,0,0,0
wolf,0,0,0,2,0,0,0,0,0
coyote,0,0,0,2,0,0,0,0,0
second,2,0,0,0,0,0,0,0,0
lupus,0,0,0,1,0,0,0,0,0
italicize,0,0,0,0,0,0,0,1,0
capitalize,0,0,0,0,0,0,0,1,0
relatedness,0,0,0,1,0,0,0,0,0
distant,1,0,0,0,0,0,0,0,0
family,0,0,0,2,0,0,0,0,0
class,0,0,0,2,0,0,0,0,0
phylum,0,0,0,3,0,0,0,0,0
taxonomic,2,0,0,0,0,0,0,0,0
phylogenetic,1,0,0,0,0,0,0,0,0
degree,0,0,0,3,0,0,0,0,0
diverge,0,0,0,0,0,0,0,1,0
course,0,0,0,1,0,0,0,0,0
frequently,0,0,1,0,0,0,0,0,0
revise,0,0,0,0,0,0,0,1,0
skull,0,0,0,1,0,0,0,0,0
jaw,0,0,0,1,0,0,0,0,0
length,0,0,0,1,0,0,0,0,0
datum,0,0,0,1,0,0,0,0,0
publication,0,0,0,1,0,0,0,0,0
taxonomist,0,0,0,1,0,0,0,0,0
organize,0,0,0,0,0,0,0,1,0
logical,1,0,0,0,0,0,0,0,0
manner,0,0,0,1,0,0,0,0,0
binomial,2,0,0,0,0,0,0,0,0
nomenclature,0,0,0,1,0,0,0,0,0
appeal,0,0,0,0,0,0,0,1,0
persist,0,0,0,0,0,0,0,1,0
rapidly,0,0,1,0,0,0,0,0,0
british,2,0,0,0,0,0,0,0,0
naturalist,0,0,0,3,0,0,0,0,0
archipelago,0,0,0,1,0,0,0,0,0
coast,0,0,0,1,0,0,0,0,0
simultaneously,0,0,1,0,0,0,0,0,0
peer,0,0,0,1,0,0,0,0,0
receive,0,0,0,0,0,0,0,1,0
wide,1,0,0,0,0,0,0,0,0
attention,0,0,0,1,0,0,0,0,0
geographic,1,0,0,0,0,0,0,0,0
distribution,0,0,0,1,0,0,0,0,0
wildlife,0,0,0,1,0,0,0,0,0
journey,0,0,0,3,0,0,0,0,0
revolutionize,0,0,0,0,0,0,0,1,0
thinking,0,0,0,1,0,0,0,0,0
speciation,0,0,0,1,0,0,0,0,0
sound,1,0,0,0,0,0,0,0,0
reasoning,0,0,0,2,0,0,0,0,0
wealth,0,0,0,1,0,0,0,0,0
variability,0,0,0,2,0,0,0,0,0
mechanism,0,0,0,3,0,0,0,0,0
inheritance,0,0,0,2,0,0,0,0,0
beak,0,0,0,1,0,0,0,0,0
parent,0,0,0,2,0,0,0,0,0
variation,0,0,0,2,0,0,0,0,0
gradual,1,0,0,0,0,0,0,0,0
provoke,0,0,0,0,0,0,0,1,0
tremendous,1,0,0,0,0,0,0,0,0
controversy,0,0,0,1,0,0,0,0,0
generally,0,0,1,0,0,0,0,0,0
accept,0,0,0,0,0,0,0,1,0
austrian,2,0,0,0,0,0,0,0,0
monk,0,0,0,2,0,0,0,0,0
breeding,0,0,0,1,0,0,0,0,0
garden,0,0,0,5,0,0,0,0,0
pea,0,0,0,3,0,0,0,0,0
reveal,0,0,0,0,0,0,0,1,0
mathematically,0,0,1,0,0,0,0,0,0
predictable,1,0,0,0,0,0,0,0,0
fashion,0,0,0,1,0,0,0,0,0
significance,0,0,0,1,0,0,0,0,0
obscure,2,0,0,0,0,0,0,0,0
rediscovery,0,0,0,1,0,0,0,0,0
spur,0,0,0,0,0,0,0,2,0
strengthen,0,0,0,0,0,0,0,1,0
formulate,0,0,0,0,0,0,0,1,0
segregation,0,0,0,1,0,0,0,0,0
independent,2,0,0,0,0,0,0,0,0
assortment,0,0,0,1,0,0,0,0,0
independently,0,0,1,0,0,0,0,0,0
predominantly,0,0,1,0,0,0,0,0,0
descriptive,1,0,0,0,0,0,0,0,0
keenly,0,0,1,0,0,0,0,0,0
found,0,0,0,0,0,0,0,1,0
experimentation,0,0,0,1,0,0,0,0,0
deductive,1,0,0,0,0,0,0,0,0
antibiotic,0,0,0,1,0,0,0,0,0
treat,0,0,0,0,0,0,0,2,0
infectious,2,0,0,0,0,0,0,0,0
insulin,0,0,0,2,0,0,0,0,0
past,1,0,0,0,0,0,0,0,0
mellitus,0,0,0,1,0,0,0,0,0
injection,0,0,0,1,0,0,0,0,0
pancreas,0,0,0,1,0,0,0,0,0
correct,0,0,0,0,0,0,0,1,0
turning,0,0,0,1,0,0,0,0,0
point,0,0,0,1,0,0,0,0,0
subsequent,1,0,0,0,0,0,0,0,0
unraveling,0,0,0,1,0,0,0,0,0
unprecedented,1,0,0,0,0,0,0,0,0
manipulate,0,0,0,0,0,0,0,1,0
usher,0,0,0,0,0,0,0,1,0
age,0,0,0,1,0,0,0,0,0
biotechnology,0,0,0,2,0,0,0,0,0
practical,1,0,0,0,0,0,0,0,0
industry,0,0,0,1,0,0,0,0,0
enable,0,0,0,0,0,0,0,1,0
decipher,0,0,0,0,0,0,0,1,0
genome,0,0,0,1,0,0,0,0,0
sequencing,0,0,0,1,0,0,0,0,0
expensive,1,0,0,0,0,0,0,0,0
expression,0,0,0,1,0,0,0,0,0
negative,1,0,0,0,0,0,0,0,0
urbanization,0,0,0,1,0,0,0,0,0
industrialization,0,0,0,1,0,0,0,0,0
threaten,0,0,0,0,0,0,0,1,0
emergence,0,0,0,1,0,0,0,0,0
endanger,0,0,0,0,0,0,0,1,0
public,1,0,0,0,0,0,0,0,0
hazard,0,0,0,1,0,0,0,0,0
monitor,0,0,0,0,0,0,0,1,0
universally,0,0,1,0,0,0,0,0,0
assign,0,0,0,0,0,0,0,1,0
latin,1,0,0,0,0,0,0,0,0
prefer,0,0,0,0,0,0,0,1,0
latinized,1,0,0,0,0,0,0,0,0
father,0,0,0,2,0,0,0,0,0
curate,0,0,0,1,0,0,0,0,0
boy,0,0,0,2,0,0,0,0,0
footstep,0,0,0,1,0,0,0,0,0
nickname,0,0,0,0,0,0,0,1,0
village,0,0,0,1,0,0,0,0,0
unusual,1,0,0,0,0,0,0,0,0
gift,0,0,0,1,0,0,0,0,0
encourage,0,0,0,0,0,0,0,1,0
care,0,0,0,0,0,0,0,1,0
talent,0,0,0,1,0,0,0,0,0
win,0,0,0,0,0,0,0,1,0
appointment,0,0,0,1,0,0,0,0,0
lecturer,0,0,0,1,0,0,0,0,0
send,0,0,0,0,0,0,0,1,0
kilometer,0,0,0,1,0,0,0,0,0
botanical,2,0,0,0,0,0,0,0,0
survey,0,0,0,1,0,0,0,0,0
future,1,0,0,0,0,0,0,0,0
wife,0,0,0,1,0,0,0,0,0
fund,0,0,0,1,0,0,0,0,0
doctor,0,0,0,1,0,0,0,0,0
university,0,0,0,1,0,0,0,0,0
attendant,0,0,0,1,0,0,0,0,0
banker,0,0,0,1,0,0,0,0,0
director,0,0,0,1,0,0,0,0,0
edition,0,0,0,1,0,0,0,0,0
famous,2,0,0,0,0,0,0,0,0
return,0,0,0,0,0,0,0,1,0
appoint,0,0,0,0,0,0,0,1,0
chair,0,0,0,1,0,0,0,0,0
spend,0,0,0,0,0,0,0,1,0
active,1,0,0,0,0,0,0,0,0
country,0,0,0,1,0,0,0,0,0
search,0,0,0,0,0,0,0,1,0
specimen,0,0,0,1,0,0,0,0,0
artificial,1,0,0,0,0,0,0,0,0
regard,0,0,0,0,0,0,0,1,0
convenience,0,0,0,1,0,0,0,0,0
replace,0,0,0,0,0,0,0,1,0
supply,0,0,0,0,0,0,0,1,0
outline,0,0,0,1,0,0,0,0,0
retain,0,0,0,0,0,0,0,1,0
reach,0,0,0,0,0,0,0,1,0
library,0,0,0,1,0,0,0,0,0
monastery,0,0,0,3,0,0,0,0,0
priest,0,0,0,1,0,0,0,0,0
teach,0,0,0,0,0,0,0,1,0
nearby,1,0,0,0,0,0,0,0,0
school,0,0,0,1,0,0,0,0,0
elect,0,0,0,0,0,0,0,1,0
abbot,0,0,0,1,0,0,0,0,0
blossom,0,0,0,1,0,0,0,0,0
color,0,0,0,1,0,0,0,0,0
occurrence,0,0,0,1,0,0,0,0,0
pair,0,0,0,0,0,0,0,1,0
elementary,1,0,0,0,0,0,0,0,0
entitle,0,0,0,0,0,0,0,1,0
administrative,1,0,0,0,0,0,0,0,0
duty,0,0,0,1,0,0,0,0,0
busy,1,0,0,0,0,0,0,0,0
obscurity,0,0,0,1,0,0,0,0,0
confirm,0,0,0,0,0,0,0,1,0
conclusion,0,0,0,1,0,0,0,0,0
breakthrough,1,0,0,0,0,0,0,0,0
debunk,0,0,0,0,0,0,0,1,0
tenth,0,0,0,1,0,0,0,0,0
accumulate,0,0,0,0,0,0,0,1,0
web,0,0,0,1,0,0,0,0,0
