word,ADJ,ADP,ADV,DET,INTJ,NOUN,NUM,PUNCT,SCONJ,VERB,X
know,0,0,0,0,0,0,0,0,0,71,0
time,0,0,0,0,0,43,0,0,0,0,0
tremendous,2,0,0,0,0,0,0,0,0,0,0
artistic,1,0,0,0,0,0,0,0,0,0,0
intellectual,1,0,0,0,0,0,0,0,0,0,0
achievement,0,0,0,0,0,12,0,0,0,0,0
accomplishment,0,0,0,0,0,3,0,0,0,0,0
era,0,0,0,0,0,3,0,0,0,0,0
solely,0,0,1,0,0,0,0,0,0,0,0
triumph,0,0,0,0,0,5,0,0,0,0,0
mind,0,0,0,0,0,11,0,0,0,0,0
great,83,0,0,0,0,0,0,0,0,0,0
physical,1,0,0,0,0,0,0,0,0,0,0
courage,0,0,0,0,0,4,0,0,0,0,0
stamina,0,0,0,0,0,1,0,0,0,0,0
need,0,0,0,0,0,4,0,0,0,5,0
explorer,0,0,0,0,0,47,0,0,0,0,0
step,0,0,0,0,0,0,0,0,0,1,0
sail,0,0,0,0,0,10,0,0,0,96,0
unknown,13,0,0,0,0,0,0,0,0,0,0
expand,0,0,0,0,0,0,0,0,0,3,0
boundary,0,0,0,0,0,2,0,0,0,0,0
world,0,0,0,0,0,37,0,0,0,0,0
knowledge,0,0,0,0,0,17,0,0,0,0,0
detail,0,0,0,0,0,8,0,0,0,2,0
book,0,0,0,0,0,26,0,0,0,0,0
tell,0,0,0,0,0,0,0,0,0,5,0
story,0,0,0,0,0,11,0,0,0,0,0
tale,0,0,0,0,0,8,0,0,0,0,0
action,0,0,0,0,0,3,0,0,0,0,0
adventure,0,0,0,0,0,7,0,0,0,0,0
spirit,0,0,0,0,0,2,0,0,0,0,0
play,0,0,0,0,0,1,0,0,0,9,0
year,0,0,0,0,0,70,0,0,0,0,0
ago,0,0,1,0,0,0,0,0,0,0,0
element,0,0,0,0,0,3,0,0,0,0,0
easily,0,0,1,0,0,0,0,0,0,0,0
recognizable,2,0,0,0,0,0,0,0,0,0,0
today,0,0,0,0,0,6,0,0,0,0,0
religious,14,0,0,0,0,0,0,0,0,0,0
political,18,0,0,0,0,0,0,0,0,0,0
tension,0,0,0,0,0,3,0,0,0,0,0
technology,0,0,0,0,0,5,0,0,0,0,0
commerce,0,0,0,0,0,5,0,0,0,0,0
fuel,0,0,0,0,0,0,0,0,0,5,0
progression,0,0,0,0,0,2,0,0,0,0,0
exploration,0,0,0,0,0,41,0,0,0,0,0
age,0,0,0,0,0,25,0,0,0,0,0
overland,6,0,3,0,0,1,0,0,0,0,0
route,0,0,0,0,0,74,0,0,0,0,0
give,0,0,0,0,0,0,0,0,0,34,0
way,0,0,0,0,0,37,0,0,0,0,0
development,0,0,0,0,0,6,0,0,0,0,0
seaborne,2,0,0,0,0,0,0,0,0,0,0
eastward,1,0,10,0,0,0,0,0,0,0,0
lead,0,0,0,0,0,1,0,0,0,38,0
westward,8,0,18,0,0,0,0,0,0,0,0
sea,0,0,0,0,0,54,0,0,0,0,0
attempt,0,0,0,0,0,11,0,0,0,11,0
reach,0,0,0,0,0,3,0,0,0,101,0
circle,0,0,0,0,0,1,0,0,0,2,0
far,3,0,31,0,0,0,0,0,0,0,0
conflict,0,0,0,0,0,4,0,0,0,0,0
important,17,0,0,0,0,0,0,0,0,0,0
spark,0,0,0,0,0,1,0,0,0,0,0
emergence,0,0,0,0,0,1,0,0,0,0,0
muslim,27,0,0,0,0,0,0,0,0,0,0
ottoman,1,0,0,0,0,0,0,0,0,0,0
empire,0,0,0,0,0,9,0,0,0,0,0
court,0,0,0,0,0,36,0,0,0,0,0
increasingly,0,0,1,0,0,0,0,0,0,0,0
perilous,3,0,0,0,0,0,0,0,0,0,0
christian,24,0,0,0,0,0,0,0,0,0,0
european,32,0,0,0,0,0,0,0,0,0,0
traveler,0,0,0,0,0,25,0,0,0,0,0
trader,0,0,0,0,0,8,0,0,0,0,0
convert,0,0,0,0,0,1,0,0,0,4,0
mongol,16,0,0,0,0,1,0,0,0,0,0
goal,0,0,0,0,0,9,0,0,0,0,0
early,29,0,12,0,0,0,0,0,0,0,0
expedition,0,0,0,0,0,71,0,0,0,0,0
east,2,0,6,0,0,16,0,0,0,0,0
politic,0,0,0,0,0,3,0,0,0,0,0
hand,0,0,0,0,0,17,0,0,0,1,0
breakup,0,0,0,0,0,1,0,0,0,0,0
increase,0,0,0,0,0,1,0,0,0,5,0
risk,0,0,0,0,0,1,0,0,0,1,0
travel,0,0,0,0,0,30,0,0,0,24,0
region,0,0,0,0,0,19,0,0,0,0,0
later,6,0,49,0,0,0,0,0,0,0,0
nation,0,0,0,0,0,7,0,0,0,0,0
jostle,0,0,0,0,0,0,0,0,0,1,0
upper,3,0,0,0,0,0,0,0,0,0,0
explore,0,0,0,0,0,0,0,0,0,26,0
trade,0,0,0,0,0,31,0,0,0,9,0
ultimately,0,0,8,0,0,0,0,0,0,0,0
conquer,0,0,0,0,0,0,0,0,0,5,0
new,44,0,0,0,0,0,0,0,0,0,0
land,0,0,0,0,0,65,0,0,0,7,0
role,0,0,0,0,0,9,0,0,0,0,0
largely,0,0,5,0,0,0,0,0,0,0,0
manifest,0,0,0,0,0,0,0,0,0,2,0
navigational,9,0,0,0,0,0,0,0,0,0,0
shipbuilding,0,0,0,0,0,2,0,0,0,0,0
technique,0,0,0,0,0,3,0,0,0,0,0
period,0,0,0,0,0,11,0,0,0,0,0
navigation,0,0,0,0,0,7,0,0,0,0,0
progress,0,0,0,0,0,3,0,0,0,1,0
little,21,0,2,0,0,0,0,0,0,0,0
second,28,0,1,0,0,0,0,0,0,0,1
century,0,0,0,0,0,55,0,0,0,0,0
ambitious,4,0,0,0,0,0,0,0,0,0,0
take,0,0,0,0,0,0,0,0,0,63,0
advantage,0,0,0,0,0,5,0,0,0,0,0
accelerate,0,0,0,0,0,0,0,0,0,2,0
advancement,0,0,0,0,0,2,0,0,0,0,0
basic,2,0,0,0,0,0,0,0,0,0,0
think,0,0,0,0,0,0,0,0,0,14,0
high,9,0,0,0,0,0,0,0,0,0,0
modern,16,0,0,0,0,0,0,0,0,0,0
standard,0,0,0,0,0,2,0,0,0,0,0
consider,0,0,0,0,0,0,0,0,0,9,0
comparable,1,0,0,0,0,0,0,0,0,0,0
internet,0,0,0,0,0,1,0,0,0,0,0
air,0,0,0,0,0,1,0,0,0,0,0
facilitate,0,0,0,0,0,0,0,0,0,2,0
movement,0,0,0,0,0,4,0,0,0,0,0
space,0,0,0,0,0,4,0,0,0,0,0
involve,0,0,0,0,0,0,0,0,0,2,0
constant,3,0,0,0,0,0,0,0,0,0,0
driver,0,0,0,0,0,1,0,0,0,0,0
case,0,0,0,0,0,7,0,0,0,0,0
wave,0,0,0,0,0,2,0,0,0,0,0
include,0,0,0,0,0,0,0,0,0,18,0
journey,0,0,0,0,0,45,0,0,0,5,0
multitude,0,0,0,0,0,1,0,0,0,0,0
venture,0,0,0,0,0,1,0,0,0,3,0
invasion,0,0,0,0,0,4,0,0,0,0,0
pique,0,0,0,0,0,0,0,0,0,1,0
force,0,0,0,0,0,3,0,0,0,4,0
curiosity,0,0,0,0,0,4,0,0,0,0,0
prior,0,0,1,0,0,0,0,0,0,0,0
send,0,0,0,0,0,0,0,0,0,49,0
emissary,0,0,0,0,0,5,0,0,0,0,0
father,0,0,0,0,0,16,0,0,0,1,0
uncle,0,0,0,0,0,6,0,0,0,0,0
successful,8,0,0,0,0,0,0,0,0,0,0
company,0,0,0,0,0,5,0,0,0,0,0
trek,0,0,0,0,0,2,0,0,0,0,0
result,0,0,0,0,0,6,0,0,0,7,0
live,0,0,0,0,0,0,0,0,0,10,0
originally,0,0,4,0,0,0,0,0,0,0,0
letter,0,0,0,0,0,30,0,0,0,0,0
subsequently,0,0,7,0,0,0,0,0,0,0,0
establish,0,0,0,0,0,0,0,0,0,27,0
lasting,1,0,0,0,0,0,0,0,0,0,0
significance,0,0,0,0,0,2,0,0,0,0,0
chronicle,0,0,0,0,0,2,0,0,0,2,0
vivid,5,0,0,0,0,0,0,0,0,0,0
popular,8,0,0,0,0,0,0,0,0,0,0
manuscript,0,0,0,0,0,11,0,0,0,0,0
production,0,0,0,0,0,2,0,0,0,0,0
fluke,0,0,0,0,0,1,0,0,0,0,0
meet,0,0,0,0,0,0,0,0,0,11,0
writer,0,0,0,0,0,7,0,0,0,0,0
imprison,0,0,0,0,0,0,0,0,0,4,0
rival,2,0,0,0,0,4,0,0,0,0,0
community,0,0,0,0,0,3,0,0,0,0,0
accuracy,0,0,0,0,0,2,0,0,0,0,0
work,0,0,0,0,0,21,0,0,0,3,0
content,0,0,0,0,0,1,0,0,0,0,0
questionable,1,0,0,0,0,0,0,0,0,0,0
spite,0,0,0,0,0,2,0,0,0,0,0
somewhat,0,0,3,0,0,0,0,0,0,0,0
shaky,1,0,0,0,0,0,0,0,0,0,0
background,0,0,0,0,0,3,0,0,0,0,0
highly,0,0,2,0,0,0,0,0,0,0,0
help,0,0,0,0,0,5,0,0,0,16,0
inspire,0,0,0,0,0,0,0,0,0,7,0
subsequent,6,0,0,0,0,0,0,0,0,0,0
adventurer,0,0,0,0,0,4,0,0,0,0,0
caption,0,0,0,0,0,23,0,0,0,0,4
right,1,0,2,0,0,5,0,0,0,0,0
cavalcade,0,0,0,0,0,1,0,0,0,0,0
portuguese,86,0,0,0,0,0,0,0,0,0,0
set,0,0,0,0,0,1,0,0,0,45,0
say,0,0,0,0,0,0,0,0,0,18,0
mile,0,0,0,0,0,21,0,0,0,0,0
tone,0,0,0,0,0,1,0,0,0,0,0
discovery,0,0,0,0,0,40,0,0,0,0,0
personal,12,0,0,0,0,0,0,0,0,0,0
policy,0,0,0,0,0,9,0,0,0,0,0
road,0,0,0,0,0,6,0,0,0,0,0
common,4,0,0,0,0,0,0,0,0,0,0
leave,0,0,0,0,0,0,0,0,0,44,0
widely,0,0,5,0,0,0,0,0,0,0,0
read,0,0,0,0,0,0,0,0,0,3,0
account,0,0,0,0,0,24,0,0,0,0,0
kind,0,0,0,0,0,4,0,0,0,0,0
prove,0,0,0,0,0,0,0,0,0,18,0
level,0,0,0,0,0,3,0,0,0,0,0
widen,0,0,0,0,0,0,0,0,0,1,0
geography,0,0,0,0,0,8,0,0,0,0,0
provide,0,0,0,0,0,0,0,0,0,15,0
generation,0,0,0,0,0,4,0,0,0,0,0
historian,0,0,0,0,0,10,0,0,0,0,0
firsthand,2,0,1,0,0,0,0,0,0,0,0
culture,0,0,0,0,0,3,0,0,0,0,0
event,0,0,0,0,0,10,0,0,0,0,0
witness,0,0,0,0,0,1,0,0,0,4,0
appetite,0,0,0,0,0,1,0,0,0,0,0
major,6,0,0,0,0,2,0,0,0,0,0
forward,1,2,2,0,0,0,0,0,0,0,0
turn,0,0,0,0,0,3,0,0,0,16,0
transition,0,0,0,0,0,1,0,0,0,0,0
possible,11,0,0,0,0,0,0,0,0,0,0
advance,0,0,0,0,0,5,0,0,0,1,0
spanish,62,0,0,0,0,0,0,0,0,0,0
shipbuilder,0,0,0,0,0,1,0,0,0,0,0
develop,0,0,0,0,0,0,0,0,0,4,0
craft,0,0,0,0,0,1,0,0,0,0,0
call,0,0,0,0,0,0,0,0,0,25,0
caravel,0,0,0,0,0,19,0,0,0,0,1
instrumental,3,0,0,0,0,0,0,0,0,0,0
extend,0,0,0,0,0,0,0,0,0,6,0
seagoe,0,0,0,0,0,0,0,0,0,1,0
galley,0,0,0,0,0,4,0,0,0,0,0
ship,0,0,0,0,0,89,0,0,0,2,0
precede,0,0,0,0,0,0,0,0,0,1,0
rely,0,0,0,0,0,0,0,0,0,2,0
team,0,0,0,0,0,1,0,0,0,0,0
rower,0,0,0,0,0,2,0,0,0,0,0
man,0,0,0,0,0,41,0,0,0,1,0
limited,3,0,0,0,0,0,0,0,0,0,0
room,0,0,0,0,0,2,0,0,0,0,0
cargo,0,0,0,0,0,6,0,0,0,0,0
supply,0,0,0,0,0,4,0,0,0,5,0
unsuitable,1,0,0,0,0,0,0,0,0,0,0
long,25,0,15,0,0,0,0,0,0,1,0
addition,0,0,0,0,0,6,0,0,0,0,0
capable,2,0,0,0,0,0,0,0,0,0,0
comparatively,0,0,2,0,0,0,0,0,0,0,0
impressive,2,0,0,0,0,0,0,0,0,0,0
speed,0,0,0,0,0,2,0,0,0,0,0
able,5,0,0,0,0,0,0,0,0,0,0
sale,0,0,0,0,0,0,0,0,0,1,0
strongly,0,0,2,0,0,0,0,0,0,0,0
wind,0,0,0,0,0,9,0,0,0,0,0
ideally,0,0,1,0,0,0,0,0,0,0,0
position,0,0,0,0,0,7,0,0,0,1,0
geographically,0,0,1,0,0,0,0,0,0,0,0
pioneer,0,0,0,0,0,2,0,0,0,2,0
western,32,0,0,0,0,0,0,0,0,0,0
coast,0,0,0,0,0,85,0,0,0,2,0
primary,1,0,0,0,0,0,0,0,0,0,0
reason,0,0,0,0,0,7,0,0,0,2,0
trading,0,0,0,0,0,15,0,0,0,0,0
relationship,0,0,0,0,0,3,0,0,0,0,0
colonial,2,0,0,0,0,0,0,0,0,0,0
claim,0,0,0,0,0,16,0,0,0,14,0
african,21,0,0,0,0,0,0,0,0,0,0
territory,0,0,0,0,0,8,0,0,0,0,0
succession,0,0,0,0,0,9,0,0,0,0,0
steadily,0,0,1,0,0,0,0,0,0,0,0
west,16,0,14,0,0,14,0,0,0,0,0
ultimate,4,0,0,0,0,0,0,0,0,0,0
find,0,0,0,0,0,0,0,0,0,59,0
continent,0,0,0,0,0,18,0,0,0,0,0
round,1,2,0,0,0,0,0,0,0,14,0
southern,26,0,0,0,0,0,0,0,0,0,0
tip,0,0,0,0,0,4,0,0,0,1,0
continue,0,0,0,0,0,0,0,0,0,17,0
name,0,0,0,0,0,3,0,0,0,20,0
rename,0,0,0,0,0,0,0,0,0,7,0
apt,1,0,0,0,0,0,0,0,0,0,0
lose,0,0,0,0,0,0,0,0,0,14,0
near,1,22,1,0,0,0,0,0,0,1,0
cape,0,0,0,0,0,2,0,0,0,0,0
misfortune,0,0,0,0,0,3,0,0,0,0,0
opportunity,0,0,0,0,0,10,0,0,0,0,0
begin,0,0,0,0,0,0,0,0,0,32,0
firmly,0,0,3,0,0,0,0,0,0,0,0
native,7,0,0,0,0,7,0,0,0,0,0
flag,0,0,0,0,0,8,0,0,0,0,0
start,0,0,0,0,0,0,0,0,0,7,0
solicit,0,0,0,0,0,0,0,0,0,1,0
financial,3,0,0,0,0,0,0,0,0,0,0
support,0,0,0,0,0,12,0,0,0,11,0
north,0,0,6,0,0,10,0,0,0,0,0
south,3,0,10,0,0,17,0,0,0,0,0
experience,0,0,0,0,0,10,0,0,0,0,0
invaluable,2,0,0,0,0,0,0,0,0,0,0
concern,0,0,0,0,0,0,0,0,0,8,0
sailing,0,0,0,0,0,4,0,0,0,0,0
condition,0,0,0,0,0,4,0,0,0,1,0
seek,0,0,0,0,0,0,0,0,0,28,0
backer,0,0,0,0,0,2,0,0,0,0,0
voyage,0,0,0,0,0,99,0,0,0,1,0
ocean,0,0,0,0,0,9,0,0,0,0,0
aim,0,0,0,0,0,5,0,0,0,2,0
rebuff,0,0,0,0,0,0,0,0,0,1,0
attention,0,0,0,0,0,2,0,0,0,0,0
monarch,0,0,0,0,0,10,0,0,0,0,0
rejection,0,0,0,0,0,2,0,0,0,0,0
finally,0,0,18,0,0,0,0,0,0,0,0
agree,0,0,0,0,0,0,0,0,0,6,0
fund,0,0,0,0,0,2,0,0,0,2,0
complex,3,0,0,0,0,0,0,0,0,0,0
aforementioned,1,0,0,0,0,0,0,0,0,0,0
theme,0,0,0,0,0,1,0,0,0,0,0
general,6,0,0,0,0,0,0,0,0,0,0
clearly,0,0,3,0,0,0,0,0,0,0,0
islamic,8,0,0,0,0,0,0,0,0,0,0
maneuvering,0,0,0,0,0,1,0,0,0,0,0
search,0,0,0,0,0,9,0,0,0,9,0
valuable,5,0,0,0,0,0,0,0,0,0,0
gold,0,0,0,0,0,37,0,0,0,0,0
spice,0,0,0,0,0,16,0,0,0,0,0
decision,0,0,0,0,0,6,0,0,0,0,0
fact,0,0,0,0,0,12,0,0,0,0,0
compel,0,0,0,0,0,0,0,0,0,1,0
practical,4,0,0,0,0,0,0,0,0,0,0
matter,0,0,0,0,0,7,0,0,0,0,0
proposal,0,0,0,0,0,5,0,0,0,0,0
ruler,0,0,0,0,0,36,0,0,0,0,0
block,0,0,0,0,0,0,0,0,0,3,0
dominate,0,0,0,0,0,0,0,0,0,3,0
idea,0,0,0,0,0,14,0,0,0,0,0
globe,0,0,0,0,0,14,0,0,0,0,0
see,0,0,0,0,0,1,0,0,0,17,0
wealth,0,0,0,0,0,16,0,0,0,0,0
security,0,0,0,0,0,3,0,0,0,0,0
expect,0,0,0,0,0,0,0,0,0,5,0
clear,13,0,0,0,0,0,0,0,0,1,0
path,0,0,0,0,0,2,0,0,0,0,0
explain,0,0,0,0,0,0,0,0,0,5,0
faulty,1,0,0,0,0,0,0,0,0,0,0
assumption,0,0,0,0,0,1,0,0,0,0,0
stop,0,0,0,0,0,0,0,0,0,6,0
island,0,0,0,0,0,36,0,0,0,0,0
decide,0,0,0,0,0,0,0,0,0,13,0
mainland,0,0,0,0,0,6,0,0,0,0,0
return,0,0,0,0,0,29,0,0,0,55,0
justify,0,0,0,0,0,0,0,0,0,1,0
trans,1,0,0,0,0,0,0,0,0,0,0
atlantic,7,0,0,0,0,0,0,0,0,0,0
popularly,0,0,1,0,0,0,0,0,0,0,0
remember,0,0,0,0,0,0,0,0,0,1,0
brief,6,0,0,0,0,0,0,0,0,0,0
initial,2,0,0,0,0,0,0,0,0,0,0
visit,0,0,0,0,0,3,0,0,0,37,0
foreshadow,0,0,0,0,0,0,0,0,0,1,0
negative,1,0,0,0,0,0,0,0,0,0,0
aspect,0,0,0,0,0,4,0,0,0,0,0
bring,0,0,0,0,0,0,0,0,0,20,0
treasure,0,0,0,0,0,1,0,0,0,0,0
loot,0,0,0,0,0,0,0,0,0,1,0
human,7,0,0,0,0,0,0,0,0,0,0
captive,0,0,0,0,0,4,0,0,0,0,0
conversion,0,0,0,0,0,5,0,0,0,0,0
settlement,0,0,0,0,0,5,0,0,0,0,0
colonization,0,0,0,0,0,7,0,0,0,0,0
total,1,0,0,0,0,1,0,0,0,0,0
insist,0,0,0,0,0,0,0,0,0,2,0
discover,0,0,0,0,0,0,0,0,0,38,0
course,0,0,0,0,0,10,0,0,0,0,0
entirely,0,0,7,0,0,0,0,0,0,0,0
mass,0,0,0,0,0,2,0,0,0,0,0
type,0,0,0,0,0,3,0,0,0,0,0
mistake,0,0,0,0,0,3,0,0,0,1,0
unique,1,0,0,0,0,0,0,0,0,0,0
example,0,0,0,0,0,6,0,0,0,0,0
late,12,0,4,0,0,0,0,0,0,0,0
accidentally,0,0,1,0,0,0,0,0,0,0,0
try,0,0,0,0,0,0,0,0,0,6,0
hospitable,2,0,0,0,0,0,0,0,0,0,0
acknowledge,0,0,0,0,0,0,0,0,0,3,0
error,0,0,0,0,0,4,0,0,0,0,0
complete,2,0,0,0,0,0,0,0,0,8,0
comprehension,0,0,0,0,0,1,0,0,0,0,0
importance,0,0,0,0,0,7,0,0,0,0,0
piece,0,0,0,0,0,3,0,0,0,0,0
fill,0,0,0,0,0,0,0,0,0,5,0
puzzle,0,0,0,0,0,1,0,0,0,1,0
map,0,0,0,0,0,34,0,0,0,0,0
behalf,0,0,0,0,0,5,0,0,0,0,0
demonstrate,0,0,0,0,0,0,0,0,0,6,0
write,0,0,0,0,0,0,0,0,0,22,0
notion,0,0,0,0,0,1,0,0,0,0,0
come,0,0,0,0,0,0,0,0,0,18,0
derive,0,0,0,0,0,0,0,0,0,3,0
country,0,0,1,0,0,22,0,0,0,0,0
falling,0,0,0,0,0,1,0,0,0,0,0
transfer,0,0,0,0,0,1,0,0,0,1,0
allegiance,0,0,0,0,0,3,0,0,0,0,0
rivalry,0,0,0,0,0,2,0,0,0,0,0
propose,0,0,0,0,0,0,0,0,0,5,0
circumnavigate,0,0,0,0,0,0,0,0,0,1,0
essentially,0,0,1,0,0,0,0,0,0,0,0
draw,0,0,0,0,0,0,0,0,0,9,0
line,0,0,0,0,0,13,0,0,0,0,0
designate,0,0,0,0,0,0,0,0,0,2,0
eye,0,0,0,0,0,6,0,0,0,0,0
eastern,21,0,0,0,0,0,0,0,0,0,0
fall,0,0,0,0,0,2,0,0,0,12,0
kill,0,0,0,0,0,0,0,0,0,10,0
eventually,0,0,8,0,0,0,0,0,0,0,0
circumnavigation,0,0,0,0,0,7,0,0,0,0,0
show,0,0,0,0,0,0,0,0,0,26,0
commercial,4,0,0,0,0,0,0,0,0,0,0
jockey,0,0,0,0,0,0,0,0,0,1,0
member,0,0,0,0,0,5,0,0,0,0,0
royal,18,0,0,0,0,0,0,0,0,0,0
house,0,0,0,0,0,6,0,0,0,0,0
frequently,0,0,4,0,0,0,0,0,0,0,0
back,0,0,0,0,0,0,0,0,0,2,0
earn,0,0,0,0,0,0,0,0,0,3,0
sobriquet,0,0,0,0,0,1,0,0,0,0,0
finance,0,0,0,0,0,1,0,0,0,10,0
participate,0,0,0,0,0,0,0,0,0,4,0
interest,0,0,0,0,0,8,0,0,0,1,0
enhance,0,0,0,0,0,0,0,0,0,3,0
old,15,0,0,0,0,0,0,0,0,0,0
brother,0,0,0,0,0,21,0,0,0,0,0
translate,0,0,0,0,0,0,0,0,0,5,0
motive,0,0,0,0,0,8,0,0,0,0,0
offshore,0,0,2,0,0,0,0,0,0,0,0
primarily,0,0,4,0,0,0,0,0,0,0,0
base,0,0,0,0,0,2,0,0,0,9,0
revive,0,0,0,0,0,0,0,0,0,3,0
tradition,0,0,0,0,0,6,0,0,0,0,0
southward,1,0,12,0,0,0,0,0,0,0,0
lay,0,0,0,0,0,0,0,0,0,5,0
groundwork,0,0,0,0,0,2,0,0,0,0,0
power,0,0,0,0,0,23,0,0,0,0,0
desire,0,0,0,0,0,4,0,0,0,0,0
thirst,0,0,0,0,0,2,0,0,0,0,0
varied,1,0,0,0,0,0,0,0,0,0,0
motivation,0,0,0,0,0,1,0,0,0,0,0
sufficient,2,0,0,0,0,0,0,0,0,0,0
drive,0,0,0,0,0,0,0,0,0,5,0
geographic,5,0,0,0,0,0,0,0,0,0,0
evolution,0,0,0,0,0,1,0,0,0,0,0
global,1,0,0,0,0,0,0,0,0,0,0
society,0,0,0,0,0,3,0,0,0,0,0
page,0,0,0,0,0,2,0,0,0,0,0
ahead,0,0,1,0,0,0,0,0,0,0,0
rank,0,0,0,0,0,3,0,0,0,0,0
king,0,0,0,0,0,44,0,0,0,0,0
commoner,0,0,0,0,0,1,0,0,0,0,0
scholar,0,0,0,0,0,12,0,0,0,0,0
seaman,0,0,0,0,0,8,0,0,0,0,0
dream,0,0,0,0,0,1,0,0,0,1,0
combination,0,0,0,0,0,3,0,0,0,0,0
circumstance,0,0,0,0,0,3,0,0,0,0,0
stimulate,0,0,0,0,0,0,0,0,0,1,0
pursuit,0,0,0,0,0,3,0,0,0,0,0
end,0,0,0,0,0,22,0,0,0,6,0
vast,10,0,0,0,0,0,0,0,0,0,0
break,0,0,0,0,0,0,0,0,0,8,0
merchant,0,0,0,0,0,21,0,0,0,0,0
assure,0,0,0,0,0,0,0,0,0,4,0
safe,2,0,0,0,0,0,0,0,0,0,0
passage,0,0,0,0,0,11,0,0,0,0,0
follow,0,0,0,0,0,0,0,0,0,20,0
compound,0,0,0,0,0,0,0,0,0,3,0
problem,0,0,0,0,0,9,0,0,0,0,0
grow,0,0,0,0,0,0,0,0,0,5,0
hostile,3,0,0,0,0,0,0,0,0,0,0
access,0,0,0,0,0,1,0,0,0,1,0
ancient,3,0,0,0,0,0,0,0,0,0,0
close,6,0,1,0,0,2,0,0,0,3,0
lure,0,0,0,0,0,1,0,0,0,0,0
feel,0,0,0,0,0,0,0,0,0,7,0
reign,0,0,0,0,0,9,0,0,0,3,0
roman,11,0,0,0,0,0,0,0,0,0,0
emperor,0,0,0,0,0,20,0,0,0,0,0
bce,0,0,0,0,0,1,0,0,0,0,0
penetrate,0,0,0,0,0,0,0,0,0,1,0
northward,0,0,2,0,0,0,0,0,0,0,0
accord,0,0,0,0,0,2,0,0,0,20,0
chinese,7,0,0,0,0,0,0,0,0,0,0
record,0,0,0,0,0,4,0,0,0,6,0
embassy,0,0,0,0,0,2,0,0,0,0,0
bear,0,0,0,0,0,0,0,0,0,18,0
good,14,0,0,0,0,5,0,0,0,0,0
gratefully,0,0,1,0,0,0,0,0,0,0,0
receive,0,0,0,0,0,0,0,0,0,20,0
tribute,0,0,0,0,0,2,0,0,0,0,0
pass,0,0,0,0,0,0,0,0,0,18,0
decline,0,0,0,0,0,0,0,0,0,1,0
cease,0,0,0,0,0,0,0,0,0,1,0
gradually,0,0,2,0,0,0,0,0,0,0,0
derring,0,0,0,0,0,1,0,0,0,0,0
hero,0,0,0,0,0,4,0,0,0,0,0
collection,0,0,0,0,0,4,0,0,0,0,0
arabian,1,0,0,0,0,0,0,0,0,0,0
fiction,0,0,0,0,0,1,0,0,0,0,0
gather,0,0,0,0,0,0,0,0,0,6,0
adventurous,2,0,0,0,0,0,0,0,0,0,0
arab,13,0,0,0,0,0,0,0,0,0,0
sailor,0,0,0,0,0,14,0,0,0,0,0
outline,0,0,0,0,0,1,0,0,0,0,0
depict,0,0,0,0,0,0,0,0,0,3,0
horizon,0,0,0,0,0,3,0,0,0,0,0
geographer,0,0,0,0,0,9,0,0,0,0,0
courtesy,0,0,0,0,0,1,0,0,0,0,0
trustee,0,0,0,0,0,1,0,0,0,0,0
photograph,0,0,0,0,0,1,0,0,0,0,0
flourish,0,0,0,0,0,0,0,0,0,2,0
history,0,0,0,0,0,11,0,0,0,0,0
mainly,0,0,5,0,0,0,0,0,0,0,0
astronomer,0,0,0,0,0,2,0,0,0,0,0
mathematician,0,0,0,0,0,3,0,0,0,0,0
fame,0,0,0,0,0,5,0,0,0,0,0
hardly,0,0,5,0,0,0,0,0,0,0,0
monumental,1,0,0,0,0,0,0,0,0,0,0
produce,0,0,0,0,0,0,0,0,0,7,0
volume,0,0,0,0,0,4,0,0,0,0,0
discuss,0,0,0,0,0,0,0,0,0,1,0
principle,0,0,0,0,0,3,0,0,0,0,0
deal,0,0,0,0,0,0,0,0,0,2,0
projection,0,0,0,0,0,1,0,0,0,0,0
construction,0,0,0,0,0,1,0,0,0,0,0
carry,0,0,0,0,0,0,0,0,0,10,0
list,0,0,0,0,0,3,0,0,0,0,0
place,0,0,0,0,0,14,0,0,0,6,0
approximate,2,0,0,0,0,0,0,0,0,0,0
latitude,0,0,0,0,0,7,0,0,0,0,0
longitude,0,0,0,0,0,2,0,0,0,0,0
observation,0,0,0,0,0,2,0,0,0,0,0
number,0,0,0,0,0,12,0,0,0,0,0
location,0,0,0,0,0,3,0,0,0,0,0
determine,0,0,0,0,0,0,0,0,0,2,0
approximation,0,0,0,0,0,1,0,0,0,0,0
distance,0,0,0,0,0,12,0,0,0,0,0
direction,0,0,0,0,0,6,0,0,0,0,0
eighth,1,0,0,0,0,0,0,0,0,0,0
contribution,0,0,0,0,0,3,0,0,0,0,0
contain,0,0,0,0,0,0,0,0,0,4,0
instruction,0,0,0,0,0,5,0,0,0,0,0
prepare,0,0,0,0,0,0,0,0,0,7,0
discussion,0,0,0,0,0,1,0,0,0,0,0
mathematical,1,0,0,0,0,0,0,0,0,0,0
fundamental,3,0,0,0,0,0,0,0,0,0,0
cartography,0,0,0,0,0,1,0,0,0,0,0
information,0,0,0,0,0,10,0,0,0,0,0
require,0,0,0,0,0,0,0,0,0,5,0
portion,0,0,0,0,0,3,0,0,0,0,0
contemporary,5,0,0,0,0,6,0,0,0,0,0
admission,0,0,0,0,0,3,0,0,0,0,0
collect,0,0,0,0,0,0,0,0,0,2,0
sift,0,0,0,0,0,0,0,0,0,1,0
geographical,7,0,0,0,0,0,0,0,0,0,0
datum,0,0,0,0,0,2,0,0,0,0,0
instead,0,0,8,0,0,0,0,0,0,0,0
writing,0,0,0,0,0,3,0,0,0,0,0
selectively,0,0,1,0,0,0,0,0,0,0,0
introduce,0,0,0,0,0,0,0,0,0,1,0
current,3,0,0,0,0,3,0,0,0,0,0
chiefly,0,0,4,0,0,0,0,0,0,0,0
asian,2,0,0,0,0,0,0,0,0,0,0
preserve,0,0,0,0,0,0,0,0,0,2,0
substance,0,0,0,0,0,1,0,0,0,0,0
cartographical,1,0,0,0,0,0,0,0,0,0,0
innovation,0,0,0,0,0,1,0,0,0,0,0
degree,0,0,0,0,0,6,0,0,0,0,0
roughly,0,0,1,0,0,0,0,0,0,0,0
make,0,0,0,0,0,0,0,0,0,10,0
exact,3,0,0,0,0,0,0,0,0,0,0
duplicate,0,0,0,0,0,1,0,0,0,0,0
resident,0,0,0,0,0,3,0,0,0,0,0
possess,0,0,0,0,0,0,0,0,0,2,0
detailed,4,0,0,0,0,0,0,0,0,0,0
image,0,0,0,0,0,4,0,0,0,0,0
inhabited,1,0,0,0,0,0,0,0,0,0,0
height,0,0,0,0,0,6,0,0,0,0,0
source,0,0,0,0,0,13,0,0,0,0,0
seriously,0,0,1,0,0,0,0,0,0,0,0
distorted,2,0,0,0,0,0,0,0,0,0,0
size,0,0,0,0,0,1,0,0,0,0,0
orientation,0,0,0,0,0,1,0,0,0,0,0
compare,0,0,0,0,0,1,0,0,0,3,0
reflection,0,0,0,0,0,1,0,0,0,0,0
incomplete,2,0,0,0,0,0,0,0,0,0,0
inaccurate,2,0,0,0,0,0,0,0,0,0,0
description,0,0,0,0,0,11,0,0,0,0,0
system,0,0,0,0,0,4,0,0,0,0,0
disposal,0,0,0,0,0,1,0,0,0,0,0
byzantine,4,0,0,0,0,0,0,0,0,0,0
copy,0,0,0,0,0,9,0,0,0,0,0
illustrate,0,0,0,0,0,0,0,0,0,2,0
expert,1,0,0,0,0,1,0,0,0,0,0
reconstruction,0,0,0,0,0,1,0,0,0,0,0
numerous,6,0,0,0,0,0,0,0,0,0,0
print,0,0,0,0,0,1,0,0,0,5,0
edition,0,0,0,0,0,3,0,0,0,0,0
accompany,0,0,0,0,0,0,0,0,0,13,0
attest,0,0,0,0,0,0,0,0,0,1,0
profound,3,0,0,0,0,0,0,0,0,0,0
impression,0,0,0,0,0,4,0,0,0,0,0
rediscovery,0,0,0,0,0,1,0,0,0,0,0
humanist,0,0,0,0,0,2,0,0,0,0,0
maritime,3,0,0,0,0,0,0,0,0,0,0
shore,0,0,0,0,0,9,0,0,0,0,0
economic,3,0,0,0,0,0,0,0,0,0,0
military,10,0,0,0,0,0,0,0,0,0,0
ready,5,0,0,0,0,0,0,0,0,0,0
overseas,2,0,1,0,0,0,0,0,0,0,0
flawed,1,0,0,0,0,0,0,0,0,0,0
shape,0,0,0,0,0,2,0,0,0,2,0
create,0,0,0,0,0,0,0,0,0,3,0
reckoning,0,0,0,0,0,2,0,0,0,0,0
broad,2,0,0,0,0,0,0,0,0,0,0
half,2,0,0,1,0,1,0,0,0,0,0
true,10,0,0,0,0,0,0,0,0,0,0
extent,0,0,0,0,0,8,0,0,0,0,0
calculate,0,0,0,0,0,0,0,0,0,1,0
peninsula,0,0,0,0,0,7,0,0,0,0,0
sweep,0,0,0,0,0,0,0,0,0,2,0
southwestward,0,0,4,0,0,0,0,0,0,0,0
join,0,0,0,0,0,0,0,0,0,11,0
effect,0,0,0,0,0,4,0,0,0,1,0
enclosed,1,0,0,0,0,0,0,0,0,0,0
inland,1,0,0,0,0,1,0,0,0,0,0
chance,0,0,0,0,0,6,0,0,0,0,0
success,0,0,0,0,0,7,0,0,0,0,0
short,8,0,1,0,0,0,0,0,0,0,0
process,0,0,0,0,0,3,0,0,0,0,0
navigator,0,0,0,0,0,36,0,0,0,0,0
prelude,0,0,0,0,0,1,0,0,0,0,0
italian,18,0,0,0,0,0,0,0,0,0,0
missionary,2,0,0,0,0,6,0,0,0,0,0
link,0,0,0,0,0,0,0,0,0,2,0
alexandrian,1,0,0,0,0,0,0,0,0,0,0
add,0,0,0,0,0,0,0,0,0,7,0
cut,0,0,0,0,0,1,0,0,0,0,0
certainly,0,0,7,0,0,0,0,0,0,0,0
usually,0,0,5,0,0,0,0,0,0,0,0
change,0,0,0,0,0,4,0,0,0,3,0
mart,0,0,0,0,0,1,0,0,0,0,0
disorganized,1,0,0,0,0,0,0,0,0,0,0
war,0,0,0,0,0,14,0,0,0,1,0
tribe,0,0,0,0,0,1,0,0,0,0,0
chief,7,0,0,0,0,4,0,0,0,0,0
assume,0,0,0,0,0,0,0,0,0,5,0
title,0,0,0,0,0,14,0,0,0,2,0
campaign,0,0,0,0,0,5,0,0,0,0,0
control,0,0,0,0,0,6,0,0,0,3,0
army,0,0,0,0,0,5,0,0,0,0,0
successor,0,0,0,0,0,3,0,0,0,0,0
build,0,0,0,0,0,0,0,0,0,9,0
enormous,3,0,0,0,0,0,0,0,0,0,0
supreme,6,0,1,0,0,0,0,0,0,0,0
perspicacity,0,0,0,0,0,1,0,0,0,0,0
friendship,0,0,0,0,0,3,0,0,0,0,0
heavily,0,0,2,0,0,0,0,0,0,0,0
scale,0,0,0,0,0,1,0,0,0,0,0
favour,0,0,0,0,0,6,0,0,0,3,0
protection,0,0,0,0,0,2,0,0,0,0,0
silk,0,0,0,0,0,4,0,0,0,0,0
legendary,8,0,0,0,0,0,0,0,0,0,0
friar,0,0,0,0,0,18,0,0,0,0,0
diligently,0,0,1,0,0,0,0,0,0,0,0
thing,0,0,0,0,0,4,0,0,0,0,0
state,0,0,0,0,0,8,0,0,0,4,0
exhort,0,0,0,0,0,0,0,0,0,1,0
bloody,1,0,0,0,0,0,0,0,0,0,0
slaughter,0,0,0,0,0,1,0,0,0,0,0
mankind,0,0,0,0,0,1,0,0,0,0,0
faith,0,0,0,0,0,5,0,0,0,0,0
go,0,0,0,0,0,0,0,0,0,23,0
forth,0,0,4,0,0,0,0,0,0,0,0
caravan,0,0,0,0,0,5,0,0,0,0,0
confident,1,0,0,0,0,0,0,0,0,0,0
city,0,0,0,0,0,29,0,0,0,0,0
have,0,0,0,0,0,0,0,0,0,14,0
wall,0,0,0,0,0,1,0,0,0,1,0
silver,0,0,0,0,0,2,0,0,0,0,0
tower,0,0,0,0,0,3,0,0,0,0,0
credibly,0,0,1,0,0,0,0,0,0,0,0
informed,1,0,0,0,0,0,0,0,0,0,0
wealthy,3,0,0,0,0,0,0,0,0,0,0
home,0,0,11,0,0,2,0,0,0,0,0
spend,0,0,0,0,0,0,0,0,0,12,0
accept,0,0,0,0,0,0,0,0,0,9,0
invitation,0,0,0,0,0,2,0,0,0,0,0
party,0,0,0,0,0,5,0,0,0,0,0
envoy,0,0,0,0,0,4,0,0,0,0,0
khan,0,0,0,0,0,13,0,0,0,0,0
tablet,0,0,0,0,0,1,0,0,0,0,0
conduct,0,0,0,0,0,3,0,0,0,2,0
beg,0,0,0,0,0,0,0,0,0,1,0
pope,0,0,0,0,0,11,0,0,0,0,0
wise,2,0,0,0,0,0,0,0,0,0,0
learn,0,0,0,0,0,0,0,0,0,9,0
law,0,0,0,0,0,2,0,0,0,0,0
conversant,1,0,0,0,0,0,0,0,0,0,0
seven,0,0,0,0,0,0,4,0,0,0,0
art,0,0,0,0,0,4,0,0,0,0,0
preach,0,0,0,0,0,0,0,0,0,1,0
people,0,0,0,0,0,17,0,0,0,0,0
arrive,0,0,0,0,0,0,0,0,0,17,0
toil,0,0,0,0,0,0,0,0,0,1,0
dead,5,0,0,0,0,0,0,0,0,0,0
son,0,0,0,0,0,31,0,0,0,0,0
youth,0,0,0,0,0,2,0,0,0,0,0
keep,0,0,0,0,0,0,0,0,0,4,0
note,0,0,0,0,0,1,0,0,0,3,0
life,0,0,0,0,0,29,0,0,0,0,0
dictate,0,0,0,0,0,0,0,0,0,4,0
fellow,1,0,0,0,0,1,0,0,0,0,0
prisoner,0,0,0,0,0,3,0,0,0,0,0
different,7,0,0,0,0,0,0,0,0,0,0
port,0,0,0,0,0,23,0,0,0,0,0
cross,0,0,1,0,0,1,0,0,0,16,0
edge,0,0,0,0,0,1,0,0,0,0,0
illustration,0,0,0,0,0,4,0,0,0,0,0
bind,0,0,0,0,0,0,0,0,0,2,0
interesting,2,0,0,0,0,0,0,0,0,0,0
lie,0,0,0,0,0,0,0,0,0,12,0
appreciate,0,0,0,0,0,0,0,0,0,2,0
service,0,0,0,0,0,12,0,0,0,0,0
administrator,0,0,0,0,0,2,0,0,0,0,0
busy,3,0,0,0,0,0,0,0,0,0,0
remote,3,0,0,0,0,0,0,0,0,0,0
province,0,0,0,0,0,10,0,0,0,0,0
report,0,0,0,0,0,6,0,0,0,9,0
describe,0,0,0,0,0,0,0,0,0,14,0
main,5,0,0,0,0,0,0,0,0,0,0
highroad,0,0,0,0,0,1,0,0,0,0,0
apart,0,0,2,0,0,0,0,0,0,0,0
station,0,0,0,0,0,2,0,0,0,0,0
accommodation,0,0,0,0,0,1,0,0,0,0,0
horse,0,0,0,0,0,6,0,0,0,0,0
readiness,0,0,0,0,0,1,0,0,0,0,0
cause,0,0,0,0,0,1,0,0,0,8,0
tree,0,0,0,0,0,2,0,0,0,0,0
plant,0,0,0,0,0,0,0,0,0,4,0
shade,0,0,0,0,0,1,0,0,0,0,0
summer,0,0,0,0,0,4,0,0,0,0,0
mark,0,0,0,0,0,1,0,0,0,7,0
winter,0,0,0,0,0,5,0,0,0,0,0
ground,0,0,0,0,0,4,0,0,0,0,0
cover,0,0,0,0,0,0,0,0,0,5,0
snow,0,0,0,0,0,1,0,0,0,0,0
border,0,0,0,0,0,3,0,0,0,0,0
noble,4,0,0,0,0,3,0,0,0,0,0
magnificent,3,0,0,0,0,0,0,0,0,0,0
signify,0,0,0,0,0,0,0,0,0,1,0
merit,0,0,0,0,0,1,0,0,0,1,0
pre,0,0,0,0,0,1,0,0,0,0,0
eminence,0,0,0,0,0,1,0,0,0,0,0
point,0,0,0,0,0,18,0,0,0,0,0
grandeur,0,0,0,0,0,1,0,0,0,0,0
beauty,0,0,0,0,0,1,0,0,0,0,0
hear,0,0,0,0,0,0,0,0,0,8,0
situate,0,0,0,0,0,0,0,0,0,1,0
abundance,0,0,0,0,0,1,0,0,0,0,0
inexhaustible,1,0,0,0,0,0,0,0,0,0,0
superlative,0,0,0,0,0,1,0,0,0,0,0
reserve,0,0,0,0,0,1,0,0,0,2,0
capital,0,0,0,0,0,7,0,0,0,0,0
splendour,0,0,0,0,0,2,0,0,0,0,0
rare,1,0,0,0,0,0,0,0,0,0,0
part,0,0,0,0,0,13,0,0,0,1,0
few,1,0,0,0,0,0,0,0,0,0,0
carriage,0,0,0,0,0,1,0,0,0,0,0
pack,0,0,0,0,0,1,0,0,0,0,0
load,0,0,0,0,0,0,0,0,0,2,0
raw,1,0,0,0,0,0,0,0,0,0,0
daily,1,0,1,0,0,0,0,0,0,0,0
entry,0,0,0,0,0,4,0,0,0,0,0
tissue,0,0,0,0,0,1,0,0,0,0,0
manufacture,0,0,0,0,0,0,0,0,0,1,0
immense,1,0,0,0,0,0,0,0,0,0,0
wonder,0,0,0,0,0,1,0,0,0,0,0
enthralled,1,0,0,0,0,0,0,0,0,0,0
permit,0,0,0,0,0,0,0,0,0,2,0
depart,0,0,0,0,0,0,0,0,0,7,0
franciscan,16,0,0,0,0,0,0,0,0,0,0
archbishop,0,0,0,0,0,8,0,0,0,0,0
monk,0,0,0,0,0,2,0,0,0,0,0
considerable,4,0,0,0,0,0,0,0,0,0,0
influence,0,0,0,0,0,4,0,0,0,1,0
day,0,0,0,0,0,31,0,0,0,0,0
spurious,1,0,0,0,0,0,0,0,0,0,0
english,15,0,0,0,0,0,0,0,0,0,0
quarry,0,0,0,0,0,0,0,0,0,1,0
medieval,8,0,0,0,0,0,0,0,0,0,0
traditional,7,0,0,0,0,0,0,0,0,0,0
pilgrimage,0,0,0,0,0,6,0,0,0,0,0
extensively,0,0,2,0,0,0,0,0,0,0,0
northernmost,1,0,0,0,0,0,0,0,0,0,0
astonish,0,0,0,0,0,0,0,0,0,1,0
huge,2,0,0,0,0,0,0,0,0,0,0
hippopotamus,0,0,0,0,0,1,0,0,0,0,0
elephant,0,0,0,0,0,1,0,0,0,0,0
kiss,0,0,0,0,0,0,0,0,0,2,0
settle,0,0,0,0,0,0,0,0,0,5,0
wing,0,0,0,0,0,1,0,0,0,0,0
bounty,0,0,0,0,0,1,0,0,0,0,0
perspicacious,1,0,0,0,0,0,0,0,0,0,0
survive,0,0,0,0,0,0,0,0,0,12,0
translation,0,0,0,0,0,3,0,0,0,0,0
publish,0,0,0,0,0,0,0,0,0,4,0
german,4,0,0,0,0,0,0,0,0,0,0
maker,0,0,0,0,0,2,0,0,0,0,0
recently,0,0,4,0,0,0,0,0,0,0,0
navigate,0,0,0,0,0,0,0,0,0,4,0
moroccan,5,0,0,0,0,0,0,0,0,0,0
site,0,0,0,0,0,2,0,0,0,0,0
annotate,0,0,0,0,0,0,0,0,0,1,0
latin,3,0,0,0,0,0,0,0,0,0,0
journal,0,0,0,0,0,3,0,0,0,0,0
identify,0,0,0,0,0,0,0,0,0,7,0
promise,0,0,0,0,0,2,0,0,0,7,0
reward,0,0,0,0,0,5,0,0,0,2,0
prince,0,0,0,0,0,10,0,0,0,0,0
initiate,0,0,0,0,0,0,0,0,0,4,0
enterprise,0,0,0,0,0,6,0,0,0,0,0
mixed,1,0,0,0,0,0,0,0,0,0,0
curious,2,0,0,0,0,0,0,0,0,0,0
interested,7,0,0,0,0,0,0,0,0,0,0
aid,0,0,0,0,0,3,0,0,0,1,0
well,4,0,3,0,0,0,0,0,0,0,0
design,0,0,0,0,0,3,0,0,0,2,0
eager,2,0,0,0,0,0,0,0,0,0,0
test,0,0,0,0,0,0,0,0,0,1,0
crusader,0,0,0,0,0,1,0,0,0,0,0
hope,0,0,0,0,0,12,0,0,0,8,0
attack,0,0,0,0,0,1,0,0,0,5,0
rear,0,0,0,0,0,1,0,0,0,0,0
promotion,0,0,0,0,0,1,0,0,0,0,0
profitable,2,0,0,0,0,0,0,0,0,0,0
divert,0,0,0,0,0,0,0,0,0,3,0
ivory,0,0,0,0,0,1,0,0,0,0,0
away,0,0,8,0,0,0,0,0,0,0,0
channel,0,0,0,0,0,0,0,0,0,1,0
mouth,0,0,0,0,0,15,0,0,0,0,0
form,0,0,0,0,0,1,0,0,0,5,0
glorious,1,0,0,0,0,0,0,0,0,0,0
river,0,0,0,0,0,6,0,0,0,0,0
flow,0,0,0,0,0,1,0,0,0,2,0
earthly,1,0,0,0,0,0,0,0,0,0,0
paradise,0,0,0,0,0,1,0,0,0,0,0
desert,0,0,0,0,0,3,0,0,0,2,0
push,0,0,0,0,0,0,0,0,0,3,0
die,0,0,0,0,0,0,0,0,0,37,0
career,0,0,0,0,0,3,0,0,0,0,0
traversal,0,0,0,0,0,1,0,0,0,0,0
captain,0,0,0,0,0,15,0,0,0,0,0
promising,2,0,0,0,0,0,0,0,0,0,0
riverine,1,0,0,0,0,0,0,0,0,0,0
trend,0,0,0,0,0,0,0,0,0,2,0
hopefully,0,0,1,0,0,0,0,0,0,0,0
disappointing,2,0,0,0,0,0,0,0,0,0,0
realize,0,0,0,0,0,0,0,0,0,1,0
head,0,0,0,0,0,7,0,0,0,3,0
gulf,0,0,0,0,0,2,0,0,0,0,0
stretch,0,0,0,0,0,0,0,0,0,2,0
endlessly,0,0,1,0,0,0,0,0,0,0,0
backing,0,0,0,0,0,2,0,0,0,0,0
plan,0,0,0,0,0,15,0,0,0,0,0
refuse,0,0,0,0,0,0,0,0,0,8,0
order,0,0,0,0,0,22,0,0,0,15,0
intention,0,0,0,0,0,1,0,0,0,0,0
act,0,0,0,0,0,3,0,0,0,3,0
landlocked,2,0,0,0,0,0,0,0,0,0,0
successfully,0,0,7,0,0,0,0,0,0,0,0
encouraging,1,0,0,0,0,0,0,0,0,0,0
evidence,0,0,0,0,0,11,0,0,0,0,0
bad,4,0,0,0,0,0,0,0,0,0,0
weather,0,0,0,0,0,5,0,0,0,0,0
satisfy,0,0,0,0,0,0,0,0,0,1,0
northeastward,0,0,1,0,0,0,0,0,0,0,0
sight,0,0,0,0,0,2,0,0,0,14,0
pillar,0,0,0,0,0,6,0,0,0,0,0
seaway,0,0,0,0,0,2,0,0,0,0,0
open,6,0,0,0,0,0,0,0,0,6,0
elapse,0,0,0,0,0,0,0,0,0,1,0
exploit,0,0,0,0,0,0,0,0,0,5,0
apparently,0,0,10,0,0,0,0,0,0,0,0
easy,5,0,0,0,0,0,0,0,0,0,0
decade,0,0,0,0,0,5,0,0,0,0,0
doubt,0,0,1,0,0,7,0,0,0,1,0
validity,0,0,0,0,0,1,0,0,0,0,0
renew,0,0,0,0,0,0,0,0,0,2,0
rich,4,0,0,0,0,3,0,0,0,0,0
command,0,0,0,0,0,19,0,0,0,6,0
fleet,0,0,0,0,0,45,0,0,0,0,0
advice,0,0,0,0,0,1,0,0,0,0,0
steer,0,0,0,0,0,0,0,0,0,2,0
avoid,0,0,0,0,0,0,0,0,0,4,0
calm,3,0,0,0,0,1,0,0,0,0,0
soon,0,0,19,0,0,0,0,0,0,0,0
depot,0,0,0,0,0,1,0,0,0,0,0
factory,0,0,0,0,0,1,0,0,0,0,0
strategic,1,0,0,0,0,0,0,0,0,0,0
entrance,0,0,0,0,0,2,0,0,0,0,0
indian,10,0,0,0,0,0,0,0,0,0,0
strait,0,0,0,0,0,14,0,0,0,0,0
found,0,0,0,0,0,0,0,0,0,7,0
stand,0,0,0,0,0,0,0,0,0,7,0
castle,0,0,0,0,0,4,0,0,0,0,0
post,0,0,0,0,0,10,0,0,0,1,0
slave,0,0,0,0,0,9,0,0,0,0,0
store,0,0,0,0,0,1,0,0,0,0,0
gain,0,0,0,0,0,1,0,0,0,16,0
study,0,0,0,0,0,4,0,0,0,1,0
correctly,0,0,2,0,0,0,0,0,0,0,0
probably,0,0,20,0,0,0,0,0,0,0,0
chart,0,0,0,0,0,6,0,0,0,1,0
delineation,0,0,0,0,0,2,0,0,0,0,0
suggest,0,0,0,0,0,0,0,0,0,9,0
coastline,0,0,0,0,0,3,0,0,0,0,0
ptolemaic,1,0,0,0,0,0,0,0,0,0,0
exception,0,0,0,0,0,2,0,0,0,0,0
twice,0,0,2,0,0,0,0,0,0,0,0
presumably,0,0,2,0,0,0,0,0,0,0,0
generally,0,0,9,0,0,0,0,0,0,0,0
accurate,2,0,0,0,0,0,0,0,0,0,0
curiously,0,0,1,0,0,0,0,0,0,0,0
treat,0,0,0,0,0,0,0,0,0,3,0
peninsular,1,0,0,0,0,0,0,0,0,0,0
small,15,0,0,0,0,0,0,0,0,0,0
indication,0,0,0,0,0,2,0,0,0,0,0
run,0,0,0,0,0,1,0,0,0,5,0
muddled,1,0,0,0,0,0,0,0,0,0,0
representation,0,0,0,0,0,1,0,0,0,0,0
appear,0,0,0,0,0,0,0,0,0,19,0
bond,0,0,0,0,0,1,0,0,0,0,0
hard,5,0,2,0,0,0,0,0,0,0,0
originate,0,0,0,0,0,0,0,0,0,3,0
commonplace,0,0,0,0,0,1,0,0,0,0,0
scientist,0,0,0,0,0,3,0,0,0,0,0
believe,0,0,0,0,0,0,0,0,0,17,0
practicable,1,0,0,0,0,0,0,0,0,0,0
argue,0,0,0,0,0,0,0,0,0,5,0
mere,1,0,0,0,0,0,0,0,0,0,0
nautical,5,0,0,0,0,0,0,0,0,0,0
value,0,0,0,0,0,2,0,0,0,0,0
exaggerated,2,0,0,0,0,0,0,0,0,0,0
reduce,0,0,0,0,0,0,0,0,0,4,0
convince,0,0,0,0,0,0,0,0,0,8,0
worth,1,0,0,0,0,0,0,0,0,0,0
obtain,0,0,0,0,0,0,0,0,0,9,0
sovereign,0,0,0,0,0,17,0,0,0,0,0
cost,0,0,0,0,0,1,0,0,0,0,0
equip,0,0,0,0,0,0,0,0,0,3,0
loss,0,0,0,0,0,2,0,0,0,0,0
fail,0,0,0,0,0,0,0,0,0,8,0
succeed,0,0,0,0,0,0,0,0,0,11,0
incalculable,1,0,0,0,0,0,0,0,0,0,0
miss,0,0,0,0,0,0,0,0,0,3,0
adopt,0,0,0,0,0,0,0,0,0,3,0
fair,2,0,0,0,0,0,0,0,0,0,0
landfall,0,0,0,0,0,10,0,0,0,0,0
local,8,0,0,0,0,0,0,0,0,0,0
sign,0,0,0,0,0,7,0,0,0,2,0
convinced,3,0,0,0,0,0,0,0,0,0,0
fruitlessly,0,0,1,0,0,0,0,0,0,0,0
arise,0,0,0,0,0,0,0,0,0,4,0
colonist,0,0,0,0,0,3,0,0,0,0,0
identity,0,0,0,0,0,1,0,0,0,0,0
demand,0,0,0,0,0,1,0,0,0,2,0
oath,0,0,0,0,0,2,0,0,0,0,0
southeast,1,0,0,0,0,0,0,0,0,0,0
promontory,0,0,0,0,0,2,0,0,0,0,0
golden,2,0,0,0,0,0,0,0,0,0,0
enter,0,0,0,0,0,0,0,0,0,10,0
annex,0,0,0,0,0,0,0,0,0,3,0
fourth,6,0,0,0,0,0,0,0,0,0,0
navigable,1,0,0,0,0,0,0,0,0,0,0
obscure,2,0,0,0,0,0,0,0,0,0,0
conceivable,1,0,0,0,0,0,0,0,0,0,0
tenacity,0,0,0,0,0,1,0,0,0,0,0
skill,0,0,0,0,0,2,0,0,0,0,0
substantially,0,0,1,0,0,0,0,0,0,0,0
effort,0,0,0,0,0,8,0,0,0,0,0
ill,3,0,3,0,0,0,0,0,0,0,0
precious,2,0,0,0,0,0,0,0,0,0,0
stone,0,0,0,0,0,5,0,0,0,0,0
contend,0,0,0,0,0,0,0,0,0,1,0
mutinous,2,0,0,0,0,0,0,0,0,0,0
dissident,1,0,0,0,0,0,0,0,0,0,0
disappointed,2,0,0,0,0,0,0,0,0,0,0
dimly,0,0,1,0,0,0,0,0,0,0,0
perceive,0,0,0,0,0,0,0,0,0,1,0
investigate,0,0,0,0,0,0,0,0,0,3,0
group,0,0,0,0,0,9,0,0,0,0,0
congregate,0,0,0,0,0,0,0,0,0,1,0
outlook,0,0,0,0,0,1,0,0,0,0,0
icelandic,1,0,0,0,0,0,0,0,0,0,0
nurture,0,0,0,0,0,0,0,0,0,1,0
wife,0,0,0,0,0,19,0,0,0,0,0
project,0,0,0,0,0,4,0,0,0,0,0
northern,13,0,0,0,0,0,0,0,0,0,0
encourage,0,0,0,0,0,0,0,0,0,5,0
ice,0,0,0,0,0,1,0,0,0,0,0
represent,0,0,0,0,0,0,0,0,0,7,0
feat,0,0,0,0,0,3,0,0,0,0,0
quarter,0,0,0,0,0,2,0,0,0,0,0
french,6,0,0,0,0,0,0,0,0,0,0
reputation,0,0,0,0,0,6,0,0,0,0,0
promoter,0,0,0,0,0,2,0,0,0,0,0
uncertain,8,0,0,0,0,0,0,0,0,0,0
lively,2,0,0,0,0,0,0,0,0,0,0
embellish,0,0,0,0,0,0,0,0,0,3,0
cartographer,0,0,0,0,0,5,0,0,0,0,0
artist,0,0,0,0,0,3,0,0,0,0,0
depiction,0,0,0,0,0,2,0,0,0,0,0
bow,0,0,0,0,0,2,0,0,0,0,0
british,4,0,0,0,0,0,0,0,0,0,0
brave,1,0,0,0,0,0,0,0,0,0,0
collate,0,0,0,0,0,0,0,0,0,1,0
false,2,0,0,0,0,0,0,0,0,0,0
accrue,0,0,0,0,0,0,0,0,0,1,0
left,1,0,1,0,0,0,0,0,0,0,0
bulge,0,0,0,0,0,1,0,0,0,0,0
northeast,5,0,0,0,0,1,0,0,0,0,0
pull,0,0,0,0,0,0,0,0,0,1,0
big,1,0,0,0,0,0,0,0,0,0,0
mountain,0,0,0,0,0,2,0,0,0,0,0
concept,0,0,0,0,0,1,0,0,0,0,0
wide,4,0,0,0,0,0,0,0,0,0,0
separate,1,0,0,0,0,0,0,0,0,5,0
halfway,0,0,1,0,0,0,0,0,0,0,0
legend,0,0,0,0,0,3,0,0,0,0,0
reveal,0,0,0,0,0,0,0,0,0,2,0
opinion,0,0,0,0,0,4,0,0,0,0,0
refer,0,0,0,0,0,0,0,0,0,5,0
westwards,0,0,1,0,0,0,0,0,0,0,0
hardship,0,0,0,0,0,1,0,0,0,0,0
danger,0,0,0,0,0,6,0,0,0,0,0
weigh,0,0,0,0,0,0,0,0,0,1,0
anchor,0,0,0,0,0,4,0,0,0,4,0
adjoin,0,0,0,0,0,0,0,0,0,1,0
interpretation,0,0,0,0,0,4,0,0,0,0,0
plain,1,0,0,0,0,1,0,0,0,0,0
inclination,0,0,0,0,0,1,0,0,0,0,0
determination,0,0,0,0,0,3,0,0,0,0,0
past,0,5,0,0,0,0,0,0,0,0,0
dispel,0,0,0,0,0,0,0,0,0,2,0
cherish,0,0,0,0,0,0,0,0,0,1,0
illusion,0,0,0,0,0,1,0,0,0,0,0
barrier,0,0,0,0,0,2,0,0,0,0,0
serve,0,0,0,0,0,0,0,0,0,9,0
young,11,0,0,0,0,0,0,0,0,0,0
familiar,2,0,0,0,0,0,0,0,0,0,0
fit,0,0,0,0,0,0,0,0,0,8,0
estuary,0,0,0,0,0,3,0,0,0,0,0
vain,1,0,0,0,0,0,0,0,0,0,0
doubtless,0,0,2,0,0,0,0,0,0,0,0
embayment,0,0,0,0,0,1,0,0,0,0,0
raise,0,0,0,0,0,0,0,0,0,1,0
dash,0,0,0,0,0,0,0,0,0,1,0
extremely,0,0,5,0,0,0,0,0,0,0,0
difficult,7,0,0,0,0,0,0,0,0,0,0
deep,1,0,0,0,0,0,0,0,0,0,0
tortuous,1,0,0,0,0,0,0,0,0,0,0
rock,0,0,0,0,0,1,0,0,0,0,0
bedevil,0,0,0,0,0,0,0,0,0,1,0
icy,1,0,0,0,0,0,0,0,0,0,0
squall,0,0,0,0,0,1,0,0,0,0,0
dense,1,0,0,0,0,0,0,0,0,0,0
fog,0,0,0,0,0,1,0,0,0,0,0
miracle,0,0,0,0,0,1,0,0,0,0,0
get,0,0,0,0,0,0,0,0,0,1,0
length,0,0,0,0,0,3,0,0,0,0,0
consequently,0,0,2,0,0,0,0,0,0,0,0
week,0,0,0,0,0,4,0,0,0,0,0
northwesterly,1,0,0,0,0,0,0,0,0,0,0
encounter,0,0,0,0,0,1,0,0,0,3,0
food,0,0,0,0,0,4,0,0,0,0,0
water,0,0,0,0,0,7,0,0,0,0,0
eat,0,0,0,0,0,0,0,0,0,2,0
sawdust,0,0,0,0,0,1,0,0,0,0,0
mix,0,0,0,0,0,0,0,0,0,2,0
biscuit,0,0,0,0,0,2,0,0,0,0,0
chew,0,0,0,0,0,0,0,0,0,1,0
leather,0,0,0,0,0,2,0,0,0,0,0
gear,0,0,0,0,0,1,0,0,0,0,0
alive,2,0,0,0,0,0,0,0,0,0,0
exhausted,1,0,0,0,0,0,0,0,0,0,0
scurvy,0,0,0,0,0,5,0,0,0,0,0
ride,0,0,0,0,0,2,0,0,0,3,0
quarrel,0,0,0,0,0,1,0,0,0,0,0
survivor,0,0,0,0,0,4,0,0,0,0,0
remain,0,0,0,0,0,1,0,0,0,30,0
laden,2,0,0,0,0,0,0,0,0,0,0
allow,0,0,0,0,0,0,0,0,0,8,0
greatly,0,0,4,0,0,0,0,0,0,0,0
carefully,0,0,2,0,0,0,0,0,0,0,0
log,0,0,0,0,0,1,0,0,0,0,0
delighted,1,0,0,0,0,0,0,0,0,0,0
pay,0,0,0,0,0,0,0,0,0,2,0
expense,0,0,0,0,0,2,0,0,0,0,0
fitting,1,0,0,0,0,0,0,0,0,0,0
handful,0,0,0,0,0,1,0,0,0,0,0
determined,3,0,0,0,0,0,0,0,0,0,0
central,4,0,0,0,0,0,0,0,0,0,0
fortune,0,0,0,0,0,6,0,0,0,0,0
famous,9,0,0,0,0,0,0,0,0,0,0
family,0,0,0,0,0,23,0,0,0,0,0
savant,0,0,0,0,0,1,0,0,0,0,0
sheer,2,0,0,0,0,0,0,0,0,0,0
joy,0,0,0,0,0,3,0,0,0,0,0
bar,0,0,0,0,0,0,0,0,0,0,1
noteworthy,2,0,0,0,0,0,0,0,0,0,0
formal,6,0,0,0,0,0,0,0,0,0,0
mission,0,0,0,0,0,19,0,0,0,0,0
disciple,0,0,0,0,0,1,0,0,0,0,0
teacher,0,0,0,0,0,2,0,0,0,0,0
hold,0,0,0,0,0,1,0,0,0,15,0
successively,0,0,1,0,0,0,0,0,0,0,0
office,0,0,0,0,0,3,0,0,0,0,0
custos,0,0,0,0,0,0,0,0,0,0,1
warden,0,0,0,0,0,1,0,0,0,0,0
minister,0,0,0,0,0,1,0,0,0,0,0
subordinate,1,0,0,0,0,1,0,0,0,0,0
officer,0,0,0,0,0,4,0,0,0,0,0
afterward,0,0,4,0,0,0,0,0,0,0,0
disastrous,4,0,0,0,0,0,0,0,0,0,0
fear,0,0,0,0,0,3,0,0,0,2,0
abate,0,0,0,0,0,0,0,0,0,1,0
dispatch,0,0,0,0,0,0,0,0,0,5,0
catholic,6,0,0,0,0,0,0,0,0,0,0
partly,0,0,11,0,0,0,0,0,0,0,0
protest,0,0,0,0,0,0,0,0,0,2,0
reliable,4,0,0,0,0,0,0,0,0,0,0
alliance,0,0,0,0,0,8,0,0,0,0,0
counsel,0,0,0,0,0,1,0,0,0,0,0
appoint,0,0,0,0,0,0,0,0,0,14,0
interpreter,0,0,0,0,0,3,0,0,0,0,0
ordu,0,0,0,0,0,0,0,0,0,0,1
camp,0,0,0,0,0,5,0,0,0,0,0
commander,0,0,0,0,0,4,0,0,0,0,0
frontier,0,0,0,0,0,4,0,0,0,0,0
conqueror,0,0,0,0,0,1,0,0,0,0,0
companion,0,0,0,0,0,8,0,0,0,0,0
present,14,0,0,0,0,3,0,0,0,9,0
fire,0,0,0,0,0,1,0,0,0,0,0
beginning,0,0,0,0,0,6,0,0,0,0,0
proceed,0,0,0,0,0,0,0,0,0,8,0
accordingly,0,0,3,0,0,0,0,0,0,0,0
formidable,1,0,0,0,0,0,0,0,0,0,0
body,0,0,0,0,0,5,0,0,0,0,0
tightly,0,0,1,0,0,0,0,0,0,0,0
bandage,0,0,0,0,0,0,0,0,0,1,0
enable,0,0,0,0,0,0,0,0,0,3,0
endure,0,0,0,0,0,0,0,0,0,2,0
excessive,1,0,0,0,0,0,0,0,0,0,0
fatigue,0,0,0,0,0,1,0,0,0,0,0
bank,0,0,0,0,0,4,0,0,0,0,0
dzungarian,1,0,0,0,0,0,0,0,0,0,0
lake,0,0,0,0,0,1,0,0,0,0,0
imperial,3,0,0,0,0,0,0,0,0,0,0
yellow,1,0,0,0,0,0,0,0,0,0,0
pavilion,0,0,0,0,0,1,0,0,0,0,0
destination,0,0,0,0,0,2,0,0,0,0,0
interregnum,0,0,0,0,0,1,0,0,0,0,0
death,0,0,0,0,0,22,0,0,0,0,0
eld,6,0,0,0,0,0,0,0,0,0,0
throne,0,0,0,0,0,8,0,0,0,0,0
election,0,0,0,0,0,2,0,0,0,0,0
kuriltai,0,0,0,0,0,1,0,0,0,0,0
assembly,0,0,0,0,0,2,0,0,0,0,0
shaman,0,0,0,0,0,1,0,0,0,0,0
deputy,0,0,0,0,0,1,0,0,0,0,0
enthronement,0,0,0,0,0,1,0,0,0,0,0
nearby,2,0,1,0,0,0,0,0,0,0,0
detain,0,0,0,0,0,0,0,0,0,2,0
dismiss,0,0,0,0,0,0,0,0,0,1,0
imperious,2,0,0,0,0,0,0,0,0,0,0
assertion,0,0,0,0,0,3,0,0,0,0,0
scourge,0,0,0,0,0,1,0,0,0,0,0
suffer,0,0,0,0,0,0,0,0,0,6,0
homeward,1,0,2,0,0,0,0,0,0,0,0
welcome,0,0,0,0,0,2,0,0,0,3,0
slavic,1,0,0,0,0,0,0,0,0,0,0
rise,0,0,0,0,0,3,0,0,0,2,0
deliver,0,0,0,0,0,0,0,0,0,3,0
immediately,0,0,6,0,0,0,0,0,0,0,0
large,7,0,0,0,0,0,0,0,0,0,0
variously,0,0,3,0,0,0,0,0,0,0,0
style,0,0,0,0,0,2,0,0,0,2,0
extant,3,0,0,0,0,0,0,0,0,0,0
quos,0,0,0,0,0,0,0,0,0,0,1
nos,0,0,0,0,0,0,0,0,0,0,1
tartaros,0,0,0,0,0,0,0,0,0,0,1
appellamus,0,0,0,0,0,0,0,0,0,0,1
divide,0,0,0,0,0,0,0,0,0,3,0
treatise,0,0,0,0,0,2,0,0,0,0,0
chapter,0,0,0,0,0,2,0,0,0,0,0
climate,0,0,0,0,0,3,0,0,0,0,0
custom,0,0,0,0,0,6,0,0,0,0,0
religion,0,0,0,0,0,7,0,0,0,0,0
character,0,0,0,0,0,4,0,0,0,0,0
tactic,0,0,0,0,0,1,0,0,0,0,0
resist,0,0,0,0,0,0,0,0,0,1,0
ninth,1,0,0,0,0,0,0,0,0,0,0
traverse,0,0,0,0,0,0,0,0,0,4,0
unconquered,1,0,0,0,0,0,0,0,0,0,0
truth,0,0,0,0,0,1,0,0,0,0,0
discredit,0,0,0,0,0,0,0,0,0,1,0
fable,0,0,0,0,0,2,0,0,0,0,0
treatment,0,0,0,0,0,1,0,0,0,0,0
subject,0,0,0,0,0,7,0,0,0,0,0
inferior,1,0,0,0,0,0,0,0,0,0,0
papal,6,0,0,0,0,0,0,0,0,0,0
dictation,0,0,0,0,0,1,0,0,0,0,0
instal,0,0,0,0,0,0,0,0,0,1,0
legate,0,0,0,0,0,2,0,0,0,0,0
partially,0,0,1,0,0,0,0,0,0,0,0
abstract,0,0,0,0,0,1,0,0,0,0,0
compendium,0,0,0,0,0,1,0,0,0,0,0
speculum,0,0,0,0,0,1,0,0,0,0,0
historiale,0,0,0,0,0,0,0,0,0,0,1
text,0,0,0,0,0,6,0,0,0,0,0
voyages,0,0,0,0,0,0,0,0,0,0,1
mémoires,0,0,0,0,0,0,0,0,0,0,1
vol,0,0,0,0,0,1,0,0,0,0,0
eyewitness,0,0,0,0,0,2,0,0,0,0,0
realm,0,0,0,0,0,6,0,0,0,0,0
philosopher,0,0,0,0,0,1,0,0,0,0,0
cite,0,0,0,0,0,0,0,0,0,2,0
section,0,0,0,0,0,1,0,0,0,0,0
majus,0,0,0,0,0,0,0,0,0,0,1
village,0,0,0,0,0,1,0,0,0,0,0
informal,1,0,0,0,0,0,0,0,0,0,0
crimean,1,0,0,0,0,0,0,0,0,0,0
town,0,0,0,0,0,13,0,0,0,0,0
secure,0,0,0,0,0,0,0,0,0,10,0
oxen,0,0,0,0,0,1,0,0,0,0,0
cart,0,0,0,0,0,1,0,0,0,0,0
steppe,0,0,0,0,0,2,0,0,0,0,0
encampment,0,0,0,0,0,1,0,0,0,0,0
arrival,0,0,0,0,0,2,0,0,0,0,0
horseback,0,0,0,0,0,1,0,0,0,0,0
courteously,0,0,1,0,0,0,0,0,0,0,0
northerly,1,0,0,0,0,0,0,0,0,0,0
outward,1,0,0,0,0,0,0,0,0,0,0
mongolian,1,0,0,0,0,0,0,0,0,0,0
narrative,0,0,0,0,0,8,0,0,0,0,0
free,3,0,0,0,0,0,0,0,0,1,0
intelligent,2,0,0,0,0,0,0,0,0,0,0
honest,1,0,0,0,0,0,0,0,0,0,0
observer,0,0,0,0,0,3,0,0,0,0,0
copious,1,0,0,0,0,0,0,0,0,0,0
use,0,0,0,0,0,2,0,0,0,0,0
neglect,0,0,0,0,0,1,0,0,0,2,0
imperfectly,0,0,1,0,0,0,0,0,0,0,0
reproduce,0,0,0,0,0,0,0,0,0,1,0
recent,3,0,0,0,0,0,0,0,0,0,0
venetian,6,0,0,0,0,0,0,0,0,0,0
milione,0,0,0,0,0,0,0,0,0,0,3
million,0,0,0,0,0,1,1,0,0,0,0
classic,0,0,0,0,0,1,0,0,0,0,0
literature,0,0,0,0,0,4,0,0,0,0,0
engraving,0,0,0,0,0,1,0,0,0,0,0
pave,0,0,0,0,0,0,0,0,0,1,0
ancestor,0,0,0,0,0,1,0,0,0,0,0
especially,0,0,11,0,0,0,0,0,0,0,0
acquire,0,0,0,0,0,0,0,0,0,5,0
prestige,0,0,0,0,0,1,0,0,0,0,0
nobility,0,0,0,0,0,7,0,0,0,0,0
republican,1,0,0,0,0,0,0,0,0,0,0
mercantile,3,0,0,0,0,0,0,0,0,0,0
shrewd,1,0,0,0,0,0,0,0,0,0,0
alert,1,0,0,0,0,0,0,0,0,0,0
courageous,1,0,0,0,0,0,0,0,0,0,0
foresee,0,0,0,0,0,0,0,0,0,1,0
overthrow,0,0,0,0,0,1,0,0,0,0,0
rule,0,0,0,0,0,6,0,0,0,8,0
liquidate,0,0,0,0,0,0,0,0,0,1,0
property,0,0,0,0,0,3,0,0,0,0,0
invest,0,0,0,0,0,0,0,0,0,2,0
jewel,0,0,0,0,0,5,0,0,0,0,0
manage,0,0,0,0,0,0,0,0,0,5,0
affair,0,0,0,0,0,2,0,0,0,0,0
double,1,0,0,0,0,0,0,0,0,2,0
asset,0,0,0,0,0,1,0,0,0,0,0
prevent,0,0,0,0,0,0,0,0,0,5,0
grand,4,0,0,0,0,0,0,0,0,0,0
residence,0,0,0,0,0,4,0,0,0,0,0
immortalize,0,0,0,0,0,0,0,0,0,1,0
poet,0,0,0,0,0,1,0,0,0,0,0
friendly,1,0,0,0,0,0,0,0,0,0,0
relation,0,0,0,0,0,5,0,0,0,0,0
ambassador,0,0,0,0,0,2,0,0,0,0,0
ask,0,0,0,0,0,0,0,0,0,5,0
acquaint,0,0,0,0,0,0,0,0,0,1,0
gift,0,0,0,0,0,4,0,0,0,0,0
oil,0,0,0,0,0,2,0,0,0,0,0
lamp,0,0,0,0,0,1,0,0,0,0,0
burn,0,0,0,0,0,0,0,0,0,3,0
anticipate,0,0,0,0,0,0,0,0,0,1,0
waiting,0,0,0,0,0,1,0,0,0,0,0
friend,0,0,0,0,0,6,0,0,0,0,0
elect,0,0,0,0,0,0,0,0,0,2,0
proper,2,0,0,0,0,0,0,0,0,0,0
credential,0,0,0,0,0,1,0,0,0,0,0
assign,0,0,0,0,0,0,0,0,0,3,0
abandon,0,0,0,0,0,0,0,0,0,1,0
shortly,0,0,3,0,0,0,0,0,0,0,0
resume,0,0,0,0,0,0,0,0,0,5,0
southeastern,2,0,0,0,0,0,0,0,0,0,0
inhospitable,1,0,0,0,0,0,0,0,0,0,0
infest,0,0,0,0,0,0,0,0,0,1,0
brigand,0,0,0,0,0,1,0,0,0,0,0
surpassing,1,0,0,0,0,0,0,0,0,0,0
aridity,0,0,0,0,0,1,0,0,0,0,0
khorasan,1,0,0,0,0,0,0,0,0,0,0
balascian,1,0,0,0,0,0,0,0,0,0,0
particular,4,0,0,0,0,0,0,0,0,0,0
please,0,0,0,0,0,0,0,0,0,1,0
illness,0,0,0,0,0,4,0,0,0,0,0
possibly,0,0,11,0,0,0,0,0,0,0,0
malaria,0,0,0,0,0,1,0,0,0,0,0
cure,0,0,0,0,0,0,0,0,0,1,0
benign,1,0,0,0,0,0,0,0,0,0,0
district,0,0,0,0,0,3,0,0,0,0,0
highland,0,0,0,0,0,1,0,0,0,0,0
descend,0,0,0,0,0,0,0,0,0,1,0
northeastern,1,0,0,0,0,0,0,0,0,0,0
chain,0,0,0,0,0,2,0,0,0,0,0
oasis,0,0,0,0,0,1,0,0,0,0,0
stepping,0,0,0,0,0,1,0,0,0,0,0
nestorian,2,0,0,0,0,0,0,0,0,0,0
civilization,0,0,0,0,0,1,0,0,0,0,0
buddhist,1,0,0,0,0,0,0,0,0,0,0
prevail,0,0,0,0,0,0,0,0,0,2,0
area,0,0,0,0,0,11,0,0,0,0,0
directly,0,0,3,0,0,0,0,0,0,0,0
detour,0,0,0,0,0,2,0,0,0,0,0
research,0,0,0,0,0,4,0,0,0,0,0
japanese,1,0,0,0,0,0,0,0,0,0,0
sacred,1,0,0,0,0,0,0,0,0,0,0
patron,0,0,0,0,0,5,0,0,0,0,0
illuminate,0,0,0,0,0,0,0,0,0,1,0
dominion,0,0,0,0,0,2,0,0,0,0,0
move,0,0,0,0,0,0,0,0,0,7,0
unfortunately,0,0,3,0,0,0,0,0,0,0,0
incidentally,0,0,1,0,0,0,0,0,0,0,0
biography,0,0,0,0,0,2,0,0,0,0,0
autobiography,0,0,0,0,0,1,0,0,0,0,0
exceedingly,0,0,2,0,0,0,0,0,0,0,0
ascertain,0,0,0,0,0,0,0,0,0,2,0
foreigner,0,0,0,0,0,3,0,0,0,0,0
employ,0,0,0,0,0,1,0,0,0,5,0
trust,0,0,0,0,0,0,0,0,0,4,0
natural,1,0,0,0,0,0,0,0,0,0,0
honourably,0,0,1,0,0,0,0,0,0,0,0
motley,1,0,0,0,0,0,0,0,0,0,0
specific,1,0,0,0,0,0,0,0,0,0,0
question,0,0,0,0,0,3,0,0,0,0,0
technical,1,0,0,0,0,0,0,0,0,0,0
capacity,0,0,0,0,0,4,0,0,0,0,0
abruptly,0,0,1,0,0,0,0,0,0,0,0
glimpse,0,0,0,0,0,1,0,0,0,0,0
adviser,0,0,0,0,0,3,0,0,0,0,0
siege,0,0,0,0,0,3,0,0,0,0,0
thank,0,0,0,0,0,1,0,0,0,0,0
mangonel,0,0,0,0,0,1,0,0,0,0,0
missile,0,0,0,0,0,1,0,0,0,0,0
throw,0,0,0,0,0,0,0,0,0,2,0
engine,0,0,0,0,0,1,0,0,0,0,0
specification,0,0,0,0,0,1,0,0,0,0,0
episode,0,0,0,0,0,2,0,0,0,0,0
dubious,1,0,0,0,0,0,0,0,0,0,0
speak,0,0,0,0,0,0,0,0,0,5,0
language,0,0,0,0,0,4,0,0,0,0,0
dialect,0,0,0,0,0,3,0,0,0,0,0
arabized,1,0,0,0,0,0,0,0,0,0,0
notice,0,0,0,0,0,0,0,0,0,2,0
favourably,0,0,1,0,0,0,0,0,0,0,0
delight,0,0,0,0,0,1,0,0,0,0,0
strange,3,0,0,0,0,0,0,0,0,0,0
repeatedly,0,0,1,0,0,0,0,0,0,0,0
distant,1,0,0,0,0,0,0,0,0,0,0
southwestern,5,0,0,0,0,0,0,0,0,0,0
occasion,0,0,0,0,0,2,0,0,0,0,0
enthusiastically,0,0,1,0,0,0,0,0,0,0,0
populous,1,0,0,0,0,0,0,0,0,0,0
undertake,0,0,0,0,0,0,0,0,0,8,0
administrative,4,0,0,0,0,0,0,0,0,0,0
responsibility,0,0,0,0,0,5,0,0,0,0,0
inspection,0,0,0,0,0,1,0,0,0,0,0
duty,0,0,0,0,0,2,0,0,0,0,0
revenue,0,0,0,0,0,5,0,0,0,0,0
salt,0,0,0,0,0,1,0,0,0,0,0
commodity,0,0,0,0,0,1,0,0,0,0,0
version,0,0,0,0,0,6,0,0,0,0,0
govern,0,0,0,0,0,0,0,0,0,3,0
credible,1,0,0,0,0,0,0,0,0,0,0
hinge,0,0,0,0,0,0,0,0,0,1,0
word,0,0,0,0,0,2,0,0,0,0,0
ample,1,0,0,0,0,0,0,0,0,0,0
adoptive,1,0,0,0,0,0,0,0,0,0,0
princess,0,0,0,0,0,5,0,0,0,0,0
consort,0,0,0,0,0,4,0,0,0,0,0
offer,0,0,0,0,0,0,0,0,0,13,0
unwilling,2,0,0,0,0,0,0,0,0,0,0
let,0,0,0,0,0,0,0,0,0,1,0
grant,0,0,0,0,0,1,0,0,0,8,0
permission,0,0,0,0,0,2,0,0,0,0,0
nearly,0,0,4,0,0,0,0,0,0,0,0
consequent,1,0,0,0,0,0,0,0,0,0,0
regime,0,0,0,0,0,1,0,0,0,0,0
dangerous,2,0,0,0,0,0,0,0,0,0,0
isolate,0,0,0,0,0,0,0,0,0,1,0
naturally,0,0,3,0,0,0,0,0,0,0,0
courtier,0,0,0,0,0,2,0,0,0,0,0
board,0,0,0,0,0,3,0,0,0,2,0
briefly,0,0,2,0,0,0,0,0,0,0,0
month,0,0,0,0,0,14,0,0,0,0,0
monsoon,0,0,0,0,0,2,0,0,0,0,0
storm,0,0,0,0,0,6,0,0,0,0,0
impressed,1,0,0,0,0,0,0,0,0,0,0
dip,0,0,0,0,0,0,0,0,0,1,0
touch,0,0,0,0,0,0,0,0,0,3,0
unclear,1,0,0,0,0,0,0,0,0,0,0
stay,0,0,0,0,0,3,0,0,0,4,0
foot,0,0,0,0,0,6,0,0,0,0,0
rob,0,0,0,0,0,0,0,0,0,1,0
win,0,0,0,0,0,0,0,0,0,5,0
earning,0,0,0,0,0,1,0,0,0,0,0
delay,0,0,0,0,0,1,0,0,0,2,0
dramatic,2,0,0,0,0,0,0,0,0,0,0
recognition,0,0,0,0,0,3,0,0,0,0,0
relative,0,0,0,0,0,3,0,0,0,0,0
neighbour,0,0,0,0,0,1,0,0,0,1,0
lore,0,0,0,0,0,3,0,0,0,0,0
skirmish,0,0,0,0,0,3,0,0,0,0,0
battle,0,0,0,0,0,5,0,0,0,0,0
felicitous,1,0,0,0,0,0,0,0,0,0,0
fairly,0,0,1,0,0,0,0,0,0,0,0
romance,0,0,0,0,0,3,0,0,0,0,0
specialist,0,0,0,0,0,1,0,0,0,0,0
chivalry,0,0,0,0,0,1,0,0,0,0,0
fashionable,2,0,0,0,0,0,0,0,0,0,0
intend,0,0,0,0,0,0,0,0,0,4,0
sufficiently,0,0,2,0,0,0,0,0,0,0,0
comfortable,1,0,0,0,0,0,0,0,0,0,0
franco,2,0,0,0,0,0,0,0,0,0,0
composite,1,0,0,0,0,0,0,0,0,0,0
tongue,0,0,0,0,0,1,0,0,0,0,0
remainder,0,0,0,0,0,2,0,0,0,0,0
reconstruct,0,0,0,0,0,0,0,0,0,1,0
testimony,0,0,0,0,0,2,0,0,0,0,0
legal,3,0,0,0,0,0,0,0,0,0,0
document,0,0,0,0,0,9,0,0,0,0,0
quiet,2,0,0,0,0,0,0,0,0,0,0
existence,0,0,0,0,0,2,0,0,0,0,0
conspicuous,1,0,0,0,0,0,0,0,0,0,0
tatar,1,0,0,0,0,0,0,0,0,0,0
relate,0,0,0,0,0,0,0,0,0,4,0
deathbed,0,0,0,0,0,1,0,0,0,0,0
retract,0,0,0,0,0,0,0,0,0,1,0
invent,0,0,0,0,0,0,0,0,0,2,0
answer,0,0,0,0,0,1,0,0,0,0,0
barely,0,0,2,0,0,0,0,0,0,0,0
actually,0,0,5,0,0,0,0,0,0,0,0
instant,1,0,0,0,0,0,0,0,0,0,0
spread,0,0,0,0,0,1,0,0,0,3,0
conceive,0,0,0,0,0,0,0,0,0,1,0
cosmography,0,0,0,0,0,1,0,0,0,0,0
recollection,0,0,0,0,0,1,0,0,0,0,0
personality,0,0,0,0,0,3,0,0,0,0,0
elusive,1,0,0,0,0,0,0,0,0,0,0
dou,0,0,0,0,0,0,0,0,0,0,1
monde,0,0,0,0,0,0,0,0,0,0,1
nonetheless,0,0,4,0,0,0,0,0,0,0,0
season,0,0,0,0,0,2,0,0,0,0,0
rarely,0,0,3,0,0,0,0,0,0,0,0
panorama,0,0,0,0,0,1,0,0,0,0,0
observe,0,0,0,0,0,0,0,0,0,3,0
impersonal,1,0,0,0,0,0,0,0,0,0,0
powerful,6,0,0,0,0,0,0,0,0,0,0
angle,0,0,0,0,0,1,0,0,0,0,0
lens,0,0,0,0,0,1,0,0,0,0,0
branch,0,0,0,0,0,3,0,0,0,1,0
typical,3,0,0,0,0,0,0,0,0,0,0
digression,0,0,0,0,0,1,0,0,0,0,0
understand,0,0,0,0,0,0,0,0,0,2,0
vernacular,1,0,0,0,0,0,0,0,0,0,0
didactic,1,0,0,0,0,0,0,0,0,0,0
idolatry,0,0,0,0,0,1,0,0,0,0,0
uncertainty,0,0,0,0,0,2,0,0,0,0,0
controversy,0,0,0,0,0,5,0,0,0,0,0
origin,0,0,0,0,0,3,0,0,0,0,0
likely,1,0,3,0,0,0,0,0,0,0,0
nickname,0,0,0,0,0,2,0,0,0,0,0
tendency,0,0,0,0,0,1,0,0,0,0,0
tall,2,0,0,0,0,0,0,0,0,0,0
traceable,1,0,0,0,0,0,0,0,0,0,0
corruption,0,0,0,0,0,1,0,0,0,0,0
characterize,0,0,0,0,0,0,0,0,0,1,0
similar,2,0,0,0,0,0,0,0,0,0,0
authentic,3,0,0,0,0,0,0,0,0,0,0
original,3,0,0,0,0,2,0,0,0,0,0
assert,0,0,0,0,0,0,0,0,0,2,0
phraseology,0,0,0,0,0,1,0,0,0,0,0
standardized,1,0,0,0,0,0,0,0,0,0,0
emendation,0,0,0,0,0,1,0,0,0,0,0
editor,0,0,0,0,0,1,0,0,0,0,0
instance,0,0,0,0,0,1,0,0,0,0,0
impious,1,0,0,0,0,0,0,0,0,0,0
dangerously,0,0,1,0,0,0,0,0,0,0,0
heresy,0,0,0,0,0,1,0,0,0,0,0
bowdlerize,0,0,0,0,0,0,0,0,0,1,0
furthermore,0,0,1,0,0,0,0,0,0,0,0
happen,0,0,0,0,0,0,0,0,0,1,0
invention,0,0,0,0,0,1,0,0,0,0,0
printing,0,0,0,0,0,1,0,0,0,0,0
professional,1,0,0,0,0,0,0,0,0,0,0
scribe,0,0,0,0,0,1,0,0,0,0,0
amateur,0,0,0,0,0,1,0,0,0,0,0
dozen,0,0,0,0,0,2,0,0,0,0,0
adaptation,0,0,0,0,0,1,0,0,0,0,0
subtract,0,0,0,0,0,0,0,0,0,1,0
respect,0,0,0,0,0,1,0,0,0,0,0
authenticity,0,0,0,0,0,1,0,0,0,0,0
unfamiliar,1,0,0,0,0,0,0,0,0,0,0
unchanged,1,0,0,0,0,0,0,0,0,0,0
immensely,0,0,1,0,0,0,0,0,0,0,0
controversial,2,0,0,0,0,0,0,0,0,0,0
material,2,0,0,0,0,3,0,0,0,0,0
obdurate,1,0,0,0,0,0,0,0,0,0,0
philological,1,0,0,0,0,0,0,0,0,0,0
inherit,0,0,0,0,0,0,0,0,0,1,0
reticence,0,0,0,0,0,1,0,0,0,0,0
surround,0,0,0,0,0,0,0,0,0,3,0
up,0,0,0,0,0,1,0,0,0,0,0
down,0,0,0,0,0,1,0,0,0,0,0
novelist,0,0,0,0,0,1,0,0,0,0,0
filmmaker,0,0,0,0,0,1,0,0,0,0,0
dramatist,0,0,0,0,0,1,0,0,0,0,0
brilliant,4,0,0,0,0,0,0,0,0,0,0
prodigious,1,0,0,0,0,0,0,0,0,0,0
memory,0,0,0,0,0,3,0,0,0,0,0
conscientious,1,0,0,0,0,0,0,0,0,0,0
official,3,0,0,0,0,5,0,0,0,0,0
cosmopolitan,1,0,0,0,0,0,0,0,0,0,0
braggart,0,0,0,0,0,1,0,0,0,0,0
drifter,0,0,0,0,0,1,0,0,0,0,0
gossip,0,0,0,0,0,1,0,0,0,0,0
bazaar,0,0,0,0,0,1,0,0,0,0,0
scant,1,0,0,0,0,0,0,0,0,0,0
imagination,0,0,0,0,0,3,0,0,0,0,0
lack,0,0,0,0,0,6,0,0,0,1,0
humour,0,0,0,0,0,1,0,0,0,0,0
mention,0,0,0,0,0,0,0,0,0,4,0
tea,0,0,0,0,0,1,0,0,0,0,0
ideographic,1,0,0,0,0,0,0,0,0,0,0
script,0,0,0,0,0,1,0,0,0,0,0
trace,0,0,0,0,0,1,0,0,0,0,0
recognize,0,0,0,0,0,0,0,0,0,4,0
painter,0,0,0,0,0,1,0,0,0,0,0
balanced,1,0,0,0,0,0,0,0,0,0,0
view,0,0,0,0,0,6,0,0,0,0,0
factor,0,0,0,0,0,1,0,0,0,0,0
textual,1,0,0,0,0,0,0,0,0,0,0
scholarship,0,0,0,0,0,3,0,0,0,0,0
depth,0,0,0,0,0,1,0,0,0,0,0
scope,0,0,0,0,0,1,0,0,0,0,0
faithfully,0,0,2,0,0,0,0,0,0,0,0
fabulous,3,0,0,0,0,0,0,0,0,0,0
vista,0,0,0,0,0,1,0,0,0,0,0
definite,1,0,0,0,0,0,0,0,0,0,0
localization,0,0,0,0,0,1,0,0,0,0,0
monopoly,0,0,0,0,0,3,0,0,0,0,0
conquest,0,0,0,0,0,10,0,0,0,0,0
commission,0,0,0,0,0,3,0,0,0,3,0
negotiate,0,0,0,0,0,0,0,0,0,3,0
reunion,0,0,0,0,0,1,0,0,0,0,0
greek,1,0,0,0,0,0,0,0,0,0,0
church,0,0,0,0,0,6,0,0,0,0,0
seaboard,0,0,0,0,0,1,0,0,0,0,0
historically,0,0,1,0,0,0,0,0,0,0,0
opposition,0,0,0,0,0,4,0,0,0,0,0
allude,0,0,0,0,0,0,0,0,0,1,0
patriarch,0,0,0,0,0,1,0,0,0,0,0
bishop,0,0,0,0,0,2,0,0,0,0,0
consecrate,0,0,0,0,0,0,0,0,0,1,0
assist,0,0,0,0,0,0,0,0,0,4,0
maintain,0,0,0,0,0,0,0,0,0,2,0
baptize,0,0,0,0,0,0,0,0,0,3,0
mother,0,0,0,0,0,7,0,0,0,0,0
dispute,0,0,0,0,0,3,0,0,0,4,0
unquestionably,0,0,2,0,0,0,0,0,0,0,0
effective,3,0,0,0,0,0,0,0,0,0,0
proselytizer,0,0,0,0,0,1,0,0,0,0,0
downfall,0,0,0,0,0,1,0,0,0,0,0
enjoy,0,0,0,0,0,0,0,0,0,5,0
popularity,0,0,0,0,0,2,0,0,0,0,0
plagiarize,0,0,0,0,0,0,0,0,0,1,0
vow,0,0,0,0,0,2,0,0,0,0,0
tour,0,0,0,0,0,1,0,0,0,1,0
embark,0,0,0,0,0,0,0,0,0,3,0
junk,0,0,0,0,0,1,0,0,0,0,0
renowne,0,0,0,0,0,0,0,0,0,1,0
person,0,0,0,0,0,5,0,0,0,0,0
simple,3,0,0,0,0,0,0,0,0,0,0
scene,0,0,0,0,0,1,0,0,0,0,0
feature,0,0,0,0,0,3,0,0,0,1,0
outside,0,1,0,0,0,0,0,0,0,0,0
laity,0,0,0,0,0,1,0,0,0,0,0
bury,0,0,0,0,0,0,0,0,0,3,0
magistrate,0,0,0,0,0,2,0,0,0,0,0
interfere,0,0,0,0,0,0,0,0,0,1,0
public,1,0,0,0,0,0,0,0,0,0,0
funeral,0,0,0,0,0,1,0,0,0,0,0
acclamation,0,0,0,0,0,1,0,0,0,0,0
object,0,0,0,0,0,1,0,0,0,0,0
devotion,0,0,0,0,0,1,0,0,0,0,0
municipality,0,0,0,0,0,1,0,0,0,0,0
erect,0,0,0,0,0,0,0,0,0,8,0
shrine,0,0,0,0,0,2,0,0,0,0,0
widespread,2,0,0,0,0,0,0,0,0,0,0
middle,1,0,0,0,0,1,0,0,0,0,0
formally,0,0,1,0,0,0,0,0,0,0,0
beatify,0,0,0,0,0,0,0,0,0,1,0
author,0,0,0,0,0,9,0,0,0,0,0
extensive,3,0,0,0,0,0,0,0,0,0,0
judge,0,0,0,0,0,3,0,0,0,4,0
qāḍīs,0,0,0,0,0,0,0,0,0,0,1
juristic,1,0,0,0,0,0,0,0,0,0,0
literary,4,0,0,0,0,0,0,0,0,0,0
education,0,0,0,0,0,6,0,0,0,0,0
purpose,0,0,0,0,0,2,0,0,0,0,0
fulfill,0,0,0,0,0,0,0,0,0,1,0
broaden,0,0,0,0,0,0,0,0,0,1,0
achieve,0,0,0,0,0,0,0,0,0,5,0
objective,0,0,0,0,0,5,0,0,0,0,0
corroborate,0,0,0,0,0,0,0,0,0,1,0
enumeration,0,0,0,0,0,1,0,0,0,0,0
mystic,1,0,0,0,0,1,0,0,0,0,0
saint,0,0,0,0,0,1,0,0,0,0,0
diploma,0,0,0,0,0,1,0,0,0,0,0
confer,0,0,0,0,0,0,0,0,0,2,0
qualify,0,0,0,0,0,0,0,0,0,1,0
judicial,1,0,0,0,0,0,0,0,0,0,0
pupil,0,0,0,0,0,1,0,0,0,0,0
outstanding,2,0,0,0,0,0,0,0,0,0,0
authority,0,0,0,0,0,10,0,0,0,0,0
science,0,0,0,0,0,2,0,0,0,0,0
respected,1,0,0,0,0,0,0,0,0,0,0
guest,0,0,0,0,0,1,0,0,0,0,0
purport,0,0,0,0,0,0,0,0,0,1,0
selection,0,0,0,0,0,1,0,0,0,0,0
genuine,6,0,0,0,0,0,0,0,0,0,0
actual,2,0,0,0,0,0,0,0,0,0,0
knight,0,0,0,0,0,3,0,0,0,1,0
narrator,0,0,0,0,0,2,0,0,0,0,0
incapacitated,1,0,0,0,0,0,0,0,0,0,0
arthritic,1,0,0,0,0,0,0,0,0,0,0
gout,0,0,0,0,0,1,0,0,0,0,0
stave,0,0,0,0,0,0,0,0,0,1,0
boredom,0,0,0,0,0,1,0,0,0,0,0
chronicler,0,0,0,0,0,3,0,0,0,0,0
physician,0,0,0,0,0,1,0,0,0,0,0
speculate,0,0,0,0,0,0,0,0,0,1,0
historical,3,0,0,0,0,0,0,0,0,0,0
debunk,0,0,0,0,0,0,0,0,0,1,0
yield,0,0,0,0,0,2,0,0,0,2,0
positive,1,0,0,0,0,0,0,0,0,0,0
conclusion,0,0,0,0,0,1,0,0,0,0,0
certain,3,0,0,0,0,0,0,0,0,0,0
select,0,0,0,0,0,0,0,0,0,2,0
encyclopaedia,0,0,0,0,0,1,0,0,0,0,0
available,1,0,0,0,0,0,0,0,0,0,0
enrich,0,0,0,0,0,0,0,0,0,1,0
itinerary,0,0,0,0,0,3,0,0,0,0,0
cull,0,0,0,0,0,0,0,0,0,1,0
remarkably,0,0,2,0,0,0,0,0,0,0,0
reading,0,0,0,0,0,5,0,0,0,0,0
transform,0,0,0,0,0,0,0,0,0,2,0
enliven,0,0,0,0,0,0,0,0,0,1,0
creative,1,0,0,0,0,0,0,0,0,0,0
darkness,0,0,0,0,0,1,0,0,0,0,0
abode,0,0,0,0,0,1,0,0,0,0,0
lost,1,0,0,0,0,0,0,0,0,0,0
ensue,0,0,0,0,0,0,0,0,0,2,0
truthful,1,0,0,0,0,0,0,0,0,0,0
notwithstanding,0,2,1,0,0,0,0,0,0,0,0
readable,1,0,0,0,0,0,0,0,0,0,0
irresistible,1,0,0,0,0,0,0,0,0,0,0
passion,0,0,0,0,0,2,0,0,0,0,0
soul,0,0,0,0,0,1,0,0,0,0,0
sake,0,0,0,0,0,1,0,0,0,0,0
living,0,0,0,0,0,1,0,0,0,0,0
benefit,0,0,0,0,0,1,0,0,0,1,0
scholarly,1,0,0,0,0,0,0,0,0,0,0
status,0,0,0,0,0,2,0,0,0,0,0
generosity,0,0,0,0,0,4,0,0,0,0,0
benevolence,0,0,0,0,0,1,0,0,0,0,0
sultan,0,0,0,0,0,8,0,0,0,0,0
governor,0,0,0,0,0,10,0,0,0,0,0
dignitary,0,0,0,0,0,2,0,0,0,0,0
income,0,0,0,0,0,1,0,0,0,0,0
wandering,0,0,0,0,0,2,0,0,0,0,0
finish,0,0,0,0,0,0,0,0,0,1,0
less,1,0,0,0,0,0,0,0,0,0,0
devotee,0,0,0,0,0,2,0,0,0,0,0
suit,0,0,0,0,0,0,0,0,0,2,0
temperament,0,0,0,0,0,1,0,0,0,0,0
boat,0,0,0,0,0,1,0,0,0,0,0
retinue,0,0,0,0,0,2,0,0,0,0,0
follower,0,0,0,0,0,2,0,0,0,0,0
mature,0,0,0,0,0,0,0,0,0,1,0
luck,0,0,0,0,0,1,0,0,0,0,0
communication,0,0,0,0,0,1,0,0,0,0,0
choose,0,0,0,0,0,0,0,0,0,6,0
indirect,1,0,0,0,0,0,0,0,0,0,0
crisscross,0,0,0,0,0,0,0,0,0,1,0
petty,1,0,0,0,0,0,0,0,0,0,0
sultanate,0,0,0,0,0,1,0,0,0,0,0
cordially,0,0,1,0,0,0,0,0,0,0,0
generously,0,0,1,0,0,0,0,0,0,0,0
brotherhood,0,0,0,0,0,1,0,0,0,0,0
ākhī,0,0,0,0,0,1,0,0,0,0,0
low,2,0,0,0,0,0,0,0,0,0,0
excursion,0,0,0,0,0,1,0,0,0,0,0
veracity,0,0,0,0,0,2,0,0,0,0,0
minor,5,0,0,0,0,0,0,0,0,0,0
chronological,1,0,0,0,0,0,0,0,0,0,0
discrepancy,0,0,0,0,0,4,0,0,0,0,0
share,0,0,0,0,0,1,0,0,0,1,0
strong,6,0,0,0,0,0,0,0,0,0,0
unbeliever,0,0,0,0,0,1,0,0,0,0,0
tolerant,1,0,0,0,0,0,0,0,0,0,0
happy,1,0,0,0,0,0,0,0,0,0,0
non,2,0,0,0,0,0,0,0,0,0,0
hindu,3,0,0,0,0,0,0,0,0,0,0
pagan,1,0,0,0,0,0,0,0,0,0,0
russian,1,0,0,0,0,0,0,0,0,0,0
scar,0,0,0,0,0,1,0,0,0,0,0
complicated,2,0,0,0,0,0,0,0,0,0,0
dating,0,0,0,0,0,2,0,0,0,0,0
date,0,0,0,0,0,4,0,0,0,1,0
doubtful,2,0,0,0,0,0,0,0,0,0,0
impossible,1,0,0,0,0,0,0,0,0,0,0
train,0,0,0,0,0,1,0,0,0,0,0
attendant,0,0,0,0,0,1,0,0,0,0,0
harem,0,0,0,0,0,1,0,0,0,0,0
concubine,0,0,0,0,0,1,0,0,0,0,0
expectation,0,0,0,0,0,2,0,0,0,0,0
honour,0,0,0,0,0,1,0,0,0,0,0
qāḍī,0,0,0,0,0,0,0,0,0,0,2
sinecure,0,0,0,0,0,1,0,0,0,0,0
attain,0,0,0,0,0,0,0,0,0,3,0
extraordinary,2,0,0,0,0,0,0,0,0,0,0
mixture,0,0,0,0,0,1,0,0,0,0,0
cruelty,0,0,0,0,0,1,0,0,0,0,0
sway,0,0,0,0,0,1,0,0,0,0,0
iron,1,0,0,0,0,2,0,0,0,0,0
indiscriminately,0,0,1,0,0,0,0,0,0,0,0
alike,0,0,1,0,0,0,0,0,0,0,0
glory,0,0,0,0,0,1,0,0,0,0,0
setback,0,0,0,0,0,1,0,0,0,0,0
victim,0,0,0,0,0,2,0,0,0,0,0
suspicious,1,0,0,0,0,0,0,0,0,0,0
despot,0,0,0,0,0,1,0,0,0,0,0
portrait,0,0,0,0,0,3,0,0,0,0,0
unusually,0,0,1,0,0,0,0,0,0,0,0
fine,1,0,0,0,0,0,0,0,0,0,0
psychological,1,0,0,0,0,0,0,0,0,0,0
insight,0,0,0,0,0,2,0,0,0,0,0
mirror,0,0,0,0,0,0,0,0,0,1,0
feeling,0,0,0,0,0,3,0,0,0,0,0
terror,0,0,0,0,0,2,0,0,0,0,0
sympathy,0,0,0,0,0,1,0,0,0,0,0
precaution,0,0,0,0,0,1,0,0,0,0,0
disgrace,0,0,0,0,0,1,0,0,0,0,0
save,0,0,0,0,0,0,0,0,0,3,0
regret,0,0,0,0,0,1,0,0,0,0,0
waylay,0,0,0,0,0,0,0,0,0,1,0
insurgent,0,0,0,0,0,1,0,0,0,0,0
escape,0,0,0,0,0,0,0,0,0,2,0
involved,1,0,0,0,0,0,0,0,0,0,0
shipwreck,0,0,0,0,0,2,0,0,0,1,0
wrath,0,0,0,0,0,1,0,0,0,0,0
active,1,0,0,0,0,0,0,0,0,0,0
marry,0,0,0,0,0,0,0,0,0,11,0
aspire,0,0,0,0,0,0,0,0,0,1,0
situation,0,0,0,0,0,2,0,0,0,0,0
waterway,0,0,0,0,0,1,0,0,0,0,0
chronology,0,0,0,0,0,2,0,0,0,0,0
difficulty,0,0,0,0,0,3,0,0,0,0,0
surmount,0,0,0,0,0,0,0,0,0,1,0
cast,0,0,0,0,0,0,0,0,0,3,0
shadow,0,0,0,0,0,2,0,0,0,0,0
equally,0,0,2,0,0,0,0,0,0,0,0
ravage,0,0,0,0,0,2,0,0,0,0,0
perform,0,0,0,0,0,0,0,0,0,3,0
final,5,0,0,0,0,0,0,0,0,0,0
kingdom,0,0,0,0,0,23,0,0,0,0,0
remnant,0,0,0,0,0,1,0,0,0,0,0
moorish,3,0,0,0,0,0,0,0,0,0,0
unwillingly,0,0,1,0,0,0,0,0,0,0,0
request,0,0,0,0,0,2,0,0,0,0,0
reminiscence,0,0,0,0,0,1,0,0,0,0,0
prose,0,0,0,0,0,1,0,0,0,0,0
ornate,1,0,0,0,0,0,0,0,0,0,0
fragment,0,0,0,0,0,1,0,0,0,0,0
poetry,0,0,0,0,0,1,0,0,0,0,0
estimate,0,0,0,0,0,3,0,0,0,1,0
figure,0,0,0,0,0,4,0,0,0,0,0
surpass,0,0,0,0,0,0,0,0,0,1,0
steam,0,0,0,0,0,1,0,0,0,0,0
adjacent,1,0,0,0,0,0,0,0,0,0,0
scientific,2,0,0,0,0,0,0,0,0,0,0
minimal,1,0,0,0,0,0,0,0,0,0,0
documentary,1,0,0,0,0,0,0,0,0,0,0
last,0,0,0,0,0,0,0,0,0,1,0
vizier,0,0,0,0,0,1,0,0,0,0,0
personally,0,0,3,0,0,0,0,0,0,0,0
tomb,0,0,0,0,0,2,0,0,0,0,0
majority,0,0,0,0,0,3,0,0,0,0,0
identifiable,1,0,0,0,0,0,0,0,0,0,0
independent,1,0,0,0,0,0,0,0,0,0,0
surprisingly,0,0,1,0,0,0,0,0,0,0,0
commonly,0,0,1,0,0,0,0,0,0,0,0
shed,0,0,0,0,0,0,0,0,0,1,0
light,2,0,0,0,0,1,0,0,0,0,0
social,3,0,0,0,0,0,0,0,0,0,0
cultural,2,0,0,0,0,0,0,0,0,0,0
approach,0,0,0,0,0,3,0,0,0,0,0
historiography,0,0,0,0,0,1,0,0,0,0,0
persian,1,0,0,0,0,0,0,0,0,0,0
allege,0,0,0,0,0,0,0,0,0,2,0
grave,2,0,0,0,0,0,0,0,0,0,0
lapse,0,0,0,0,0,1,0,0,0,0,0
intentional,1,0,0,0,0,0,0,0,0,0,0
fabrication,0,0,0,0,0,1,0,0,0,0,0
corroborative,1,0,0,0,0,0,0,0,0,0,0
gradual,1,0,0,0,0,0,0,0,0,0,0
revealing,0,0,0,0,0,1,0,0,0,0,0
reader,0,0,0,0,0,1,0,0,0,0,0
reaction,0,0,0,0,0,1,0,0,0,0,0
average,1,0,0,0,0,0,0,0,0,0,0
class,0,0,0,0,0,1,0,0,0,0,0
deeply,0,0,4,0,0,0,0,0,0,0,0
root,0,0,0,0,0,0,0,0,0,1,0
orthodox,2,0,0,0,0,0,0,0,0,0,0
like,0,2,0,0,0,0,0,0,0,1,0
oscillate,0,0,0,0,0,0,0,0,0,1,0
legislative,1,0,0,0,0,0,0,0,0,0,0
formalism,0,0,0,0,0,1,0,0,0,0,0
adherence,0,0,0,0,0,1,0,0,0,0,0
combine,0,0,0,0,0,0,0,0,0,2,0
philosophy,0,0,0,0,0,1,0,0,0,0,0
posterity,0,0,0,0,0,1,0,0,0,0,0
picture,0,0,0,0,0,6,0,0,0,0,0
foreign,2,0,0,0,0,0,0,0,0,0,0
southernmost,3,0,0,0,0,0,0,0,0,0,0
presence,0,0,0,0,0,3,0,0,0,0,0
outflooding,1,0,0,0,0,0,0,0,0,0,0
westernmost,1,0,0,0,0,0,0,0,0,0,0
headland,0,0,0,0,0,1,0,0,0,0,0
fragrant,1,0,0,0,0,0,0,0,0,0,0
vegetation,0,0,0,0,0,2,0,0,0,0,0
crew,0,0,0,0,0,14,0,0,0,1,0
repulse,0,0,0,0,0,0,0,0,0,1,0
vessel,0,0,0,0,0,10,0,0,0,0,0
spell,0,0,0,0,0,0,0,0,0,7,0
nobleman,0,0,0,0,0,4,0,0,0,0,0
ascend,0,0,0,0,0,0,0,0,0,2,0
uninhabited,1,0,0,0,0,0,0,0,0,0,0
senegambian,1,0,0,0,0,0,0,0,0,0,0
ethnography,0,0,0,0,0,1,0,0,0,0,0
slavery,0,0,0,0,0,1,0,0,0,0,0
credit,0,0,0,0,0,3,0,0,0,2,0
portolan,1,0,0,0,0,0,0,0,0,0,0
overlordship,0,0,0,0,0,1,0,0,0,0,0
upstream,0,0,1,0,0,0,0,0,0,0,0
inhabitant,0,0,0,0,0,5,0,0,0,0,0
willing,1,0,0,0,0,0,0,0,0,0,0
ennoble,0,0,0,0,0,0,0,0,0,3,0
annuity,0,0,0,0,0,1,0,0,0,0,0
authorize,0,0,0,0,0,0,0,0,0,2,0
coat,0,0,0,0,0,2,0,0,0,0,0
arm,0,0,0,0,0,5,0,0,0,0,0
boy,0,0,0,0,0,3,0,0,0,0,0
duke,0,0,0,0,0,4,0,0,0,0,0
junior,1,0,0,0,0,0,0,0,0,0,0
squire,0,0,0,0,0,5,0,0,0,0,0
castilian,9,0,0,0,0,0,0,0,0,0,0
proclaim,0,0,0,0,0,0,0,0,0,3,0
escort,0,0,0,0,0,0,0,0,0,1,0
fruitless,3,0,0,0,0,0,0,0,0,0,0
guard,0,0,0,0,0,1,0,0,0,1,0
confidential,1,0,0,0,0,0,0,0,0,0,0
messenger,0,0,0,0,0,3,0,0,0,0,0
guise,0,0,0,0,0,2,0,0,0,0,0
buy,0,0,0,0,0,0,0,0,0,5,0
profit,0,0,0,0,0,3,0,0,0,1,0
contact,0,0,0,0,0,2,0,0,0,1,0
semimythical,1,0,0,0,0,0,0,0,0,0,0
belief,0,0,0,0,0,5,0,0,0,0,0
unfounded,2,0,0,0,0,0,0,0,0,0,0
pursue,0,0,0,0,0,0,0,0,0,2,0
banker,0,0,0,0,0,3,0,0,0,0,0
honey,0,0,0,0,0,1,0,0,0,0,0
ware,0,0,0,0,0,1,0,0,0,0,0
seize,0,0,0,0,0,0,0,0,0,4,0
news,0,0,0,0,0,6,0,0,0,0,0
instruct,0,0,0,0,0,0,0,0,0,2,0
disguise,0,0,0,0,0,0,0,0,0,1,0
destine,0,0,0,0,0,0,0,0,0,1,0
rest,0,0,0,0,0,4,0,0,0,2,0
abyssinian,2,0,0,0,0,0,0,0,0,0,0
regent,0,0,0,0,0,4,0,0,0,0,0
robust,1,0,0,0,0,0,0,0,0,0,0
guide,0,0,0,0,0,1,0,0,0,1,0
educate,0,0,0,0,0,0,0,0,0,4,0
monument,0,0,0,0,0,1,0,0,0,0,0
charge,0,0,0,0,0,8,0,0,0,2,0
panoramic,1,0,0,0,0,0,0,0,0,0,0
suppose,0,0,0,0,0,0,0,0,0,6,0
descent,0,0,0,0,0,1,0,0,0,0,0
pilot,0,0,0,0,0,11,0,0,0,0,0
unproved,2,0,0,0,0,0,0,0,0,0,0
modest,1,0,0,0,0,0,0,0,0,0,0
household,0,0,0,0,0,4,0,0,0,0,0
entrust,0,0,0,0,0,0,0,0,0,4,0
supervision,0,0,0,0,0,2,0,0,0,0,0
shipping,0,0,0,0,0,3,0,0,0,0,0
accession,0,0,0,0,0,2,0,0,0,0,0
limit,0,0,0,0,0,2,0,0,0,2,0
padrõe,0,0,0,0,0,1,0,0,0,0,0
stake,0,0,0,0,0,0,0,0,0,1,0
crown,0,0,0,0,0,14,0,0,0,1,0
marker,0,0,0,0,0,5,0,0,0,0,0
disappoint,0,0,0,0,0,0,0,0,0,1,0
rumour,0,0,0,0,0,2,0,0,0,0,0
locate,0,0,0,0,0,0,0,0,0,2,0
consist,0,0,0,0,0,0,0,0,0,5,0
associate,0,0,0,0,0,1,0,0,0,2,0
departure,0,0,0,0,0,2,0,0,0,0,0
spot,0,0,0,0,0,2,0,0,0,1,0
feast,0,0,0,0,0,1,0,0,0,0,0
black,1,0,0,0,0,0,0,0,0,0,0
unable,3,0,0,0,0,0,0,0,0,0,0
flee,0,0,0,0,0,0,0,0,0,1,0
unanimously,0,0,1,0,0,0,0,0,0,0,0
face,0,0,0,0,0,1,0,0,0,1,0
attribute,0,0,0,0,0,0,0,0,0,4,0
fortify,0,0,0,0,0,0,0,0,0,3,0
retrieve,0,0,0,0,0,0,0,0,0,1,0
genoese,5,0,0,0,0,0,0,0,0,0,0
suited,1,0,0,0,0,0,0,0,0,0,0
substantial,2,0,0,0,0,0,0,0,0,0,0
provision,0,0,0,0,0,6,0,0,0,0,0
replica,0,0,0,0,0,1,0,0,0,0,0
supersede,0,0,0,0,0,0,0,0,0,1,0
mast,0,0,0,0,0,4,0,0,0,0,0
ordinarily,0,0,1,0,0,0,0,0,0,0,0
equipped,1,0,0,0,0,0,0,0,0,0,0
triangular,1,0,0,0,0,0,0,0,0,0,0
lateen,0,0,0,0,0,2,0,0,0,0,0
occasionally,0,0,2,0,0,0,0,0,0,0,0
square,3,0,0,0,0,0,0,0,0,0,0
rigged,1,0,0,0,0,0,0,0,0,0,0
excellence,0,0,0,0,0,1,0,0,0,0,0
windward,0,0,1,0,0,0,0,0,0,0,0
remarkable,4,0,0,0,0,0,0,0,0,0,0
historic,1,0,0,0,0,0,0,0,0,0,0
undergo,0,0,0,0,0,0,0,0,0,1,0
beamed,1,0,0,0,0,0,0,0,0,0,0
ton,0,0,0,0,0,5,0,0,0,0,0
burden,0,0,0,0,0,1,0,0,0,0,0
metre,0,0,0,0,0,4,0,0,0,0,0
pole,0,0,0,0,0,3,0,0,0,0,0
rig,0,0,0,0,0,0,0,0,0,1,0
stern,0,0,0,0,0,1,0,0,0,0,0
aftercastle,0,0,0,0,0,1,0,0,0,0,0
sterncastle,0,0,0,0,0,1,0,0,0,0,0
single,1,0,0,0,0,0,0,0,0,0,0
forecastle,0,0,0,0,0,1,0,0,0,0,0
galleon,0,0,0,0,0,1,0,0,0,0,0
nao,0,0,0,0,0,0,0,0,0,0,1
carrack,0,0,0,0,0,1,0,0,0,0,0
rigging,0,0,0,0,0,1,0,0,0,0,0
heavy,1,0,0,0,0,0,0,0,0,0,0
cope,0,0,0,0,0,0,0,0,0,1,0
reception,0,0,0,0,0,2,0,0,0,0,0
pende,0,0,0,0,0,0,0,0,0,1,0
grandson,0,0,0,0,0,3,0,0,0,0,0
founder,0,0,0,0,0,2,0,0,0,1,0
conde,0,0,0,0,0,0,0,0,0,0,1
provincial,1,0,0,0,0,0,0,0,0,0,0
fortress,0,0,0,0,0,5,0,0,0,0,0
retaliation,0,0,0,0,0,1,0,0,0,0,0
peacetime,0,0,0,0,0,1,0,0,0,0,0
depredation,0,0,0,0,0,1,0,0,0,0,0
task,0,0,0,0,0,3,0,0,0,0,0
rapidly,0,0,2,0,0,0,0,0,0,0,0
effectively,0,0,4,0,0,0,0,0,0,0,0
balance,0,0,0,0,0,1,0,0,0,0,0
faction,0,0,0,0,0,2,0,0,0,0,0
shift,0,0,0,0,0,1,0,0,0,2,0
simultaneously,0,0,1,0,0,0,0,0,0,0,0
outflank,0,0,0,0,0,0,0,0,0,1,0
hitherto,0,0,1,0,0,0,0,0,0,0,0
relevant,1,0,0,0,0,0,0,0,0,0,0
medium,2,0,0,0,0,0,0,0,0,0,0
sized,1,0,0,0,0,0,0,0,0,0,0
masted,1,0,0,0,0,0,0,0,0,0,0
storeship,0,0,0,0,0,2,0,0,0,0,0
arabic,2,0,0,0,0,0,0,0,0,0,0
speaker,0,0,0,0,0,1,0,0,0,0,0
padrões,0,0,0,0,0,0,0,0,0,0,1
unfavourable,1,0,0,0,0,0,0,0,0,0,0
adverse,2,0,0,0,0,0,0,0,0,0,0
rounding,0,0,0,0,0,2,0,0,0,0,0
padrão,0,0,0,0,0,2,0,0,0,0,3
dos,0,1,0,0,0,0,0,0,0,0,0
sick,1,0,0,0,0,0,0,0,0,0,0
repair,0,0,0,0,0,0,0,0,0,1,0
interior,0,0,0,0,0,2,0,0,0,0,0
coastal,1,0,0,0,0,0,0,0,0,0,0
drop,0,0,0,0,0,0,0,0,0,1,0
gujarati,1,0,0,0,0,0,0,0,0,0,0
southwest,1,0,2,0,0,0,0,0,0,0,0
aboard,0,2,1,0,0,0,0,0,0,0,0
centre,0,0,0,0,0,3,0,0,0,0,0
insignificant,1,0,0,0,0,0,0,0,0,0,0
rude,1,0,0,0,0,0,0,0,0,0,0
behaviour,0,0,0,0,0,2,0,0,0,0,0
conclude,0,0,0,0,0,0,0,0,0,3,0
treaty,0,0,0,0,0,4,0,0,0,0,0
hostility,0,0,0,0,0,2,0,0,0,0,0
trumpery,1,0,0,0,0,0,0,0,0,0,0
cheap,1,0,0,0,0,0,0,0,0,0,0
mistakenly,0,0,2,0,0,0,0,0,0,0,0
feudal,1,0,0,0,0,0,0,0,0,0,0
leader,0,0,0,0,0,2,0,0,0,0,0
ignorance,0,0,0,0,0,1,0,0,0,0,0
indifference,0,0,0,0,0,1,0,0,0,0,0
flagship,0,0,0,0,0,2,0,0,0,0,0
triumphal,1,0,0,0,0,0,0,0,0,0,0
interval,0,0,0,0,0,1,0,0,0,0,0
mourn,0,0,0,0,0,0,0,0,0,1,0
dom,0,0,0,0,0,1,0,0,0,0,0
annual,1,0,0,0,0,0,0,0,0,0,0
pension,0,0,0,0,0,3,0,0,0,1,0
cruzado,0,0,0,0,0,3,0,0,0,0,0
estate,0,0,0,0,0,3,0,0,0,0,0
admiral,0,0,0,0,0,20,0,0,0,0,0
flotilla,0,0,0,0,0,2,0,0,0,0,0
amīr,0,0,0,0,0,1,0,0,0,0,0
unfriendly,1,0,0,0,0,0,0,0,0,0,0
threaten,0,0,0,0,0,0,0,0,0,3,0
submit,0,0,0,0,0,0,0,0,0,2,0
swear,0,0,0,0,0,0,0,0,0,2,0
loyalty,0,0,0,0,0,2,0,0,0,0,0
focus,0,0,0,0,0,2,0,0,0,0,0
wait,0,0,0,0,0,1,0,0,0,1,0
merchandise,0,0,0,0,0,2,0,0,0,0,0
passenger,0,0,0,0,0,2,0,0,0,0,0
woman,0,0,0,0,0,3,0,0,0,0,0
child,0,0,0,0,0,6,0,0,0,0,0
shut,0,0,0,0,0,0,0,0,0,1,0
capture,0,0,0,0,0,3,0,0,0,4,0
afire,0,0,1,0,0,0,0,0,0,0,0
consequence,0,0,0,0,0,2,0,0,0,0,0
vilify,0,0,0,0,0,0,0,0,0,1,0
method,0,0,0,0,0,4,0,0,0,0,0
unreliable,1,0,0,0,0,0,0,0,0,0,0
enemy,0,0,0,0,0,5,0,0,0,0,0
wreck,0,0,0,0,0,0,0,0,0,4,0
punish,0,0,0,0,0,0,0,0,0,1,0
bombard,0,0,0,0,0,0,0,0,0,2,0
massacre,0,0,0,0,0,1,0,0,0,1,0
hostage,0,0,0,0,0,2,0,0,0,0,0
entrap,0,0,0,0,0,0,0,0,0,1,0
fight,0,0,0,0,0,2,0,0,0,3,0
flight,0,0,0,0,0,1,0,0,0,0,0
stage,0,0,0,0,0,2,0,0,0,0,0
obscurity,0,0,0,0,0,1,0,0,0,0,0
seemingly,0,0,1,0,0,0,0,0,0,0,0
inadequately,0,0,1,0,0,0,0,0,0,0,0
recompense,0,0,0,0,0,0,0,0,0,1,0
pain,0,0,0,0,0,1,0,0,0,0,0
ownership,0,0,0,0,0,1,0,0,0,0,0
lady,0,0,0,0,0,1,0,0,0,0,0
retire,0,0,0,0,0,0,0,0,0,2,0
additional,2,0,0,0,0,0,0,0,0,0,0
privilege,0,0,0,0,0,3,0,0,0,0,0
advise,0,0,0,0,0,0,0,0,0,2,0
count,0,0,0,0,0,1,0,0,0,0,0
nominate,0,0,0,0,0,0,0,0,0,1,0
viceroy,0,0,0,0,0,4,0,0,0,0,0
correct,0,0,0,0,0,0,0,0,0,1,0
abuse,0,0,0,0,0,1,0,0,0,0,0
creep,0,0,0,0,0,0,0,0,0,1,0
predecessor,0,0,0,0,0,3,0,0,0,0,0
overwork,0,0,0,0,0,1,0,0,0,0,0
discoverer,0,0,0,0,0,3,0,0,0,0,0
heir,0,0,0,0,0,8,0,0,0,0,0
esteem,0,0,0,0,0,1,0,0,0,0,0
allowance,0,0,0,0,0,2,0,0,0,0,0
counselor,0,0,0,0,0,1,0,0,0,0,0
highness,0,0,0,0,0,4,0,0,0,0,0
habit,0,0,0,0,0,2,0,0,0,0,0
express,0,0,0,0,0,0,0,0,0,2,0
confidence,0,0,0,0,0,4,0,0,0,0,0
strengthen,0,0,0,0,0,0,0,0,0,3,0
tie,0,0,0,0,0,1,0,0,0,0,0
accordance,0,0,0,0,0,3,0,0,0,0,0
bypass,0,0,0,0,0,0,0,0,0,1,0
becalmed,1,0,0,0,0,0,0,0,0,0,0
reconnoitre,0,0,0,0,0,0,0,0,0,1,0
previously,0,0,4,0,0,0,0,0,0,0,0
belong,0,0,0,0,0,0,0,0,0,3,0
favourable,2,0,0,0,0,0,0,0,0,0,0
dyewood,0,0,0,0,0,1,0,0,0,0,0
pau,0,0,0,0,0,0,0,0,0,0,1
brasil,0,0,0,0,0,0,0,0,0,0,1
special,1,0,0,0,0,0,0,0,0,0,0
kindly,0,0,1,0,0,0,0,0,0,0,0
possession,0,0,0,0,0,3,0,0,0,0,0
inform,0,0,0,0,0,0,0,0,0,1,0
henceforth,0,0,2,0,0,0,0,0,0,0,0
expanse,0,0,0,0,0,1,0,0,0,0,0
vaguely,0,0,1,0,0,0,0,0,0,0,0
define,0,0,0,0,0,0,0,0,0,2,0
plague,0,0,0,0,0,1,0,0,0,1,0
series,0,0,0,0,0,8,0,0,0,0,0
zamorin,0,0,0,0,0,0,0,0,0,0,1
defender,0,0,0,0,0,1,0,0,0,0,0
reinforcement,0,0,0,0,0,2,0,0,0,0,0
harbour,0,0,0,0,0,4,0,0,0,0,0
retaliate,0,0,0,0,0,0,0,0,0,1,0
execute,0,0,0,0,0,0,0,0,0,2,0
affably,0,0,1,0,0,0,0,0,0,0,0
pleased,1,0,0,0,0,0,0,0,0,0,0
outcome,0,0,0,0,0,1,0,0,0,0,0
undertaking,0,0,0,0,0,2,0,0,0,0,0
beset,0,0,0,0,0,0,0,0,0,1,0
differ,0,0,0,0,0,0,0,0,0,1,0
heart,0,0,0,0,0,1,0,0,0,0,0
disagreement,0,0,0,0,0,1,0,0,0,0,0
division,0,0,0,0,0,3,0,1,0,0,0
explanation,0,0,0,0,0,3,0,0,0,0,0
oppose,0,0,0,0,0,0,0,0,0,3,0
appointment,0,0,0,0,0,5,0,0,0,0,0
disaster,0,0,0,0,0,4,0,0,0,0,0
disqualify,0,0,0,0,0,0,0,0,0,1,0
brazilian,1,0,0,0,0,0,0,0,0,0,0
master,0,0,0,0,0,9,0,0,0,0,0
transatlantic,2,0,0,0,0,0,0,0,0,0,0
exploitation,0,0,0,0,0,2,0,0,0,0,0
sponsorship,0,0,0,0,0,5,0,0,0,0,0
ambition,0,0,0,0,0,4,0,0,0,0,0
gratify,0,0,0,0,0,0,0,0,0,1,0
award,0,0,0,0,0,0,0,0,0,2,0
enrol,0,0,0,0,0,0,0,0,0,1,0
testament,0,0,0,0,0,2,0,0,0,0,0
archival,1,0,0,0,0,0,0,0,0,0,0
wool,0,0,0,0,0,1,0,0,0,0,0
worker,0,0,0,0,0,2,0,0,0,0,0
marine,0,0,0,0,0,2,0,0,0,0,0
principally,0,0,1,0,0,0,0,0,0,0,0
seagoing,0,0,0,0,0,1,0,0,0,0,0
entrepreneur,0,0,0,0,0,1,0,0,0,0,0
sugar,0,0,0,0,0,2,0,0,0,0,0
agent,0,0,0,0,0,3,0,0,0,0,0
firm,1,0,0,0,0,2,0,0,0,0,0
impoverished,1,0,0,0,0,0,0,0,0,0,0
tropical,1,0,0,0,0,0,0,0,0,0,0
mistress,0,0,0,0,0,1,0,0,0,0,0
crossing,0,0,0,0,0,7,0,0,0,0,0
deny,0,0,0,0,0,0,0,0,0,1,0
conspiracy,0,0,0,0,0,2,0,0,0,0,0
theorist,0,0,0,0,0,1,0,0,0,0,0
secret,1,0,0,0,0,0,0,0,0,0,0
pact,0,0,0,0,0,1,0,0,0,0,0
patronage,0,0,0,0,0,3,0,0,0,0,0
intervention,0,0,0,0,0,2,0,0,0,0,0
treasurer,0,0,0,0,0,1,0,0,0,0,0
queen,0,0,0,0,0,13,0,0,0,0,0
confessor,0,0,0,0,0,1,0,0,0,0,0
procure,0,0,0,0,0,0,0,0,0,1,0
crucial,2,0,0,0,0,0,0,0,0,0,0
audience,0,0,0,0,0,4,0,0,0,0,0
anti,2,0,0,0,0,0,0,0,0,0,0
fervour,0,0,0,0,0,1,0,0,0,0,0
lust,0,0,0,0,0,1,0,0,0,0,0
herb,0,0,0,0,0,1,0,0,0,0,0
cooking,0,0,0,0,0,1,0,0,0,0,0
medicine,0,0,0,0,0,1,0,0,0,0,0
explosion,0,0,0,0,0,1,0,0,0,0,0
energy,0,0,0,0,0,1,0,0,0,0,0
launch,0,0,0,0,0,0,0,0,0,2,0
stronghold,0,0,0,0,0,3,0,0,0,0,0
recall,0,0,0,0,0,0,0,0,0,1,0
vital,1,0,0,0,0,0,0,0,0,0,0
euphoria,0,0,0,0,0,1,0,0,0,0,0
albeit,0,0,0,0,0,0,0,0,1,0,0
direct,2,0,0,0,0,0,0,0,0,6,0
assault,0,0,0,0,0,1,0,0,0,0,0
strength,0,0,0,0,0,2,0,0,0,0,0
pace,0,0,0,0,0,2,0,0,0,0,0
monarchy,0,0,0,0,0,2,0,0,0,0,0
preface,0,0,0,0,0,0,0,0,0,1,0
vividly,0,0,1,0,0,0,0,0,0,0,0
evoke,0,0,0,0,0,0,0,0,0,1,0
infidel,0,0,0,0,0,3,0,0,0,0,0
victory,0,0,0,0,0,4,0,0,0,0,0
gate,0,0,0,0,0,1,0,0,0,0,0
thought,0,0,0,0,0,2,0,0,0,0,0
manner,0,0,0,0,0,3,0,0,0,0,0
holy,2,0,0,0,0,0,0,0,0,0,0
ordain,0,0,0,0,0,0,0,0,0,2,0
lordship,0,0,0,0,0,1,0,0,0,0,0
don,0,0,0,0,0,0,0,0,0,1,0
perpetual,1,0,0,0,0,0,0,0,0,0,0
forever,0,0,1,0,0,0,0,0,0,0,0
essence,0,0,0,0,0,1,0,0,0,0,0
fabled,2,0,0,0,0,0,0,0,0,0,0
presume,0,0,0,0,0,0,0,0,0,1,0
humble,1,0,0,0,0,0,0,0,0,0,0
accumulate,0,0,0,0,0,0,0,0,0,1,0
exalted,2,0,0,0,0,0,0,0,0,0,0
papacy,0,0,0,0,0,3,0,0,0,0,0
elevated,1,0,0,0,0,0,0,0,0,0,0
eventual,1,0,0,0,0,0,0,0,0,0,0
prophesy,0,0,0,0,0,0,0,0,0,1,0
eschatological,1,0,0,0,0,0,0,0,0,0,0
vision,0,0,0,0,0,1,0,0,0,0,0
recapture,0,0,0,0,0,0,0,0,0,1,0
install,0,0,0,0,0,0,0,0,0,2,0
precondition,0,0,0,0,0,1,0,0,0,0,0
defeat,0,0,0,0,0,2,0,0,0,2,0
race,0,0,0,0,0,1,0,0,0,0,0
crusade,0,0,0,0,0,2,0,0,0,1,0
reinforce,0,0,0,0,0,0,0,0,0,2,0
coordinate,0,0,0,0,0,0,0,0,0,2,0
offensive,0,0,0,0,0,1,0,0,0,0,0
descendant,0,0,0,0,0,1,0,0,0,0,0
address,0,0,0,0,0,0,0,0,0,2,0
press,0,0,0,0,0,0,0,0,0,5,0
easterly,2,0,0,0,0,0,0,0,0,0,0
genius,0,0,0,0,0,1,0,0,0,0,0
northwest,1,0,0,0,0,0,0,0,0,0,0
westerly,0,0,0,0,0,3,0,0,0,0,0
previous,3,0,0,0,0,0,0,0,0,0,0
pick,0,0,0,0,0,0,0,0,0,1,0
supposedly,0,0,1,0,0,0,0,0,0,0,0
float,0,0,0,0,0,0,0,0,0,1,0
bird,0,0,0,0,0,1,0,0,0,0,0
patience,0,0,0,0,0,1,0,0,0,0,0
complain,0,0,0,0,0,0,0,0,0,1,0
failure,0,0,0,0,0,4,0,0,0,0,0
contrary,2,0,0,0,0,1,0,0,0,0,0
shortage,0,0,0,0,0,2,0,0,0,0,0
allay,0,0,0,0,0,0,0,0,0,1,0
temporarily,0,0,2,0,0,0,0,0,0,0,0
caribbean,4,0,0,0,0,0,0,0,0,0,0
hotly,0,0,1,0,0,0,0,0,0,0,0
prefer,0,0,0,0,0,0,0,0,0,4,0
bahamian,1,0,0,0,0,0,0,0,0,0,0
banner,0,0,0,0,0,1,0,0,0,0,0
anxious,1,0,0,0,0,0,0,0,0,0,0
southeastward,0,0,1,0,0,0,0,0,0,0,0
sole,3,0,0,0,0,0,0,0,0,0,0
soil,0,0,0,0,0,1,0,0,0,0,0
walk,0,0,0,0,0,0,0,0,0,1,0
purportedly,0,0,1,0,0,0,0,0,0,0,0
legendarily,0,0,1,0,0,0,0,0,0,0,0
isle,0,0,0,0,0,1,0,0,0,0,0
triennial,1,0,0,0,0,0,0,0,0,0,0
gem,0,0,0,0,0,2,0,0,0,0,0
alternatively,0,0,1,0,0,0,0,0,0,0,0
biblical,4,0,0,0,0,0,0,0,0,0,0
prosperity,0,0,0,0,0,1,0,0,0,0,0
ridicule,0,0,0,0,0,1,0,0,0,0,0
cacique,0,0,0,0,0,1,0,0,0,0,0
stockade,0,0,0,0,0,2,0,0,0,0,0
accidental,1,0,0,0,0,0,0,0,0,0,0
running,0,0,0,0,0,1,0,0,0,0,0
aground,0,0,1,0,0,0,0,0,0,0,0
plank,0,0,0,0,0,1,0,0,0,0,0
garrison,0,0,0,0,0,2,0,0,0,0,0
nightmare,0,0,0,0,0,1,0,0,0,0,0
terrible,1,0,0,0,0,0,0,0,0,0,0
engulf,0,0,0,0,0,0,0,0,0,1,0
thanksgiving,0,0,0,0,0,1,0,0,0,0,0
freedom,0,0,0,0,0,1,0,0,0,0,0
stormbound,1,0,0,0,0,0,0,0,0,0,0
damage,0,0,0,0,0,0,0,0,0,2,0
limp,0,0,0,0,0,0,0,0,0,2,0
oblige,0,0,0,0,0,0,0,0,0,5,0
interview,0,0,0,0,0,0,0,0,0,1,0
suspicion,0,0,0,0,0,1,0,0,0,0,0
collaborate,0,0,0,0,0,0,0,0,0,2,0
damaging,2,0,0,0,0,0,0,0,0,0,0
mystical,3,0,0,0,0,0,0,0,0,0,0
aspiration,0,0,0,0,0,3,0,0,0,0,0
incompatible,1,0,0,0,0,0,0,0,0,0,0
reality,0,0,0,0,0,1,0,0,0,0,0
competition,0,0,0,0,0,1,0,0,0,0,0
openly,0,0,3,0,0,0,0,0,0,0,0
incapable,1,0,0,0,0,0,0,0,0,0,0
bridge,0,0,0,0,0,0,0,0,0,1,0
mode,0,0,0,0,0,1,0,0,0,0,0
sanctification,0,0,0,0,0,1,0,0,0,0,0
autocratic,1,0,0,0,0,0,0,0,0,0,0
leadership,0,0,0,0,0,1,0,0,0,0,0
accomplish,0,0,0,0,0,0,0,0,0,5,0
looting,0,0,0,0,0,1,0,0,0,0,0
kidnapping,0,0,0,0,0,1,0,0,0,0,0
violent,1,0,0,0,0,0,0,0,0,0,0
excess,0,0,0,0,0,1,0,0,0,0,0
blunt,0,0,0,0,0,0,0,0,0,1,0
ability,0,0,0,0,0,2,0,0,0,0,0
retain,0,0,0,0,0,0,0,0,0,3,0
moral,1,0,0,0,0,0,0,0,0,0,0
divinely,0,0,2,0,0,0,0,0,0,0,0
latent,1,0,0,0,0,0,0,0,0,0,0
rejoin,0,0,0,0,0,0,0,0,0,1,0
separately,0,0,1,0,0,0,0,0,0,0,0
parrot,0,0,0,0,0,2,0,0,0,0,0
display,0,0,0,0,0,1,0,0,0,2,0
rapid,1,0,0,0,0,0,0,0,0,0,0
evangelization,0,0,0,0,0,1,0,0,0,0,0
salaried,1,0,0,0,0,0,0,0,0,0,0
private,5,0,0,0,0,0,0,0,0,0,0
investor,0,0,0,0,0,1,0,0,0,0,0
troop,0,0,0,0,0,1,0,0,0,0,0
cavalry,0,0,0,0,0,1,0,0,0,0,0
anticipation,0,0,0,0,0,1,0,0,0,0,0
southerly,1,0,0,0,0,0,0,0,0,0,0
impress,0,0,0,0,0,0,0,0,0,2,0
unerring,1,0,0,0,0,0,0,0,0,0,0
remark,0,0,0,0,0,0,0,0,0,1,0
shock,0,0,0,0,0,0,0,0,0,1,0
destroy,0,0,0,0,0,0,0,0,0,1,0
resistance,0,0,0,0,0,2,0,0,0,0,0
complaint,0,0,0,0,0,2,0,0,0,0,0
government,0,0,0,0,0,5,0,0,0,0,0
revenge,0,0,0,0,0,1,0,0,0,0,0
cuban,1,0,0,0,0,0,0,0,0,0,0
spoil,0,0,0,0,0,2,0,0,0,0,0
settler,0,0,0,0,0,1,0,0,0,0,0
declaration,0,0,0,0,0,1,0,0,0,0,0
following,1,0,0,0,0,0,0,0,0,0,0
devastation,0,0,0,0,0,1,0,0,0,0,0
objection,0,0,0,0,0,1,0,0,0,0,0
harsh,1,0,0,0,0,0,0,0,0,0,0
investment,0,0,0,0,0,3,0,0,0,0,0
threat,0,0,0,0,0,2,0,0,0,0,0
conveniently,0,0,1,0,0,0,0,0,0,0,0
league,0,0,0,0,0,4,0,0,0,0,0
undiscovered,2,0,0,0,0,0,0,0,0,0,0
antipodean,2,0,0,0,0,0,0,0,0,0,0
cautious,1,0,0,0,0,0,0,0,0,0,0
prize,0,0,0,0,0,3,0,0,0,0,0
sponsor,0,0,0,0,0,3,0,0,0,1,0
exist,0,0,0,0,0,0,0,0,0,2,0
compass,0,0,0,0,0,1,0,0,0,0,0
variation,0,0,0,0,0,2,0,0,0,0,0
surface,0,0,0,0,0,1,0,0,0,0,0
magnetic,1,0,0,0,0,0,0,0,0,0,0
leg,0,0,0,0,0,2,0,0,0,0,0
misunderstand,0,0,0,0,0,0,0,0,0,1,0
diurnal,1,0,0,0,0,0,0,0,0,0,0
rotation,0,0,0,0,0,2,0,0,0,0,0
polestar,0,0,0,0,0,2,0,0,0,0,0
invoke,0,0,0,0,0,0,0,0,0,1,0
delta,0,0,0,0,0,1,0,0,0,0,0
torrent,0,0,0,0,0,1,0,0,0,0,0
fresh,6,0,0,0,0,0,0,0,0,0,0
mine,0,0,0,0,0,1,0,0,0,0,0
immigrant,0,0,0,0,0,1,0,0,0,0,0
resent,0,0,0,0,0,0,0,0,0,1,0
rebellion,0,0,0,0,0,1,0,0,0,0,0
mayor,0,0,0,0,0,2,0,0,0,0,0
appeal,0,0,0,0,0,1,0,0,0,0,0
restore,0,0,0,0,0,0,0,0,0,4,0
hanging,0,0,0,0,0,1,0,0,0,0,0
justice,0,0,0,0,0,1,0,0,0,0,0
colony,0,0,0,0,0,4,0,0,0,0,0
exactly,0,0,1,0,0,0,0,0,0,0,0
trouble,0,0,0,0,0,1,0,0,0,0,0
sickness,0,0,0,0,0,1,0,0,0,0,0
poor,4,0,0,0,0,0,0,0,0,0,0
provisioning,0,0,0,0,0,1,0,0,0,0,0
recalcitrant,1,0,0,0,0,0,0,0,0,0,0
undisciplined,1,0,0,0,0,0,0,0,0,0,0
hidalgos,0,0,0,0,0,0,0,0,0,0,1
gentry,0,0,0,0,0,1,0,0,0,0,0
intensify,0,0,0,0,0,0,0,0,0,1,0
responsible,3,0,0,0,0,0,0,0,0,0,0
intent,1,0,0,0,0,0,0,0,0,0,0
enslave,0,0,0,0,0,0,0,0,0,1,0
loose,1,0,0,0,0,0,0,0,0,0,0
capita,0,0,0,0,0,0,0,0,0,0,1
basis,0,0,0,0,0,4,0,0,0,0,0
adelantado,0,0,0,0,0,0,0,0,0,0,1
replace,0,0,0,0,0,0,0,0,0,3,0
dissent,0,0,0,0,0,1,0,0,0,0,0
unfavoured,1,0,0,0,0,0,0,0,0,0,0
indigenous,3,0,0,0,0,0,0,0,0,0,0
clap,0,0,0,0,0,0,0,0,0,1,0
promptly,0,0,1,0,0,0,0,0,0,0,0
shackle,0,0,0,0,0,1,0,0,0,0,0
deck,0,0,0,0,0,1,0,0,0,0,0
expulsion,0,0,0,0,0,4,0,0,0,0,0
compose,0,0,0,0,0,0,0,0,0,2,0
informative,1,0,0,0,0,0,0,0,0,0,0
quality,0,0,0,0,0,2,0,0,0,0,0
humiliation,0,0,0,0,0,2,0,0,0,0,0
remove,0,0,0,0,0,0,0,0,0,2,0
severely,0,0,1,0,0,0,0,0,0,0,0
sleeplessness,0,0,0,0,0,1,0,0,0,0,0
eyestrain,0,0,0,0,0,1,0,0,0,0,0
rheumatoid,1,0,0,0,0,0,0,0,0,0,0
arthritis,0,0,0,0,0,1,0,0,0,0,0
hasten,0,0,0,0,0,0,0,0,0,3,0
genuinely,0,0,2,0,0,0,0,0,0,0,0
absolute,1,0,0,0,0,0,0,0,0,0,0
sense,0,0,0,0,0,4,0,0,0,0,0
outer,2,0,0,0,0,0,0,0,0,0,0
climb,0,0,0,0,0,0,0,0,0,1,0
mild,1,0,0,0,0,0,0,0,0,0,0
mount,0,0,0,0,0,0,0,0,0,3,0
temperate,2,0,0,0,0,0,0,0,0,0,0
sure,2,0,0,0,0,0,0,0,0,0,0
interpret,0,0,0,0,0,0,0,0,0,3,0
term,0,0,0,0,0,5,0,0,0,0,0
classical,2,0,0,0,0,0,0,0,0,0,0
comprehensible,1,0,0,0,0,0,0,0,0,0,0
desperate,1,0,0,0,0,0,0,0,0,0,0
release,0,0,0,0,0,1,0,0,0,1,0
unexcelled,1,0,0,0,0,0,0,0,0,0,0
unsatisfactory,1,0,0,0,0,0,0,0,0,0,0
governorship,0,0,0,0,0,1,0,0,0,0,0
importunate,1,0,0,0,0,0,0,0,0,0,0
profiteer,0,0,0,0,0,1,0,0,0,0,0
meantime,0,0,1,0,0,1,0,0,0,0,0
license,0,0,0,0,0,1,0,0,0,2,0
compete,0,0,0,0,0,0,0,0,0,1,0
spring,0,0,0,0,0,2,0,0,0,0,0
memorandum,0,0,0,0,0,1,0,0,0,0,0
exculpation,0,0,0,0,0,1,0,0,0,0,0
nearness,0,0,0,0,0,1,0,0,0,0,0
reconquer,0,0,0,0,0,0,0,0,0,1,0
signature,0,0,0,0,0,1,0,0,0,0,0
satisfactorily,0,0,1,0,0,0,0,0,0,0,0
pressure,0,0,0,0,0,1,0,0,0,0,0
compile,0,0,0,0,0,0,0,0,0,1,0
defend,0,0,0,0,0,0,0,0,0,3,0
apocalyptic,1,0,0,0,0,0,0,0,0,0,0
compilation,0,0,0,0,0,1,0,0,0,0,0
odd,1,0,0,0,0,1,0,0,0,0,0
closely,0,0,1,0,0,0,0,0,0,0,0
loftiness,0,0,0,0,0,1,0,0,0,0,0
spiritual,2,0,0,0,0,0,0,0,0,0,0
one,0,0,0,0,0,3,0,0,0,0,0
midst,0,0,0,0,0,3,0,0,0,0,0
hazard,0,0,0,0,0,1,0,0,0,0,0
pity,0,0,0,0,0,1,0,0,0,0,0
mingle,0,0,0,0,0,0,0,0,0,1,0
contrast,0,0,0,0,0,0,0,0,0,1,0
sharply,0,0,1,0,0,0,0,0,0,0,0
worsen,0,0,0,0,0,0,0,0,0,1,0
unabated,1,0,0,0,0,0,0,0,0,0,0
forbid,0,0,0,0,0,0,0,0,0,1,0
interrupted,1,0,0,0,0,0,0,0,0,0,0
look,0,0,0,0,0,0,0,0,0,3,0
particularly,0,0,4,0,0,0,0,0,0,0,0
appropriate,1,0,0,0,0,0,0,0,0,1,0
courteous,1,0,0,0,0,0,0,0,0,0,0
meeting,0,0,0,0,0,1,0,0,0,0,0
wholly,0,0,2,0,0,0,0,0,0,0,0
night,0,0,0,0,0,1,0,0,0,0,0
fast,1,0,0,0,0,0,0,0,0,0,0
transnavigation,0,0,0,0,0,1,0,0,0,0,0
deserve,0,0,0,0,0,0,0,0,0,1,0
reckon,0,0,0,0,0,0,0,0,0,1,0
par,0,0,0,0,0,1,0,0,0,0,0
justly,0,0,1,0,0,0,0,0,0,0,0
proud,1,0,0,0,0,0,0,0,0,0,0
constantly,0,0,1,0,0,0,0,0,0,0,0
probe,0,0,0,0,0,0,0,0,0,3,0
panamanian,1,0,0,0,0,0,0,0,0,0,0
foul,1,0,0,0,0,0,0,0,0,1,0
fearfully,0,0,1,0,0,0,0,0,0,0,0
hole,0,0,0,0,0,0,0,0,0,1,0
shipworm,0,0,0,0,0,1,0,0,0,0,0
strike,0,0,0,0,0,0,0,0,0,2,0
judgment,0,0,0,0,0,1,0,0,0,0,0
beach,0,0,0,0,0,0,0,0,0,1,0
castaway,0,0,0,0,0,2,0,0,0,0,0
troublesome,1,0,0,0,0,0,0,0,0,0,0
unlucky,1,0,0,0,0,0,0,0,0,0,0
isthmus,0,0,0,0,0,1,0,0,0,0,0
narrow,1,0,0,0,0,0,0,0,0,0,0
margin,0,0,0,0,0,1,0,0,0,0,0
respectively,0,0,2,0,0,0,0,0,0,0,0
canoe,0,0,0,0,0,1,0,0,0,0,0
haste,0,0,0,0,0,1,0,0,0,0,0
acumen,0,0,0,0,0,1,0,0,0,0,0
predict,0,0,0,0,0,0,0,0,0,2,0
eclipse,0,0,0,0,0,2,0,0,0,0,0
astronomical,1,0,0,0,0,0,0,0,0,0,0
table,0,0,0,0,0,1,0,0,0,0,0
frighten,0,0,0,0,0,0,0,0,0,1,0
rescuer,0,0,0,0,0,1,0,0,0,0,0
supporter,0,0,0,0,0,2,0,0,0,0,0
strand,0,0,0,0,0,0,0,0,0,1,0
lunar,1,0,0,0,0,0,0,0,0,0,0
disallowance,0,0,0,0,0,1,0,0,0,0,0
hinder,0,0,0,0,0,0,0,0,0,2,0
dent,0,0,0,0,0,0,0,0,0,1,0
failing,0,0,0,0,0,1,0,0,0,0,0
wrong,1,0,0,0,0,0,0,0,0,0,0
poverty,0,0,0,0,0,1,0,0,0,0,0
oblivion,0,0,0,0,0,1,0,0,0,0,0
established,1,0,0,0,0,0,0,0,0,0,0
tenth,0,0,0,0,0,1,0,0,0,0,0
digging,0,0,0,0,0,1,0,0,0,0,0
guarantee,0,0,0,0,0,0,0,0,0,1,0
hurricane,0,0,0,0,0,1,0,0,0,0,0
shortchange,0,0,0,0,0,0,0,0,0,1,0
mar,0,0,0,0,0,0,0,0,0,1,0
redress,0,0,0,0,0,1,0,0,0,0,0
amend,0,0,0,0,0,0,0,0,0,1,0
friary,0,0,0,0,0,1,0,0,0,0,0
mausoleum,0,0,0,0,0,1,0,0,0,0,0
carthusian,1,0,0,0,0,0,0,0,0,0,0
monastery,0,0,0,0,0,1,0,0,0,0,0
bone,0,0,0,0,0,3,0,0,0,0,0
cede,0,0,0,0,0,0,0,0,0,2,0
cathedral,0,0,0,0,0,1,0,0,0,0,0
inter,0,0,0,0,0,0,0,0,0,1,0
quatercentenary,1,0,0,0,0,0,0,0,0,0,0
celebration,0,0,0,0,0,1,0,0,0,0,0
quincentenary,1,0,0,0,0,0,0,0,0,0,0
archaeologist,0,0,0,0,0,1,0,0,0,0,0
anthropologist,0,0,0,0,0,1,0,0,0,0,0
complement,0,0,0,0,0,0,0,0,0,1,0
debate,0,0,0,0,0,1,0,0,0,0,0
pro,1,0,0,0,0,0,0,0,0,0,0
understanding,0,0,0,0,0,2,0,0,0,0,0
perspective,0,0,0,0,0,2,0,0,0,0,0
mean,0,0,0,0,0,1,0,0,0,1,0
concentrate,0,0,0,0,0,0,0,0,0,2,0
destructive,1,0,0,0,0,0,0,0,0,0,0
emphasize,0,0,0,0,0,0,0,0,0,2,0
impact,0,0,0,0,0,1,0,0,0,0,0
import,0,0,0,0,0,0,0,0,0,1,0
disease,0,0,0,0,0,1,0,0,0,0,0
american,4,0,0,0,0,0,0,0,0,0,0
diminish,0,0,0,0,0,0,0,0,0,1,0
flaw,0,0,0,0,0,0,0,0,0,1,0
flat,1,0,0,0,0,0,0,0,0,0,0
educated,1,0,0,0,0,0,0,0,0,0,0
spherical,2,0,0,0,0,0,0,0,0,0,0
etymology,0,0,0,0,0,1,0,0,0,0,0
miscalculation,0,0,0,0,0,2,0,0,0,0,0
wildly,0,0,1,0,0,0,0,0,0,0,0
reject,0,0,0,0,0,0,0,0,0,5,0
substitute,0,0,0,0,0,0,0,0,0,1,0
florentine,2,0,0,0,0,0,0,0,0,0,0
preference,0,0,0,0,0,1,0,0,0,0,0
calculation,0,0,0,0,0,1,0,0,0,0,0
additionally,0,0,1,0,0,0,0,0,0,0,0
archipelago,0,0,0,0,0,1,0,0,0,0,0
seer,0,0,0,0,0,1,0,0,0,0,0
prophet,0,0,0,0,0,1,0,0,0,0,0
proportion,0,0,0,0,0,1,0,0,0,1,0
landto,0,0,0,0,0,1,0,0,0,0,0
idiosyncratic,1,0,0,0,0,0,0,0,0,0,0
calculator,0,0,0,0,0,1,0,0,0,0,0
measure,0,0,0,0,0,0,0,0,0,2,0
amount,0,0,0,0,0,0,0,0,0,1,0
approximately,0,0,4,0,0,0,0,0,0,0,0
computation,0,0,0,0,0,1,0,0,0,0,0
shorten,0,0,0,0,0,0,0,0,0,1,0
willful,1,0,0,0,0,0,0,0,0,0,0
aware,1,0,0,0,0,0,0,0,0,0,0
inaccuracy,0,0,0,0,0,1,0,0,0,0,0
consistently,0,0,1,0,0,0,0,0,0,0,0
conceal,0,0,0,0,0,0,0,0,0,2,0
lest,0,1,0,0,0,0,0,0,0,0,0
fearful,1,0,0,0,0,0,0,0,0,0,0
manipulation,0,0,0,0,0,2,0,0,0,0,0
bravery,0,0,0,0,0,1,0,0,0,0,0
dishonesty,0,0,0,0,0,1,0,0,0,0,0
pendulum,0,0,0,0,0,1,0,0,0,0,0
swing,0,0,0,0,0,0,0,0,0,1,0
blame,0,0,0,0,0,0,0,0,0,1,0
obsession,0,0,0,0,0,2,0,0,0,0,0
lineage,0,0,0,0,0,1,0,0,0,0,0
imperialism,0,0,0,0,0,2,0,0,0,0,0
zealous,1,0,0,0,0,0,0,0,0,0,0
enslaving,0,0,0,0,0,1,0,0,0,0,0
execution,0,0,0,0,0,1,0,0,0,0,0
democratic,1,0,0,0,0,0,0,0,0,0,0
expansion,0,0,0,0,0,3,0,0,0,0,0
slaving,0,0,0,0,0,1,0,0,0,0,0
unleash,0,0,0,0,0,0,0,0,0,1,0
simply,0,0,2,0,0,0,0,0,0,0,0
vanguard,0,0,0,0,0,1,0,0,0,0,0
towering,1,0,0,0,0,0,0,0,0,0,0
stature,0,0,0,0,0,1,0,0,0,0,0
conviction,0,0,0,0,0,1,0,0,0,0,0
self,0,0,0,0,0,1,0,0,0,0,0
delusory,1,0,0,0,0,0,0,0,0,0,0
magnetism,0,0,0,0,0,1,0,0,0,0,0
endurance,0,0,0,0,0,1,0,0,0,0,0
citizen,0,0,0,0,0,1,0,0,0,0,0
exchange,0,0,0,0,0,1,0,0,0,1,0
skilled,2,0,0,0,0,0,0,0,0,0,0
envisage,0,0,0,0,0,0,0,0,0,2,0
independently,0,0,1,0,0,0,0,0,0,0,0
possibility,0,0,0,0,0,1,0,0,0,0,0
statue,0,0,0,0,0,1,0,0,0,0,0
whereabout,0,0,0,0,0,1,0,0,0,0,0
activity,0,0,0,0,0,2,0,0,0,0,0
issue,0,0,0,0,0,0,0,0,0,1,0
patent,0,0,0,0,0,2,0,0,0,0,0
spur,0,0,0,0,0,2,0,0,0,1,0
inclement,1,0,0,0,0,0,0,0,0,0,0
morning,0,0,0,0,0,1,0,0,0,0,0
landing,0,0,0,0,0,2,0,0,0,0,0
definitely,0,0,1,0,0,0,0,0,0,0,0
ashore,0,0,2,0,0,0,0,0,0,0,0
indicate,0,0,0,0,0,0,0,0,0,3,0
inhabit,0,0,0,0,0,0,0,0,0,2,0
unfurl,0,0,0,0,0,0,0,0,0,1,0
mistaken,1,0,0,0,0,0,0,0,0,0,0
excellent,3,0,0,0,0,0,0,0,0,0,0
covered,1,0,0,0,0,0,0,0,0,0,0
fish,0,0,0,0,0,2,0,0,0,0,0
dependence,0,0,0,0,0,1,0,0,0,0,0
enthusiastic,2,0,0,0,0,0,0,0,0,0,0
announce,0,0,0,0,0,0,0,0,0,2,0
reputed,1,0,0,0,0,0,0,0,0,0,0
anchorage,0,0,0,0,0,1,0,0,0,0,0
hit,0,0,0,0,0,0,0,0,0,1,0
severe,2,0,0,0,0,0,0,0,0,0,0
viability,0,0,0,0,0,1,0,0,0,0,0
establishment,0,0,0,0,0,5,0,0,0,0,0
navy,0,0,0,0,0,1,0,0,0,0,0
cancel,0,0,0,0,0,0,0,0,0,1,0
membership,0,0,0,0,0,1,0,0,0,0,0
examiner,0,0,0,0,0,1,0,0,0,0,0
naval,4,0,0,0,0,0,0,0,0,0,0
banish,0,0,0,0,0,0,0,0,0,1,0
pardon,0,0,0,0,0,0,0,0,0,1,0
influential,4,0,0,0,0,0,0,0,0,0,0
organize,0,0,0,0,0,0,0,0,0,1,0
occupy,0,0,0,0,0,0,0,0,0,3,0
piloto,0,0,0,0,0,0,0,0,0,0,1
notary,0,0,0,0,0,1,0,0,0,0,0
humanistic,2,0,0,0,0,0,0,0,0,0,0
spokesman,0,0,0,0,0,1,0,0,0,0,0
employer,0,0,0,0,0,1,0,0,0,0,0
engage,0,0,0,0,0,0,0,0,0,2,0
preparation,0,0,0,0,0,2,0,0,0,0,0
manager,0,0,0,0,0,1,0,0,0,0,0
agency,0,0,0,0,0,1,0,0,0,0,0
outfit,0,0,0,0,0,0,0,0,0,2,0
serie,0,0,0,0,0,2,0,0,0,0,0
gonfalonier,0,0,0,0,0,1,0,0,0,0,0
republic,0,0,0,0,0,1,0,0,0,0,0
theory,0,0,0,0,0,1,0,0,0,0,0
regard,0,0,0,0,0,2,0,0,0,2,0
skillful,1,0,0,0,0,0,0,0,0,0,0
paper,0,0,0,0,0,1,0,0,0,0,0
verify,0,0,0,0,0,0,0,0,0,1,0
evaluation,0,0,0,0,0,1,0,0,0,0,0
fierce,1,0,0,0,0,0,0,0,0,0,0
reconcile,0,0,0,0,0,0,0,0,0,2,0
inexperienced,1,0,0,0,0,0,0,0,0,0,0
unresolved,1,0,0,0,0,0,0,0,0,0,0
extreme,2,0,0,0,0,0,0,0,0,0,0
market,0,0,0,0,0,1,0,0,0,0,0
emerge,0,0,0,0,0,0,0,0,0,3,0
auspex,0,0,0,0,0,1,0,0,0,0,0
halt,0,0,0,0,0,1,0,0,0,0,0
bay,0,0,0,0,0,2,0,0,0,0,0
contribute,0,0,0,0,0,0,0,0,0,2,0
summon,0,0,0,0,0,0,0,0,0,2,0
consultation,0,0,0,0,0,1,0,0,0,0,0
las,0,0,0,1,0,0,0,0,0,0,0
examination,0,0,0,0,0,1,0,0,0,0,0
newly,0,0,5,0,0,0,0,0,0,0,0
survey,0,0,0,0,0,1,0,0,0,1,0
furnish,0,0,0,0,0,0,0,0,0,3,0
citizenship,0,0,0,0,0,1,0,0,0,0,0
widow,0,0,0,0,0,1,0,0,0,0,0
husband,0,0,0,0,0,2,0,0,0,0,0
circulate,0,0,0,0,0,0,0,0,0,1,0
pamphlet,0,0,0,0,0,1,0,0,0,0,0
earth,0,0,0,0,0,1,0,0,0,0,0
quasi,0,0,0,0,0,0,0,0,0,0,1
americi,0,0,0,0,0,0,0,0,0,0,1
terram,0,0,0,0,0,0,0,0,0,0,1
sive,0,0,0,0,0,0,0,0,0,0,1
americam,0,0,0,0,0,0,0,0,0,0,1
perpetuate,0,0,0,0,0,0,0,0,0,1,0
planisphere,0,0,0,0,0,1,0,0,0,0,0
apply,0,0,0,0,0,0,0,0,0,3,0
hemisphere,0,0,0,0,0,3,0,0,0,0,0
comprise,0,0,0,0,0,0,0,0,0,1,0
suggestion,0,0,0,0,0,2,0,0,0,0,0
catch,0,0,0,0,0,0,0,0,0,1,0
extension,0,0,0,0,0,1,0,0,0,0,0
usurper,0,0,0,0,0,1,0,0,0,0,0
despite,0,0,0,0,0,0,0,0,5,0,0
deceptive,1,0,0,0,0,0,0,0,0,0,0
contributor,0,0,0,0,0,1,0,0,0,0,0
terminate,0,0,0,0,0,0,0,0,0,1,0
basque,3,0,0,0,0,0,0,0,0,0,0
sister,0,0,0,0,0,3,0,0,0,0,0
enlist,0,0,0,0,0,0,0,0,0,2,0
check,0,0,0,0,0,0,0,0,0,2,0
engagement,0,0,0,0,0,1,0,0,0,0,0
wound,0,0,0,0,0,1,0,0,0,2,0
fort,0,0,0,0,0,2,0,0,0,0,0
supremacy,0,0,0,0,0,1,0,0,0,0,0
malay,1,0,0,0,0,0,0,0,0,0,0
warn,0,0,0,0,0,0,0,0,0,1,0
impending,1,0,0,0,0,0,0,0,0,0,0
fighting,0,0,0,0,0,2,0,0,0,0,0
unsuccessful,2,0,0,0,0,0,0,0,0,0,0
council,0,0,0,0,0,1,0,0,0,0,0
retake,0,0,0,0,0,0,0,0,0,2,0
wrest,0,0,0,0,0,0,0,0,0,1,0
key,1,0,0,0,0,1,0,0,0,0,0
reconnaissance,0,0,0,0,0,1,0,0,0,0,0
unproven,1,0,0,0,0,0,0,0,0,0,0
statement,0,0,0,0,0,2,0,0,0,0,0
want,0,0,0,0,0,1,0,0,0,2,0
acceptance,0,0,0,0,0,3,0,0,0,0,0
helpful,1,0,0,0,0,0,0,0,0,0,0
sustain,0,0,0,0,0,0,0,0,0,1,0
token,1,0,0,0,0,0,0,0,0,0,0
irregular,1,0,0,0,0,0,0,0,0,0,0
accuse,0,0,0,0,0,0,0,0,0,2,0
sell,0,0,0,0,0,0,0,0,0,1,0
petition,0,0,0,0,0,1,0,0,0,0,0
cosmographer,0,0,0,0,0,1,0,0,0,0,0
henceforward,0,0,1,0,0,0,0,0,0,0,0
demarcation,0,0,0,0,0,3,0,0,0,0,0
proof,0,0,0,0,0,1,0,0,0,0,0
continuously,0,0,1,0,0,0,0,0,0,0,0
revise,0,0,0,0,0,0,0,0,0,1,0
assent,0,0,0,0,0,1,0,0,0,0,0
joint,2,0,0,0,0,0,0,0,0,0,0
agreement,0,0,0,0,0,2,0,0,0,0,0
hypothetical,1,0,0,0,0,0,0,0,0,0,0
vest,0,0,0,0,0,0,0,0,0,1,0
twentieth,0,0,0,0,0,1,0,0,0,0,0
net,1,0,0,0,0,0,0,0,0,0,0
knighthood,0,0,0,0,0,1,0,0,0,0,0
seafare,0,0,0,0,0,0,0,0,0,1,0
react,0,0,0,0,0,0,0,0,0,1,0
entity,0,0,0,0,0,1,0,0,0,0,0
oversee,0,0,0,0,0,0,0,0,0,1,0
organization,0,0,0,0,0,2,0,0,0,0,0
outrage,0,0,0,0,0,0,0,0,0,1,0
strictly,0,0,1,0,0,0,0,0,0,0,0
sort,0,0,0,0,0,1,0,0,0,0,0
cocommander,0,0,0,0,0,1,0,0,0,0,0
cocaptain,0,0,0,0,0,1,0,0,0,0,0
mental,2,0,0,0,0,0,0,0,0,0,0
instability,0,0,0,0,0,1,0,0,0,0,0
discipline,0,0,0,0,0,1,0,0,0,0,0
daughter,0,0,0,0,0,11,0,0,0,0,0
farewell,0,0,0,0,1,0,0,0,0,0,0
infant,1,0,0,0,0,0,0,0,0,0,0
predominantly,0,0,1,0,0,0,0,0,0,0,0
flung,1,0,0,0,0,0,0,0,0,0,0
becalm,0,0,0,0,0,0,0,0,0,1,0
vainly,0,0,1,0,0,0,0,0,0,0,0
midnight,0,0,0,0,0,1,0,0,0,0,0
mutiny,0,0,0,0,0,2,0,0,0,0,0
resolution,0,0,0,0,0,1,0,0,0,0,0
ruthlessness,0,0,0,0,0,1,0,0,0,0,0
daring,0,0,0,0,0,1,0,0,0,0,0
quell,0,0,0,0,0,0,0,0,0,1,0
fate,0,0,0,0,0,1,0,0,0,0,0
seeking,0,0,0,0,0,1,0,0,0,0,0
willed,1,0,0,0,0,0,0,0,0,0,0
reportedly,0,0,1,0,0,0,0,0,0,0,0
cry,0,0,0,0,0,0,0,0,0,1,0
torture,0,0,0,0,0,0,0,0,0,1,0
stricken,0,0,0,0,0,0,0,0,0,1,0
feed,0,0,0,0,0,0,0,0,0,1,0
rat,0,0,0,0,0,1,0,0,0,0,0
yardarm,0,0,0,0,0,1,0,0,0,0,0
relentless,1,0,0,0,0,0,0,0,0,0,0
chilean,1,0,0,0,0,0,0,0,0,0,0
northwestward,0,0,1,0,0,0,0,0,0,0,0
equinoctial,1,0,0,0,0,0,0,0,0,0,0
voyager,0,0,0,0,0,2,0,0,0,0,0
evident,1,0,0,0,0,0,0,0,0,0,0
seaworthy,1,0,0,0,0,0,0,0,0,0,0
arrest,0,0,0,0,0,0,0,0,0,1,0
participant,0,0,0,0,0,1,0,0,0,0,0
intercept,0,0,0,0,0,0,0,0,0,1,0
regularly,0,0,1,0,0,0,0,0,0,0,0
leak,0,0,0,0,0,0,0,0,0,1,0
lade,0,0,0,0,0,0,0,0,0,1,0
weak,1,0,0,0,0,0,0,0,0,0,0
augmentation,0,0,0,0,0,1,0,0,0,0,0
inscription,0,0,0,0,0,1,0,0,0,0,0
primus,0,0,0,0,0,0,0,0,0,0,1
circumdedisti,0,0,0,0,0,0,0,0,0,0,1
encircle,0,0,0,0,0,0,0,0,0,1,0
undoubtedly,0,0,3,0,0,0,0,0,0,0,0
tend,0,0,0,0,0,0,0,0,0,1,0
eminent,1,0,0,0,0,0,0,0,0,0,0
attitude,0,0,0,0,0,2,0,0,0,0,0
nationalism,0,0,0,0,0,2,0,0,0,0,0
pledge,0,0,0,0,0,1,0,0,0,2,0
fealty,0,0,0,0,0,1,0,0,0,0,0
iberian,1,0,0,0,0,0,0,0,0,0,0
uncommonly,0,0,1,0,0,0,0,0,0,0,0
eventful,1,0,0,0,0,0,0,0,0,0,0
biographer,0,0,0,0,0,3,0,0,0,0,0
portray,0,0,0,0,0,0,0,0,0,1,0
symbol,0,0,0,0,0,1,0,0,0,0,0
magnitude,0,0,0,0,0,1,0,0,0,0,0
liken,0,0,0,0,0,0,0,0,0,1,0
comparison,0,0,0,0,0,1,0,0,0,0,0
underestimate,0,0,0,0,0,0,0,0,0,1,0
arguably,0,0,1,0,0,0,0,0,0,0,0
unpredictable,1,0,0,0,0,0,0,0,0,0,0
computer,0,0,0,0,0,1,0,0,0,0,0
immensity,0,0,0,0,0,1,0,0,0,0,0
challenge,0,0,0,0,0,1,0,0,0,0,0
pose,0,0,0,0,0,1,0,0,0,1,0
undisputed,1,0,0,0,0,0,0,0,0,0,0
confirm,0,0,0,0,0,0,0,0,0,1,0
conception,0,0,0,0,0,1,0,0,0,0,0
safely,0,0,1,0,0,0,0,0,0,0,0
starvation,0,0,0,0,0,1,0,0,0,0,0
harassment,0,0,0,0,0,1,0,0,0,0,0
constitute,0,0,0,0,0,0,0,0,0,1,0
infante,0,0,0,0,0,0,0,0,0,0,1
duque,0,0,0,0,0,0,0,0,0,0,2
senhor,0,0,0,0,0,0,0,0,0,0,1
lord,0,0,0,0,0,3,0,0,0,0,0
epithet,0,0,0,0,0,2,0,0,0,0,0
seldom,0,0,1,0,0,0,0,0,0,0,0
misnomer,0,0,0,0,0,1,0,0,0,0,0
exploratory,1,0,0,0,0,0,0,0,0,0,0
parent,0,0,0,0,0,1,0,0,0,0,0
pronounced,1,0,0,0,0,0,0,0,0,0,0
taste,0,0,0,0,0,1,0,0,0,0,0
chivalric,1,0,0,0,0,0,0,0,0,0,0
astrological,1,0,0,0,0,0,0,0,0,0,0
regal,1,0,0,0,0,0,0,0,0,0,0
victor,0,0,0,0,0,1,0,0,0,0,0
enthusiasm,0,0,0,0,0,1,0,0,0,0,0
moniker,0,0,0,0,0,1,0,0,0,0,0
starting,0,0,0,0,0,1,0,0,0,0,0
persuade,0,0,0,0,0,0,0,0,0,1,0
vigorous,1,0,0,0,0,0,0,0,0,0,0
knightly,1,0,0,0,0,0,0,0,0,0,0
combat,0,0,0,0,0,1,0,0,0,0,0
mock,1,0,0,0,0,0,0,0,0,0,0
warfare,0,0,0,0,0,1,0,0,0,0,0
tournament,0,0,0,0,0,1,0,0,0,0,0
consent,0,0,0,0,0,2,0,0,0,1,0
lull,0,0,0,0,0,0,0,0,0,1,0
unprepared,1,0,0,0,0,0,0,0,0,0,0
unexpectedly,0,0,1,0,0,0,0,0,0,0,0
principal,1,0,0,0,0,0,0,0,0,0,0
experienced,1,0,0,0,0,0,0,0,0,0,0
soldier,0,0,0,0,0,1,0,0,0,0,0
operation,0,0,0,0,0,1,0,0,0,0,0
distinguish,0,0,0,0,0,0,0,0,0,1,0
immediate,1,0,0,0,0,0,0,0,0,0,0
lieutenant,0,0,0,0,0,1,0,0,0,0,0
permanent,3,0,0,0,0,0,0,0,0,0,0
civil,2,0,0,0,0,0,0,0,0,0,0
adequately,0,0,1,0,0,0,0,0,0,0,0
emergency,0,0,0,0,0,1,0,0,0,0,0
rescue,0,0,0,0,0,1,0,0,0,0,0
beat,0,0,0,0,0,0,0,0,0,1,0
assailant,0,0,0,0,0,1,0,0,0,0,0
reminder,0,0,0,0,0,1,0,0,0,0,0
antagonize,0,0,0,0,0,0,0,0,0,1,0
threshold,0,0,0,0,0,1,0,0,0,0,0
peace,0,0,0,0,0,2,0,0,0,0,0
peremptory,1,0,0,0,0,0,0,0,0,0,0
resolve,0,0,0,0,0,0,0,0,0,1,0
chaste,1,0,0,0,0,0,0,0,0,0,0
ascetic,1,0,0,0,0,0,0,0,0,0,0
indifferent,1,0,0,0,0,0,0,0,0,0,0
furtherance,0,0,0,0,0,1,0,0,0,0,0
refrain,0,0,0,0,0,0,0,0,0,1,0
worldly,1,0,0,0,0,0,0,0,0,0,0
pleasure,0,0,0,0,0,1,0,0,0,0,0
illegitimate,1,0,0,0,0,0,0,0,0,0,0
hesitate,0,0,0,0,0,0,0,0,0,1,0
lecture,0,0,0,0,0,0,0,0,0,1,0
reprove,0,0,0,0,0,0,0,0,0,1,0
shortcoming,0,0,0,0,0,1,0,0,0,0,0
extravagance,0,0,0,0,0,1,0,0,0,0,0
unmethodical,1,0,0,0,0,0,0,0,0,0,0
scruple,0,0,0,0,0,1,0,0,0,0,0
raising,0,0,0,0,0,1,0,0,0,0,0
money,0,0,0,0,0,2,0,0,0,0,0
promote,0,0,0,0,0,0,0,0,0,1,0
product,0,0,0,0,0,1,0,0,0,0,0
potentially,0,0,1,0,0,0,0,0,0,0,0
underexploited,1,0,0,0,0,0,0,0,0,0,0
principality,0,0,0,0,0,1,0,0,0,0,0
induce,0,0,0,0,0,0,0,0,0,1,0
overcome,0,0,0,0,0,0,0,0,0,1,0
superstition,0,0,0,0,0,1,0,0,0,0,0
deter,0,0,0,0,0,0,0,0,0,1,0
exaggeration,0,0,0,0,0,1,0,0,0,0,0
vagueness,0,0,0,0,0,1,0,0,0,0,0
reluctant,1,0,0,0,0,0,0,0,0,0,0
liability,0,0,0,0,0,1,0,0,0,0,0
ensure,0,0,0,0,0,0,0,0,0,1,0
safety,0,0,0,0,0,1,0,0,0,0,0
generalship,0,0,0,0,0,1,0,0,0,0,0
mismanage,0,0,0,0,0,0,0,0,0,1,0
reembark,0,0,0,0,0,0,0,0,0,1,0
broken,1,0,0,0,0,0,0,0,0,0,0
surrender,0,0,0,0,0,1,0,0,0,1,0
conscience,0,0,0,0,0,2,0,0,0,0,0
regency,0,0,0,0,0,1,0,0,0,0,0
bitter,1,0,0,0,0,0,0,0,0,0,0
willingly,0,0,1,0,0,0,0,0,0,0,0
harmony,0,0,0,0,0,1,0,0,0,0,0
dust,0,0,0,0,0,1,0,0,0,0,0
silence,0,0,0,0,0,0,0,0,0,1,0
criticism,0,0,0,0,0,1,0,0,0,0,0
waste,0,0,0,0,0,0,0,0,0,1,0
profitless,1,0,0,0,0,0,0,0,0,0,0
building,0,0,0,0,0,1,0,0,0,0,0
warehouse,0,0,0,0,0,1,0,0,0,0,0
embittered,1,0,0,0,0,0,0,0,0,0,0
presently,0,0,1,0,0,0,0,0,0,0,0
obvious,1,0,0,0,0,0,0,0,0,0,0
reluctance,0,0,0,0,0,1,0,0,0,0,0
armed,1,0,0,0,0,0,0,0,0,0,0
inevitable,1,0,0,0,0,0,0,0,0,0,0
obliged,1,0,0,0,0,0,0,0,0,0,0
shot,0,0,0,0,0,1,0,0,0,0,0
crossbowman,0,0,0,0,0,1,0,0,0,0,0
declare,0,0,0,0,0,0,0,0,0,2,0
arrange,0,0,0,0,0,0,0,0,0,1,0
marriage,0,0,0,0,0,8,0,0,0,0,0
resource,0,0,0,0,0,1,0,0,0,0,0
mariner,0,0,0,0,0,1,0,0,0,0,0
zeal,0,0,0,0,0,2,0,0,0,0,0
crusading,0,0,0,0,0,3,0,0,0,0,0
errantry,0,0,0,0,0,1,0,0,0,0,0
capitulate,0,0,0,0,0,0,0,0,0,1,0
leniency,0,0,0,0,0,1,0,0,0,0,0
farth,1,0,0,0,0,0,0,0,0,0,0
lifetime,0,0,0,0,0,1,0,0,0,0,0
markedly,0,0,1,0,0,0,0,0,0,0,0
exaggerate,0,0,0,0,0,0,0,0,0,1,0
unremitting,1,0,0,0,0,0,0,0,0,0,0
garner,0,0,0,0,0,0,0,0,0,1,0
voice,0,0,0,0,0,1,0,0,0,1,0
unsupported,1,0,0,0,0,0,0,0,0,0,0
champion,0,0,0,0,0,1,0,0,0,0,0
heroic,2,0,0,0,0,0,0,0,0,0,0
persist,0,0,0,0,0,0,0,0,0,1,0
exemplar,0,0,0,0,0,1,0,0,0,0,0
ruthless,1,0,0,0,0,0,0,0,0,0,0
resumption,0,0,0,0,0,1,0,0,0,0,0
quest,0,0,0,0,0,1,0,0,0,0,0
cousin,0,0,0,0,0,2,0,0,0,0,0
plunge,0,0,0,0,0,0,0,0,0,1,0
mobilize,0,0,0,0,0,0,0,0,0,1,0
march,0,0,0,0,0,0,0,0,0,1,0
intrusion,0,0,0,0,0,1,0,0,0,0,0
parry,0,0,0,0,0,0,0,0,0,1,0
counterattack,0,0,0,0,0,1,0,0,0,0,0
abdication,0,0,0,0,0,1,0,0,0,0,0
disadvantageous,1,0,0,0,0,0,0,0,0,0,0
buoy,0,0,0,0,0,0,0,0,0,1,0
guardianship,0,0,0,0,0,1,0,0,0,0,0
impose,0,0,0,0,0,0,0,0,0,2,0
drastic,1,0,0,0,0,0,0,0,0,0,0
obedience,0,0,0,0,0,1,0,0,0,0,0
vassal,0,0,0,0,0,1,0,0,0,0,0
reassert,0,0,0,0,0,0,0,0,0,1,0
beneplacet,0,0,0,0,0,1,0,0,0,0,1
publication,0,0,0,0,0,1,0,0,0,0,0
revision,0,0,0,0,0,1,0,0,0,0,0
treason,0,0,0,0,0,1,0,0,0,0,0
behead,0,0,0,0,0,0,0,0,0,1,0
intrigue,0,0,0,0,0,0,0,0,0,1,0
vengeance,0,0,0,0,0,1,0,0,0,0,0
maternal,1,0,0,0,0,0,0,0,0,0,0
grandfather,0,0,0,0,0,1,0,0,0,0,0
confiscate,0,0,0,0,0,0,0,0,0,1,0
jurisdiction,0,0,0,0,0,1,0,0,0,0,0
bestow,0,0,0,0,0,0,0,0,0,1,0
currency,0,0,0,0,0,1,0,0,0,0,0
potentate,0,0,0,0,0,1,0,0,0,0,0
extremity,0,0,0,0,0,1,0,0,0,0,0
consolidate,0,0,0,0,0,0,0,0,0,1,0
tiding,0,0,0,0,0,1,0,0,0,0,0
negotiation,0,0,0,0,0,2,0,0,0,0,0
celebrated,1,0,0,0,0,0,0,0,0,0,0
ecclesiastical,1,0,0,0,0,0,0,0,0,0,0
expel,0,0,0,0,0,0,0,0,0,1,0
jewish,2,0,0,0,0,0,0,0,0,0,0
population,0,0,0,0,0,1,0,0,0,0,0
delegation,0,0,0,0,0,1,0,0,0,0,0
fee,0,0,0,0,0,1,0,0,0,0,0
temporary,1,0,0,0,0,0,0,0,0,0,0
married,1,0,0,0,0,0,0,0,0,0,0
affected,1,0,0,0,0,0,0,0,0,0,0
legitimize,0,0,0,0,0,0,0,0,0,1,0
exercise,0,0,0,0,0,1,0,0,0,0,0
owe,0,0,0,0,0,0,0,0,0,1,0
jointly,0,0,1,0,0,0,0,0,0,0,0
union,0,0,0,0,0,5,0,0,0,0,0
birth,0,0,0,0,0,2,0,0,0,0,0
quietly,0,0,1,0,0,0,0,0,0,0,0
rebellious,1,0,0,0,0,0,0,0,0,0,0
magnate,0,0,0,0,0,1,0,0,0,0,0
fruit,0,0,0,0,0,1,0,0,0,0,0
wisdom,0,0,0,0,0,1,0,0,0,0,0
heiress,0,0,0,0,0,4,0,0,0,0,0
future,2,0,0,0,0,1,0,0,0,0,0
diplomatic,1,0,0,0,0,0,0,0,0,0,0
abroad,0,0,1,0,0,0,0,0,0,0,0
candidate,0,0,0,0,0,4,0,0,0,0,0
aragonese,5,0,0,0,0,0,0,0,0,0,0
councillor,0,0,0,0,0,3,0,0,0,0,0
suitor,0,0,0,0,0,1,0,0,0,0,0
duc,0,0,0,0,0,1,0,0,0,0,0
sidestep,0,0,0,0,0,0,0,0,0,1,0
approval,0,0,0,0,0,1,0,0,0,0,0
palace,0,0,0,0,0,2,0,0,0,0,0
prospect,0,0,0,0,0,1,0,0,0,0,0
disobedience,0,0,0,0,0,1,0,0,0,0,0
constable,0,0,0,0,0,1,0,0,0,0,0
related,1,0,0,0,0,0,0,0,0,0,0
counterclaim,0,0,0,0,0,1,0,0,0,0,0
marqués,0,0,0,0,0,1,0,0,0,0,0
invade,0,0,0,0,0,0,0,0,0,1,0
betroth,0,0,0,0,0,0,0,0,0,1,0
opponent,0,0,0,0,0,1,0,0,0,0,0
united,1,0,0,0,0,0,0,0,0,0,0
unification,0,0,0,0,0,1,0,0,0,0,0
institution,0,0,0,0,0,1,0,0,0,0,0
unite,0,0,0,0,0,0,0,0,0,2,0
strain,0,0,0,0,0,0,0,0,0,1,0
novel,1,0,0,0,0,0,0,0,0,0,0
improve,0,0,0,0,0,0,0,0,0,1,0
hospital,0,0,0,0,0,1,0,0,0,0,0
headquarters,0,0,0,0,0,1,0,0,0,0,0
making,0,0,0,0,0,1,0,0,0,0,0
approve,0,0,0,0,0,0,0,0,0,1,0
momentous,1,0,0,0,0,0,0,0,0,0,0
confirmation,0,0,0,0,0,1,0,0,0,0,0
practice,0,0,0,0,0,1,0,0,0,0,0
remind,0,0,0,0,0,0,0,0,0,1,0
spreading,0,0,0,0,0,1,0,0,0,0,0
unexpected,1,0,0,0,0,0,0,0,0,0,0
quickly,0,0,2,0,0,0,0,0,0,0,0
concerned,1,0,0,0,0,0,0,0,0,0,0
committee,0,0,0,0,0,1,0,0,0,0,0
unsound,1,0,0,0,0,0,0,0,0,0,0
application,0,0,0,0,0,1,0,0,0,0,0
examine,0,0,0,0,0,0,0,0,0,2,0
postpone,0,0,0,0,0,0,0,0,0,1,0
invite,0,0,0,0,0,0,0,0,0,1,0
review,0,0,0,0,0,1,0,0,0,0,0
consortium,0,0,0,0,0,1,0,0,0,0,0
treasury,0,0,0,0,0,1,0,0,0,0,0
maravedis,0,0,0,0,0,0,0,0,0,0,2
coin,0,0,0,0,0,1,0,0,0,0,0
sum,0,0,0,0,0,2,0,0,0,1,0
pawn,0,0,0,0,0,0,0,0,0,1,0
myth,0,0,0,0,0,1,0,0,0,0,0
offend,0,0,0,0,0,0,0,0,0,1,0
penalty,0,0,0,0,0,1,0,0,0,0,0
charter,0,0,0,0,0,0,0,0,0,1,0
recruit,0,0,0,0,0,0,0,0,0,1,0
culmination,0,0,0,0,0,1,0,0,0,0,0
logical,2,0,0,0,0,0,0,0,0,0,0
meritorious,1,0,0,0,0,0,0,0,0,0,0
unity,0,0,0,0,0,3,0,0,0,0,0
disentangle,0,0,0,0,0,0,0,0,0,1,0
blue,1,0,0,0,0,0,0,0,0,0,0
chestnut,1,0,0,0,0,0,0,0,0,0,0
hair,0,0,0,0,0,1,0,0,0,0,0
dress,0,0,0,0,0,1,0,0,0,0,0
striking,1,0,0,0,0,0,0,0,0,0,0
match,0,0,0,0,0,0,0,0,0,1,0
choice,0,0,0,0,0,2,0,0,0,0,0
fore,0,0,0,0,0,1,0,0,0,0,0
reform,0,0,0,0,0,3,0,0,0,1,0
momentum,0,0,0,0,0,1,0,0,0,0,0
secular,1,0,0,0,0,0,0,0,0,0,0
clergy,0,0,0,0,0,1,0,0,0,0,0
nun,0,0,0,0,0,2,0,0,0,0,0
intensely,0,0,1,0,0,0,0,0,0,0,0
pious,1,0,0,0,0,0,0,0,0,0,0
pertinacious,1,0,0,0,0,0,0,0,0,0,0
dealing,0,0,0,0,0,1,0,0,0,0,0
benefice,0,0,0,0,0,1,0,0,0,0,0
encroach,0,0,0,0,0,0,0,0,0,1,0
customary,1,0,0,0,0,0,0,0,0,0,0
vacant,1,0,0,0,0,0,0,0,0,0,0
cardinal,0,0,0,0,0,1,0,0,0,0,0
alternative,1,0,0,0,0,0,0,0,0,0,0
nephew,0,0,0,0,0,1,0,0,0,0,0
national,1,0,0,0,0,0,0,0,0,0,0
sentiment,0,0,0,0,0,1,0,0,0,0,0
proficiency,0,0,0,0,0,1,0,0,0,0,0
notable,1,0,0,0,0,0,0,0,0,0,0
school,0,0,0,0,0,1,0,0,0,0,0
dedicate,0,0,0,0,0,0,0,0,0,1,0
flemish,1,0,0,0,0,0,0,0,0,0,0
sorrow,0,0,0,0,0,1,0,0,0,0,0
childbirth,0,0,0,0,0,1,0,0,0,0,0
grandchild,0,0,0,0,0,1,0,0,0,0,0
comfort,0,0,0,0,0,2,0,0,0,0,0
imbalance,0,0,0,0,0,1,0,0,0,0,0
initiative,0,0,0,0,0,1,0,0,0,0,0
intense,1,0,0,0,0,0,0,0,0,0,0
mastership,0,0,0,0,0,1,0,0,0,0,0
absorption,0,0,0,0,0,1,0,0,0,0,0
sensible,1,0,0,0,0,0,0,0,0,0,0
strive,0,0,0,0,0,0,0,0,0,1,0
parliament,0,0,0,0,0,1,0,0,0,0,0
statesmanship,0,0,0,0,0,1,0,0,0,0,0
reflect,0,0,0,0,0,0,0,0,0,1,0
codicil,0,0,0,0,0,1,0,0,0,0,0
memoir,0,0,0,0,0,1,0,0,0,0,0
awareness,0,0,0,0,0,1,0,0,0,0,0
prudence,0,0,0,0,0,1,0,0,0,0,0
comment,0,0,0,0,0,0,0,0,0,1,0
program,0,0,0,0,0,1,0,0,0,0,0
maintenance,0,0,0,0,0,1,0,0,0,0,0
overall,1,0,0,0,0,0,0,0,0,0,0
inevitably,0,0,1,0,0,0,0,0,0,0,0
piecemeal,1,0,0,0,0,0,0,0,0,0,0
exceptional,1,0,0,0,0,0,0,0,0,0,0
allot,0,0,0,0,0,0,0,0,0,1,0
foremost,1,0,0,0,0,0,0,0,0,0,0
misjudge,0,0,0,0,0,0,0,0,0,1,0
bitterly,0,0,1,0,0,0,0,0,0,0,0
contest,0,0,0,0,0,0,0,0,0,1,0
apparent,4,0,0,0,0,0,0,0,0,0,0
wish,0,0,0,0,0,0,0,0,0,1,0
catalonian,1,0,0,0,0,0,0,0,0,0,0
unify,0,0,0,0,0,0,0,0,0,1,0
careful,1,0,0,0,0,0,0,0,0,0,0
teach,0,0,0,0,0,0,0,0,0,1,0
bent,0,0,0,0,0,1,0,0,0,0,0
vocal,1,0,0,0,0,0,0,0,0,0,0
music,0,0,0,0,0,1,0,0,0,0,0
imposing,1,0,0,0,0,0,0,0,0,0,0
genial,1,0,0,0,0,0,0,0,0,0,0
sagacity,0,0,0,0,0,1,0,0,0,0,0
integrity,0,0,0,0,0,1,0,0,0,0,0
calculated,1,0,0,0,0,0,0,0,0,0,0
impulsive,1,0,0,0,0,0,0,0,0,0,0
emotionality,0,0,0,0,0,1,0,0,0,0,0
repress,0,0,0,0,0,0,0,0,0,1,0
kingship,0,0,0,0,0,1,0,0,0,0,0
cold,1,0,0,0,0,0,0,0,0,0,0
impenetrable,1,0,0,0,0,0,0,0,0,0,0
mask,0,0,0,0,0,1,0,0,0,0,0
opportunism,0,0,0,0,0,1,0,0,0,0,0
dark,1,0,0,0,0,0,0,0,0,0,0
troubled,1,0,0,0,0,0,0,0,0,0,0
front,0,0,0,0,0,1,0,0,0,0,0
oligarchy,0,0,0,0,0,1,0,0,0,0,0
intensity,0,0,0,0,0,1,0,0,0,0,0
nature,0,0,0,0,0,1,0,0,0,0,0
love,0,0,0,0,0,0,0,0,0,1,0
sincerely,0,0,1,0,0,0,0,0,0,0,0
infanta,0,0,0,0,0,2,0,0,0,0,0
continual,1,0,0,0,0,0,0,0,0,0,0
separation,0,0,0,0,0,1,0,0,0,0,0
reproach,0,0,0,0,0,0,0,0,0,1,0
restlessness,0,0,0,0,0,1,0,0,0,0,0
sire,0,0,0,0,0,0,0,0,0,1,0
female,1,0,0,0,0,0,0,0,0,0,0
extramarital,1,0,0,0,0,0,0,0,0,0,0
jealousy,0,0,0,0,0,1,0,0,0,0,0
deed,0,0,0,0,0,1,0,0,0,0,0
rush,0,0,0,0,0,0,0,0,0,1,0
uneasy,1,0,0,0,0,0,0,0,0,0,0
marginal,1,0,0,0,0,0,0,0,0,0,0
confederation,0,0,0,0,0,1,0,0,0,0,0
institutional,2,0,0,0,0,0,0,0,0,0,0
soft,1,0,0,0,0,0,0,0,0,0,0
sensual,1,0,0,0,0,0,0,0,0,0,0
pensive,1,0,0,0,0,0,0,0,0,0,0
looking,1,0,0,0,0,0,0,0,0,0,0
rider,0,0,0,0,0,1,0,0,0,0,0
devote,0,0,0,0,0,0,0,0,0,1,0
game,0,0,0,0,0,1,0,0,0,0,0
hunt,0,0,0,0,0,1,0,0,0,0,0
struggle,0,0,0,0,0,0,0,0,0,1,0
seat,0,0,0,0,0,1,0,0,0,0,0
politically,0,0,1,0,0,0,0,0,0,0,0
mold,0,0,0,0,0,1,0,0,0,0,0
modernization,0,0,0,0,0,1,0,0,0,0,0
ban,0,0,0,0,0,1,0,0,0,0,0
enforce,0,0,0,0,0,0,0,0,0,1,0
uniformity,0,0,0,0,0,1,0,0,0,0,0
deliberate,1,0,0,0,0,0,0,0,0,0,0
frantic,1,0,0,0,0,0,0,0,0,0,0
talent,0,0,0,0,0,1,0,0,0,0,0
inch,0,0,0,0,0,2,0,0,0,0,0
capitulation,0,0,0,0,0,1,0,0,0,0,0
trip,0,0,0,0,0,2,0,0,0,0,0
incarnation,0,0,0,0,0,1,0,0,0,0,0
royalty,0,0,0,0,0,1,0,0,0,0,0
smile,0,0,0,0,0,0,0,0,0,1,0
honorary,1,0,0,0,0,0,0,0,0,0,0
tragedy,0,0,0,0,0,1,0,0,0,0,0
symptom,0,0,0,0,0,1,0,0,0,0,0
insanity,0,0,0,0,0,1,0,0,0,0,0
unimportant,1,0,0,0,0,0,0,0,0,0,0
injury,0,0,0,0,0,1,0,0,0,0,0
culminate,0,0,0,0,0,0,0,0,0,1,0
contract,0,0,0,0,0,1,0,0,0,0,0
niece,0,0,0,0,0,1,0,0,0,0,0
badly,0,0,1,0,0,0,0,0,0,0,0
hegemony,0,0,0,0,0,1,0,0,0,0,0
expansionary,1,0,0,0,0,0,0,0,0,0,0
schism,0,0,0,0,0,1,0,0,0,0,0
incorporate,0,0,0,0,0,0,0,0,0,1,0
health,0,0,0,0,0,1,0,0,0,0,0
decay,0,0,0,0,0,0,0,0,0,1,0
international,1,0,0,0,0,0,0,0,0,0,0
sanctuary,0,0,0,0,0,1,0,0,0,0,0
saviour,0,0,0,0,0,1,0,0,0,0,0
bringer,0,0,0,0,0,1,0,0,0,0,0
despise,0,0,0,0,0,0,0,0,0,1,0
oppress,0,0,0,0,0,0,0,0,0,1,0
objectionable,1,0,0,0,0,0,0,0,0,0,0
diplomat,0,0,0,0,0,1,0,0,0,0,0
reunite,0,0,0,0,0,0,0,0,0,1,0
eternity,0,0,0,0,0,1,0,0,0,0,0
labour,0,0,0,0,0,1,0,0,0,0,0
being,0,0,0,0,0,1,0,0,0,0,0
environment,0,0,0,0,0,1,0,0,0,0,0
satisfaction,0,0,0,0,0,1,0,0,0,0,0
dominant,1,0,0,0,0,0,0,0,0,0,0
individual,0,0,0,0,0,1,0,0,0,0,0
thread,0,0,0,0,0,1,0,0,0,0,0
continuous,1,0,0,0,0,0,0,0,0,0,0
entwine,0,0,0,0,0,0,0,0,0,1,0
epic,1,0,0,0,0,0,0,0,0,0,0
mapping,0,0,0,0,0,1,0,0,0,0,0
continental,1,0,0,0,0,0,0,0,0,0,0
