word,ADJ,ADP,ADV,AUX,DET,INTJ,NOUN,NUM,PRON,SCONJ,VERB
sunny,1,0,0,0,0,0,0,0,0,0,0
morning,0,0,0,0,0,0,19,0,0,0,0
early,2,0,5,0,0,0,0,0,0,0,0
leave,0,0,0,0,0,0,0,0,0,0,94
school,0,0,0,0,0,0,22,0,0,0,0
carriage,0,0,0,0,0,0,42,0,0,0,0
take,0,0,0,0,0,0,0,0,0,0,59
away,0,6,66,0,0,0,0,0,0,0,0
young,54,0,0,0,0,0,0,0,0,0,0
lady,0,0,0,0,0,0,48,0,0,0,0
fill,0,0,0,0,0,0,0,0,0,0,7
gift,0,0,0,0,0,0,10,0,0,0,0
flower,0,0,0,0,0,0,8,0,0,0,0
love,0,0,0,0,0,0,29,0,0,0,45
cry,0,0,0,0,0,0,2,0,0,0,50
go,0,0,0,0,0,0,0,0,0,0,129
great,41,0,1,0,0,0,0,0,0,0,0
deal,0,0,0,0,0,0,9,0,0,0,1
harm,0,0,0,0,0,0,3,0,0,0,0
say,0,0,0,0,0,0,0,0,0,0,336
straight,0,0,5,0,0,0,0,0,0,0,0
dear,51,0,0,0,0,0,11,0,0,0,0
little,141,0,2,0,0,0,0,0,0,0,0
creature,0,0,0,0,0,0,8,0,0,0,0
heroine,0,0,0,0,0,0,2,0,0,0,0
nose,0,0,0,0,0,0,2,0,0,0,0
short,8,0,0,0,0,0,0,0,0,0,0
face,0,0,0,0,0,0,56,0,0,0,0
round,1,9,8,0,0,0,0,0,0,0,0
shine,0,0,0,0,0,0,0,0,0,0,9
rosy,1,0,0,0,0,0,0,0,0,0,0
health,0,0,0,0,0,0,6,0,0,0,0
lovely,2,0,0,0,0,0,0,0,0,0,0
smile,0,0,0,0,0,0,13,0,0,0,14
eye,0,0,0,0,0,0,38,0,0,0,0
bright,11,0,0,0,0,0,0,0,0,0,0
good,68,0,3,0,0,1,0,0,0,0,0
humour,0,0,0,0,0,0,2,0,0,0,0
tear,0,0,0,0,0,0,15,0,0,0,4
happen,0,0,0,0,0,0,0,0,0,0,19
kind,28,0,0,0,0,0,2,0,0,0,1
heart,0,0,0,0,0,0,37,0,0,0,0
world,0,0,0,0,0,0,10,0,0,0,0
know,0,0,0,0,0,0,0,0,0,0,80
glad,7,0,0,0,0,0,0,0,0,0,0
home,0,0,23,0,0,0,27,0,0,0,0
sad,25,0,0,0,0,0,0,0,0,0,0
friend,0,0,0,0,0,0,88,0,0,0,0
goodbye,0,0,1,0,0,7,11,0,0,0,0
drive,0,0,0,0,0,0,1,0,0,0,9
hand,0,0,0,0,0,0,47,0,0,0,1
hold,0,0,0,0,0,0,0,0,0,0,25
letter,0,0,0,0,0,0,71,0,0,0,0
headmistress,0,0,0,0,0,0,1,0,0,0,0
praise,0,0,0,0,0,0,4,0,0,0,1
educational,1,0,0,0,0,0,0,0,0,0,0
achievement,0,0,0,0,0,0,1,0,0,0,0
sweetness,0,0,0,0,0,0,2,0,0,0,0
nature,0,0,0,0,0,0,5,0,0,0,0
companion,0,0,0,0,0,0,12,0,0,0,0
delighted,3,0,0,0,0,0,0,0,0,0,0
hate,0,0,0,0,0,0,1,0,0,0,6
place,0,0,0,0,0,0,13,0,0,0,2
want,0,0,0,0,0,0,0,0,0,0,37
wish,0,0,0,0,0,0,3,0,0,0,16
river,0,0,0,0,0,0,2,0,0,0,0
shock,0,0,0,0,0,0,2,0,0,0,6
wicked,9,0,0,0,0,0,0,0,0,0,0
thought,0,0,0,0,0,0,13,0,0,0,0
guess,0,0,0,0,0,0,1,0,0,0,3
forgiving,2,0,0,0,0,0,0,0,0,0,0
person,0,0,0,0,0,0,10,0,0,0,0
treat,0,0,0,0,0,0,0,0,0,0,10
badly,0,0,4,0,0,0,0,0,0,0,0
possible,7,0,0,0,0,0,0,0,0,0,0
deserve,0,0,0,0,0,0,0,0,0,0,4
treatment,0,0,0,0,0,0,3,0,0,0,0
get,0,0,0,0,0,0,0,0,0,0,20
father,0,0,0,0,0,0,70,0,0,0,0
artist,0,0,0,0,0,0,4,0,0,0,0
give,0,0,0,0,0,0,0,0,0,0,58
drawing,0,0,0,0,0,0,18,0,0,0,0
lesson,0,0,0,0,0,0,5,0,0,0,0
clever,12,0,0,0,0,0,0,0,0,0,0
man,0,0,0,0,0,0,77,0,0,0,0
pleasant,9,0,0,0,0,0,0,0,0,0,0
debt,0,0,0,0,0,0,24,0,0,0,0
fondness,0,0,0,0,0,0,1,0,0,0,0
bottle,0,0,0,0,0,0,3,0,0,0,0
drunk,2,0,0,0,0,0,0,0,0,0,0
beat,0,0,0,0,0,0,0,0,0,0,11
wife,0,0,0,0,0,0,59,0,0,0,0
daughter,0,0,0,0,0,0,27,0,0,0,0
marry,0,0,0,0,0,0,0,0,0,0,44
french,5,0,0,0,0,0,0,0,0,0,0
dancer,0,0,0,0,0,0,3,0,0,0,0
teach,0,0,0,0,0,0,0,0,0,0,2
speak,0,0,0,0,0,0,0,0,0,0,24
perfect,3,0,0,0,0,0,0,0,0,0,0
die,0,0,0,0,0,0,0,0,0,0,18
care,0,0,0,0,0,0,15,0,0,0,14
seventeen,0,0,0,0,0,0,0,3,0,0,0
deathbed,0,0,0,0,0,0,1,0,0,0,0
write,0,0,0,0,0,0,0,0,0,0,44
beg,0,0,0,0,0,0,0,0,0,0,19
look,0,0,0,0,0,0,9,0,0,0,71
orphan,0,0,0,0,0,0,4,0,0,0,0
employ,0,0,0,0,0,0,0,0,0,0,1
return,0,0,0,0,0,0,4,0,0,0,28
live,0,0,0,0,0,0,0,0,0,0,36
pay,0,0,0,0,0,0,3,0,0,0,54
pound,0,0,0,0,0,0,26,0,0,0,0
year,0,0,0,0,0,0,41,0,0,0,0
allow,0,0,0,0,0,0,0,0,0,0,9
attend,0,0,0,0,0,0,0,0,0,0,2
class,0,0,0,0,0,0,2,0,0,0,0
free,3,0,0,0,0,0,0,0,0,0,1
call,0,0,0,0,0,0,0,0,0,0,15
small,9,0,0,0,0,0,0,0,0,0,0
thin,6,0,0,0,0,0,0,0,0,0,0
pale,12,0,0,0,0,0,0,0,0,0,0
light,2,0,0,0,0,0,3,0,0,0,3
red,11,0,0,0,0,0,1,0,0,0,0
hair,0,0,0,0,0,0,8,0,0,0,0
usually,0,0,6,0,0,0,0,0,0,0,0
keep,0,0,0,0,0,0,0,0,0,0,10
head,0,0,0,0,0,0,14,0,0,0,0
green,7,0,0,0,0,0,0,0,0,0,0
large,11,0,0,0,0,0,0,0,0,0,0
attractive,1,0,0,0,0,0,0,0,0,0,0
especially,0,0,6,0,0,0,0,0,0,0,0
tall,5,0,0,0,0,0,0,0,0,0,0
healthy,1,0,0,0,0,0,0,0,0,0,0
like,1,33,0,0,0,0,1,0,0,0,35
child,0,0,0,0,0,0,32,0,0,0,0
poor,56,0,0,0,0,0,0,0,0,0,0
adult,0,0,0,0,0,0,1,0,0,0,0
angry,12,0,0,0,0,0,0,0,0,0,0
shopkeeper,0,0,0,0,0,0,1,0,0,0,0
demand,0,0,0,0,0,0,0,0,0,0,4
money,0,0,0,0,0,0,89,0,0,0,0
charm,0,0,0,0,0,0,3,0,0,0,6
provide,0,0,0,0,0,0,0,0,0,0,1
meal,0,0,0,0,0,0,2,0,0,0,0
proud,5,0,0,0,0,0,0,0,0,0,0
lively,5,0,0,0,0,0,0,0,0,0,0
mind,0,0,0,0,0,0,9,0,0,0,4
drinking,0,0,0,0,0,0,1,0,0,0,0
party,0,0,0,0,0,0,22,0,0,0,0
conversation,0,0,0,0,0,0,8,0,0,0,0
wild,11,0,0,0,0,0,0,0,0,0,0
hardly,0,0,5,0,0,0,0,0,0,0,0
suitable,3,0,0,0,0,0,0,0,0,0,0
girl,0,0,0,0,0,0,28,0,0,0,0
woman,0,0,0,0,0,0,45,0,0,0,0
old,69,0,0,0,0,0,0,0,0,0,0
argue,0,0,0,0,0,0,0,0,0,0,3
fight,0,0,0,0,0,0,2,0,0,0,6
jealous,3,0,0,0,0,0,0,0,0,0,0
freedom,0,0,0,0,0,0,1,0,0,0,0
house,0,0,0,0,0,0,71,0,0,0,0
feel,0,0,0,0,0,0,0,0,0,0,21
prison,0,0,0,0,0,0,6,0,0,0,0
soon,0,0,29,0,0,0,0,0,0,0,0
make,0,0,0,0,0,0,0,0,0,0,5
plan,0,0,0,0,0,0,12,0,0,0,2
escape,0,0,0,0,0,0,1,0,0,0,3
age,0,0,0,0,0,0,2,0,0,0,0
aged,3,0,0,0,0,0,0,0,0,0,0
nineteen,0,0,0,0,0,0,0,1,0,0,0
obtain,0,0,0,0,0,0,0,0,0,0,4
post,0,0,0,0,0,0,1,0,0,0,1
governess,0,0,0,0,0,0,13,0,0,0,0
spend,0,0,0,0,0,0,0,0,0,0,23
week,0,0,0,0,0,0,15,0,0,0,0
family,0,0,0,0,0,0,39,0,0,0,0
time,0,0,0,0,0,0,68,0,0,0,0
arrive,0,0,0,0,0,0,0,0,0,0,27
forget,0,0,0,0,0,0,0,0,0,0,17
sadness,0,0,0,0,0,0,4,0,0,0,0
happy,27,0,0,0,0,0,0,0,0,0,0
pleasure,0,0,0,0,0,0,5,0,0,0,0
show,0,0,0,0,0,0,0,0,0,0,10
room,0,0,0,0,0,0,67,0,0,0,0
piano,0,0,0,0,0,0,18,0,0,0,0
book,0,0,0,0,0,0,10,0,0,0,0
dress,0,0,0,0,0,0,14,0,0,0,1
jewellery,0,0,0,0,0,0,6,0,0,0,0
wonderful,8,0,0,0,0,0,0,0,0,0,0
present,4,0,0,0,0,0,8,0,0,0,4
brother,0,0,0,0,0,0,45,0,0,0,0
bring,0,0,0,0,0,0,0,0,0,0,27
delightful,4,0,0,0,0,0,0,0,0,0,0
rich,9,0,0,0,0,0,1,0,0,0,0
expect,0,0,0,0,0,0,0,0,0,0,11
pretty,15,0,0,0,0,0,0,0,0,0,0
yes,0,0,0,0,0,22,0,0,0,0,0
wealthy,6,0,0,0,0,0,0,0,0,0,0
married,17,0,0,0,0,0,0,0,0,0,0
pity,0,0,0,0,0,0,4,0,0,0,2
sure,18,0,0,0,0,0,0,0,0,0,0
hope,0,0,0,0,0,0,11,0,0,0,11
meet,0,0,0,0,0,0,0,0,0,0,20
niece,0,0,0,0,0,0,4,0,0,0,0
nephew,0,0,0,0,0,0,8,0,0,0,0
unmarried,2,0,0,0,0,0,0,0,0,0,0
try,0,0,0,0,0,0,0,0,0,0,27
blame,0,0,0,0,0,0,0,0,0,0,2
marriage,0,0,0,0,0,0,30,0,0,0,0
ambition,0,0,0,0,0,0,3,0,0,0,0
remember,0,0,0,0,0,0,0,0,0,0,12
mother,0,0,0,0,0,0,44,0,0,0,0
arrange,0,0,0,0,0,0,0,0,0,0,6
delicate,2,0,0,0,0,0,0,0,0,0,0
business,0,0,0,0,0,0,11,0,0,0,0
husband,0,0,0,0,0,0,59,0,0,0,0
affectionate,13,0,0,0,0,0,0,0,0,0,0
thank,0,0,0,0,0,0,1,0,0,0,9
dinner,0,0,0,0,0,0,29,0,0,0,0
bell,0,0,0,0,0,0,3,0,0,0,0
ring,0,0,0,0,0,0,1,0,0,0,3
downstairs,0,0,6,0,0,0,0,0,0,0,0
arm,0,0,0,0,0,0,25,0,0,0,0
waist,0,0,0,0,0,0,1,0,0,0,0
habit,0,0,0,0,0,0,2,0,0,0,0
dearly,0,0,1,0,0,0,0,0,0,0,0
find,0,0,0,0,0,0,0,0,0,0,44
fat,4,0,0,0,0,0,0,0,0,0,0
fashionably,0,0,1,0,0,0,0,0,0,0,0
colour,0,0,0,0,0,0,1,0,0,0,0
sit,0,0,0,0,0,0,0,0,0,0,40
fire,0,0,0,0,0,0,6,0,0,0,0
read,0,0,0,0,0,0,0,0,0,0,19
newspaper,0,0,0,0,0,0,6,0,0,0,0
enter,0,0,0,0,0,0,0,0,0,0,5
stand,0,0,0,0,0,0,0,0,0,0,13
quickly,0,0,12,0,0,0,0,0,0,0,0
alarm,0,0,0,0,0,0,5,0,0,0,0
embarrassment,0,0,0,0,0,0,1,0,0,0,0
sister,0,0,0,0,0,0,32,0,0,0,0
laugh,0,0,0,0,0,0,6,0,0,0,39
finish,0,0,0,0,0,0,0,0,0,0,7
hear,0,0,0,0,0,0,0,0,0,0,32
talk,0,0,0,0,0,0,3,0,0,0,22
confusion,0,0,0,0,0,0,1,0,0,0,0
cold,4,0,0,0,0,0,0,0,0,0,0
weather,0,0,0,0,0,0,2,0,0,0,0
have,0,0,0,0,0,0,0,0,0,0,9
begin,0,0,0,0,0,0,0,0,0,0,29
stir,0,0,0,0,0,0,0,0,0,0,1
middle,1,0,0,0,0,0,2,0,0,0,0
handsome,11,0,0,0,0,0,0,0,0,0,0
whisper,0,0,0,0,0,0,0,0,0,0,6
loudly,0,0,6,0,0,0,0,0,0,0,0
think,0,0,0,0,0,0,0,0,0,0,79
tell,0,0,0,0,0,0,0,0,0,0,54
step,0,0,0,0,0,0,1,0,0,0,5
fix,0,0,0,0,0,0,0,0,0,0,1
modestly,0,0,1,0,0,0,0,0,0,0,0
carpet,0,0,0,0,0,0,1,0,0,0,0
work,0,0,0,0,0,0,3,0,0,0,2
isolated,2,0,0,0,0,0,0,0,0,0,0
ill,11,0,0,0,0,0,1,0,0,0,0
send,0,0,0,0,0,0,0,0,0,0,38
decide,0,0,0,0,0,0,0,0,0,0,8
enjoy,0,0,0,0,0,0,0,0,0,0,10
miss,0,0,0,0,0,0,0,0,0,0,4
apartment,0,0,0,0,0,0,4,0,0,0,0
horse,0,0,0,0,0,0,17,0,0,0,0
park,0,0,0,0,0,0,8,0,0,0,0
eat,0,0,0,0,0,0,0,0,0,0,7
fashionable,5,0,0,0,0,0,0,0,0,0,0
restaurant,0,0,0,0,0,0,1,0,0,0,0
theatre,0,0,0,0,0,0,3,0,0,0,0
lazy,2,0,0,0,0,0,0,0,0,0,0
vain,4,0,0,0,0,0,0,0,0,0,0
sight,0,0,0,0,0,0,9,0,0,0,0
frighten,0,0,0,0,0,0,0,0,0,0,6
tremendously,0,0,2,0,0,0,0,0,0,0,0
catch,0,0,0,0,0,0,0,0,0,0,5
move,0,0,0,0,0,0,1,0,0,0,11
considerable,1,0,0,0,0,0,0,0,0,0,0
skill,0,0,0,0,0,0,6,0,0,0,0
quiet,8,0,0,0,0,0,0,0,0,0,0
interested,2,0,0,0,0,0,0,0,0,0,0
attention,0,0,0,0,0,0,10,0,0,0,0
son,0,0,0,0,0,0,56,0,0,0,0
nonsense,0,0,0,0,0,0,6,0,0,0,0
reply,0,0,0,0,0,0,3,0,0,0,14
help,0,0,0,0,0,0,0,0,0,0,18
way,0,0,0,0,0,0,26,0,0,0,0
beautiful,5,0,0,0,0,0,0,0,0,0,0
pick,0,0,0,0,0,0,0,0,0,0,3
handkerchief,0,0,0,0,0,0,2,0,0,0,0
drop,0,0,0,0,0,0,0,0,0,0,4
twice,0,0,4,0,1,0,0,0,0,0,0
singing,0,0,0,0,0,0,5,0,0,0,0
shall,0,0,0,12,0,0,0,0,0,0,0
shyness,0,0,0,0,0,0,1,0,0,0,0
overcome,0,0,0,0,0,0,0,0,0,0,1
quietly,0,0,9,0,0,0,0,0,0,0,0
slip,0,0,0,0,0,0,0,0,0,0,3
window,0,0,0,0,0,0,12,0,0,0,0
see,0,0,0,0,0,0,0,0,0,0,47
remark,0,0,0,0,0,0,2,0,0,0,2
day,0,0,0,0,0,0,88,0,0,0,0
mention,0,0,0,0,0,0,1,0,0,0,12
grateful,13,0,0,0,0,0,0,0,0,0,0
respect,0,0,0,0,0,0,5,0,0,0,2
joke,0,0,0,0,0,0,8,0,0,0,1
delight,0,0,0,0,0,0,7,0,0,0,9
excursion,0,0,0,0,0,0,4,0,0,0,0
headache,0,0,0,0,0,0,5,0,0,0,0
happiness,0,0,0,0,0,0,4,0,0,0,0
life,0,0,0,0,0,0,46,0,0,0,0
fact,0,0,0,0,0,0,16,0,0,0,0
win,0,0,0,0,0,0,0,0,0,0,12
reappear,0,0,0,0,0,0,0,0,0,0,1
remind,0,0,0,0,0,0,0,0,0,0,4
promise,0,0,0,0,0,0,6,0,0,0,15
popular,4,0,0,0,0,0,0,0,0,0,0
entertainment,0,0,0,0,0,0,3,0,0,0,0
gentleman,0,0,0,0,0,0,23,0,0,0,0
ask,0,0,0,0,0,0,0,0,0,0,45
come,0,0,0,0,0,0,0,0,0,0,133
exchange,0,0,0,0,0,0,1,0,0,0,1
blush,0,0,0,0,0,0,0,0,0,0,8
night,0,0,0,0,0,0,39,0,0,0,0
rain,0,0,0,0,0,0,6,0,0,0,1
heavily,0,0,2,0,0,0,0,0,0,0,0
people,0,0,0,0,0,0,26,0,0,0,0
postpone,0,0,0,0,0,0,0,0,0,0,1
comfortable,6,0,0,0,0,0,0,0,0,0,0
evening,0,0,0,0,0,0,28,0,0,0,0
instead,0,0,2,0,0,0,0,0,0,0,0
accept,0,0,0,0,0,0,0,0,0,0,8
settlement,0,0,0,0,0,0,2,0,0,0,0
agree,0,0,0,0,0,0,0,0,0,0,9
informal,1,0,0,0,0,0,0,0,0,0,0
surprised,1,0,0,0,0,0,0,0,0,0,0
easily,0,0,3,0,0,0,0,0,0,0,0
question,0,0,0,0,0,0,8,0,0,0,0
listen,0,0,0,0,0,0,0,0,0,0,10
admiringly,0,0,2,0,0,0,0,0,0,0,0
story,0,0,0,0,0,0,12,0,0,0,0
dreadful,6,0,0,0,0,0,0,0,0,0,0
tiger,0,0,0,0,0,0,2,0,0,0,0
hunt,0,0,0,0,0,0,3,0,0,0,0
fear,0,0,0,0,0,0,9,0,0,0,3
bravely,0,0,1,0,0,0,0,0,0,0,0
danger,0,0,0,0,0,0,1,0,0,0,0
exciting,1,0,0,0,0,0,0,0,0,0,0
nearly,0,0,6,0,0,0,0,0,0,0,0
terror,0,0,0,0,0,0,6,0,0,0,0
later,0,0,20,0,0,0,0,0,0,0,0
excellent,4,0,0,0,0,0,0,0,0,0,0
sing,0,0,0,0,0,0,0,0,0,0,9
song,0,0,0,0,0,0,4,0,0,0,0
voice,0,0,0,0,0,0,17,0,0,0,0
tremble,0,0,0,0,0,0,0,0,0,0,11
ending,0,0,0,0,0,0,1,0,0,0,0
state,0,0,0,0,0,0,1,0,0,0,1
uncertain,2,0,0,0,0,0,0,0,0,0,0
future,2,0,0,0,0,0,5,0,0,0,0
soft,8,0,0,0,0,0,0,0,0,0,0
accompany,0,0,0,0,0,0,0,0,0,0,6
glance,0,0,0,0,0,0,4,0,0,0,3
effort,0,0,0,0,0,0,3,0,0,0,0
waste,0,0,0,0,0,0,0,0,0,0,2
fine,25,0,0,0,0,0,0,0,0,0,0
lunch,0,0,0,0,0,0,2,0,0,0,0
tonight,0,0,0,0,0,0,4,0,0,0,0
modest,2,0,0,0,0,0,0,0,0,0,0
boy,0,0,0,0,0,0,53,0,0,0,0
save,0,0,0,0,0,0,0,0,0,0,4
beating,0,0,0,0,0,0,1,0,0,0,0
regiment,0,0,0,0,0,0,11,0,0,0,0
army,0,0,0,0,0,0,17,0,0,0,0
long,15,0,28,0,0,0,0,0,0,0,0
service,0,0,0,0,0,0,1,0,0,0,0
course,0,0,11,0,0,0,24,0,0,0,0
awkward,4,0,0,0,0,0,0,0,0,0,0
plain,3,0,0,0,0,0,0,0,0,0,0
reason,0,0,0,0,0,0,7,0,0,0,0
fellow,0,0,0,0,0,0,7,0,0,0,0
looking,1,0,0,0,0,0,0,0,0,0,0
mirror,0,0,0,0,0,0,1,0,0,0,0
admire,0,0,0,0,0,0,0,0,0,0,15
curly,1,0,0,0,0,0,0,0,0,0,0
black,7,0,0,0,0,0,1,0,0,0,0
watch,0,0,0,0,0,0,3,0,0,0,17
certainly,0,0,5,0,0,0,0,0,0,0,0
sitting,0,0,0,0,0,0,6,0,0,0,0
singe,0,0,0,0,0,0,0,0,0,0,7
happily,0,0,4,0,0,0,0,0,0,0,0
fresh,3,0,0,0,0,0,0,0,0,0,0
rose,0,0,0,0,0,0,1,0,0,0,0
white,10,0,0,0,0,0,0,0,0,0,0
uniform,0,0,0,0,0,0,3,0,0,0,0
forward,0,0,6,0,0,0,0,0,0,0,0
foot,0,0,0,0,0,0,5,0,0,0,0
bow,0,0,0,0,0,0,0,0,0,0,5
clumsily,0,0,1,0,0,0,0,0,0,0,0
upstairs,0,0,6,0,0,0,0,0,0,0,0
stay,0,0,0,0,0,0,1,0,0,0,20
lucky,2,0,0,0,0,0,0,0,0,0,0
everybody,0,0,0,0,0,0,0,0,12,0,0
propose,0,0,0,0,0,0,0,0,0,0,4
walk,0,0,0,0,0,0,3,0,0,0,21
content,2,0,0,0,0,0,1,0,0,0,0
generous,8,0,0,0,0,0,0,0,0,0,0
unselfish,1,0,0,0,0,0,0,0,0,0,0
minute,0,0,0,0,0,0,7,0,0,0,0
separate,0,0,0,0,0,0,0,0,0,0,4
moment,0,0,0,0,0,0,17,0,0,0,0
somebody,0,0,0,0,0,0,0,0,2,0,0
rudely,0,0,1,0,0,0,0,0,0,0,0
push,0,0,0,0,0,0,0,0,0,0,3
past,2,3,1,0,0,0,1,0,0,0,0
fall,0,0,0,0,0,0,0,0,0,0,10
loving,4,0,0,0,0,0,0,0,0,0,0
indian,5,0,0,0,0,0,0,0,0,0,0
sixth,1,0,0,0,0,0,0,0,0,0,0
breathe,0,0,0,0,0,0,0,0,0,0,2
eagerly,0,0,4,0,0,0,0,0,0,0,0
important,3,0,0,0,0,0,0,0,0,0,0
lip,0,0,0,0,0,0,2,0,0,0,0
wildly,0,0,3,0,0,0,0,0,0,0,0
interesting,3,0,0,0,0,0,0,0,0,0,0
start,0,0,0,0,0,0,1,0,0,0,3
firework,0,0,0,0,0,0,1,0,0,0,0
lover,0,0,0,0,0,0,2,0,0,0,0
surround,0,0,0,0,0,0,0,0,0,0,5
crowd,0,0,0,0,0,0,4,0,0,0,1
hurry,0,0,0,0,0,0,1,0,0,0,18
force,0,0,0,0,0,0,0,0,0,0,6
join,0,0,0,0,0,0,0,0,0,0,8
supper,0,0,0,0,0,0,4,0,0,0,0
pass,0,0,0,0,0,0,0,0,0,0,18
table,0,0,0,0,0,0,17,0,0,0,0
prepare,0,0,0,0,0,0,0,0,0,0,4
realize,0,0,0,0,0,0,0,0,0,0,4
drink,0,0,0,0,0,0,3,0,0,0,12
attract,0,0,0,0,0,0,0,0,0,0,2
gather,0,0,0,0,0,0,0,0,0,0,2
hit,0,0,0,0,0,0,0,0,0,0,2
wait,0,0,0,0,0,0,0,0,0,0,19
add,0,0,0,0,0,0,0,0,0,0,5
useful,7,0,0,0,0,0,0,0,0,0,0
bed,0,0,0,0,0,0,15,0,0,0,0
tomorrow,0,0,0,0,0,0,7,0,0,0,0
darling,2,0,0,0,0,0,1,0,0,0,0
wine,0,0,0,0,0,0,12,0,0,0,0
ruin,0,0,0,0,0,0,4,0,0,0,7
terrible,6,0,0,0,0,0,0,0,0,0,0
condition,0,0,0,0,0,0,3,0,0,0,0
improve,0,0,0,0,0,0,0,0,0,0,3
visit,0,0,0,0,0,0,12,0,0,0,29
unkindly,0,0,1,0,0,0,0,0,0,0,0
fool,0,0,0,0,0,0,15,0,0,0,1
law,0,0,0,0,0,0,12,0,0,0,0
social,13,0,0,0,0,0,0,0,0,0,0
position,0,0,0,0,0,0,10,0,0,0,0
continue,0,0,0,0,0,0,0,0,0,0,19
cruel,6,0,0,0,0,0,0,0,0,0,0
result,0,0,0,0,0,0,3,0,0,0,0
recover,0,0,0,0,0,0,0,0,0,0,5
month,0,0,0,0,0,0,15,0,0,0,0
death,0,0,0,0,0,0,16,0,0,0,0
hearted,5,0,0,0,0,0,0,0,0,0,0
clear,9,0,0,0,0,0,0,0,0,0,1
rest,0,0,0,0,0,0,4,0,0,0,1
preparation,0,0,0,0,0,0,1,0,0,0,0
parting,0,0,0,0,0,0,6,0,0,0,0
right,8,0,2,0,0,0,2,0,0,0,0
hesitation,0,0,0,0,0,0,1,0,0,0,0
unkind,2,0,0,0,0,0,0,0,0,0,0
prevent,0,0,0,0,0,0,0,0,0,0,3
imagine,0,0,0,0,0,0,0,0,0,0,4
final,3,0,0,0,0,0,0,0,0,0,0
undying,1,0,0,0,0,0,0,0,0,0,0
friendship,0,0,0,0,0,0,5,0,0,0,0
sincere,1,0,0,0,0,0,0,0,0,0,0
insincere,1,0,0,0,0,0,0,0,0,0,0
travel,0,0,0,0,0,0,0,0,0,0,6
baronet,0,0,0,0,0,0,6,0,0,0,0
landowne,0,0,0,0,0,0,0,0,0,0,1
high,8,0,1,0,0,0,0,0,0,0,0
commerce,0,0,0,0,0,0,1,0,0,0,0
comfort,0,0,0,0,0,0,8,0,0,0,11
reflect,0,0,0,0,0,0,0,0,0,0,1
fail,0,0,0,0,0,0,0,0,0,0,4
adventure,0,0,0,0,0,0,1,0,0,0,0
receive,0,0,0,0,0,0,0,0,0,0,24
dearest,6,0,0,0,0,0,0,0,0,0,0
sweetest,1,0,0,0,0,0,0,0,0,0,0
change,0,0,0,0,0,0,4,0,0,0,12
kindness,0,0,0,0,0,0,10,0,0,0,0
silly,7,0,0,0,0,0,0,0,0,0,0
dirty,1,0,0,0,0,0,0,0,0,0,0
clothe,0,0,0,0,0,0,6,0,0,0,0
smoke,0,0,0,0,0,0,0,0,0,0,3
horrible,1,0,0,0,0,0,0,0,0,0,0
pipe,0,0,0,0,0,0,1,0,0,0,0
rough,4,0,0,0,0,0,0,0,0,0,0
uneducated,1,0,0,0,0,0,0,0,0,0,0
accent,0,0,0,0,0,0,2,0,0,0,0
swear,0,0,0,0,0,0,0,0,0,0,11
servant,0,0,0,0,0,0,24,0,0,0,0
learn,0,0,0,0,0,0,0,0,0,0,3
ugly,2,0,0,0,0,0,0,0,0,0,0
religious,1,0,0,0,0,0,0,0,0,0,0
ride,0,0,0,0,0,0,0,0,0,0,13
countryside,0,0,0,0,0,0,1,0,0,0,0
lead,0,0,0,0,0,0,0,0,0,0,7
second,3,0,0,0,0,0,2,0,0,0,0
faded,1,0,0,0,0,0,0,0,0,0,0
unhappy,8,0,0,0,0,0,0,0,0,0,0
sew,0,0,0,0,0,0,0,0,0,0,5
trouble,0,0,0,0,0,0,2,0,0,0,1
nearby,0,0,1,0,0,0,0,0,0,0,0
quarrel,0,0,0,0,0,0,3,0,0,0,1
believe,0,0,0,0,0,0,0,0,0,0,15
mean,3,0,0,0,0,0,0,0,0,0,12
candle,0,0,0,0,0,0,1,0,0,0,0
complain,0,0,0,0,0,0,0,0,0,0,6
cunning,2,0,0,0,0,0,2,0,0,0,0
title,0,0,0,0,0,0,1,0,0,0,0
foolish,5,0,0,0,0,0,0,0,0,0,0
sort,0,0,0,0,0,0,5,0,0,0,0
falseness,0,0,0,0,0,0,1,0,0,0,0
pretence,0,0,0,0,0,0,1,0,0,0,0
true,11,0,0,0,0,0,0,0,0,0,0
selfish,7,0,0,0,0,0,0,0,0,0,0
rude,2,0,0,0,0,0,0,0,0,0,0
penny,0,0,0,0,0,0,5,0,0,0,0
action,0,0,0,0,0,0,1,0,0,0,0
company,0,0,0,0,0,0,6,0,0,0,0
amusing,7,0,0,0,0,0,0,0,0,0,0
difficulty,0,0,0,0,0,0,2,0,0,0,0
agreeable,4,0,0,0,0,0,0,0,0,0,0
employer,0,0,0,0,0,0,2,0,0,0,0
play,0,0,0,0,0,0,1,0,0,0,28
card,0,0,0,0,0,0,17,0,0,0,0
management,0,0,0,0,0,0,1,0,0,0,0
farm,0,0,0,0,0,0,2,0,0,0,0
garden,0,0,0,0,0,0,3,0,0,0,0
mistress,0,0,0,0,0,0,1,0,0,0,0
careful,4,0,0,0,0,0,0,0,0,0,0
appear,0,0,0,0,0,0,0,0,0,0,6
respectful,2,0,0,0,0,0,0,0,0,0,0
include,0,0,0,0,0,0,0,0,0,0,6
member,0,0,0,0,0,0,2,0,0,0,0
describe,0,0,0,0,0,0,0,0,0,0,1
forgive,0,0,0,0,0,0,0,0,0,0,21
silence,0,0,0,0,0,0,5,0,0,0,0
usual,10,0,0,0,0,0,0,0,0,0,0
different,4,0,0,0,0,0,0,0,0,0,0
yearly,2,0,0,0,0,0,0,0,0,0,0
dancing,0,0,0,0,0,0,3,0,0,0,0
half,1,0,1,0,1,0,2,0,0,0,0
fortune,0,0,0,0,0,0,13,0,0,0,0
seventy,0,0,0,0,0,0,0,3,0,0,0
thousand,0,0,0,0,0,0,1,14,0,0,0
intend,0,0,0,0,0,0,0,0,0,0,4
divide,0,0,0,0,0,0,0,0,0,0,3
captain,0,0,0,0,0,0,6,0,0,0,0
favourite,1,0,0,0,0,0,3,0,0,0,0
aunt,0,0,0,0,0,0,18,0,0,0,0
suppose,0,0,0,0,0,0,0,0,0,0,10
loud,2,0,2,0,0,0,0,0,0,0,0
order,0,0,0,0,0,0,9,0,0,0,9
spite,0,0,0,0,0,0,3,0,0,0,0
gambling,0,0,0,0,0,0,16,0,0,0,0
worth,2,1,0,0,0,0,0,0,0,0,0
far,0,0,5,0,0,0,0,0,0,0,0
boring,2,0,0,0,0,0,0,0,0,0,0
compliment,0,0,0,0,0,0,6,0,0,0,0
dance,0,0,0,0,0,0,2,0,0,0,4
neat,2,0,0,0,0,0,0,0,0,0,0
stare,0,0,0,0,0,0,2,0,0,0,14
strange,2,0,0,0,0,0,0,0,0,0,0
altogether,0,0,2,0,0,0,0,0,0,0,0
accurate,1,0,0,0,0,0,0,0,0,0,0
report,0,0,0,0,0,0,4,0,0,0,0
corridor,0,0,0,0,0,0,1,0,0,0,0
passage,0,0,0,0,0,0,1,0,0,0,0
lean,0,0,0,0,0,0,0,0,0,0,3
nod,0,0,0,0,0,0,0,0,0,0,1
sleepily,0,0,1,0,0,0,0,0,0,0,0
chair,0,0,0,0,0,0,7,0,0,0,0
ignore,0,0,0,0,0,0,0,0,0,0,3
liking,0,0,0,0,0,0,1,0,0,0,0
satisfy,0,0,0,0,0,0,0,0,0,0,3
entertain,0,0,0,0,0,0,0,0,0,0,3
brain,0,0,0,0,0,0,1,0,0,0,0
finger,0,0,0,0,0,0,2,0,0,0,0
truth,0,0,0,0,0,0,4,0,0,0,0
stop,0,0,0,0,0,0,0,0,0,0,15
carry,0,0,0,0,0,0,0,0,0,0,9
inside,0,1,2,0,0,0,0,0,0,0,0
doctor,0,0,0,0,0,0,7,0,0,0,0
sickroom,0,0,0,0,0,0,1,0,0,0,0
naturally,0,0,4,0,0,0,0,0,0,0,0
upsetting,1,0,0,0,0,0,0,0,0,0,0
devoted,8,0,0,0,0,0,0,0,0,0,0
mysterious,1,0,0,0,0,0,0,0,0,0,0
nurse,0,0,0,0,0,0,2,0,0,0,1
persuade,0,0,0,0,0,0,0,0,0,0,7
friendly,4,0,0,0,0,0,0,0,0,0,0
feeling,0,0,0,0,0,0,4,0,0,0,0
rapidly,0,0,1,0,0,0,0,0,0,0,0
illness,0,0,0,0,0,0,6,0,0,0,0
cause,0,0,0,0,0,0,0,0,0,0,5
hot,3,0,0,0,0,0,0,0,0,0,0
fish,0,0,0,0,0,0,1,0,0,0,0
wealth,0,0,0,0,0,0,2,0,0,0,0
relation,0,0,0,0,0,0,5,0,0,0,0
anxious,9,0,0,0,0,0,0,0,0,0,0
case,0,0,0,0,0,0,8,0,0,0,0
unnoticed,2,0,0,0,0,0,0,0,0,0,0
greatly,0,0,6,0,0,0,0,0,0,0,0
offend,0,0,0,0,0,0,0,0,0,0,2
let,0,0,0,0,0,0,0,0,0,0,26
command,0,0,0,0,0,0,0,0,0,0,3
education,0,0,0,0,0,0,1,0,0,0,0
refuse,0,0,0,0,0,0,0,0,0,0,14
message,0,0,0,0,0,0,5,0,0,0,0
visitor,0,0,0,0,0,0,9,0,0,0,0
account,0,0,0,0,0,0,3,0,0,0,0
confuse,0,0,0,0,0,0,0,0,0,0,3
sir,0,0,0,0,0,0,18,0,0,0,0
upset,4,0,0,0,0,0,0,0,0,0,1
run,0,0,0,0,0,0,0,0,0,0,23
real,5,0,0,0,0,0,0,0,0,0,0
sorrow,0,0,0,0,0,0,7,0,0,0,0
knee,0,0,0,0,0,0,3,0,0,0,0
goodness,0,0,0,0,0,0,2,0,0,0,0
damn,0,0,0,0,0,0,0,0,0,0,2
shout,0,0,0,0,0,0,0,0,0,0,12
door,0,0,0,0,0,0,27,0,0,0,0
open,4,0,1,0,0,0,0,0,0,0,17
accidentally,0,0,1,0,0,0,0,0,0,0,0
proposal,0,0,0,0,0,0,2,0,0,0,0
rush,0,0,0,0,0,0,0,0,0,0,4
offer,0,0,0,0,0,0,2,0,0,0,8
horrified,1,0,0,0,0,0,0,0,0,0,0
actually,0,0,1,0,0,0,0,0,0,0,0
tearful,2,0,0,0,0,0,0,0,0,0,0
amazed,2,0,0,0,0,0,0,0,0,0,0
penniless,1,0,0,0,0,0,0,0,0,0,0
miserable,9,0,0,0,0,0,0,0,0,0,0
please,0,0,0,0,0,0,0,0,0,0,6
sense,0,0,0,0,0,0,1,0,0,0,0
remain,0,0,0,0,0,0,0,0,0,0,5
relief,0,0,0,0,0,0,2,0,0,0,0
reveal,0,0,0,0,0,0,0,0,0,0,3
secret,7,0,0,0,0,0,4,0,0,0,0
certain,4,0,0,0,0,0,0,0,0,0,0
crisis,0,0,0,0,0,0,1,0,0,0,0
today,0,0,0,0,0,0,6,0,0,0,0
gamble,0,0,0,0,0,0,0,0,0,0,10
big,7,0,0,0,0,0,0,0,0,0,0
soldier,0,0,0,0,0,0,10,0,0,0,0
solution,0,0,0,0,0,0,1,0,0,0,0
thing,0,0,0,0,0,0,23,0,0,0,0
alive,2,0,0,0,0,0,0,0,0,0,0
rent,0,0,0,0,0,0,6,0,0,0,5
new,24,0,0,0,0,0,0,0,0,0,0
obey,0,0,0,0,0,0,0,0,0,0,7
charming,5,0,0,0,0,0,0,0,0,0,0
wake,0,0,0,0,0,0,0,0,0,0,4
excitement,0,0,0,0,0,0,6,0,0,0,0
sleep,0,0,0,0,0,0,6,0,0,0,7
duty,0,0,0,0,0,0,4,0,0,0,0
news,0,0,0,0,0,0,31,0,0,0,0
hurt,1,0,0,0,0,0,0,0,0,0,6
affection,0,0,0,0,0,0,6,0,0,0,0
strong,6,0,0,0,0,0,0,0,0,0,0
determined,7,0,0,0,0,0,0,0,0,0,0
lie,0,0,0,0,0,0,3,0,0,0,8
share,0,0,0,0,0,0,2,0,0,0,4
shocking,2,0,0,0,0,0,0,0,0,0,0
seat,0,0,0,0,0,0,3,0,0,0,2
comfortably,0,0,1,0,0,0,0,0,0,0,0
armchair,0,0,0,0,0,0,2,0,0,0,0
answer,0,0,0,0,0,0,1,0,0,0,7
gasp,0,0,0,0,0,0,0,0,0,0,4
secretive,1,0,0,0,0,0,0,0,0,0,0
dare,0,0,0,3,0,0,0,0,0,0,5
gently,0,0,8,0,0,0,0,0,0,0,0
nervous,4,0,0,0,0,0,0,0,0,0,0
fury,0,0,0,0,0,0,7,0,0,0,0
mad,1,0,0,0,0,0,0,0,0,0,0
stupid,3,0,0,0,0,0,0,0,0,0,0
scream,0,0,0,0,0,0,1,0,0,0,5
faint,1,0,0,0,0,0,1,0,0,0,0
bedside,0,0,0,0,0,0,2,0,0,0,0
act,0,0,0,0,0,0,0,0,0,0,4
ought,0,0,0,1,0,0,0,0,0,0,0
concern,0,0,0,0,0,0,4,0,0,0,0
break,0,0,0,0,0,0,0,0,0,0,10
furious,6,0,0,0,0,0,0,0,0,0,0
language,0,0,0,0,0,0,2,0,0,0,0
hatred,0,0,0,0,0,0,1,0,0,0,0
unsatisfied,1,0,0,0,0,0,0,0,0,0,0
desire,0,0,0,0,0,0,3,0,0,0,0
perfume,0,0,0,0,0,0,1,0,0,0,0
sparkle,0,0,0,0,0,0,0,0,0,0,6
pat,0,0,0,0,0,0,0,0,0,0,1
cheek,0,0,0,0,0,0,3,0,0,0,0
kiss,0,0,0,0,0,0,4,0,0,0,23
hard,7,0,8,0,0,0,0,0,0,0,0
safe,3,0,1,0,0,0,0,0,0,0,0
parent,0,0,0,0,0,0,12,0,0,0,0
unfortunately,0,0,1,0,0,0,0,0,0,0,0
frequent,1,0,0,0,0,0,0,0,0,0,0
game,0,0,0,0,0,0,9,0,0,0,0
kindly,4,0,2,0,0,0,0,0,0,0,0
dull,6,0,0,0,0,0,0,0,0,0,0
worry,0,0,0,0,0,0,3,0,0,0,5
war,0,0,0,0,0,0,5,0,0,0,0
terrify,0,0,0,0,0,0,0,0,0,0,1
neglect,0,0,0,0,0,0,1,0,0,0,3
trust,0,0,0,0,0,0,0,0,0,0,1
uncritical,1,0,0,0,0,0,0,0,0,0,0
unquestioning,2,0,0,0,0,0,0,0,0,0,0
occasion,0,0,0,0,0,0,3,0,0,0,0
cigar,0,0,0,0,0,0,7,0,0,0,0
horror,0,0,0,0,0,0,3,0,0,0,0
silent,6,0,0,0,0,0,0,0,0,0,0
fiercely,0,0,4,0,0,0,0,0,0,0,0
sweet,9,0,0,0,0,0,0,0,0,0,0
bad,15,0,0,0,0,0,0,0,0,0,0
town,0,0,0,0,0,0,9,0,0,0,0
fond,15,0,0,0,0,0,0,0,0,0,0
self,0,0,0,0,0,0,2,0,0,0,0
satisfied,2,0,0,0,0,0,0,0,0,0,0
lend,0,0,0,0,0,0,0,0,0,0,2
buy,0,0,0,0,0,0,0,0,0,0,14
probably,0,0,3,0,0,0,0,0,0,0,0
nice,4,0,0,0,0,0,0,0,0,0,0
diamond,0,0,0,0,0,0,9,0,0,0,0
shirt,0,0,0,0,0,0,6,0,0,0,0
pin,0,0,0,0,0,0,2,0,0,0,0
sunshine,0,0,0,0,0,0,2,0,0,0,0
fondly,0,0,2,0,0,0,0,0,0,0,0
forehead,0,0,0,0,0,0,1,0,0,0,0
wear,0,0,0,0,0,0,0,0,0,0,6
invite,0,0,0,0,0,0,0,0,0,0,10
dine,0,0,0,0,0,0,0,0,0,0,3
afternoon,0,0,0,0,0,0,4,0,0,0,0
coat,0,0,0,0,0,0,3,0,0,0,0
billiard,0,0,0,0,0,0,7,0,0,0,0
late,4,0,3,0,0,0,0,0,0,0,0
mood,0,0,0,0,0,0,3,0,0,0,0
anxiously,0,0,3,0,0,0,0,0,0,0,0
need,0,0,0,0,0,0,4,0,0,0,5
urgently,0,0,1,0,0,0,0,0,0,0,0
cautiously,0,0,1,0,0,0,0,0,0,0,0
raise,0,0,0,0,0,0,0,0,0,0,4
subject,0,0,0,0,0,0,5,0,0,0,0
explosion,0,0,0,0,0,0,1,0,0,0,0
temper,0,0,0,0,0,0,5,0,0,0,0
mix,0,0,0,0,0,0,0,0,0,0,2
society,0,0,0,0,0,0,13,0,0,0,0
theirs,0,0,0,0,0,0,0,0,2,0,0
bank,0,0,0,0,0,0,9,0,0,0,0
relieved,1,0,0,0,0,0,0,0,0,0,0
properly,0,0,1,0,0,0,0,0,0,0,0
mmm,0,0,0,0,0,1,0,0,0,0,0
higher,0,0,1,0,0,0,0,0,0,0,0
ago,0,0,6,0,0,0,0,0,0,0,0
frown,0,0,0,0,0,0,1,0,0,0,2
coldness,0,0,0,0,0,0,1,0,0,0,0
page,0,0,0,0,0,0,1,0,0,0,0
word,0,0,0,0,0,0,20,0,0,0,0
prove,0,0,0,0,0,0,0,0,0,0,2
ruined,2,0,0,0,0,0,0,0,0,0,0
judge,0,0,0,0,0,0,0,0,0,0,1
lose,0,0,0,0,0,0,0,0,0,0,19
mistake,0,0,0,0,0,0,1,0,0,0,0
disaster,0,0,0,0,0,0,1,0,0,0,0
strike,0,0,0,0,0,0,0,0,0,0,6
island,0,0,0,0,0,0,2,0,0,0,0
invade,0,0,0,0,0,0,0,0,0,0,2
market,0,0,0,0,0,0,1,0,0,0,0
crash,0,0,0,0,0,0,0,0,0,0,2
sale,0,0,0,0,0,0,5,0,0,0,0
set,0,0,0,0,0,0,0,0,0,0,2
express,0,0,0,0,0,0,0,0,0,0,1
sign,0,0,0,0,0,0,3,0,0,0,1
forgiveness,0,0,0,0,0,0,2,0,0,0,0
intention,0,0,0,0,0,0,3,0,0,0,0
cheat,0,0,0,0,0,0,0,0,0,0,2
convenient,3,0,0,0,0,0,0,0,0,0,0
skilful,1,0,0,0,0,0,0,0,0,0,0
sell,0,0,0,0,0,0,0,0,0,0,14
finally,0,0,7,0,0,0,0,0,0,0,0
sorry,6,0,0,0,0,0,0,0,0,0,0
luck,0,0,0,0,0,0,4,0,0,0,0
businessman,0,0,0,0,0,0,1,0,0,0,0
hey,0,0,0,0,0,1,0,0,0,0,0
announce,0,0,0,0,0,0,0,0,0,0,2
widely,0,0,1,0,0,0,0,0,0,0,0
unfashionable,1,0,0,0,0,0,0,0,0,0,0
street,0,0,0,0,0,0,7,0,0,0,0
avoid,0,0,0,0,0,0,0,0,0,0,1
bitter,4,0,0,0,0,0,0,0,0,0,0
unforgiving,1,0,0,0,0,0,0,0,0,0,0
enemy,0,0,0,0,0,0,9,0,0,0,0
inform,0,0,0,0,0,0,0,0,0,0,4
behaviour,0,0,0,0,0,0,2,0,0,0,0
shameful,1,0,0,0,0,0,0,0,0,0,0
suspect,0,0,0,0,0,0,0,0,0,0,2
emotion,0,0,0,0,0,0,8,0,0,0,0
outwardly,0,0,1,0,0,0,0,0,0,0,0
gentle,12,0,0,0,0,0,0,0,0,0,0
bitterness,0,0,0,0,0,0,1,0,0,0,0
anger,0,0,0,0,0,0,9,0,0,0,0
earth,0,0,0,0,0,0,1,0,0,0,0
march,0,0,0,0,0,0,0,0,0,0,6
british,2,0,0,0,0,0,0,0,0,0,0
serve,0,0,0,0,0,0,0,0,0,0,1
abroad,0,0,3,0,0,0,0,0,0,0,0
fighting,0,0,0,0,0,0,2,0,0,0,0
close,5,0,6,0,0,0,0,0,0,0,6
pray,0,0,0,0,0,0,0,0,0,0,3
bear,0,0,0,0,0,0,0,0,0,0,8
idea,0,0,0,0,0,0,6,0,0,0,0
lonely,6,0,0,0,0,0,0,0,0,0,0
passion,0,0,0,0,0,0,1,0,0,0,0
ashamed,2,0,0,0,0,0,0,0,0,0,0
address,0,0,0,0,0,0,1,0,0,0,0
lifeless,1,0,0,0,0,0,0,0,0,0,0
packet,0,0,0,0,0,0,1,0,0,0,0
hour,0,0,0,0,0,0,11,0,0,0,0
outside,0,5,4,0,0,0,0,0,0,0,0
throw,0,0,0,0,0,0,0,0,0,0,16
melt,0,0,0,0,0,0,0,0,0,0,1
flood,0,0,0,0,0,0,1,0,0,0,0
despairing,2,0,0,0,0,0,0,0,0,0,0
weep,0,0,0,0,0,0,0,0,0,0,10
slave,0,0,0,0,0,0,4,0,0,0,0
matter,0,0,1,0,0,0,5,0,0,0,1
overnight,0,0,1,0,0,0,0,0,0,0,0
eyed,2,0,0,0,0,0,0,0,0,0,0
cheerful,5,0,0,0,0,0,0,0,0,0,0
laughter,0,0,0,0,0,0,6,0,0,0,0
apart,0,0,3,0,0,0,0,0,0,0,0
notice,0,0,0,0,0,0,2,0,0,0,6
urge,0,0,0,0,0,0,0,0,0,0,1
fierce,3,0,0,0,0,0,0,0,0,0,0
extremely,0,0,4,0,0,0,0,0,0,0,0
bride,0,0,0,0,0,0,4,0,0,0,0
storm,0,0,0,0,0,0,2,0,0,0,0
forbid,0,0,0,0,0,0,0,0,0,0,3
lack,0,0,0,0,0,0,0,0,0,0,1
courage,0,0,0,0,0,0,2,0,0,0,0
coolly,0,0,1,0,0,0,0,0,0,0,0
battle,0,0,0,0,0,0,11,0,0,0,0
purple,1,0,0,0,0,0,0,0,0,0,0
use,0,0,0,0,0,0,1,0,0,0,2
cut,0,0,0,0,0,0,0,0,0,0,4
beggar,0,0,0,0,0,0,1,0,0,0,0
insult,0,0,0,0,0,0,0,0,0,0,8
defend,0,0,0,0,0,0,0,0,0,0,3
choose,0,0,0,0,0,0,0,0,0,0,5
punish,0,0,0,0,0,0,0,0,0,0,2
fault,0,0,0,0,0,0,6,0,0,0,0
damned,4,0,0,0,0,0,0,0,0,0,0
camp,0,0,0,0,0,0,1,0,0,0,0
secretly,0,0,2,0,0,0,0,0,0,0,0
sound,0,0,0,0,0,0,6,0,0,0,2
church,0,0,0,0,0,0,7,0,0,0,0
roof,0,0,0,0,0,0,1,0,0,0,0
wedding,0,0,0,0,0,0,5,0,0,0,0
ceremony,0,0,0,0,0,0,1,0,0,0,0
kissing,0,0,0,0,0,0,1,0,0,0,0
handshaking,0,0,0,0,0,0,1,0,0,0,0
couple,0,0,0,0,0,0,3,0,0,0,0
turn,0,0,0,0,0,0,0,0,0,0,15
seven,0,0,0,0,0,0,0,2,0,0,0
sea,0,0,0,0,0,0,10,0,0,0,0
air,0,0,0,0,0,0,5,0,0,0,0
ankle,0,0,0,0,0,0,1,0,0,0,0
devil,0,0,0,0,0,0,8,0,0,0,0
alarmed,6,0,0,0,0,0,0,0,0,0,0
yesterday,0,0,0,0,0,0,2,0,0,0,0
honeymoon,0,0,0,0,0,0,1,0,0,0,0
discover,0,0,0,0,0,0,0,0,0,0,2
hotel,0,0,0,0,0,0,14,0,0,0,0
fly,0,0,0,0,0,0,0,0,0,0,3
general,2,0,0,0,0,0,0,0,0,0,0
constantly,0,0,3,0,0,0,0,0,0,0,0
conveniently,0,0,1,0,0,0,0,0,0,0,0
enable,0,0,0,0,0,0,0,0,0,0,3
refill,0,0,0,0,0,0,0,0,0,0,1
purse,0,0,0,0,0,0,2,0,0,0,0
winning,0,0,0,0,0,0,3,0,0,0,0
plenty,0,0,0,0,0,0,1,0,0,0,0
discuss,0,0,0,0,0,0,0,0,0,0,3
interest,0,0,0,0,0,0,9,0,0,0,0
side,0,0,0,0,0,0,2,0,0,0,0
nervously,0,0,2,0,0,0,0,0,0,0,0
arrival,0,0,0,0,0,0,2,0,0,0,0
depend,0,0,0,0,0,0,0,0,0,0,1
follow,0,0,0,0,0,0,0,0,0,0,9
guard,0,0,0,0,0,0,0,0,0,0,1
possessive,2,0,0,0,0,0,0,0,0,0,0
inherit,0,0,0,0,0,0,0,0,0,0,7
succeed,0,0,0,0,0,0,0,0,0,0,2
meantime,0,0,0,0,0,0,1,0,0,0,0
freely,0,0,1,0,0,0,0,0,0,0,0
confident,3,0,0,0,0,0,0,0,0,0,0
end,0,0,0,0,0,0,9,0,0,0,2
stylish,1,0,0,0,0,0,0,0,0,0,0
original,1,0,0,0,0,0,0,0,0,0,0
opinion,0,0,0,0,0,0,2,0,0,0,0
lowly,1,0,0,0,0,0,0,0,0,0,0
faintly,0,0,1,0,0,0,0,0,0,0,0
uneasy,4,0,0,0,0,0,0,0,0,0,0
brilliant,7,0,0,0,0,0,0,0,0,0,0
shy,2,0,0,0,0,0,0,0,0,0,0
bored,4,0,0,0,0,0,0,0,0,0,0
eager,3,0,0,0,0,0,0,0,0,0,0
balcony,0,0,0,0,0,0,1,0,0,0,0
moonlight,0,0,0,0,0,0,1,0,0,0,0
bit,0,0,0,0,0,0,1,0,0,0,0
smell,0,0,0,0,0,0,2,0,0,0,0
calm,2,0,0,0,0,0,0,0,0,0,1
dive,0,0,0,0,0,0,0,0,0,0,2
bathing,0,0,0,0,0,0,1,0,0,0,0
lot,0,0,0,0,0,0,3,0,0,0,0
insist,0,0,0,0,0,0,0,0,0,0,4
immediate,1,0,0,0,0,0,0,0,0,0,0
water,0,0,0,0,0,0,3,0,0,0,0
burst,0,0,0,0,0,0,0,0,0,0,3
watery,1,0,0,0,0,0,0,0,0,0,0
meeting,0,0,0,0,0,0,5,0,0,0,0
noise,0,0,0,0,0,0,1,0,0,0,0
unable,3,0,0,0,0,0,0,0,0,0,0
creep,0,0,0,0,0,0,0,0,0,0,1
tender,1,0,0,0,0,0,0,0,0,0,0
private,3,0,0,0,0,0,0,0,0,0,0
pleasantly,0,0,1,0,0,0,0,0,0,0,0
rarely,0,0,3,0,0,0,0,0,0,0,0
reader,0,0,0,0,0,0,1,0,0,0,0
forever,0,0,1,0,0,0,0,0,0,0,0
reach,0,0,0,0,0,0,1,0,0,0,2
piece,0,0,0,0,0,0,3,0,0,0,0
sail,0,0,0,0,0,0,0,0,0,0,2
listener,0,0,0,0,0,0,1,0,0,0,0
attack,0,0,0,0,0,0,3,0,0,0,2
silently,0,0,3,0,0,0,0,0,0,0,0
handwriting,0,0,0,0,0,0,1,0,0,0,0
lawyer,0,0,0,0,0,0,12,0,0,0,0
instruct,0,0,0,0,0,0,0,0,0,0,1
recognize,0,0,0,0,0,0,0,0,0,0,6
inheritance,0,0,0,0,0,0,4,0,0,0,0
sum,0,0,0,0,0,0,1,0,0,0,0
agent,0,0,0,0,0,0,3,0,0,0,0
receipt,0,0,0,0,0,0,1,0,0,0,0
instruction,0,0,0,0,0,0,4,0,0,0,0
obedient,3,0,0,0,0,0,0,0,0,0,0
partly,0,0,1,0,0,0,0,0,0,0,0
angrily,0,0,6,0,0,0,0,0,0,0,0
luggage,0,0,0,0,0,0,3,0,0,0,0
calmly,0,0,3,0,0,0,0,0,0,0,0
welcome,0,0,0,0,0,0,0,0,0,0,5
list,0,0,0,0,0,0,3,0,0,0,0
dead,7,0,0,0,0,0,0,0,0,0,0
helpful,2,0,0,0,0,0,0,0,0,0,0
impossible,1,0,0,0,0,0,0,0,0,0,0
natured,6,0,0,0,0,0,0,0,0,0,0
violent,2,0,0,0,0,0,0,0,0,0,0
deeply,0,0,11,0,0,0,0,0,0,0,0
ordinary,1,0,0,0,0,0,0,0,0,0,0
mend,0,0,0,0,0,0,0,0,0,0,1
trouser,0,0,0,0,0,0,1,0,0,0,0
well,2,0,5,0,0,0,0,0,0,0,0
owe,0,0,0,0,0,0,0,0,0,0,6
wonder,0,0,0,0,0,0,2,0,0,0,3
idiot,0,0,0,0,0,0,3,0,0,0,0
excite,0,0,0,0,0,0,0,0,0,0,2
seize,0,0,0,0,0,0,0,0,0,0,7
afraid,6,0,0,0,0,0,0,0,0,0,0
admirer,0,0,0,0,0,0,9,0,0,0,0
roar,0,0,0,0,0,0,1,0,0,0,6
determination,0,0,0,0,0,0,1,0,0,0,0
bravo,0,0,0,0,0,1,0,0,0,0,0
fighter,0,0,0,0,0,0,1,0,0,0,0
disapprove,0,0,0,0,0,0,0,0,0,0,1
strongly,0,0,1,0,0,0,0,0,0,0,0
near,0,7,1,0,0,0,0,0,0,0,0
able,4,0,0,0,0,0,0,0,0,0,0
protect,0,0,0,0,0,0,0,0,0,0,6
rejoin,0,0,0,0,0,0,0,0,0,0,2
touch,0,0,0,0,0,0,0,0,0,0,2
lightly,0,0,1,0,0,0,0,0,0,0,0
note,0,0,0,0,0,0,24,0,0,0,1
affectionately,0,0,1,0,0,0,0,0,0,0,0
tiny,2,0,0,0,0,0,0,0,0,0,0
flame,0,0,0,0,0,0,1,0,0,0,0
jealousy,0,0,0,0,0,0,2,0,0,0,0
burn,0,0,0,0,0,0,0,0,0,0,1
defence,0,0,0,0,0,0,1,0,0,0,0
information,0,0,0,0,0,0,1,0,0,0,0
collarbone,0,0,0,0,0,0,1,0,0,0,0
chance,0,0,0,0,0,0,4,0,0,0,0
beach,0,0,0,0,0,0,1,0,0,0,0
pour,0,0,0,0,0,0,0,0,0,0,5
declaration,0,0,0,0,0,0,1,0,0,0,0
puzzled,2,0,0,0,0,0,0,0,0,0,0
pull,0,0,0,0,0,0,0,0,0,0,4
ear,0,0,0,0,0,0,5,0,0,0,0
shoulder,0,0,0,0,0,0,5,0,0,0,0
correct,0,0,0,0,0,0,0,0,0,0,1
spelling,0,0,0,0,0,0,2,0,0,0,0
grammar,0,0,0,0,0,0,2,0,0,0,0
soldierly,1,0,0,0,0,0,0,0,0,0,0
sentence,0,0,0,0,0,0,1,0,0,0,0
snake,0,0,0,0,0,0,3,0,0,0,0
rule,0,0,0,0,0,0,0,0,0,0,3
briefly,0,0,1,0,0,0,0,0,0,0,0
interview,0,0,0,0,0,0,2,0,0,0,0
success,0,0,0,0,0,0,6,0,0,0,0
office,0,0,0,0,0,0,1,0,0,0,0
communication,0,0,0,0,0,0,1,0,0,0,0
exactly,0,0,3,0,0,0,0,0,0,0,0
financial,3,0,0,0,0,0,0,0,0,0,0
promising,1,0,0,0,0,0,0,0,0,0,0
collect,0,0,0,0,0,0,0,0,0,0,2
cool,1,0,0,0,0,0,0,0,0,0,0
distant,1,0,0,0,0,0,0,0,0,0,0
loss,0,0,0,0,0,0,2,0,0,0,0
expensive,2,0,0,0,0,0,0,0,0,0,0
disapproval,0,0,0,0,0,0,1,0,0,0,0
grand,9,0,0,0,0,0,0,0,0,0,0
shopping,0,0,0,0,0,0,1,0,0,0,0
oddly,0,0,1,0,0,0,0,0,0,0,0
comforting,1,0,0,0,0,0,0,0,0,0,0
admit,0,0,0,0,0,0,0,0,0,0,5
hero,0,0,0,0,0,0,2,0,0,0,0
adore,0,0,0,0,0,0,0,0,0,0,4
disappointment,0,0,0,0,0,0,1,0,0,0,0
lay,0,0,0,0,0,0,0,0,0,0,4
hide,0,0,0,0,0,0,0,0,0,0,8
defeat,0,0,0,0,0,0,1,0,0,0,3
struggle,0,0,0,0,0,0,1,0,0,0,0
line,0,0,0,0,0,0,1,0,0,0,1
confidence,0,0,0,0,0,0,1,0,0,0,0
atmosphere,0,0,0,0,0,0,1,0,0,0,0
enjoyment,0,0,0,0,0,0,1,0,0,0,0
city,0,0,0,0,0,0,9,0,0,0,0
english,4,0,0,0,0,0,0,0,0,0,0
opera,0,0,0,0,0,0,3,0,0,0,0
grow,0,0,0,0,0,0,0,0,0,0,8
military,2,0,0,0,0,0,0,0,0,0,0
moustache,0,0,0,0,0,0,3,0,0,0,0
officer,0,0,0,0,0,0,3,0,0,0,0
sink,0,0,0,0,0,0,0,0,0,0,3
sun,0,0,0,0,0,0,3,0,0,0,0
suddenly,0,0,9,0,0,0,0,0,0,0,0
brightly,0,0,2,0,0,0,0,0,0,0,0
shake,0,0,0,0,0,0,0,0,0,0,7
warmly,0,0,2,0,0,0,0,0,0,0,0
box,0,0,0,0,0,0,3,0,0,0,0
clearly,0,0,1,0,0,0,0,0,0,0,0
busily,0,0,2,0,0,0,0,0,0,0,0
spread,0,0,0,0,0,0,0,0,0,0,1
slippery,1,0,0,0,0,0,0,0,0,0,0
honest,4,0,0,0,0,0,0,0,0,0,0
murmur,0,0,0,0,0,0,1,0,0,0,3
understand,0,0,0,0,0,0,0,0,0,0,5
criticize,0,0,0,0,0,0,0,0,0,0,2
balance,0,0,0,0,0,0,0,0,0,0,1
advice,0,0,0,0,0,0,1,0,0,0,0
convince,0,0,0,0,0,0,0,0,0,0,1
resist,0,0,0,0,0,0,0,0,0,0,1
brilliantly,0,0,1,0,0,0,0,0,0,0,0
suffer,0,0,0,0,0,0,0,0,0,0,6
ball,0,0,0,0,0,0,8,0,0,0,0
generously,0,0,1,0,0,0,0,0,0,0,0
ornament,0,0,0,0,0,0,1,0,0,0,0
amuse,0,0,0,0,0,0,0,0,0,0,5
disturb,0,0,0,0,0,0,0,0,0,0,3
appearance,0,0,0,0,0,0,3,0,0,0,0
failure,0,0,0,0,0,0,1,0,0,0,0
perfection,0,0,0,0,0,0,2,0,0,0,0
shoe,0,0,0,0,0,0,1,0,0,0,0
dressmaker,0,0,0,0,0,0,1,0,0,0,0
careless,3,0,0,0,0,0,0,0,0,0,0
approach,0,0,0,0,0,0,0,0,0,0,2
fetch,0,0,0,0,0,0,0,0,0,0,3
shawl,0,0,0,0,0,0,6,0,0,0,0
poison,0,0,0,0,0,0,2,0,0,0,3
sharp,2,0,0,0,0,0,0,0,0,0,0
knife,0,0,0,0,0,0,1,0,0,0,0
blunt,1,0,0,0,0,0,0,0,0,0,0
weapon,0,0,0,0,0,0,1,0,0,0,0
corner,0,0,0,0,0,0,1,0,0,0,0
clumsy,1,0,0,0,0,0,0,0,0,0,0
food,0,0,0,0,0,0,3,0,0,0,0
owner,0,0,0,0,0,0,1,0,0,0,0
roll,0,0,0,0,0,0,0,0,0,0,1
quick,1,0,0,0,0,0,0,0,0,0,0
knowing,2,0,0,0,0,0,0,0,0,0,0
hammer,0,0,0,0,0,0,0,0,0,0,1
victory,0,0,0,0,0,0,3,0,0,0,0
noisy,2,0,0,0,0,0,0,0,0,0,0
crowded,1,0,0,0,0,0,0,0,0,0,0
glass,0,0,0,0,0,0,2,0,0,0,0
hallo,0,0,0,0,0,1,0,0,0,0,0
bang,0,0,0,0,0,0,0,0,0,0,5
advance,0,0,0,0,0,0,0,0,0,0,2
guilt,0,0,0,0,0,0,2,0,0,0,0
value,0,0,0,0,0,0,0,0,0,0,1
kill,0,0,0,0,0,0,0,0,0,0,13
regret,0,0,0,0,0,0,1,0,0,0,0
bedroom,0,0,0,0,0,0,5,0,0,0,0
pure,2,0,0,0,0,0,0,0,0,0,0
innocent,15,0,0,0,0,0,0,0,0,0,0
sick,4,0,0,0,0,0,1,0,0,0,0
shame,0,0,0,0,0,0,3,0,0,0,0
bend,0,0,0,0,0,0,0,0,0,0,1
neck,0,0,0,0,0,0,6,0,0,0,0
awake,1,0,0,0,0,0,0,0,0,0,0
bugle,0,0,0,0,0,0,1,0,0,0,0
drum,0,0,0,0,0,0,1,0,0,0,0
truly,0,0,2,0,0,0,0,0,0,0,0
affect,0,0,0,0,0,0,0,0,0,0,1
brave,8,0,0,0,0,0,0,0,0,0,0
wisely,0,0,1,0,0,0,0,0,0,0,0
sensible,1,0,0,0,0,0,0,0,0,0,0
easy,4,0,0,0,0,0,0,0,0,0,0
shoot,0,0,0,0,0,0,0,0,0,0,4
softly,0,0,1,0,0,0,0,0,0,0,0
wipe,0,0,0,0,0,0,0,0,0,0,1
lovingly,0,0,2,0,0,0,0,0,0,0,0
thirty,0,0,0,0,0,0,0,2,0,0,0
price,0,0,0,0,0,0,2,0,0,0,0
seldom,0,0,1,0,0,0,0,0,0,0,0
clouded,1,0,0,0,0,0,0,0,0,0,0
wave,0,0,0,0,0,0,1,0,0,0,1
rise,0,0,0,0,0,0,0,0,0,0,5
lock,0,0,0,0,0,0,0,0,0,0,6
writing,0,0,0,0,0,0,4,0,0,0,0
desk,0,0,0,0,0,0,8,0,0,0,0
coffee,0,0,0,0,0,0,1,0,0,0,0
pleased,8,0,0,0,0,0,0,0,0,0,0
carefully,0,0,1,0,0,0,0,0,0,0,0
possession,0,0,0,0,0,0,3,0,0,0,0
cheque,0,0,0,0,0,0,5,0,0,0,0
cash,0,0,0,0,0,0,0,0,0,0,1
daybreak,0,0,0,0,0,0,1,0,0,0,0
yawn,0,0,0,0,0,0,0,0,0,0,1
rub,0,0,0,0,0,0,0,0,0,0,1
desperately,0,0,2,0,0,0,0,0,0,0,0
crossly,0,0,1,0,0,0,0,0,0,0,0
safely,0,0,1,0,0,0,0,0,0,0,0
event,0,0,0,0,0,0,6,0,0,0,0
opportunity,0,0,0,0,0,0,1,0,0,0,0
helpless,1,0,0,0,0,0,0,0,0,0,0
speechless,1,0,0,0,0,0,0,0,0,0,0
misery,0,0,0,0,0,0,3,0,0,0,0
wrap,0,0,0,0,0,0,0,0,0,0,2
hang,0,0,0,0,0,0,0,0,0,0,2
loose,1,0,0,0,0,0,0,0,0,0,0
packing,0,0,0,0,0,0,1,0,0,0,0
band,0,0,0,0,0,0,1,0,0,0,0
flag,0,0,0,0,0,0,1,0,0,0,0
proudly,0,0,1,0,0,0,0,0,0,0,0
music,0,0,0,0,0,0,2,0,0,0,0
wound,0,0,0,0,0,0,0,0,0,0,1
shop,0,0,0,0,0,0,2,0,0,0,0
put,0,0,0,0,0,0,0,0,0,0,4
refresh,0,0,0,0,0,0,0,0,0,0,1
style,0,0,0,0,0,0,3,0,0,0,0
wise,2,0,0,0,0,0,0,0,0,0,0
admiring,2,0,0,0,0,0,0,0,0,0,0
fast,0,0,1,0,0,0,0,0,0,0,0
doubt,0,0,3,0,0,0,3,0,0,0,0
suspicion,0,0,0,0,0,0,3,0,0,0,0
presently,0,0,1,0,0,0,0,0,0,0,0
tap,0,0,0,0,0,0,0,0,0,0,2
pain,0,0,0,0,0,0,3,0,0,0,0
part,0,0,0,0,0,0,1,0,0,0,2
steadiness,0,0,0,0,0,0,1,0,0,0,0
surprise,0,0,0,0,0,0,1,0,0,0,3
steal,0,0,0,0,0,0,0,0,0,0,1
false,4,0,0,0,0,0,0,0,0,0,0
wrong,3,0,0,0,0,0,2,0,0,0,0
trick,0,0,0,0,0,0,1,0,0,0,0
kneel,0,0,0,0,0,0,0,0,0,0,1
presence,0,0,0,0,0,0,2,0,0,0,0
stroke,0,0,0,0,0,0,0,0,0,0,1
unwell,1,0,0,0,0,0,0,0,0,0,0
destroy,0,0,0,0,0,0,0,0,0,0,2
gunfire,0,0,0,0,0,0,1,0,0,0,0
wounded,1,0,0,0,0,0,0,0,0,0,0
battlefield,0,0,0,0,0,0,5,0,0,0,0
desperate,3,0,0,0,0,0,0,0,0,0,0
hire,0,0,0,0,0,0,1,0,0,0,4
shave,0,0,0,0,0,0,0,0,0,0,1
search,0,0,0,0,0,0,1,0,0,0,2
valuable,1,0,0,0,0,0,2,0,0,0,0
frightened,1,0,0,0,0,0,0,0,0,0,0
buyer,0,0,0,0,0,0,1,0,0,0,0
joy,0,0,0,0,0,0,5,0,0,0,0
oblige,0,0,0,0,0,0,0,0,0,0,2
enormous,2,0,0,0,0,0,0,0,0,0,0
encouraging,1,0,0,0,0,0,0,0,0,0,0
gun,0,0,0,0,0,0,3,0,0,0,0
patience,0,0,0,0,0,0,1,0,0,0,0
shut,0,0,0,0,0,0,0,0,0,0,4
sunset,0,0,0,0,0,0,1,0,0,0,0
hill,0,0,0,0,0,0,3,0,0,0,0
firm,3,0,0,0,0,0,0,0,0,0,0
darkness,0,0,0,0,0,0,1,0,0,0,0
bullet,0,0,0,0,0,0,1,0,0,0,0
mark,0,0,0,0,0,0,2,0,0,0,0
shot,0,0,0,0,0,0,1,0,0,0,0
bravery,0,0,0,0,0,0,3,0,0,0,0
promotion,0,0,0,0,0,0,1,0,0,0,0
mile,0,0,0,0,0,0,2,0,0,0,0
north,0,0,1,0,0,0,0,0,0,0,0
unsewe,0,0,0,0,0,0,0,0,0,0,1
skirt,0,0,0,0,0,0,1,0,0,0,0
particularly,0,0,1,0,0,0,0,0,0,0,0
thick,2,0,0,0,0,0,0,0,0,0,0
bunch,0,0,0,0,0,0,1,0,0,0,0
wide,2,0,0,0,0,0,0,0,0,0,0
winter,0,0,0,0,0,0,3,0,0,0,0
support,0,0,0,0,0,0,0,0,0,0,2
view,0,0,0,0,0,0,2,0,0,0,0
faithful,3,0,0,0,0,0,0,0,0,0,0
impress,0,0,0,0,0,0,0,0,0,0,3
fame,0,0,0,0,0,0,1,0,0,0,0
sympathy,0,0,0,0,0,0,2,0,0,0,0
teacher,0,0,0,0,0,0,2,0,0,0,0
frequently,0,0,2,0,0,0,0,0,0,0,0
introduce,0,0,0,0,0,0,0,0,0,0,2
connect,0,0,0,0,0,0,0,0,0,0,1
approve,0,0,0,0,0,0,0,0,0,0,5
soften,0,0,0,0,0,0,0,0,0,0,2
shamelessly,0,0,1,0,0,0,0,0,0,0,0
gain,0,0,0,0,0,0,0,0,0,0,2
acceptance,0,0,0,0,0,0,2,0,0,0,0
parisian,1,0,0,0,0,0,0,0,0,0,0
spring,0,0,0,0,0,0,1,0,0,0,0
announcement,0,0,0,0,0,0,2,0,0,0,0
height,0,0,0,0,0,0,1,0,0,0,0
lifetime,0,0,0,0,0,0,1,0,0,0,0
encouragement,0,0,0,0,0,0,2,0,0,0,0
complete,1,0,0,0,0,0,0,0,0,0,1
unaware,1,0,0,0,0,0,0,0,0,0,0
eighteen,0,0,0,0,0,0,0,3,0,0,0
village,0,0,0,0,0,0,1,0,0,0,0
reliable,1,0,0,0,0,0,0,0,0,0,0
income,0,0,0,0,0,0,3,0,0,0,0
warning,0,0,0,0,0,0,1,0,0,0,0
inexperienced,1,0,0,0,0,0,0,0,0,0,0
unfortunate,2,0,0,0,0,0,0,0,0,0,0
reputation,0,0,0,0,0,0,4,0,0,0,0
tired,4,0,0,0,0,0,0,0,0,0,0
gloomily,0,0,2,0,0,0,0,0,0,0,0
keen,3,0,0,0,0,0,0,0,0,0,0
government,0,0,0,0,0,0,3,0,0,0,0
appointment,0,0,0,0,0,0,3,0,0,0,0
governor,0,0,0,0,0,0,2,0,0,0,0
point,0,0,0,0,0,0,2,0,0,0,4
bill,0,0,0,0,0,0,4,0,0,0,0
evidence,0,0,0,0,0,0,1,0,0,0,0
worthless,1,0,0,0,0,0,0,0,0,0,0
rubbish,0,0,0,0,0,0,1,0,0,0,0
landlord,0,0,0,0,0,0,11,0,0,0,0
wage,0,0,0,0,0,0,4,0,0,0,0
supplier,0,0,0,0,0,0,1,0,0,0,0
unsmiling,1,0,0,0,0,0,0,0,0,0,0
wickedness,0,0,0,0,0,0,1,0,0,0,0
faced,1,0,0,0,0,0,0,0,0,0,0
congratulate,0,0,0,0,0,0,0,0,0,0,2
survive,0,0,0,0,0,0,0,0,0,0,2
promote,0,0,0,0,0,0,0,0,0,0,1
major,0,0,0,0,0,0,14,0,0,0,0
darkened,1,0,0,0,0,0,0,0,0,0,0
eventually,0,0,2,0,0,0,0,0,0,0,0
expression,0,0,0,0,0,0,3,0,0,0,0
complaint,0,0,0,0,0,0,1,0,0,0,0
grave,0,0,0,0,0,0,1,0,0,0,0
changed,1,0,0,0,0,0,0,0,0,0,0
aware,3,0,0,0,0,0,0,0,0,0,0
widow,0,0,0,0,0,0,8,0,0,0,0
sake,0,0,0,0,0,0,4,0,0,0,0
disobedient,1,0,0,0,0,0,0,0,0,0,0
widowed,1,0,0,0,0,0,0,0,0,0,0
baby,0,0,0,0,0,0,9,0,0,0,0
knowledge,0,0,0,0,0,0,2,0,0,0,0
toy,0,0,0,0,0,0,4,0,0,0,0
wooden,2,0,0,0,0,0,0,0,0,0,0
trumpet,0,0,0,0,0,0,1,0,0,0,0
warlike,1,0,0,0,0,0,0,0,0,0,0
asleep,4,0,0,0,0,0,0,0,0,0,0
hush,1,0,0,0,0,0,0,0,0,0,1
motherly,1,0,0,0,0,0,0,0,0,0,0
pride,0,0,0,0,0,0,3,0,0,0,0
leaving,0,0,0,0,0,0,1,0,0,0,0
heavy,3,0,0,0,0,0,0,0,0,0,0
astonish,0,0,0,0,0,0,0,0,0,0,2
immediately,0,0,2,0,0,0,0,0,0,0,0
equal,2,0,0,0,0,0,0,0,0,0,0
manner,0,0,0,0,0,0,3,0,0,0,0
disagreeable,1,0,0,0,0,0,0,0,0,0,0
edged,1,0,0,0,0,0,0,0,0,0,0
invitation,0,0,0,0,0,0,4,0,0,0,0
funeral,0,0,0,0,0,0,2,0,0,0,0
reaction,0,0,0,0,0,0,1,0,0,0,0
sorrowful,1,0,0,0,0,0,0,0,0,0,0
cup,0,0,0,0,0,0,3,0,0,0,0
chocolate,0,0,0,0,0,0,1,0,0,0,0
bore,0,0,0,0,0,0,0,0,0,0,4
cost,0,0,0,0,0,0,0,0,0,0,1
jump,0,0,0,0,0,0,0,0,0,0,8
court,0,0,0,0,0,0,4,0,0,0,0
importance,0,0,0,0,0,0,1,0,0,0,0
rare,1,0,0,0,0,0,0,0,0,0,0
earn,0,0,0,0,0,0,0,0,0,0,2
approval,0,0,0,0,0,0,2,0,0,0,0
request,0,0,0,0,0,0,1,0,0,0,0
sympathetically,0,0,1,0,0,0,0,0,0,0,0
sigh,0,0,0,0,0,0,2,0,0,0,5
fortunate,1,0,0,0,0,0,0,0,0,0,0
comment,0,0,0,0,0,0,1,0,0,0,0
political,4,0,0,0,0,0,0,0,0,0,0
dutiful,2,0,0,0,0,0,0,0,0,0,0
inspect,0,0,0,0,0,0,0,0,0,0,1
fruit,0,0,0,0,0,0,2,0,0,0,0
villager,0,0,0,0,0,0,1,0,0,0,0
soup,0,0,0,0,0,0,1,0,0,0,0
difficult,2,0,0,0,0,0,0,0,0,0,0
country,0,0,0,0,0,0,4,0,0,0,0
starve,0,0,0,0,0,0,0,0,0,0,1
manage,0,0,0,0,0,0,0,0,0,0,2
dislike,0,0,0,0,0,0,1,0,0,0,2
tongue,0,0,0,0,0,0,2,0,0,0,0
evil,1,0,0,0,0,0,0,0,0,0,0
belong,0,0,0,0,0,0,0,0,0,0,2
intelligence,0,0,0,0,0,0,1,0,0,0,0
artful,1,0,0,0,0,0,0,0,0,0,0
polite,1,0,0,0,0,0,0,0,0,0,0
sternly,0,0,1,0,0,0,0,0,0,0,0
tea,0,0,0,0,0,0,3,0,0,0,0
greet,0,0,0,0,0,0,0,0,0,0,4
brilliance,0,0,0,0,0,0,4,0,0,0,0
release,0,0,0,0,0,0,0,0,0,0,3
influence,0,0,0,0,0,0,2,0,0,0,0
warn,0,0,0,0,0,0,0,0,0,0,2
growl,0,0,0,0,0,0,1,0,0,0,3
dog,0,0,0,0,0,0,3,0,0,0,0
violently,0,0,1,0,0,0,0,0,0,0,0
display,0,0,0,0,0,0,1,0,0,0,0
kitchen,0,0,0,0,0,0,1,0,0,0,0
bitterly,0,0,3,0,0,0,0,0,0,0,0
bald,1,0,0,0,0,0,0,0,0,0,0
headed,1,0,0,0,0,0,0,0,0,0,0
tooth,0,0,0,0,0,0,1,0,0,0,0
nasty,1,0,0,0,0,0,0,0,0,0,0
bother,0,0,0,0,0,0,0,0,0,0,1
journey,0,0,0,0,0,0,5,0,0,0,0
coach,0,0,0,0,0,0,2,0,0,0,0
awful,1,0,0,0,0,0,0,0,0,0,0
hall,0,0,0,0,0,0,2,0,0,0,0
shyly,0,0,1,0,0,0,0,0,0,0,0
leader,0,0,0,0,0,0,1,0,0,0,0
stable,0,0,0,0,0,0,2,0,0,0,0
rat,0,0,0,0,0,0,1,0,0,0,0
building,0,0,0,0,0,0,1,0,0,0,0
prefer,0,0,0,0,0,0,0,0,0,0,3
guest,0,0,0,0,0,0,4,0,0,0,0
mama,0,0,0,0,0,0,4,0,0,0,0
embarrassed,1,0,0,0,0,0,0,0,0,0,0
unpleasant,1,0,0,0,0,0,0,0,0,0,0
coolness,0,0,0,0,0,0,2,0,0,0,0
study,0,0,0,0,0,0,3,0,0,0,0
holiday,0,0,0,0,0,0,3,0,0,0,0
climb,0,0,0,0,0,0,0,0,0,0,2
ladder,0,0,0,0,0,0,1,0,0,0,0
stiff,1,0,0,0,0,0,0,0,0,0,0
necked,2,0,0,0,0,0,0,0,0,0,0
outshine,0,0,0,0,0,0,0,0,0,0,1
circle,0,0,0,0,0,0,4,0,0,0,0
shrink,0,0,0,0,0,0,0,0,0,0,1
job,0,0,0,0,0,0,3,0,0,0,0
terrified,2,0,0,0,0,0,0,0,0,0,0
flight,0,0,0,0,0,0,1,0,0,0,0
allowance,0,0,0,0,0,0,4,0,0,0,0
monthly,0,0,1,0,0,0,0,0,0,0,0
borrow,0,0,0,0,0,0,0,0,0,0,4
attempt,0,0,0,0,0,0,3,0,0,0,1
pension,0,0,0,0,0,0,3,0,0,0,0
centre,0,0,0,0,0,0,0,0,0,0,1
spoonful,0,0,0,0,0,0,1,0,0,0,0
grab,0,0,0,0,0,0,0,0,0,0,1
medicine,0,0,0,0,0,0,3,0,0,0,0
fireplace,0,0,0,0,0,0,1,0,0,0,0
murderess,0,0,0,0,0,0,4,0,0,0,0
misfortune,0,0,0,0,0,0,2,0,0,0,0
low,2,0,2,0,0,0,0,0,0,0,0
ungrateful,3,0,0,0,0,0,0,0,0,0,0
grandson,0,0,0,0,0,0,5,0,0,0,0
critical,2,0,0,0,0,0,0,0,0,0,0
picture,0,0,0,0,0,0,11,0,0,0,0
wall,0,0,0,0,0,0,3,0,0,0,0
clean,1,0,0,0,0,0,0,0,0,0,1
daily,0,0,3,0,0,0,0,0,0,0,0
weakness,0,0,0,0,0,0,1,0,0,0,0
assistant,0,0,0,0,0,0,2,0,0,0,0
willing,1,0,0,0,0,0,0,0,0,0,0
childhood,0,0,0,0,0,0,1,0,0,0,0
fee,0,0,0,0,0,0,3,0,0,0,0
worried,3,0,0,0,0,0,0,0,0,0,0
carve,0,0,0,0,0,0,0,0,0,0,1
animal,0,0,0,0,0,0,1,0,0,0,0
obvious,1,0,0,0,0,0,0,0,0,0,0
landlady,0,0,0,0,0,0,1,0,0,0,0
horrid,1,0,0,0,0,0,0,0,0,0,0
passionate,1,0,0,0,0,0,0,0,0,0,0
reading,0,0,0,0,0,0,1,0,0,0,0
unwillingly,0,0,2,0,0,0,0,0,0,0,0
damp,1,0,0,0,0,0,0,0,0,0,0
strangely,0,0,1,0,0,0,0,0,0,0,0
curtsy,0,0,0,0,0,0,1,0,0,0,0
land,0,0,0,0,0,0,2,0,0,0,1
noble,5,0,0,0,0,0,0,0,0,0,0
ideal,1,0,0,0,0,0,0,0,0,0,0
speech,0,0,0,0,0,0,1,0,0,0,0
relationship,0,0,0,0,0,0,1,0,0,0,0
fun,0,0,0,0,0,0,3,0,0,0,0
ready,5,0,0,0,0,0,0,0,0,0,0
fuss,0,0,0,0,0,0,0,0,0,0,1
cook,0,0,0,0,0,0,2,0,0,0,1
cheerfully,0,0,1,0,0,0,0,0,0,0,0
king,0,0,0,0,0,0,3,0,0,0,0
appreciate,0,0,0,0,0,0,0,0,0,0,1
opposite,0,1,1,0,0,0,0,0,0,0,0
model,0,0,0,0,0,0,2,0,0,0,0
wifely,1,0,0,0,0,0,0,0,0,0,0
sewing,0,0,0,0,0,0,1,0,0,0,0
regular,3,0,0,0,0,0,0,0,0,0,0
require,0,0,0,0,0,0,0,0,0,0,1
daring,1,0,0,0,0,0,0,0,0,0,0
victim,0,0,0,0,0,0,1,0,0,0,0
behave,0,0,0,0,0,0,0,0,0,0,3
reward,0,0,0,0,0,0,1,0,0,0,0
shade,0,0,0,0,0,0,1,0,0,0,0
jewel,0,0,0,0,0,0,4,0,0,0,0
bracelet,0,0,0,0,0,0,2,0,0,0,0
royal,3,0,0,0,0,0,0,0,0,0,0
particular,2,0,0,0,0,0,0,0,0,0,0
tight,1,0,0,0,0,0,0,0,0,0,0
lipped,1,0,0,0,0,0,0,0,0,0,0
icy,1,0,0,0,0,0,0,0,0,0,0
admiration,0,0,0,0,0,0,2,0,0,0,0
hungarian,1,0,0,0,0,0,0,0,0,0,0
prince,0,0,0,0,0,0,2,0,0,0,0
minister,0,0,0,0,0,0,1,0,0,0,0
compete,0,0,0,0,0,0,0,0,0,0,2
poem,0,0,0,0,0,0,1,0,0,0,0
victorious,2,0,0,0,0,0,0,0,0,0,0
progress,0,0,0,0,0,0,2,0,0,0,0
rid,0,0,0,0,0,0,0,0,0,0,2
suggest,0,0,0,0,0,0,0,0,0,0,2
sadly,0,0,4,0,0,0,0,0,0,0,0
saving,0,0,0,0,0,0,1,0,0,0,0
brief,1,0,0,0,0,0,0,0,0,0,0
size,0,0,0,0,0,0,2,0,0,0,0
hat,0,0,0,0,0,0,2,0,0,0,0
signature,0,0,0,0,0,0,1,0,0,0,0
banker,0,0,0,0,0,0,1,0,0,0,0
madam,0,0,0,0,0,0,1,0,0,0,0
silk,0,0,0,0,0,0,1,0,0,0,0
unhappiness,0,0,0,0,0,0,1,0,0,0,0
busy,1,0,0,0,0,0,0,0,0,0,0
advancement,0,0,0,0,0,0,1,0,0,0,0
household,0,0,0,0,0,0,1,0,0,0,0
deceive,0,0,0,0,0,0,0,0,0,0,2
compare,0,0,0,0,0,0,0,0,0,0,1
liar,0,0,0,0,0,0,2,0,0,0,0
unpaid,1,0,0,0,0,0,0,0,0,0,0
unease,0,0,0,0,0,0,1,0,0,0,0
admired,1,0,0,0,0,0,0,0,0,0,0
fashion,0,0,0,0,0,0,1,0,0,0,0
excuse,0,0,0,0,0,0,1,0,0,0,1
increase,0,0,0,0,0,0,0,0,0,0,3
watchful,1,0,0,0,0,0,0,0,0,0,0
colonel,0,0,0,0,0,0,2,0,0,0,0
charade,0,0,0,0,0,0,1,0,0,0,0
greek,1,0,0,0,0,0,0,0,0,0,0
queen,0,0,0,0,0,0,1,0,0,0,0
murder,0,0,0,0,0,0,0,0,0,0,1
acting,0,0,0,0,0,0,1,0,0,0,0
arrest,0,0,0,0,0,0,0,0,0,0,4
suburb,0,0,0,0,0,0,1,0,0,0,0
unknown,3,0,0,0,0,0,0,0,0,0,0
anxiety,0,0,0,0,0,0,2,0,0,0,0
tongued,1,0,0,0,0,0,0,0,0,0,0
schoolboy,0,0,0,0,0,0,1,0,0,0,0
scold,0,0,0,0,0,0,0,0,0,0,1
stern,1,0,0,0,0,0,0,0,0,0,0
schoolteacher,0,0,0,0,0,0,1,0,0,0,0
local,3,0,0,0,0,0,0,0,0,0,0
constant,1,0,0,0,0,0,0,0,0,0,0
boastful,3,0,0,0,0,0,0,0,0,0,0
grandfather,0,0,0,0,0,0,6,0,0,0,0
eld,1,0,0,0,0,0,0,0,0,0,0
gloomy,1,0,0,0,0,0,0,0,0,0,0
riding,0,0,0,0,0,0,1,0,0,0,0
coachman,0,0,0,0,0,0,2,0,0,0,0
eyebrow,0,0,0,0,0,0,1,0,0,0,0
fearfully,0,0,1,0,0,0,0,0,0,0,0
aloud,0,0,1,0,0,0,0,0,0,0,0
dry,1,0,0,0,0,0,0,0,0,0,0
likely,1,0,0,0,0,0,0,0,0,0,0
permit,0,0,0,0,0,0,0,0,0,0,1
occasionally,0,0,1,0,0,0,0,0,0,0,0
floor,0,0,0,0,0,0,2,0,0,0,0
cowardly,2,0,0,0,0,0,0,0,0,0,0
payment,0,0,0,0,0,0,1,0,0,0,0
suit,0,0,0,0,0,0,2,0,0,0,0
furiously,0,0,1,0,0,0,0,0,0,0,0
store,0,0,0,0,0,0,1,0,0,0,0
lender,0,0,0,0,0,0,1,0,0,0,0
papa,0,0,0,0,0,0,1,0,0,0,0
arrangement,0,0,0,0,0,0,4,0,0,0,0
legal,1,0,0,0,0,0,0,0,0,0,0
document,0,0,0,0,0,0,1,0,0,0,0
boast,0,0,0,0,0,0,0,0,0,0,2
cake,0,0,0,0,0,0,1,0,0,0,0
unopened,1,0,0,0,0,0,0,0,0,0,0
depress,0,0,0,0,0,0,0,0,0,0,1
sleepless,1,0,0,0,0,0,0,0,0,0,0
god,0,0,0,0,0,3,0,0,0,0,0
memory,0,0,0,0,0,0,4,0,0,0,0
spoiled,1,0,0,0,0,0,0,0,0,0,0
commander,0,0,0,0,0,0,2,0,0,0,0
permission,0,0,0,0,0,0,3,0,0,0,0
irishman,0,0,0,0,0,0,1,0,0,0,0
urgent,1,0,0,0,0,0,0,0,0,0,0
argument,0,0,0,0,0,0,2,0,0,0,0
cab,0,0,0,0,0,0,1,0,0,0,0
messenger,0,0,0,0,0,0,3,0,0,0,0
spare,0,0,0,0,0,0,0,0,0,0,1
weekend,0,0,0,0,0,0,1,0,0,0,0
deliver,0,0,0,0,0,0,0,0,0,0,1
prisoner,0,0,0,0,0,0,1,0,0,0,0
heartache,0,0,0,0,0,0,1,0,0,0,0
breathless,1,0,0,0,0,0,0,0,0,0,0
key,0,0,0,0,0,0,3,0,0,0,0
stair,0,0,0,0,0,0,1,0,0,0,0
sofa,0,0,0,0,0,0,4,0,0,0,0
trap,0,0,0,0,0,0,1,0,0,0,0
body,0,0,0,0,0,0,1,0,0,0,0
bleed,0,0,0,0,0,0,0,0,0,0,1
ground,0,0,0,0,0,0,1,0,0,0,0
contain,0,0,0,0,0,0,0,0,0,0,1
sunlight,0,0,0,0,0,0,1,0,0,0,0
comfortless,1,0,0,0,0,0,0,0,0,0,0
pointless,1,0,0,0,0,0,0,0,0,0,0
clock,0,0,0,0,0,0,1,0,0,0,0
neatness,0,0,0,0,0,0,1,0,0,0,0
unshaven,1,0,0,0,0,0,0,0,0,0,0
untidy,1,0,0,0,0,0,0,0,0,0,0
revenge,0,0,0,0,0,0,1,0,0,0,0
broken,2,0,0,0,0,0,0,0,0,0,0
coward,0,0,0,0,0,0,2,0,0,0,0
knock,0,0,0,0,0,0,0,0,0,0,2
rescue,0,0,0,0,0,0,0,0,0,0,2
sacrifice,0,0,0,0,0,0,0,0,0,0,1
despair,0,0,0,0,0,0,2,0,0,0,0
overdue,1,0,0,0,0,0,0,0,0,0,0
maid,0,0,0,0,0,0,1,0,0,0,0
silver,2,0,0,0,0,0,0,0,0,0,0
spoon,0,0,0,0,0,0,1,0,0,0,0
astonished,2,0,0,0,0,0,0,0,0,0,0
guilty,5,0,0,0,0,0,0,0,0,0,0
problem,0,0,0,0,0,0,1,0,0,0,0
paper,0,0,0,0,0,0,1,0,0,0,0
paragraph,0,0,0,0,0,0,1,0,0,0,0
previous,2,0,0,0,0,0,0,0,0,0,0
official,1,0,0,0,0,0,0,0,0,0,0
persuasive,1,0,0,0,0,0,0,0,0,0,0
confused,2,0,0,0,0,0,0,0,0,0,0
lord,0,0,0,0,0,0,2,0,0,0,0
passionately,0,0,1,0,0,0,0,0,0,0,0
heartless,3,0,0,0,0,0,0,0,0,0,0
injustice,0,0,0,0,0,0,2,0,0,0,0
challenge,0,0,0,0,0,0,0,0,0,0,1
duel,0,0,0,0,0,0,2,0,0,0,0
explain,0,0,0,0,0,0,0,0,0,0,2
fatal,1,0,0,0,0,0,0,0,0,0,0
proof,0,0,0,0,0,0,1,0,0,0,0
demonstrate,0,0,0,0,0,0,0,0,0,0,2
belief,0,0,0,0,0,0,2,0,0,0,0
persuasion,0,0,0,0,0,0,1,0,0,0,0
climate,0,0,0,0,0,0,1,0,0,0,0
unhealthy,1,0,0,0,0,0,0,0,0,0,0
salary,0,0,0,0,0,0,1,0,0,0,0
innocence,0,0,0,0,0,0,1,0,0,0,0
chest,0,0,0,0,0,0,1,0,0,0,0
mail,0,0,0,0,0,0,1,0,0,0,0
verdict,0,0,0,0,0,0,1,0,0,0,0
luxury,0,0,0,0,0,0,1,0,0,0,0
recent,1,0,0,0,0,0,0,0,0,0,0
ambitious,1,0,0,0,0,0,0,0,0,0,0
jewelled,1,0,0,0,0,0,0,0,0,0,0
button,0,0,0,0,0,0,1,0,0,0,0
educate,0,0,0,0,0,0,0,0,0,0,1
spoil,0,0,0,0,0,0,0,0,0,0,2
commanding,1,0,0,0,0,0,0,0,0,0,0
breakfast,0,0,0,0,0,0,1,0,0,0,0
personal,1,0,0,0,0,0,0,0,0,0,0
tray,0,0,0,0,0,0,1,0,0,0,0
despite,0,0,0,0,0,0,0,0,0,1,0
leather,0,0,0,0,0,0,1,0,0,0,0
pocket,0,0,0,0,0,0,4,0,0,0,0
cover,0,0,0,0,0,0,0,0,0,0,1
miniature,1,0,0,0,0,0,0,0,0,0,0
painting,0,0,0,0,0,0,3,0,0,0,0
famous,1,0,0,0,0,0,0,0,0,0,0
copy,0,0,0,0,0,0,1,0,0,0,0
pillow,0,0,0,0,0,0,1,0,0,0,0
patient,0,0,0,0,0,0,1,0,0,0,0
bury,0,0,0,0,0,0,0,0,0,0,1
totally,0,0,1,0,0,0,0,0,0,0,0
dependent,1,0,0,0,0,0,0,0,0,0,0
shaky,1,0,0,0,0,0,0,0,0,0,0
wander,0,0,0,0,0,0,0,0,0,0,3
port,0,0,0,0,0,0,1,0,0,0,0
fever,0,0,0,0,0,0,2,0,0,0,0
edge,0,0,0,0,0,0,1,0,0,0,0
ship,0,0,0,0,0,0,8,0,0,0,0
stick,0,0,0,0,0,0,1,0,0,0,0
weak,2,0,0,0,0,0,0,0,0,0,0
strength,0,0,0,0,0,0,2,0,0,0,0
unexpected,1,0,0,0,0,0,0,0,0,0,0
unchanged,1,0,0,0,0,0,0,0,0,0,0
dark,1,0,0,0,0,0,0,0,0,0,0
moon,0,0,0,0,0,0,1,0,0,0,0
star,0,0,0,0,0,0,1,0,0,0,0
overhead,0,0,1,0,0,0,0,0,0,0,0
tempered,1,0,0,0,0,0,0,0,0,0,0
peace,0,0,0,0,0,0,1,0,0,0,0
sixteen,0,0,0,0,0,0,0,1,0,0,0
ghost,0,0,0,0,0,0,1,0,0,0,0
ahead,0,0,2,0,0,0,0,0,0,0,0
figure,0,0,0,0,0,0,3,0,0,0,0
brown,1,0,0,0,0,0,0,0,0,0,0
surely,0,0,1,0,0,0,0,0,0,0,0
pause,0,0,0,0,0,0,1,0,0,0,0
endless,1,0,0,0,0,0,0,0,0,0,0
intelligent,1,0,0,0,0,0,0,0,0,0,0
fully,0,0,1,0,0,0,0,0,0,0,0
grey,1,0,0,0,0,0,0,0,0,0,0
haired,1,0,0,0,0,0,0,0,0,0,0
voyage,0,0,0,0,0,0,1,0,0,0,0
pardon,0,0,0,0,0,0,1,0,0,0,0
devotedly,0,0,2,0,0,0,0,0,0,0,0
fade,0,0,0,0,0,0,0,0,0,0,1
overjoyed,1,0,0,0,0,0,0,0,0,0,0
amazing,1,0,0,0,0,0,0,0,0,0,0
differently,0,0,1,0,0,0,0,0,0,0,0
attentive,1,0,0,0,0,0,0,0,0,0,0
harmless,1,0,0,0,0,0,0,0,0,0,0
guardian,0,0,0,0,0,0,2,0,0,0,0
summer,0,0,0,0,0,0,1,0,0,0,0
trip,0,0,0,0,0,0,1,0,0,0,0
boat,0,0,0,0,0,0,1,0,0,0,0
draw,0,0,0,0,0,0,0,0,0,0,2
castle,0,0,0,0,0,0,1,0,0,0,0
tower,0,0,0,0,0,0,1,0,0,0,0
explore,0,0,0,0,0,0,0,0,0,0,1
sketch,0,0,0,0,0,0,1,0,0,0,0
german,1,0,0,0,0,0,0,0,0,0,0
celebration,0,0,0,0,0,0,1,0,0,0,0
roulette,0,0,0,0,0,0,3,0,0,0,0
wheel,0,0,0,0,0,0,3,0,0,0,0
normally,0,0,1,0,0,0,0,0,0,0,0
fascinated,1,0,0,0,0,0,0,0,0,0,0
gambler,0,0,0,0,0,0,2,0,0,0,0
mask,0,0,0,0,0,0,3,0,0,0,0
madame,0,0,0,0,0,0,1,0,0,0,0
number,0,0,0,0,0,0,3,0,0,0,0
gold,1,0,0,0,0,0,0,0,0,0,0
coin,0,0,0,0,0,0,4,0,0,0,0
beginner,0,0,0,0,0,0,1,0,0,0,0
pile,0,0,0,0,0,0,1,0,0,0,0
masked,2,0,0,0,0,0,0,0,0,0,0
spin,0,0,0,0,0,0,1,0,0,0,1
foolishness,0,0,0,0,0,0,1,0,0,0,0
fair,1,0,0,0,0,0,0,0,0,0,0
heaven,0,0,0,0,0,0,1,0,0,0,0
coast,0,0,0,0,0,0,2,0,0,0,0
respectable,1,0,0,0,0,0,0,0,0,0,0
traveller,0,0,0,0,0,0,1,0,0,0,0
gossip,0,0,0,0,0,0,3,0,0,0,0
familiar,1,0,0,0,0,0,0,0,0,0,0
insulting,1,0,0,0,0,0,0,0,0,0,0
faithfulness,0,0,0,0,0,0,1,0,0,0,0
obedience,0,0,0,0,0,0,1,0,0,0,0
actor,0,0,0,0,0,0,1,0,0,0,0
entertainer,0,0,0,0,0,0,1,0,0,0,0
student,0,0,0,0,0,0,2,0,0,0,0
brandy,0,0,0,0,0,0,2,0,0,0,0
cruelty,0,0,0,0,0,0,1,0,0,0,0
connection,0,0,0,0,0,0,2,0,0,0,0
forgave,0,0,0,0,0,0,0,0,0,0,1
last,0,0,0,0,0,0,0,0,0,0,1
coming,0,0,0,0,0,0,1,0,0,0,0
going,0,0,0,0,0,0,1,0,0,0,0
desert,0,0,0,0,0,0,0,0,0,0,2
interrupt,0,0,0,0,0,0,0,0,0,0,1
fourth,1,0,0,0,0,0,0,0,0,0,0
hello,0,0,0,0,0,1,0,0,0,0,0
englishman,0,0,0,0,0,0,1,0,0,0,0
history,0,0,0,0,0,0,1,0,0,0,0
coldly,0,0,1,0,0,0,0,0,0,0,0
sweetly,0,0,1,0,0,0,0,0,0,0,0
critically,0,0,1,0,0,0,0,0,0,0,0
impatiently,0,0,1,0,0,0,0,0,0,0,0
repeat,0,0,0,0,0,0,0,0,0,0,1
accuse,0,0,0,0,0,0,0,0,0,0,2
unfaithfulness,0,0,0,0,0,0,1,0,0,0,0
deny,0,0,0,0,0,0,0,0,0,0,1
wanderer,0,0,0,0,0,0,1,0,0,0,0
power,0,0,0,0,0,0,4,0,0,0,0
unhappily,0,0,1,0,0,0,0,0,0,0,0
tightly,0,0,2,0,0,0,0,0,0,0,0
misuse,0,0,0,0,0,0,0,0,0,0,1
weight,0,0,0,0,0,0,1,0,0,0,0
accusation,0,0,0,0,0,0,1,0,0,0,0
dream,0,0,0,0,0,0,1,0,0,0,0
capable,1,0,0,0,0,0,0,0,0,0,0
chain,0,0,0,0,0,0,1,0,0,0,0
crack,0,0,0,0,0,0,1,0,0,0,0
fairly,0,0,1,0,0,0,0,0,0,0,0
achieve,0,0,0,0,0,0,0,0,0,0,1
unexpectedly,0,0,1,0,0,0,0,0,0,0,0
restless,1,0,0,0,0,0,0,0,0,0,0
cruelly,0,0,2,0,0,0,0,0,0,0,0
lifelong,1,0,0,0,0,0,0,0,0,0,0
devotion,0,0,0,0,0,0,1,0,0,0,0
pair,0,0,0,0,0,0,1,0,0,0,0
glove,0,0,0,0,0,0,1,0,0,0,0
neatly,0,0,1,0,0,0,0,0,0,0,0
fold,0,0,0,0,0,0,1,0,0,0,1
drawer,0,0,0,0,0,0,1,0,0,0,0
regularly,0,0,1,0,0,0,0,0,0,0,0
beauty,0,0,0,0,0,0,1,0,0,0,0
purity,0,0,0,0,0,0,1,0,0,0,0
belgian,1,0,0,0,0,0,0,0,0,0,0
travelling,0,0,0,0,0,0,1,0,0,0,0
drunken,1,0,0,0,0,0,0,0,0,0,0
precious,1,0,0,0,0,0,0,0,0,0,0
sorrowfully,0,0,1,0,0,0,0,0,0,0,0
wind,0,0,0,0,0,0,1,0,0,0,0
harbour,0,0,0,0,0,0,5,0,0,0,0
cross,0,0,0,0,0,0,0,0,0,0,1
topped,1,0,0,0,0,0,0,0,0,0,0
thunder,0,0,0,0,0,0,1,0,0,0,0
greatcoat,0,0,0,0,0,0,2,0,0,0,0
terribly,0,0,1,0,0,0,0,0,0,0,0
disappear,0,0,0,0,0,0,0,0,0,0,2
lift,0,0,0,0,0,0,0,0,0,0,1
prize,0,0,0,0,0,0,1,0,0,0,0
joyously,0,0,1,0,0,0,0,0,0,0,0
simple,1,0,0,0,0,0,0,0,0,0,0
emotional,1,0,0,0,0,0,0,0,0,0,0
uncle,0,0,0,0,0,0,1,0,0,0,0
european,1,0,0,0,0,0,0,0,0,0,0
sickly,1,0,0,0,0,0,0,0,0,0,0
birth,0,0,0,0,0,0,1,0,0,0,0
completely,0,0,1,0,0,0,0,0,0,0,0
insurance,0,0,0,0,0,0,3,0,0,0,0
dreadfully,0,0,1,0,0,0,0,0,0,0,0
insure,0,0,0,0,0,0,0,0,0,0,1
equally,0,0,1,0,0,0,0,0,0,0,0
suspicious,1,0,0,0,0,0,0,0,0,0,0
investigation,0,0,0,0,0,0,1,0,0,0,0
yellow,1,0,0,0,0,0,0,0,0,0,0
male,0,0,0,0,0,0,1,0,0,0,0
involved,1,0,0,0,0,0,0,0,0,0,0
homeless,1,0,0,0,0,0,0,0,0,0,0
amused,1,0,0,0,0,0,0,0,0,0,0
vanity,0,0,0,0,0,0,1,0,0,0,0
folly,0,0,0,0,0,0,1,0,0,0,0
human,1,0,0,0,0,0,0,0,0,0,0
