word,ADJ,ADP,ADV,AUX,CCONJ,DET,NOUN,NUM,PRON,SCONJ,VERB,X
early,32,0,8,0,0,0,0,0,0,0,0,0
explorer,0,0,0,0,0,0,64,0,0,0,0,0
sail,0,0,0,0,0,0,8,0,0,0,75,0
map,0,0,0,0,0,0,13,0,0,0,3,0
day,0,0,0,0,0,0,29,0,0,0,0,0
limit,0,0,0,0,0,0,1,0,0,0,2,0
know,0,0,0,0,0,0,0,0,0,0,46,0
civilization,0,0,0,0,0,0,1,0,0,0,0,0
result,0,0,0,0,0,0,5,0,0,0,3,0
world,0,0,0,0,0,0,26,0,0,0,0,0
large,13,0,0,0,0,0,0,0,0,0,0,0
habitable,1,0,0,0,0,0,0,0,0,0,0,0
land,0,0,0,0,0,0,29,0,0,0,5,0
masse,0,0,0,0,0,0,2,0,0,0,0,0
discover,0,0,0,0,0,0,0,0,0,0,31,0
circumnavigate,0,0,0,0,0,0,0,0,0,0,6,0
educate,0,0,0,0,0,0,0,0,0,0,3,0
people,0,0,0,0,0,0,13,0,0,0,1,0
time,0,0,0,0,0,0,35,0,0,0,0,0
reasonable,1,0,0,0,0,0,0,0,0,0,0,0
outline,0,0,0,0,0,0,4,0,0,0,1,0
planet,0,0,0,0,0,0,3,0,0,0,0,0
look,0,0,0,0,0,0,0,0,0,0,3,0
like,1,9,0,0,0,0,0,0,0,0,0,0
late,18,0,1,0,0,0,0,0,0,0,0,0
fill,0,0,0,0,0,0,0,0,0,0,4,0
subsequent,2,0,0,0,0,0,0,0,0,0,0,0
period,0,0,0,0,0,0,12,0,0,0,0,0
new,18,0,0,0,0,0,0,0,0,0,0,0
wholly,0,0,1,0,0,0,0,0,0,0,0,0
unknown,7,0,0,0,0,0,0,0,0,0,0,0
explore,0,0,0,0,0,0,0,0,0,0,41,0
potential,2,0,0,0,0,0,1,0,0,0,0,0
place,0,0,0,0,0,0,12,0,0,0,3,0
mystery,0,0,0,0,0,0,2,0,0,0,0,0
search,0,0,0,0,0,0,18,0,0,0,5,0
survey,0,0,0,0,0,0,5,0,0,0,9,0
learn,0,0,0,0,0,0,0,0,0,0,12,0
area,0,0,0,0,0,0,15,0,0,0,0,0
fertile,3,0,0,0,0,0,0,0,0,0,0,0
navigable,1,0,0,0,0,0,0,0,0,0,0,0
river,0,0,0,0,0,0,18,0,0,0,0,0
valuable,4,0,0,0,0,0,0,0,0,0,0,0
natural,11,0,0,0,0,0,0,0,0,0,0,0
resource,0,0,0,0,0,0,2,0,0,0,0,0
effort,0,0,0,0,0,0,7,0,0,0,0,0
help,0,0,0,0,0,0,2,0,0,0,16,0
determine,0,0,0,0,0,0,0,0,0,0,6,0
hundred,0,0,0,0,0,0,2,0,0,0,0,0
million,0,0,0,0,0,0,1,0,0,0,0,0
live,0,0,0,0,0,0,0,0,0,0,10,0
today,0,0,0,0,0,0,2,0,0,0,0,0
history,0,0,0,0,0,0,16,0,0,0,0,0
owe,0,0,0,0,0,0,0,0,0,0,2,0
great,37,0,0,0,0,0,0,0,0,0,0,0
debt,0,0,0,0,0,0,4,0,0,0,0,0
intrepid,3,0,0,0,0,0,0,0,0,0,0,0
soul,0,0,0,0,0,0,1,0,0,0,0,0
motive,0,0,0,0,0,0,1,0,0,0,0,0
method,0,0,0,0,0,0,3,0,0,0,0,0
noble,1,0,0,0,0,0,0,0,0,0,0,0
wealth,0,0,0,0,0,0,7,0,0,0,0,0
conquest,0,0,0,0,0,0,4,0,0,0,0,0
country,0,0,0,0,0,0,25,0,0,0,0,0
serve,0,0,0,0,0,0,0,0,0,0,15,0
little,14,0,2,0,0,0,0,0,0,0,0,0
regard,0,0,0,0,0,0,2,0,0,0,3,0
right,1,0,1,0,0,0,5,0,0,0,0,0
life,0,0,0,0,0,0,20,0,0,0,0,0
native,7,0,0,0,0,0,1,0,0,0,0,0
find,0,0,0,0,0,0,0,0,0,0,45,0
make,0,0,0,0,0,0,0,0,0,0,7,0
complicated,1,0,0,0,0,0,0,0,0,0,0,0
example,0,0,0,0,0,0,8,0,0,0,0,0
last,0,0,0,0,0,0,0,0,0,0,3,0
founder,0,0,0,0,0,0,3,0,0,0,0,0
old,9,0,0,0,0,0,0,0,0,0,0,0
city,0,0,0,0,0,0,11,0,0,0,0,0
nonetheless,0,0,1,0,0,0,0,0,0,0,0,0
brutal,3,0,0,0,0,0,0,0,0,0,0,0
military,7,0,0,0,0,0,0,0,0,0,0,0
commander,0,0,0,0,0,0,14,0,0,0,0,0
instance,0,0,0,0,0,0,1,0,0,0,0,0
slaughter,0,0,0,0,0,0,0,0,0,0,1,0
vanquish,0,0,0,0,0,0,0,0,0,0,1,0
enemy,0,0,0,0,0,0,6,0,0,0,0,0
steep,1,0,0,0,0,0,0,0,0,0,0,0
price,0,0,0,0,0,0,1,0,0,0,0,0
pay,0,0,0,0,0,0,0,0,0,0,4,0
european,13,0,0,0,0,0,0,0,0,0,0,0
supremacy,0,0,0,0,0,0,1,0,0,0,0,0
entitle,0,0,0,0,0,0,0,0,0,0,1,0
create,0,0,0,0,0,0,0,0,0,0,3,0
dutch,21,0,0,0,0,0,0,0,0,0,0,0
cartographer,0,0,0,0,0,0,4,0,0,0,0,0
renaissance,0,0,0,0,0,0,2,0,0,0,0,0
establish,0,0,0,0,0,0,0,0,0,0,35,0
foothold,0,0,0,0,0,0,3,0,0,0,0,0
colonial,7,0,0,0,0,0,0,0,0,0,0,0
empire,0,0,0,0,0,0,10,0,0,0,0,0
intent,2,0,0,0,0,0,0,0,0,0,0,0
further,0,0,0,0,0,0,0,0,0,0,2,0
trade,0,0,0,0,0,0,30,0,0,0,5,0
venture,0,0,0,0,0,0,11,0,0,0,3,0
mixed,1,0,0,0,0,0,0,0,0,0,0,0
agreement,0,0,0,0,0,0,3,0,0,0,0,0
foster,0,0,0,0,0,0,0,0,0,0,1,0
relationship,0,0,0,0,0,0,4,0,0,0,0,0
nation,0,0,0,0,0,0,6,0,0,0,0,0
introduce,0,0,0,0,0,0,0,0,0,0,3,0
slave,0,0,0,0,0,0,9,0,0,0,0,0
give,0,0,0,0,0,0,0,0,0,0,23,0
rise,0,0,0,0,0,0,1,0,0,0,1,0
predatory,1,0,0,0,0,0,0,0,0,0,0,0
class,0,0,0,0,0,0,1,0,0,0,0,0
sea,0,0,0,0,0,0,38,0,0,0,0,0
privateer,0,0,0,0,0,0,12,0,0,0,0,0
essentially,0,0,2,0,0,0,0,0,0,0,0,0
pirate,0,0,0,0,0,0,8,0,0,0,0,0
sanction,0,0,0,0,0,0,0,0,0,0,1,0
license,0,0,0,0,0,0,5,0,0,0,0,0
prey,0,0,0,0,0,0,0,0,0,0,2,0
ship,0,0,0,0,0,0,90,0,0,0,2,0
exchange,0,0,0,0,0,0,2,0,0,0,0,0
board,0,0,0,0,0,0,2,0,0,0,0,0
consider,0,0,0,0,0,0,0,0,0,0,5,0
hero,0,0,0,0,0,0,7,0,0,0,0,0
rogue,0,0,0,0,0,0,1,0,0,0,0,0
depend,0,0,0,0,0,0,0,0,0,0,1,0
point,0,0,0,0,0,0,7,0,0,0,2,0
view,0,0,0,0,0,0,6,0,0,0,0,0
achieve,0,0,0,0,0,0,0,0,0,0,1,0
legendary,4,0,0,0,0,0,0,0,0,0,0,0
status,0,0,0,0,0,0,3,0,0,0,0,0
case,0,0,0,0,0,0,4,0,0,0,0,0
century,0,0,0,0,0,0,23,0,0,0,0,0
rule,0,0,0,0,0,0,3,0,0,0,2,0
contemporary,1,0,0,0,0,0,3,0,0,0,0,0
fortune,0,0,0,0,0,0,6,0,0,0,0,0
plunder,0,0,0,0,0,0,2,0,0,0,6,0
possession,0,0,0,0,0,0,5,0,0,0,0,0
spectacular,1,0,0,0,0,0,0,0,0,0,0,0
fashion,0,0,0,0,0,0,1,0,0,0,0,0
ocean,0,0,0,0,0,0,7,0,0,0,0,0
southern,15,0,0,0,0,0,0,0,0,0,0,0
tip,0,0,0,0,0,0,3,0,0,0,0,0
ultimately,0,0,6,0,0,0,0,0,0,0,0,0
second,24,0,0,0,0,0,0,0,0,0,0,0
captain,0,0,0,0,0,0,15,0,0,0,0,0
globe,0,0,0,0,0,0,3,0,0,0,0,0
take,0,0,0,0,0,0,0,0,0,0,32,0
advantage,0,0,0,0,0,0,1,0,0,0,0,0
element,0,0,0,0,0,0,3,0,0,0,0,0
surprise,0,0,0,0,0,0,1,0,0,0,0,0
enrich,0,0,0,0,0,0,0,0,0,0,1,0
strike,0,0,0,0,0,0,0,0,0,0,6,0
blow,0,0,0,0,0,0,2,0,0,0,0,0
adversary,0,0,0,0,0,0,1,0,0,0,0,0
prior,0,0,1,0,0,0,0,0,0,0,0,0
voyage,0,0,0,0,0,0,73,0,0,0,3,1
spanish,41,0,0,0,0,0,0,0,0,0,0,0
western,20,0,0,0,0,0,0,0,0,0,0,0
expedition,0,0,0,0,0,0,78,0,0,0,0,0
small,18,0,0,0,0,0,0,0,0,0,0,0
succeed,0,0,0,0,0,0,0,0,0,0,8,0
raid,0,0,0,0,0,0,3,0,0,0,2,0
unsuspecting,1,0,0,0,0,0,0,0,0,0,0,0
settlement,0,0,0,0,0,0,25,0,0,0,0,0
coast,0,0,0,0,0,0,66,0,0,0,3,0
exploit,0,0,0,0,0,0,4,0,0,0,1,0
factor,0,0,0,0,0,0,1,0,0,0,0,0
elevate,0,0,0,0,0,0,0,0,0,0,1,0
tension,0,0,0,0,0,0,1,0,0,0,0,0
prepare,0,0,0,0,0,0,0,0,0,0,6,0
invade,0,0,0,0,0,0,0,0,0,0,3,0
massive,1,0,0,0,0,0,0,0,0,0,0,0
fleet,0,0,0,0,0,0,22,0,0,0,0,0
forever,0,0,1,0,0,0,0,0,0,0,0,0
link,0,0,0,0,0,0,0,0,0,0,1,0
defeat,0,0,0,0,0,0,4,0,0,0,5,0
role,0,0,0,0,0,0,4,0,0,0,0,0
victory,0,0,0,0,0,0,3,0,0,0,0,0
lead,0,0,0,0,0,0,1,0,0,0,33,0
damage,0,0,0,0,0,0,3,0,0,0,1,0
advance,0,0,0,0,0,0,5,0,0,0,2,0
attempt,0,0,0,0,0,0,6,0,0,0,4,0
invasion,0,0,0,0,0,0,4,0,0,0,0,0
career,0,0,0,0,0,0,10,0,0,0,0,0
prominent,6,0,0,0,0,0,0,0,0,0,0,0
era,0,0,0,0,0,0,4,0,0,0,0,0
walk,0,0,0,0,0,0,0,0,0,0,2,0
thin,1,0,0,0,0,0,0,0,0,0,0,0
line,0,0,0,0,0,0,3,0,0,0,0,0
ruthless,2,0,0,0,0,0,0,0,0,0,0,0
national,4,0,0,0,0,0,0,0,0,0,0,0
feat,0,0,0,0,0,0,2,0,0,0,0,0
west,8,0,9,0,0,0,7,0,0,0,0,0
south,3,0,10,0,0,0,5,0,0,0,0,0
reach,0,0,0,0,0,0,2,0,0,0,50,0
unusual,3,0,0,0,0,0,0,0,0,0,0,0
journey,0,0,0,0,0,0,18,0,0,0,3,0
long,10,0,8,0,0,0,0,0,0,0,0,0
dangerous,3,0,0,0,0,0,0,0,0,0,0,0
begin,0,0,0,0,0,0,0,0,0,0,25,0
seek,0,0,0,0,0,0,0,0,0,0,19,0
alternate,1,0,0,0,0,0,0,0,0,0,0,0
route,0,0,0,0,0,0,19,0,0,0,0,0
idea,0,0,0,0,0,0,6,0,0,0,0,0
north,11,0,9,0,0,0,14,0,0,0,0,0
american,18,0,0,0,0,0,0,0,0,0,0,0
landmass,0,0,0,0,0,0,3,0,0,0,0,0
fast,2,0,0,0,0,0,0,0,0,0,0,0
objective,0,0,0,0,0,0,1,0,0,0,0,0
particular,2,0,0,0,0,0,0,0,0,0,0,0
interest,0,0,0,0,0,0,18,0,0,0,0,0
northern,13,0,0,0,0,0,0,0,0,0,0,0
direct,1,0,0,0,0,0,0,0,0,0,3,0
access,0,0,0,0,0,0,1,0,0,0,0,0
prove,0,0,0,0,0,0,0,0,0,0,12,0
elusive,1,0,0,0,0,0,0,0,0,0,0,0
despite,0,0,0,0,0,0,0,0,0,10,0,0
dismiss,0,0,0,0,0,0,0,0,0,0,1,0
complete,1,0,0,0,0,0,0,0,0,0,6,0
failure,0,0,0,0,0,0,6,0,0,0,0,0
navigation,0,0,0,0,0,0,10,0,0,0,0,0
precise,1,0,0,0,0,0,0,0,0,0,0,0
charting,0,0,0,0,0,0,3,0,0,0,0,0
seaway,0,0,0,0,0,0,2,0,0,0,0,0
science,0,0,0,0,0,0,9,0,0,0,0,0
exploration,0,0,0,0,0,0,47,0,0,0,0,0
consistent,1,0,0,0,0,0,0,0,0,0,0,0
intellectual,1,0,0,0,0,0,0,0,0,0,0,0
discovery,0,0,0,0,0,0,14,0,0,0,0,0
follow,0,0,0,0,0,0,0,0,0,0,33,0
change,0,0,0,0,0,0,1,0,0,0,2,0
way,0,0,0,0,0,0,25,0,0,0,0,0
determined,3,0,0,0,0,0,0,0,0,0,0,0
navigator,0,0,0,0,0,0,32,0,0,0,0,0
power,0,0,0,0,0,0,8,0,0,0,0,0
eye,0,0,0,0,0,0,2,0,0,0,1,0
settle,0,0,0,0,0,0,0,0,0,0,9,0
colonize,0,0,0,0,0,0,0,0,0,0,4,0
recent,1,0,0,0,0,0,0,0,0,0,0,0
increasingly,0,0,4,0,0,0,0,0,0,0,0,0
sailor,0,0,0,0,0,0,4,0,0,0,0,0
claim,0,0,0,0,0,0,8,0,0,0,7,0
story,0,0,0,0,0,0,3,0,0,0,0,0
race,0,0,0,0,0,0,1,0,0,0,0,0
territory,0,0,0,0,0,0,10,0,0,0,0,0
noteworthy,2,0,0,0,0,0,0,0,0,0,0,0
colonizer,0,0,0,0,0,0,2,0,0,0,0,0
administrative,3,0,0,0,0,0,0,0,0,0,0,0
skill,0,0,0,0,0,0,2,0,0,0,0,0
instrumental,1,0,0,0,0,0,0,0,0,0,0,0
survival,0,0,0,0,0,0,2,0,0,0,0,0
beginning,0,0,0,0,0,0,2,0,0,0,0,0
encounter,0,0,0,0,0,0,1,0,0,0,4,0
legend,0,0,0,0,0,0,5,0,0,0,0,0
fact,0,0,0,0,0,0,2,0,0,0,0,0
distinguish,0,0,0,0,0,0,0,0,0,0,2,0
try,0,0,0,0,0,0,0,0,0,0,9,0
cultivate,0,0,0,0,0,0,0,0,0,0,2,0
constructive,1,0,0,0,0,0,0,0,0,0,0,0
tribe,0,0,0,0,0,0,12,0,0,0,0,0
simply,0,0,1,0,0,0,0,0,0,0,0,0
force,0,0,0,0,0,0,8,0,0,0,12,0
adventurer,0,0,0,0,0,0,14,0,0,0,0,0
turn,0,0,0,0,0,0,2,0,0,0,20,0
attention,0,0,0,0,0,0,4,0,0,0,0,0
east,5,0,2,0,0,0,5,0,0,0,0,0
instead,0,0,6,0,0,0,0,0,0,0,0,0
missionary,3,0,0,0,0,0,7,0,0,0,0,0
work,0,0,0,0,0,0,13,0,0,0,9,0
emerge,0,0,0,0,0,0,0,0,0,0,2,0
motivation,0,0,0,0,0,0,2,0,0,0,0,0
alongside,0,2,0,0,0,0,0,0,0,0,0,0
territorial,1,0,0,0,0,0,0,0,0,0,0,0
thoroughly,0,0,1,0,0,0,0,0,0,0,0,0
expand,0,0,0,0,0,0,0,0,0,0,6,0
extensive,4,0,0,0,0,0,0,0,0,0,0,0
holding,0,0,0,0,0,0,2,0,0,0,0,0
include,0,0,0,0,0,0,0,0,0,0,26,0
part,0,0,0,0,0,0,3,0,0,0,1,0
reason,0,0,0,0,0,0,4,0,0,0,0,0
conduct,0,0,0,0,0,0,1,0,0,0,7,0
behalf,0,0,0,0,0,0,6,0,0,0,0,0
grant,0,0,0,0,0,0,2,0,0,0,9,0
trading,0,0,0,0,0,0,21,0,0,0,0,0
monopoly,0,0,0,0,0,0,7,0,0,0,0,0
region,0,0,0,0,0,0,20,0,0,0,0,0
government,0,0,0,0,0,0,15,0,0,0,0,0
function,0,0,0,0,0,0,0,0,0,0,1,0
facto,0,0,0,0,0,0,0,0,0,0,0,1
navy,0,0,0,0,0,0,10,0,0,0,0,0
base,0,0,0,0,0,0,2,0,0,0,10,0
firm,1,0,0,0,0,0,1,0,0,0,0,0
presence,0,0,0,0,0,0,2,0,0,0,0,0
inland,0,0,1,0,0,0,0,0,0,0,0,0
upper,5,0,0,0,0,0,0,0,0,0,0,0
later,5,0,42,0,0,0,0,0,0,0,0,0
sieur,0,0,0,0,0,0,0,0,0,0,0,8
continue,0,0,0,0,0,0,0,0,0,0,24,0
initial,1,0,0,0,0,0,0,0,0,0,0,0
french,54,0,0,0,0,0,0,0,0,0,0,0
expansion,0,0,0,0,0,0,3,0,0,0,0,0
primarily,0,0,2,0,0,0,0,0,0,0,0,0
drive,0,0,0,0,0,0,0,0,0,0,5,0
strong,4,0,0,0,0,0,0,0,0,0,0,0
bring,0,0,0,0,0,0,0,0,0,0,19,0
approach,0,0,0,0,0,0,2,0,0,0,0,0
involve,0,0,0,0,0,0,0,0,0,0,4,0
forge,0,0,0,0,0,0,0,0,0,0,1,0
understanding,0,0,0,0,0,0,2,0,0,0,0,0
form,0,0,0,0,0,0,1,0,0,0,3,0
alliance,0,0,0,0,0,0,1,0,0,0,0,0
indian,18,0,0,0,0,0,0,0,0,0,0,0
enlist,0,0,0,0,0,0,0,0,0,0,2,0
fight,0,0,0,0,0,0,2,0,0,0,10,0
english,71,0,0,0,0,0,0,0,0,0,0,0
rival,1,0,0,0,0,0,3,0,0,0,1,0
hostile,6,0,0,0,0,0,0,0,0,0,0,0
religious,14,0,0,0,0,0,0,0,0,0,0,0
come,0,0,0,0,0,0,0,0,0,0,17,0
group,0,0,0,0,0,0,11,0,0,0,0,0
dissent,0,0,0,0,0,0,0,0,0,0,1,0
freedom,0,0,0,0,0,0,6,0,0,0,0,0
have,0,0,0,0,0,0,0,0,0,0,20,0
spend,0,0,0,0,0,0,0,0,0,0,16,0
imprison,0,0,0,0,0,0,0,0,0,0,9,0
publicize,0,0,0,0,0,0,0,0,0,0,1,0
controversial,3,0,0,0,0,0,0,0,0,0,0,0
belief,0,0,0,0,0,0,3,0,0,0,0,0
found,0,0,0,0,0,0,0,0,0,0,6,0
governor,0,0,0,0,0,0,16,0,0,0,0,0
constitution,0,0,0,0,0,0,3,0,0,0,0,0
provision,0,0,0,0,0,0,5,0,0,0,0,0
passage,0,0,0,0,0,0,8,0,0,0,0,0
future,3,0,0,0,0,0,1,0,0,0,0,0
amendment,0,0,0,0,0,0,1,0,0,0,0,0
mean,0,0,0,0,0,0,2,0,0,0,2,0
significant,5,0,0,0,0,0,0,0,0,0,0,0
foundation,0,0,0,0,0,0,4,0,0,0,0,0
emanate,0,0,0,0,0,0,0,0,0,0,1,0
flag,0,0,0,0,0,0,2,0,0,0,0,0
strait,0,0,0,0,0,0,11,0,0,0,0,0
bear,0,0,0,0,0,0,0,0,0,0,13,0
alaskan,1,0,0,0,0,0,0,0,0,0,0,0
coastline,0,0,0,0,0,0,4,0,0,0,0,0
purchase,0,0,0,0,0,0,0,0,0,0,2,0
press,0,0,0,0,0,0,0,0,0,0,2,0
interior,1,0,0,0,0,0,7,0,0,0,0,0
continent,0,0,0,0,0,0,13,0,0,0,0,0
remain,0,0,0,0,0,0,0,0,0,0,11,0
vast,5,0,0,0,0,0,0,0,0,0,0,0
expanse,0,0,0,0,0,0,1,0,0,0,0,0
individual,0,0,0,0,0,0,3,0,0,0,0,0
tackle,0,0,0,0,0,0,0,0,0,0,1,0
challenge,0,0,0,0,0,0,1,0,0,0,0,0
island,0,0,0,0,0,0,18,0,0,0,0,0
detailed,3,0,0,0,0,0,0,0,0,0,0,0
chart,0,0,0,0,0,0,4,0,0,0,7,0
vaguely,0,0,1,0,0,0,0,0,0,0,0,0
activity,0,0,0,0,0,0,5,0,0,0,0,0
spot,0,0,0,0,0,0,0,0,0,0,1,0
icy,1,0,0,0,0,0,0,0,0,0,0,0
yield,0,0,0,0,0,0,0,0,0,0,1,0
geographic,5,0,0,0,0,0,0,0,0,0,0,0
navigational,4,0,0,0,0,0,0,0,0,0,0,0
information,0,0,0,0,0,0,3,0,0,0,0,0
broad,2,0,0,0,0,0,0,0,0,0,0,0
scientific,21,0,0,0,0,0,0,0,0,0,0,0
benefit,0,0,0,0,0,0,1,0,0,0,2,0
command,0,0,0,0,0,0,19,0,0,0,16,0
mission,0,0,0,0,0,0,7,0,0,0,0,0
botanist,0,0,0,0,0,0,3,0,0,0,0,0
astronomer,0,0,0,0,0,0,2,0,0,0,0,0
practical,4,0,0,0,0,0,0,0,0,0,0,0
note,0,0,0,0,0,0,2,0,0,0,3,0
recognize,0,0,0,0,0,0,0,0,0,0,1,0
naval,15,0,0,0,0,0,0,0,0,0,0,0
systematically,0,0,1,0,0,0,0,0,0,0,0,0
avoid,0,0,0,0,0,0,0,0,0,0,3,0
outbreak,0,0,0,0,0,0,1,0,0,0,0,0
scurvy,0,0,0,0,0,0,8,0,0,0,0,0
crew,0,0,0,0,0,0,22,0,0,0,0,0
accomplish,0,0,0,0,0,0,0,0,0,0,4,0
insist,0,0,0,0,0,0,0,0,0,0,2,0
specially,0,0,1,0,0,0,0,0,0,0,0,0
design,0,0,0,0,0,0,1,0,0,0,1,0
diet,0,0,0,0,0,0,2,0,0,0,0,0
lime,0,0,0,0,0,0,1,0,0,0,0,0
citrus,0,0,0,0,0,0,2,0,0,0,0,0
fruit,0,0,0,0,0,0,2,0,0,0,0,0
feature,0,0,0,0,0,0,4,0,0,0,1,0
scientist,0,0,0,0,0,0,11,0,0,0,0,0
regularly,0,0,3,0,0,0,0,0,0,0,0,0
join,0,0,0,0,0,0,0,0,0,0,21,0
keep,0,0,0,0,0,0,0,0,0,0,4,0
spirit,0,0,0,0,0,0,4,0,0,0,0,0
treasure,0,0,0,0,0,0,6,0,0,0,0,0
knowledge,0,0,0,0,0,0,16,0,0,0,0,0
detail,0,0,0,0,0,0,9,0,0,0,0,0
record,0,0,0,0,0,0,6,0,0,0,3,0
focus,0,0,0,0,0,0,3,0,0,0,0,0
previously,0,0,5,0,0,0,0,0,0,0,0,0
visit,0,0,0,0,0,0,6,0,0,0,9,0
briefly,0,0,3,0,0,0,0,0,0,0,0,0
type,0,0,0,0,0,0,1,0,0,0,0,0
clear,2,0,0,0,0,0,0,0,0,0,2,0
increase,0,0,0,0,0,0,0,0,0,0,4,0
travel,0,0,0,0,0,0,6,0,0,0,13,0
eventually,0,0,14,0,0,0,0,0,0,0,0,0
thing,0,0,0,0,0,0,1,0,0,0,0,0
tale,0,0,0,0,0,0,1,0,0,0,0,0
adventure,0,0,0,0,0,0,5,0,0,0,0,0
book,0,0,0,0,0,0,16,0,0,0,0,0
popular,7,0,0,0,0,0,0,0,0,0,0,0
man,0,0,0,0,0,0,28,0,0,0,2,0
fuel,0,0,0,0,0,0,0,0,0,0,1,0
purpose,0,0,0,0,0,0,2,0,0,0,0,0
permanent,7,0,0,0,0,0,0,0,0,0,0,0
house,0,0,0,0,0,0,5,0,0,0,1,0
convict,0,0,0,0,0,0,4,0,0,0,2,0
deport,0,0,0,0,0,0,0,0,0,0,1,0
prison,0,0,0,0,0,0,6,0,0,0,0,0
colony,0,0,0,0,0,0,36,0,0,0,0,0
feel,0,0,0,0,0,0,0,0,0,0,1,0
rid,0,0,0,0,0,0,0,0,0,0,1,0
problem,0,0,0,0,0,0,2,0,0,0,0,0
send,0,0,0,0,0,0,0,0,0,0,21,0
halfway,0,0,1,0,0,0,0,0,0,0,0,0
remote,3,0,0,0,0,0,0,0,0,0,0,0
location,0,0,0,0,0,0,1,0,0,0,0,0
cover,0,0,0,0,0,0,0,0,0,0,2,0
literal,1,0,0,0,0,0,0,0,0,0,0,0
sense,0,0,0,0,0,0,2,0,0,0,0,0
add,0,0,0,0,0,0,0,0,0,0,2,0
far,0,0,13,0,0,0,0,0,0,0,0,0
go,0,0,0,0,0,0,0,0,0,0,26,0
vague,1,0,0,0,0,0,0,0,0,0,0,0
blotch,0,0,0,0,0,0,1,0,0,0,0,0
blank,1,0,0,0,0,0,0,0,0,0,0,0
space,0,0,0,0,0,0,2,0,0,0,0,0
clearly,0,0,2,0,0,0,0,0,0,0,0,0
define,0,0,0,0,0,0,0,0,0,0,1,0
shape,0,0,0,0,0,0,1,0,0,0,0,0
recognizable,1,0,0,0,0,0,0,0,0,0,0,0
wide,2,0,1,0,0,0,0,0,0,0,0,0
variety,0,0,0,0,0,0,3,0,0,0,0,0
custom,0,0,0,0,0,0,2,0,0,0,0,0
fur,0,0,0,0,0,0,19,0,0,0,0,0
trader,0,0,0,0,0,0,16,0,0,0,0,0
different,1,0,0,0,0,0,0,0,0,0,0,0
modern,9,0,0,0,0,0,0,0,0,0,0,0
standard,0,0,0,0,0,0,2,0,0,0,0,0
shocking,1,0,0,0,0,0,0,0,0,0,0,0
act,0,0,0,0,0,0,1,0,0,0,2,0
behave,0,0,0,0,0,0,0,0,0,0,1,0
greedy,1,0,0,0,0,0,0,0,0,0,0,0
vain,4,0,0,0,0,0,0,0,0,0,0,0
true,4,0,0,0,0,0,0,0,0,0,0,0
daring,2,0,0,0,0,0,1,0,0,0,0,0
sadly,0,0,1,0,0,0,0,0,0,0,0,0
lack,0,0,0,0,0,0,4,0,0,0,3,0
exist,0,0,0,0,0,0,0,0,0,0,7,0
nobleman,0,0,0,0,0,0,2,0,0,0,0,0
seaman,0,0,0,0,0,0,12,0,0,0,0,0
continually,0,0,1,0,0,0,0,0,0,0,0,0
classic,1,0,0,0,0,0,0,0,0,0,0,0
conquistador,0,0,0,0,0,0,2,0,0,0,0,0
energetic,1,0,0,0,0,0,0,0,0,0,0,0
loyal,4,0,0,0,0,0,0,0,0,0,0,0
gentry,0,0,0,0,0,0,1,0,0,0,0,0
run,0,0,0,0,0,0,1,0,0,0,4,0
away,0,1,2,0,0,0,0,0,0,0,0,0
age,0,0,0,0,0,0,14,0,0,0,0,0
commission,0,0,0,0,0,0,2,0,0,0,7,0
emperor,0,0,0,0,0,0,1,0,0,0,0,0
year,0,0,0,0,0,0,88,0,0,0,0,0
appoint,0,0,0,0,0,0,0,0,0,0,10,0
impatient,1,0,0,0,0,0,0,0,0,0,0,0
dispatch,0,0,0,0,0,0,2,0,0,0,1,0
reluctantly,0,0,1,0,0,0,0,0,0,0,0,0
concern,0,0,0,0,0,0,0,0,0,0,1,0
numerous,5,0,0,0,0,0,0,0,0,0,0,0
imprisonment,0,0,0,0,0,0,2,0,0,0,0,0
free,1,0,0,0,0,0,0,0,0,0,3,0
regain,0,0,0,0,0,0,0,0,0,0,2,0
royal,7,0,0,0,0,0,0,0,0,0,0,0
favour,0,0,0,0,0,0,1,0,0,0,3,0
son,0,0,0,0,0,0,30,0,0,0,0,0
successor,0,0,0,0,0,0,4,0,0,0,0,0
disturb,0,0,0,0,0,0,0,0,0,0,1,0
threat,0,0,0,0,0,0,4,0,0,0,0,0
protestant,6,0,0,0,0,0,1,0,0,0,0,0
strategic,1,0,0,0,0,0,0,0,0,0,0,0
deal,0,0,0,0,0,0,2,0,0,0,2,0
enter,0,0,0,0,0,0,0,0,0,0,19,0
name,0,0,0,0,0,0,2,0,0,0,25,0
bay,0,0,0,0,0,0,8,0,0,0,0,0
build,0,0,0,0,0,0,0,0,0,0,17,0
fort,0,0,0,0,0,0,10,0,0,0,0,0
nearby,2,0,0,0,0,0,0,0,0,0,0,0
massacre,0,0,0,0,0,0,3,0,0,0,2,0
entire,2,0,0,0,0,0,0,0,0,0,0,0
population,0,0,0,0,0,0,1,0,0,0,0,0
hang,0,0,0,0,0,0,0,0,0,0,1,0
body,0,0,0,0,0,0,2,0,0,0,0,0
tree,0,0,0,0,0,0,1,0,0,0,0,0
inscription,0,0,0,0,0,0,1,0,0,0,0,0
heretic,0,0,0,0,0,0,1,0,0,0,0,0
string,0,0,0,0,0,0,3,0,0,0,0,0
present,21,0,0,0,0,0,0,0,0,0,3,0
recall,0,0,0,0,0,0,0,0,0,0,2,0
organize,0,0,0,0,0,0,0,0,0,0,7,0
squadron,0,0,0,0,0,0,3,0,0,0,0,0
die,0,0,0,0,0,0,0,0,0,0,27,0
engage,0,0,0,0,0,0,0,0,0,0,3,0
task,0,0,0,0,0,0,2,0,0,0,0,0
statue,0,0,0,0,0,0,3,0,0,0,0,0
outside,0,1,0,0,0,0,0,0,0,0,0,0
british,18,0,0,0,0,0,0,0,0,0,0,0
remember,0,0,0,0,0,0,0,0,0,0,1,0
lay,0,0,0,0,0,0,0,0,0,0,6,0
pilot,0,0,0,0,0,0,6,0,0,0,1,0
general,1,0,0,0,0,0,4,0,0,0,0,0
vessel,0,0,0,0,0,0,19,0,0,0,0,0
rendezvous,0,0,0,0,0,0,1,0,0,0,1,0
stormy,1,0,0,0,0,0,0,0,0,0,0,0
weather,0,0,0,0,0,0,5,0,0,0,0,0
overland,2,0,4,0,0,0,1,0,0,0,0,0
greet,0,0,0,0,0,0,0,0,0,0,2,0
warm,1,0,0,0,0,0,0,0,0,0,0,0
hospitality,0,0,0,0,0,0,1,0,0,0,0,0
letter,0,0,0,0,0,0,3,0,0,0,0,0
favourable,1,0,0,0,0,0,0,0,0,0,0,0
condition,0,0,0,0,0,0,3,0,0,0,0,0
rejoin,0,0,0,0,0,0,0,0,0,0,2,0
summer,0,0,0,0,0,0,7,0,0,0,0,0
return,0,0,0,0,0,0,11,0,0,0,48,0
successful,5,0,0,0,0,0,0,0,0,0,0,0
negotiation,0,0,0,0,0,0,4,0,0,0,0,0
tsar,0,0,0,0,0,0,2,0,0,0,0,0
formation,0,0,0,0,0,0,2,0,0,0,0,0
russian,3,0,0,0,0,0,0,0,0,0,0,0
lose,0,0,0,0,0,0,0,0,0,0,7,0
shipwreck,0,0,0,0,0,0,3,0,0,0,0,0
northeast,7,0,1,0,0,0,0,0,0,0,0,0
mathematician,0,0,0,0,0,0,3,0,0,0,0,0
philosopher,0,0,0,0,0,0,2,0,0,0,0,0
student,0,0,0,0,0,0,2,0,0,0,0,0
occult,2,0,0,0,0,0,1,0,0,0,0,0
adviser,0,0,0,0,0,0,2,0,0,0,0,0
undertake,0,0,0,0,0,0,0,0,0,0,16,0
earn,0,0,0,0,0,0,0,0,0,0,3,0
bachelor,0,0,0,0,0,0,1,0,0,0,0,0
degree,0,0,0,0,0,0,3,0,0,0,0,0
master,0,0,0,0,0,0,9,0,0,0,1,0
fellow,2,0,0,0,0,0,2,0,0,0,0,0
founding,0,0,0,0,0,0,5,0,0,0,0,0
study,0,0,0,0,0,0,6,0,0,0,7,0
short,4,0,0,0,0,0,0,0,0,0,0,0
stay,0,0,0,0,0,0,1,0,0,0,1,0
pursue,0,0,0,0,0,0,0,0,0,0,2,0
mathematical,5,0,0,0,0,0,0,0,0,0,0,0
professorship,0,0,0,0,0,0,2,0,0,0,0,0
similar,2,0,0,0,0,0,0,0,0,0,0,0
position,0,0,0,0,0,0,5,0,0,0,0,0
apparently,0,0,2,0,0,0,0,0,0,0,0,0
hope,0,0,0,0,0,0,3,0,0,0,6,0
obtain,0,0,0,0,0,0,0,0,0,0,7,0
official,5,0,0,0,0,0,0,0,0,0,0,0
crown,0,0,0,0,0,0,5,0,0,0,0,0
attach,0,0,0,0,0,0,0,0,0,0,2,0
court,0,0,0,0,0,0,8,0,0,0,0,0
offer,0,0,0,0,0,0,0,0,0,0,8,0
instruction,0,0,0,0,0,0,5,0,0,0,0,0
courtier,0,0,0,0,0,0,2,0,0,0,0,0
consultant,0,0,0,0,0,0,1,0,0,0,0,0
astrologer,0,0,0,0,0,0,1,0,0,0,0,0
jail,0,0,0,0,0,0,1,0,0,0,0,0
charge,0,0,0,0,0,0,5,0,0,0,0,0
conjurer,0,0,0,0,0,0,1,0,0,0,0,0
soon,0,0,13,0,0,0,0,0,0,0,0,0
release,0,0,0,0,0,0,1,0,0,0,5,0
ascension,0,0,0,0,0,0,1,0,0,0,0,0
throne,0,0,0,0,0,0,3,0,0,0,0,0
medical,3,0,0,0,0,0,0,0,0,0,0,0
queen,0,0,0,0,0,0,15,0,0,0,0,0
near,0,38,0,0,0,0,0,0,0,0,0,0
laboratory,0,0,0,0,0,0,1,0,0,0,0,0
amass,0,0,0,0,0,0,0,0,0,0,1,0
private,2,0,0,0,0,0,0,0,0,0,0,0
library,0,0,0,0,0,0,3,0,0,0,0,0
say,0,0,0,0,0,0,0,0,0,0,10,0
number,0,0,0,0,0,0,7,0,0,0,1,0
manuscript,0,0,0,0,0,0,1,0,0,0,0,0
generous,2,0,0,0,0,0,0,0,0,0,0,0
accessible,1,0,0,0,0,0,0,0,0,0,0,0
scholar,0,0,0,0,0,0,3,0,0,0,0,0
assist,0,0,0,0,0,0,0,0,0,0,5,0
practitioner,0,0,0,0,0,0,1,0,0,0,0,0
apply,0,0,0,0,0,0,0,0,0,0,2,0
advice,0,0,0,0,0,0,1,0,0,0,0,0
intimately,0,0,1,0,0,0,0,0,0,0,0,0
groundwork,0,0,0,0,0,0,1,0,0,0,0,0
instruct,0,0,0,0,0,0,0,0,0,0,2,0
principle,0,0,0,0,0,0,4,0,0,0,0,0
use,0,0,0,0,0,0,1,0,0,0,1,0
furnish,0,0,0,0,0,0,0,0,0,0,2,0
instrument,0,0,0,0,0,0,1,0,0,0,0,0
closely,0,0,1,0,0,0,0,0,0,0,0,0
associate,0,0,0,0,0,0,0,0,0,0,3,0
discussion,0,0,0,0,0,0,1,0,0,0,0,0
propose,0,0,0,0,0,0,0,0,0,0,5,0
active,2,0,0,0,0,0,0,0,0,0,0,0
publicly,0,0,2,0,0,0,0,0,0,0,0,0
advocate,0,0,0,0,0,0,1,0,0,0,2,0
description,0,0,0,0,0,0,6,0,0,0,0,0
pertayne,0,0,0,0,0,0,0,0,0,0,1,0
perfect,2,0,0,0,0,0,0,0,0,0,0,0
recommend,0,0,0,0,0,0,0,0,0,0,5,0
adopt,0,0,0,0,0,0,0,0,0,0,3,0
gregorian,1,0,0,0,0,0,0,0,0,0,0,0
calendar,0,0,0,0,0,0,1,0,0,0,0,0
anglican,2,0,0,0,0,0,0,0,0,0,0,0
church,0,0,0,0,0,0,6,0,0,0,0,0
refuse,0,0,0,0,0,0,0,0,0,0,4,0
embrace,0,0,0,0,0,0,0,0,0,0,1,0
popish,1,0,0,0,0,0,0,0,0,0,0,0
innovation,0,0,0,0,0,0,1,0,0,0,0,0
involvement,0,0,0,0,0,0,1,0,0,0,0,0
suggest,0,0,0,0,0,0,0,0,0,0,3,0
publish,0,0,0,0,0,0,0,0,0,0,18,0
philosophy,0,0,0,0,0,0,2,0,0,0,0,0
astrology,0,0,0,0,0,0,1,0,0,0,0,0
discuss,0,0,0,0,0,0,0,0,0,0,1,0
hieroglyphica,0,0,0,0,0,0,1,0,0,0,0,0
single,3,0,0,0,0,0,0,0,0,0,0,0
magical,1,0,0,0,0,0,0,0,0,0,0,0
symbol,0,0,0,0,0,0,1,0,0,0,0,0
key,1,0,0,0,0,0,1,0,0,0,0,0
unlock,0,0,0,0,0,0,0,0,0,0,1,0
unity,0,0,0,0,0,0,1,0,0,0,0,0
nature,0,0,0,0,0,0,3,0,0,0,0,0
addition,0,0,0,0,0,0,7,0,0,0,0,0
edit,0,0,0,0,0,0,0,0,0,0,2,0
translation,0,0,0,0,0,0,1,0,0,0,0,0
influential,2,0,0,0,0,0,0,0,0,0,0,0
preface,0,0,0,0,0,0,1,0,0,0,0,0
powerful,2,0,0,0,0,0,0,0,0,0,0,0
manifesto,0,0,0,0,0,0,1,0,0,0,0,0
dignity,0,0,0,0,0,0,2,0,0,0,0,0
usefulness,0,0,0,0,0,0,1,0,0,0,0,0
furthermore,0,0,1,0,0,0,0,0,0,0,0,0
passionately,0,0,1,0,0,0,0,0,0,0,0,0
believe,0,0,0,0,0,0,0,0,0,0,5,0
utility,0,0,0,0,0,0,1,0,0,0,0,0
mathematic,0,0,0,0,0,0,4,0,0,0,0,0
mundane,1,0,0,0,0,0,0,0,0,0,0,0
matter,0,0,0,0,0,0,4,0,0,0,0,0
express,0,0,0,0,0,0,0,0,0,0,2,0
conviction,0,0,0,0,0,0,1,0,0,0,0,0
reveal,0,0,0,0,0,0,0,0,0,0,2,0
divine,2,0,0,0,0,0,0,0,0,0,0,0
frustrate,0,0,0,0,0,0,0,0,0,0,3,0
arrive,0,0,0,0,0,0,0,0,0,0,12,0
comprehensive,1,0,0,0,0,0,0,0,0,0,0,0
assistance,0,0,0,0,0,0,4,0,0,0,0,0
converse,0,0,0,0,0,0,0,0,0,0,1,0
angel,0,0,0,0,0,0,1,0,0,0,0,0
medium,0,0,0,0,0,0,1,0,0,0,0,0
counterfeiter,0,0,0,0,0,0,1,0,0,0,0,0
hold,0,0,0,0,0,0,0,0,0,0,6,0
séance,0,0,0,0,0,0,1,0,0,0,0,0
mainly,0,0,3,0,0,0,0,0,0,0,0,0
account,0,0,0,0,0,0,16,0,0,0,0,0
sincere,1,0,0,0,0,0,0,0,0,0,0,0
dupe,0,0,0,0,0,0,0,0,0,0,1,0
friend,0,0,0,0,0,0,6,0,0,0,0,0
raise,0,0,0,0,0,0,0,0,0,0,2,0
money,0,0,0,0,0,0,3,0,0,0,0,0
intercede,0,0,0,0,0,0,0,0,0,0,1,0
warden,0,0,0,0,0,0,2,0,0,0,0,0
final,7,0,0,0,0,0,0,0,0,0,0,0
mark,0,0,0,0,0,0,0,0,0,0,6,0
poverty,0,0,0,0,0,0,1,0,0,0,0,0
isolation,0,0,0,0,0,0,1,0,0,0,0,0
bury,0,0,0,0,0,0,0,0,0,0,5,0
evidence,0,0,0,0,0,0,3,0,0,0,0,0
death,0,0,0,0,0,0,16,0,0,0,0,0
occur,0,0,0,0,0,0,0,0,0,0,2,0
home,0,0,3,0,0,0,7,0,0,0,0,0
acquaintance,0,0,0,0,0,0,1,0,0,0,0,0
possible,7,0,0,0,0,0,0,0,0,0,0,0
executor,0,0,0,0,0,0,1,0,0,0,0,0
certain,2,0,0,0,0,0,0,0,0,0,0,0
model,0,0,0,0,0,0,1,0,0,0,1,0
character,0,0,0,0,0,0,2,0,0,0,0,0
elizabethan,4,0,0,0,0,0,0,0,0,0,0,0
magus,0,0,0,0,0,0,1,0,0,0,0,0
administrator,0,0,0,0,0,0,2,0,0,0,0,0
foremost,1,0,0,0,0,0,0,0,0,0,0,0
seamen,0,0,0,0,0,0,1,0,0,0,0,0
chief,2,0,0,0,0,0,7,0,0,0,0,0
architect,0,0,0,0,0,0,1,0,0,0,0,0
kinsman,0,0,0,0,0,0,2,0,0,0,0,0
merchant,0,0,0,0,0,0,10,0,0,0,0,0
african,3,0,0,0,0,0,0,0,0,0,0,0
carry,0,0,0,0,0,0,0,0,0,0,8,0
provoke,0,0,0,0,0,0,0,0,0,0,2,0
conflict,0,0,0,0,0,0,2,0,0,0,0,0
allow,0,0,0,0,0,0,0,0,0,0,5,0
unauthorized,1,0,0,0,0,0,0,0,0,0,0,0
foreigner,0,0,0,0,0,0,1,0,0,0,0,0
syndicate,0,0,0,0,0,0,1,0,0,0,0,0
profitable,1,0,0,0,0,0,0,0,0,0,0,0
prestigious,1,0,0,0,0,0,0,0,0,0,0,0
provide,0,0,0,0,0,0,0,0,0,0,6,0
end,0,0,0,0,0,0,7,0,0,0,3,0
disaster,0,0,0,0,0,0,2,0,0,0,0,0
sell,0,0,0,0,0,0,0,0,0,0,5,0
need,0,0,0,0,0,0,0,0,0,0,4,0
repair,0,0,0,0,0,0,2,0,0,0,1,0
water,0,0,0,0,0,0,13,0,0,0,2,0
refuge,0,0,0,0,0,0,3,0,0,0,0,0
attack,0,0,0,0,0,0,8,0,0,0,10,0
harbour,0,0,0,0,0,0,3,0,0,0,0,0
able,16,0,0,0,0,0,0,0,0,0,0,0
escape,0,0,0,0,0,0,0,0,0,0,10,0
episode,0,0,0,0,0,0,3,0,0,0,0,0
quarrel,0,0,0,0,0,0,3,0,0,0,1,0
open,5,0,0,0,0,0,0,0,0,0,3,0
war,0,0,0,0,0,0,10,0,0,0,0,0
avenge,0,0,0,0,0,0,0,0,0,0,1,0
gain,0,0,0,0,0,0,1,0,0,0,3,0
confidence,0,0,0,0,0,0,1,0,0,0,0,0
ambassador,0,0,0,0,0,0,2,0,0,0,0,0
conspiracy,0,0,0,0,0,0,1,0,0,0,0,0
call,0,0,0,0,0,0,0,0,0,0,16,0
plot,0,0,0,0,0,0,2,0,0,0,1,0
roman,6,0,0,0,0,0,0,0,0,0,0,0
depose,0,0,0,0,0,0,0,0,0,0,1,0
install,0,0,0,0,0,0,0,0,0,0,1,0
notify,0,0,0,0,0,0,0,0,0,0,1,0
plotter,0,0,0,0,0,0,1,0,0,0,0,0
arrest,0,0,0,0,0,0,1,0,0,0,4,0
badly,0,0,3,0,0,0,0,0,0,0,0,0
manage,0,0,0,0,0,0,0,0,0,0,5,0
father,0,0,0,0,0,0,13,0,0,0,0,0
law,0,0,0,0,0,0,4,0,0,0,0,0
treasurer,0,0,0,0,0,0,1,0,0,0,0,0
assume,0,0,0,0,0,0,0,0,0,0,1,0
additional,1,0,0,0,0,0,0,0,0,0,0,0
duty,0,0,0,0,0,0,3,0,0,0,0,0
controller,0,0,0,0,0,0,1,0,0,0,0,0
high,4,0,0,0,0,0,0,0,0,0,0,0
post,0,0,0,0,0,0,11,0,0,0,0,0
enable,0,0,0,0,0,0,0,0,0,0,2,0
rebuilding,0,0,0,0,0,0,1,0,0,0,0,0
galleon,0,0,0,0,0,0,3,0,0,0,0,0
contribute,0,0,0,0,0,0,0,0,0,0,4,0
heavily,0,0,1,0,0,0,0,0,0,0,0,0
arm,0,0,0,0,0,0,0,0,0,0,1,0
swift,0,0,1,0,0,0,0,0,0,0,0,0
withstand,0,0,0,0,0,0,0,0,0,0,3,0
crisis,0,0,0,0,0,0,1,0,0,0,0,0
knight,0,0,0,0,0,0,0,0,0,0,8,0
afterward,0,0,2,0,0,0,0,0,0,0,0,0
devise,0,0,0,0,0,0,0,0,0,0,3,0
strategy,0,0,0,0,0,0,1,0,0,0,0,0
original,3,0,0,0,0,0,0,0,0,0,0,0
set,0,0,0,0,0,0,0,0,0,0,24,0
blockade,0,0,0,0,0,0,1,0,0,0,0,0
intercept,0,0,0,0,0,0,0,0,0,0,3,0
night,0,0,0,0,0,0,3,0,0,0,0,0
unsuccessful,9,0,0,0,0,0,0,0,0,0,0,0
shipping,0,0,0,0,0,0,2,0,0,0,0,0
privateering,0,0,0,0,0,0,3,0,0,0,0,0
piracy,0,0,0,0,0,0,7,0,0,0,0,0
trial,0,0,0,0,0,0,4,0,0,0,0,0
interested,4,0,0,0,0,0,0,0,0,0,0,0
possibility,0,0,0,0,0,0,2,0,0,0,0,0
cross,1,0,0,0,0,0,0,0,0,0,11,0
report,0,0,0,0,0,0,10,0,0,0,3,0
gold,1,0,0,0,0,0,8,0,0,0,0,0
mine,0,0,0,0,0,0,3,0,0,0,0,0
backing,0,0,0,0,0,0,2,0,0,0,0,0
anchor,0,0,0,0,0,0,1,0,0,0,3,0
minded,1,0,0,0,0,0,0,0,0,0,0,0
pursuit,0,0,0,0,0,0,2,0,0,0,0,0
mineral,0,0,0,0,0,0,1,0,0,0,0,0
exploratory,2,0,0,0,0,0,0,0,0,0,0,0
value,0,0,0,0,0,0,1,0,0,0,0,0
ore,0,0,0,0,0,0,1,0,0,0,0,0
contain,0,0,0,0,0,0,0,0,0,0,3,0
silver,0,0,0,0,0,0,5,0,0,0,0,0
financing,0,0,0,0,0,0,1,0,0,0,0,0
collapse,0,0,0,0,0,0,0,0,0,0,1,0
employment,0,0,0,0,0,0,1,0,0,0,0,0
vice,0,0,0,0,0,0,4,0,0,0,0,0
admiral,0,0,0,0,0,0,12,0,0,0,0,0
play,0,0,0,0,0,0,1,0,0,0,6,0
campaign,0,0,0,0,0,0,4,0,0,0,1,0
operation,0,0,0,0,0,0,2,0,0,0,0,0
unsuccessfully,0,0,2,0,0,0,0,0,0,0,0,0
capture,0,0,0,0,0,0,1,0,0,0,16,0
mortally,0,0,1,0,0,0,0,0,0,0,0,0
wound,0,0,0,0,0,0,1,0,0,0,6,0
undoubtedly,0,0,2,0,0,0,0,0,0,0,0,0
capacity,0,0,0,0,0,0,2,0,0,0,0,0
patient,1,0,0,0,0,0,0,0,0,0,0,0
factual,2,0,0,0,0,0,0,0,0,0,0,0
investigation,0,0,0,0,0,0,3,0,0,0,0,0
soldier,0,0,0,0,0,0,7,0,0,0,0,0
farseeing,1,0,0,0,0,0,0,0,0,0,0,0
project,0,0,0,0,0,0,6,0,0,0,1,0
overseas,5,0,0,0,0,0,0,0,0,0,0,0
colonization,0,0,0,0,0,0,9,0,0,0,0,0
brilliant,1,0,0,0,0,0,0,0,0,0,0,0
creative,1,0,0,0,0,0,0,0,0,0,0,0
poor,3,0,0,0,0,0,0,0,0,0,0,0
leadership,0,0,0,0,0,0,3,0,0,0,0,0
responsible,3,0,0,0,0,0,0,0,0,0,0,0
annex,0,0,0,0,0,0,0,0,0,0,1,0
half,2,0,0,0,0,1,3,0,0,0,0,0
brother,0,0,0,0,0,0,3,0,0,0,0,0
cousin,0,0,0,0,0,0,3,0,0,0,0,0
army,0,0,0,0,0,0,7,0,0,0,0,0
siege,0,0,0,0,0,0,3,0,0,0,0,0
write,0,0,0,0,0,0,0,0,0,0,24,0
discourse,0,0,0,0,0,0,1,0,0,0,0,0
pacific,4,0,0,0,0,0,0,0,0,0,0,0
reject,0,0,0,0,0,0,0,0,0,0,2,0
ruthlessly,0,0,1,0,0,0,0,0,0,0,0,0
suppress,0,0,0,0,0,0,0,0,0,0,2,0
uprising,0,0,0,0,0,0,1,0,0,0,0,0
elaborate,1,0,0,0,0,0,0,0,0,0,1,0
plan,0,0,0,0,0,0,8,0,0,0,3,0
province,0,0,0,0,0,0,10,0,0,0,0,0
action,0,0,0,0,0,0,6,0,0,0,0,0
volunteer,0,0,0,0,0,0,2,0,0,0,1,0
revolt,0,0,0,0,0,0,1,0,0,0,0,0
irish,3,0,0,0,0,0,0,0,0,0,0,0
scheme,0,0,0,0,0,0,3,0,0,0,0,0
forth,0,1,1,0,0,0,0,0,0,0,0,0
seize,0,0,0,0,0,0,0,0,0,0,8,0
fishing,0,0,0,0,0,0,2,0,0,0,0,0
occupy,0,0,0,0,0,0,0,0,0,0,4,0
ignore,0,0,0,0,0,0,0,0,0,0,2,0
proposal,0,0,0,0,0,0,3,0,0,0,0,0
charter,0,0,0,0,0,0,2,0,0,0,1,0
heathen,1,0,0,0,0,0,0,0,0,0,0,0
actually,0,0,1,0,0,0,0,0,0,0,0,0
possess,0,0,0,0,0,0,0,0,0,0,2,0
christian,2,0,0,0,0,0,0,0,0,0,0,0
prince,0,0,0,0,0,0,2,0,0,0,0,0
strain,0,0,0,0,0,0,0,0,0,0,2,0
utmost,0,0,0,0,0,0,1,0,0,0,0,0
finally,0,0,10,0,0,0,0,0,0,0,0,0
outfit,0,0,0,0,0,0,0,0,0,0,1,0
seven,0,0,0,0,0,0,0,10,0,0,0,0
probably,0,0,9,0,0,0,0,0,0,0,0,0
intend,0,0,0,0,0,0,0,0,0,0,5,0
ill,3,0,4,0,0,0,0,0,0,0,0,0
equip,0,0,0,0,0,0,0,0,0,0,1,0
discipline,0,0,0,0,0,0,1,0,0,0,1,0
quickly,0,0,1,0,0,0,0,0,0,0,0,0
break,0,0,0,0,0,0,0,0,0,0,3,0
spring,0,0,0,0,0,0,6,0,0,0,0,0
drift,0,0,0,0,0,0,0,0,0,0,1,0
rebellion,0,0,0,0,0,0,1,0,0,0,0,0
ambitious,5,0,0,0,0,0,0,0,0,0,0,0
vicinity,0,0,0,0,0,0,4,0,0,0,0,0
move,0,0,0,0,0,0,0,0,0,0,3,0
southward,0,0,9,0,0,0,0,0,0,0,0,0
homeward,2,0,6,0,0,0,1,0,0,0,0,0
see,0,0,0,0,0,0,0,0,0,0,14,0
storm,0,0,0,0,0,0,5,0,0,0,1,0
shout,0,0,0,0,0,0,0,0,0,0,1,0
companion,0,0,0,0,0,0,9,0,0,0,0,0
heaven,0,0,0,0,0,0,1,0,0,0,0,0
swallow,0,0,0,0,0,0,0,0,0,0,1,0
circumnavigation,0,0,0,0,0,0,7,0,0,0,0,0
renowned,4,0,0,0,0,0,0,0,0,0,0,0
estate,0,0,0,0,0,0,8,0,0,0,0,0
earl,0,0,0,0,0,0,3,0,0,0,0,0
tenant,0,0,0,0,0,0,1,0,0,0,0,0
farmer,0,0,0,0,0,0,1,0,0,0,0,0
flee,0,0,0,0,0,0,0,0,0,0,1,0
county,0,0,0,0,0,0,7,0,0,0,0,0
arraign,0,0,0,0,0,0,0,0,0,0,1,0
assault,0,0,0,0,0,0,2,0,0,0,0,0
robbery,0,0,0,0,0,0,1,0,0,0,0,0
refugee,0,0,0,0,0,0,1,0,0,0,0,0
catholic,3,0,0,0,0,0,0,0,0,0,0,0
persecution,0,0,0,0,0,0,2,0,0,0,0,0
pious,1,0,0,0,0,0,0,0,0,0,0,0
fiction,0,0,0,0,0,0,2,0,0,0,0,0
departure,0,0,0,0,0,0,1,0,0,0,0,0
relative,0,0,0,0,0,0,1,0,0,0,0,0
family,0,0,0,0,0,0,16,0,0,0,0,0
combine,0,0,0,0,0,0,0,0,0,0,1,0
vocation,0,0,0,0,0,0,1,0,0,0,0,0
prowl,0,0,0,0,0,0,0,0,0,0,1,0
graduate,0,0,0,0,0,0,0,0,0,0,1,0
illicit,1,0,0,0,0,0,0,0,0,0,0,0
resent,0,0,0,0,0,0,0,0,0,0,1,0
authority,0,0,0,0,0,0,9,0,0,0,0,0
regulate,0,0,0,0,0,0,0,0,0,0,1,0
impound,0,0,0,0,0,0,0,0,0,0,1,0
contraband,0,0,0,0,0,0,1,0,0,0,0,0
refer,0,0,0,0,0,0,0,0,0,0,2,0
wrong,0,0,0,0,0,0,2,0,0,0,0,0
suffer,0,0,0,0,0,0,0,0,0,0,4,0
company,0,0,0,0,0,0,17,0,0,0,0,0
disastrously,0,0,1,0,0,0,0,0,0,0,0,0
interloper,0,0,0,0,0,0,1,0,0,0,0,0
kill,0,0,0,0,0,0,0,0,0,0,5,0
determination,0,0,0,0,0,0,2,0,0,0,0,0
revenge,0,0,0,0,0,0,2,0,0,0,1,0
king,0,0,0,0,0,0,16,0,0,0,0,0
financial,2,0,0,0,0,0,0,0,0,0,0,0
invest,0,0,0,0,0,0,0,0,0,0,2,0
order,0,0,0,0,0,0,6,0,0,0,3,0
intelligence,0,0,0,0,0,0,2,0,0,0,0,0
amend,0,0,0,0,0,0,1,0,0,0,1,0
loss,0,0,0,0,0,0,4,0,0,0,0,0
amount,0,0,0,0,0,0,0,0,0,0,1,0
ton,0,0,0,0,0,0,7,0,0,0,0,0
aim,0,0,0,0,0,0,1,0,0,0,0,0
important,5,0,0,0,0,0,0,0,0,0,0,0
town,0,0,0,0,0,0,2,0,0,0,0,0
fail,0,0,0,0,0,0,0,0,0,0,8,0
successfully,0,0,5,0,0,0,0,0,0,0,0,0
mule,0,0,0,0,0,0,1,0,0,0,0,0
train,0,0,0,0,0,0,1,0,0,0,0,0
interval,0,0,0,0,0,0,1,0,0,0,0,0
stand,0,0,0,0,0,0,0,0,0,0,5,0
ridge,0,0,0,0,0,0,1,0,0,0,0,0
hitherto,0,0,1,0,0,0,0,0,0,0,0,0
bar,0,0,0,0,0,0,1,0,0,0,1,0
beseech,0,0,0,0,0,0,0,0,0,0,1,0
goodness,0,0,0,0,0,0,1,0,0,0,0,0
leave,0,0,0,0,0,0,0,0,0,0,35,0
rich,5,0,0,0,0,0,2,0,0,0,0,0
famous,4,0,0,0,0,0,0,0,0,0,0,0
unfortunately,0,0,1,0,0,0,0,0,0,0,0,0
coincide,0,0,0,0,0,0,0,0,0,0,1,0
moment,0,0,0,0,0,0,1,0,0,0,0,0
temporary,1,0,0,0,0,0,0,0,0,0,0,0
truce,0,0,0,0,0,0,1,0,0,0,0,0
delight,0,0,0,0,0,0,0,0,0,0,1,0
success,0,0,0,0,0,0,4,0,0,0,0,0
officially,0,0,1,0,0,0,0,0,0,0,0,0
acknowledge,0,0,0,0,0,0,0,0,0,0,2,0
inauspicious,1,0,0,0,0,0,0,0,0,0,0,0
notorious,2,0,0,0,0,0,0,0,0,0,0,0
obscure,2,0,0,0,0,0,0,0,0,0,0,0
appearance,0,0,0,0,0,0,2,0,0,0,0,0
choose,0,0,0,0,0,0,0,0,0,0,7,0
leader,0,0,0,0,0,0,13,0,0,0,0,0
pass,0,0,0,0,0,0,0,0,0,0,13,0
lie,0,0,0,0,0,0,0,0,0,0,9,0
back,0,0,0,0,0,0,0,0,0,0,1,0
suit,0,0,0,0,0,0,0,0,0,0,1,0
well,0,0,6,0,0,0,0,0,0,0,0,0
approval,0,0,0,0,0,0,1,0,0,0,0,0
cause,0,0,0,0,0,0,1,0,0,0,4,0
maximum,1,0,0,0,0,0,0,0,0,0,0,0
occasion,0,0,0,0,0,0,2,0,0,0,0,0
meet,0,0,0,0,0,0,0,0,0,0,5,0
face,0,0,0,0,0,0,3,0,0,0,0,0
hear,0,0,0,0,0,0,0,0,0,0,10,0
lip,0,0,0,0,0,0,1,0,0,0,0,0
gladly,0,0,1,0,0,0,0,0,0,0,0,0
diver,0,0,0,0,0,0,1,0,0,0,0,0
injury,0,0,0,0,0,0,1,0,0,0,0,0
receive,0,0,0,0,0,0,0,0,0,0,8,0
explicit,1,0,0,0,0,0,0,0,0,0,0,0
object,0,0,0,0,0,0,2,0,0,0,0,0
traffic,0,0,0,0,0,0,1,0,0,0,0,0
devote,0,0,0,0,0,0,0,0,0,0,2,0
reproof,0,0,0,0,0,0,1,0,0,0,0,0
few,3,0,0,0,0,0,0,0,0,0,0,0
brazilian,1,0,0,0,0,0,0,0,0,0,0,0
flagship,0,0,0,0,0,0,2,0,0,0,0,0
rename,0,0,0,0,0,0,0,0,0,0,2,0
weigh,0,0,0,0,0,0,0,0,0,0,1,0
domain,0,0,0,0,0,0,2,0,0,0,0,0
monarch,0,0,0,0,0,0,2,0,0,0,0,0
arrival,0,0,0,0,0,0,2,0,0,0,0,0
allege,0,0,0,0,0,0,0,0,0,0,1,0
unreliable,2,0,0,0,0,0,0,0,0,0,0,0
officer,0,0,0,0,0,0,8,0,0,0,0,0
suppose,0,0,0,0,0,0,0,0,0,0,3,0
execute,0,0,0,0,0,0,0,0,0,0,2,0
stern,1,0,0,0,0,0,0,0,0,0,0,0
disciplinarian,0,0,0,0,0,0,1,0,0,0,0,0
sure,3,0,0,0,0,0,0,0,0,0,0,0
store,0,0,0,0,0,0,2,0,0,0,0,0
abandon,0,0,0,0,0,0,0,0,0,0,6,0
aboard,0,4,1,0,0,0,0,0,0,0,0,0
deck,0,0,0,0,0,0,1,0,0,0,0,0
contrary,1,0,0,0,0,0,0,0,0,0,0,0
wind,0,0,0,0,0,0,5,0,0,0,0,0
intolerable,1,0,0,0,0,0,0,0,0,0,0,0
tempest,0,0,0,0,0,0,1,0,0,0,0,0
gale,0,0,0,0,0,0,2,0,0,0,0,0
separate,1,0,0,0,0,0,0,0,0,0,9,0
miss,0,0,0,0,0,0,0,0,0,0,3,0
presume,0,0,0,0,0,0,0,0,0,0,1,0
sink,0,0,0,0,0,0,0,0,0,0,1,0
whirlwind,0,0,0,0,0,0,1,0,0,0,0,0
spaniard,0,0,0,0,0,0,1,0,0,0,0,0
unguarded,1,0,0,0,0,0,0,0,0,0,0,0
merchantman,0,0,0,0,0,0,1,0,0,0,0,0
prize,0,0,0,0,0,0,3,0,0,0,0,0
mint,0,0,0,0,0,0,0,0,0,0,1,0
coinage,0,0,0,0,0,0,1,0,0,0,0,0
precious,1,0,0,0,0,0,0,0,0,0,0,0
stone,0,0,0,0,0,0,1,0,0,0,0,0
pearl,0,0,0,0,0,0,1,0,0,0,0,0
parallel,1,0,0,0,0,0,1,0,0,0,0,0
bitterly,0,0,1,0,0,0,0,0,0,0,0,0
cold,1,0,0,0,0,0,0,0,0,0,0,0
surround,0,0,0,0,0,0,0,0,0,0,2,0
sight,0,0,0,0,0,0,0,0,0,0,9,0
local,9,0,0,0,0,0,0,0,0,0,0,0
sultan,0,0,0,0,0,0,2,0,0,0,0,0
buy,0,0,0,0,0,0,0,0,0,0,4,0
spice,0,0,0,0,0,0,3,0,0,0,0,0
deep,2,0,0,0,0,0,0,0,0,0,0,0
pilotage,0,0,0,0,0,0,1,0,0,0,0,0
excellent,3,0,0,0,0,0,0,0,0,0,0,0
totally,0,0,1,0,0,0,0,0,0,0,0,0
uncharted,1,0,0,0,0,0,0,0,0,0,0,0
reef,0,0,0,0,0,0,1,0,0,0,0,0
course,0,0,0,0,0,0,7,0,0,0,0,0
nose,0,0,0,0,0,0,1,0,0,0,1,0
section,0,0,0,0,0,0,1,0,0,0,0,0
laden,1,0,0,0,0,0,0,0,0,0,0,0
permanently,0,0,2,0,0,0,0,0,0,0,0,0
protest,0,0,0,0,0,0,1,0,0,0,0,0
piratical,1,0,0,0,0,0,0,0,0,0,0,0
imperial,1,0,0,0,0,0,0,0,0,0,0,0
estuary,0,0,0,0,0,0,1,0,0,0,0,0
personally,0,0,1,0,0,0,0,0,0,0,0,0
bestow,0,0,0,0,0,0,0,0,0,0,2,0
knighthood,0,0,0,0,0,0,1,0,0,0,0,0
mayor,0,0,0,0,0,0,3,0,0,0,0,0
office,0,0,0,0,0,0,1,0,0,0,0,0
fulfil,0,0,0,0,0,0,0,0,0,0,2,0
thoroughness,0,0,0,0,0,0,2,0,0,0,0,0
show,0,0,0,0,0,0,0,0,0,0,6,0
supply,0,0,0,0,0,0,6,0,0,0,0,0
wife,0,0,0,0,0,0,11,0,0,0,0,0
cornish,2,0,0,0,0,0,0,0,0,0,0,0
woman,0,0,0,0,0,0,4,0,0,0,0,0
marry,0,0,0,0,0,0,0,0,0,0,8,0
heiress,0,0,0,0,0,0,1,0,0,0,0,0
daughter,0,0,0,0,0,0,7,0,0,0,0,0
magnate,0,0,0,0,0,0,1,0,0,0,0,0
station,0,0,0,0,0,0,3,0,0,0,0,0
fine,4,0,0,0,0,0,0,0,0,0,3,0
museum,0,0,0,0,0,0,1,0,0,0,0,0
mile,0,0,0,0,0,0,15,0,0,0,0,0
grief,0,0,0,0,0,0,1,0,0,0,0,0
child,0,0,0,0,0,0,6,0,0,0,0,0
fame,0,0,0,0,0,0,2,0,0,0,0,0
differently,0,0,1,0,0,0,0,0,0,0,0,0
dislike,0,0,0,0,0,0,1,0,0,0,1,0
intensely,0,0,1,0,0,0,0,0,0,0,0,0
parvenu,0,0,0,0,0,0,0,0,0,0,0,1
common,2,0,0,0,0,0,0,0,0,0,0,0
upstart,0,0,0,0,0,0,1,0,0,0,0,0
manner,0,0,0,0,0,0,1,0,0,0,0,0
accent,0,0,0,0,0,0,1,0,0,0,0,0
grace,0,0,0,0,0,0,1,0,0,0,0,0
ruse,0,0,0,0,0,0,1,0,0,0,0,0
intermediary,0,0,0,0,0,0,1,0,0,0,0,0
directly,0,0,3,0,0,0,0,0,0,0,0,0
doubtful,1,0,0,0,0,0,0,0,0,0,0,0
care,0,0,0,0,0,0,3,0,0,0,1,0
opinion,0,0,0,0,0,0,1,0,0,0,0,0
retain,0,0,0,0,0,0,0,0,0,0,1,0
goodwill,0,0,0,0,0,0,1,0,0,0,0,0
demonstrate,0,0,0,0,0,0,0,0,0,0,1,0
hostility,0,0,0,0,0,0,2,0,0,0,0,0
principal,3,0,0,0,0,0,0,0,0,0,0,0
minister,0,0,0,0,0,0,2,0,0,0,0,0
approve,0,0,0,0,0,0,0,0,0,0,2,0
concede,0,0,0,0,0,0,0,0,0,0,2,0
fearful,1,0,0,0,0,0,0,0,0,0,0,0
blessing,0,0,0,0,0,0,1,0,0,0,0,0
fold,0,0,0,0,0,0,1,0,0,0,0,0
carte,0,0,0,0,0,0,0,0,0,0,0,1
blanche,0,0,0,0,0,0,0,0,0,0,0,1
impeach,0,0,0,0,0,0,0,0,0,0,1,0
following,8,0,0,0,0,0,0,0,0,0,0,0
trust,0,0,0,0,0,0,3,0,0,0,0,0
misplace,0,0,0,0,0,0,0,0,0,0,1,0
hour,0,0,0,0,0,0,1,0,0,0,0,0
destroy,0,0,0,0,0,0,0,0,0,0,2,0
thousand,0,0,0,0,0,0,2,1,0,0,0,0
destine,0,0,0,0,0,0,0,0,0,0,1,0
laughingly,0,0,1,0,0,0,0,0,0,0,0,0
singe,0,0,0,0,0,0,0,0,0,0,1,0
beard,0,0,0,0,0,0,1,0,0,0,0,0
delay,0,0,0,0,0,0,1,0,0,0,1,0
oppose,0,0,0,0,0,0,0,0,0,0,3,0
appropriate,1,0,0,0,0,0,0,0,0,0,1,0
disable,0,0,0,0,0,0,0,0,0,0,2,0
accidental,1,0,0,0,0,0,0,0,0,0,0,0
collision,0,0,0,0,0,0,1,0,0,0,0,0
credit,0,0,0,0,0,0,2,0,0,0,3,0
heroic,1,0,0,0,0,0,0,0,0,0,0,0
fighting,0,0,0,0,0,0,1,0,0,0,0,0
happy,1,0,0,0,0,0,0,0,0,0,0,0
abortive,1,0,0,0,0,0,0,0,0,0,0,0
largely,0,0,2,0,0,0,0,0,0,0,0,0
decimate,0,0,0,0,0,0,0,0,0,0,2,0
fever,0,0,0,0,0,0,5,0,0,0,0,0
succumb,0,0,0,0,0,0,0,0,0,0,1,0
historian,0,0,0,0,0,0,4,0,0,0,0,0
skilful,1,0,0,0,0,0,0,0,0,0,0,0
memory,0,0,0,0,0,0,2,0,0,0,0,0
observation,0,0,0,0,0,0,8,0,0,0,0,0
eloquent,1,0,0,0,0,0,0,0,0,0,0,0
brief,4,0,0,0,0,0,0,0,0,0,0,0
reputation,0,0,0,0,0,0,4,0,0,0,0,0
equivocal,1,0,0,0,0,0,0,0,0,0,0,0
self,0,0,0,0,0,0,5,0,0,0,0,0
victim,0,0,0,0,0,0,1,0,0,0,0,0
grudging,1,0,0,0,0,0,0,0,0,0,0,0
admiration,0,0,0,0,0,0,2,0,0,0,0,0
diabolical,1,0,0,0,0,0,0,0,0,0,0,0
antihero,0,0,0,0,0,0,1,0,0,0,0,0
literature,0,0,0,0,0,0,6,0,0,0,0,0
celebrate,0,0,0,0,0,0,0,0,0,0,2,0
courtesy,0,0,0,0,0,0,1,0,0,0,0,0
prisoner,0,0,0,0,0,0,5,0,0,0,0,0
remark,0,0,0,0,0,0,0,0,0,0,1,0
thief,0,0,0,0,0,0,1,0,0,0,0,0
low,3,0,0,0,0,0,0,0,0,0,0,0
stature,0,0,0,0,0,0,1,0,0,0,0,0
limb,0,0,0,0,0,0,1,0,0,0,0,0
round,2,5,0,0,0,0,0,0,0,0,6,0
headed,1,0,0,0,0,0,0,0,0,0,0,0
brown,1,0,0,0,0,0,0,0,0,0,0,0
hair,0,0,0,0,0,0,1,0,0,0,0,0
bearded,1,0,0,0,0,0,0,0,0,0,0,0
favoured,1,0,0,0,0,0,0,0,0,0,0,0
cheerful,1,0,0,0,0,0,0,0,0,0,0,0
countenance,0,0,0,0,0,0,1,0,0,0,0,0
dedicate,0,0,0,0,0,0,0,0,0,0,1,0
aggrandizement,0,0,0,0,0,0,1,0,0,0,0,0
influence,0,0,0,0,0,0,4,0,0,0,2,0
perception,0,0,0,0,0,0,1,0,0,0,0,0
sangfroid,0,0,0,0,0,0,1,0,0,0,0,0
unflappability,0,0,0,0,0,0,1,0,0,0,0,0
improvisation,0,0,0,0,0,0,1,0,0,0,0,0
tenacity,0,0,0,0,0,0,2,0,0,0,0,0
fair,1,0,0,0,0,0,0,0,0,0,0,0
basis,0,0,0,0,0,0,3,0,0,0,0,0
accurate,4,0,0,0,0,0,0,0,0,0,0,0
meteorological,1,0,0,0,0,0,0,0,0,0,0,0
data,0,0,0,0,0,0,1,0,0,0,0,0
collect,0,0,0,0,0,0,0,0,0,0,5,0
arctic,5,0,0,0,0,0,0,0,0,0,0,0
northward,0,0,7,0,0,0,0,0,0,0,0,0
extremity,0,0,0,0,0,0,2,0,0,0,0,0
asian,1,0,0,0,0,0,0,0,0,0,0,0
trap,0,0,0,0,0,0,0,0,0,0,3,0
ice,0,0,0,0,0,0,7,0,0,0,0,0
compel,0,0,0,0,0,0,0,0,0,0,2,0
winter,0,0,0,0,0,0,15,0,0,0,3,0
week,0,0,0,0,0,0,1,0,0,0,0,0
party,0,0,0,0,0,0,21,0,0,0,0,0
boat,0,0,0,0,0,0,4,0,0,0,0,0
dwelling,0,0,0,0,0,0,1,0,0,0,0,0
relic,0,0,0,0,0,0,1,0,0,0,0,0
preserve,0,0,0,0,0,0,0,0,0,0,7,0
portion,0,0,0,0,0,0,3,0,0,0,0,0
journal,0,0,0,0,0,0,4,0,0,0,0,0
appear,0,0,0,0,0,0,0,0,0,0,4,0
secretary,0,0,0,0,0,0,4,0,0,0,0,0
northwestern,2,0,0,0,0,0,0,0,0,0,0,0
icebound,1,0,0,0,0,0,0,0,0,0,0,0
shore,0,0,0,0,0,0,12,0,0,0,0,0
head,0,0,0,0,0,0,2,0,0,0,4,0
think,0,0,0,0,0,0,0,0,0,0,3,0
direction,0,0,0,0,0,0,3,0,0,0,0,0
distance,0,0,0,0,0,0,1,0,0,0,0,0
cut,0,0,0,0,0,0,0,0,0,0,1,0
latitude,0,0,0,0,0,0,8,0,0,0,0,0
imagination,0,0,0,0,0,0,2,0,0,0,0,0
dealing,0,0,0,0,0,0,2,0,0,0,0,0
musician,0,0,0,0,0,0,1,0,0,0,0,0
dance,0,0,0,0,0,0,0,0,0,0,1,0
music,0,0,0,0,0,0,1,0,0,0,0,0
cordial,1,0,0,0,0,0,0,0,0,0,0,0
relation,0,0,0,0,0,0,6,0,0,0,0,0
accompany,0,0,0,0,0,0,0,0,0,0,11,0
japanese,4,0,0,0,0,0,0,0,0,0,0,0
invent,0,0,0,0,0,0,0,0,0,0,1,0
device,0,0,0,0,0,0,2,0,0,0,0,0
backstaff,0,0,0,0,0,0,1,0,0,0,0,0
quadrant,0,0,0,0,0,0,1,0,0,0,0,0
read,0,0,0,0,0,0,0,0,0,0,5,0
angle,0,0,0,0,0,0,1,0,0,0,0,0
elevation,0,0,0,0,0,0,1,0,0,0,0,0
sun,0,0,0,0,0,0,1,0,0,0,0,0
treatise,0,0,0,0,0,0,2,0,0,0,0,0
writer,0,0,0,0,0,0,2,0,0,0,0,0
favourite,0,0,0,0,0,0,5,0,0,0,0,0
accuse,0,0,0,0,0,0,0,0,0,0,5,0
treason,0,0,0,0,0,0,1,0,0,0,0,0
young,7,0,0,0,0,0,0,0,0,0,0,0
née,0,0,0,0,0,0,0,0,0,0,0,1
college,0,0,0,0,0,0,3,0,0,0,0,0
rebel,0,0,0,0,0,0,1,0,0,0,0,0
outspoken,2,0,0,0,0,0,0,0,0,0,0,0
criticism,0,0,0,0,0,0,3,0,0,0,0,0
policy,0,0,0,0,0,0,5,0,0,0,0,0
implement,0,0,0,0,0,0,0,0,0,0,1,0
acquire,0,0,0,0,0,0,0,0,0,0,7,0
lucrative,1,0,0,0,0,0,0,0,0,0,0,0
property,0,0,0,0,0,0,2,0,0,0,0,0
service,0,0,0,0,0,0,9,0,0,0,0,0
reward,0,0,0,0,0,0,0,0,0,0,2,0
secure,0,0,0,0,0,0,0,0,0,0,3,0
lease,0,0,0,0,0,0,1,0,0,0,0,0
wine,0,0,0,0,0,0,1,0,0,0,0,0
export,0,0,0,0,0,0,1,0,0,0,0,0
broadcloth,0,0,0,0,0,0,1,0,0,0,0,0
stannarie,0,0,0,0,0,0,1,0,0,0,0,0
tin,0,0,0,0,0,0,1,0,0,0,0,0
lieutenant,0,0,0,0,0,0,4,0,0,0,0,0
frequently,0,0,1,0,0,0,0,0,0,0,0,0
sit,0,0,0,0,0,0,0,0,0,0,1,0
member,0,0,0,0,0,0,11,0,0,0,0,0
guard,0,0,0,0,0,0,1,0,0,0,0,0
appointment,0,0,0,0,0,0,1,0,0,0,0,0
manor,0,0,0,0,0,0,1,0,0,0,0,0
want,0,0,0,0,0,0,0,0,0,0,1,0
marriage,0,0,0,0,0,0,2,0,0,0,0,0
possibly,0,0,4,0,0,0,0,0,0,0,0,0
secret,0,0,0,0,0,0,3,0,0,0,0,0
jealous,1,0,0,0,0,0,0,0,0,0,0,0
birth,0,0,0,0,0,0,1,0,0,0,0,0
betray,0,0,0,0,0,0,0,0,0,0,1,0
profit,0,0,0,0,0,0,1,0,0,0,0,0
ascendancy,0,0,0,0,0,0,1,0,0,0,0,0
survive,0,0,0,0,0,0,0,0,0,0,6,0
cloak,0,0,0,0,0,0,1,0,0,0,0,0
puddle,0,0,0,0,0,0,1,0,0,0,0,0
pride,0,0,0,0,0,0,1,0,0,0,0,0
extravagant,1,0,0,0,0,0,0,0,0,0,0,0
spending,0,0,0,0,0,0,1,0,0,0,0,0
unorthodox,1,0,0,0,0,0,0,0,0,0,0,0
thought,0,0,0,0,0,0,2,0,0,0,0,0
pamphlet,0,0,0,0,0,0,4,0,0,0,0,0
atheist,0,0,0,0,0,0,1,0,0,0,0,0
bold,2,0,0,0,0,0,0,0,0,0,0,0
talker,0,0,0,0,0,0,1,0,0,0,0,0
skeptical,1,0,0,0,0,0,0,0,0,0,0,0
aid,0,0,0,0,0,0,1,0,0,0,2,0
chemistry,0,0,0,0,0,0,1,0,0,0,0,0
compound,0,0,0,0,0,0,0,0,0,0,1,0
formula,0,0,0,0,0,0,1,0,0,0,0,0
breach,0,0,0,0,0,0,1,0,0,0,0,0
widen,0,0,0,0,0,0,0,0,0,0,1,0
personal,5,0,0,0,0,0,0,0,0,0,0,0
sphere,0,0,0,0,0,0,1,0,0,0,0,0
foot,0,0,0,0,0,0,4,0,0,0,0,0
heart,0,0,0,0,0,0,1,0,0,0,0,0
describe,0,0,0,0,0,0,0,0,0,0,5,0
document,0,0,0,0,0,0,2,0,0,0,0,0
tell,0,0,0,0,0,0,0,0,0,0,2,0
convince,0,0,0,0,0,0,0,0,0,0,2,0
existence,0,0,0,0,0,0,3,0,0,0,0,0
ruler,0,0,0,0,0,0,3,0,0,0,0,0
supposedly,0,0,1,0,0,0,0,0,0,0,0,0
fabulous,2,0,0,0,0,0,0,0,0,0,0,0
locate,0,0,0,0,0,0,0,0,0,0,3,0
support,0,0,0,0,0,0,2,0,0,0,4,0
rear,2,0,0,0,0,0,0,0,0,0,0,0
aggressive,1,0,0,0,0,0,0,0,0,0,0,0
reign,0,0,0,0,0,0,1,0,0,0,1,0
ruin,0,0,0,0,0,0,2,0,0,0,1,0
dethrone,0,0,0,0,0,0,0,0,0,0,1,0
minute,1,0,0,0,0,0,1,0,0,0,0,0
reprieve,0,0,0,0,0,0,1,0,0,0,0,0
sentence,0,0,0,0,0,0,2,0,0,0,0,0
consign,0,0,0,0,0,0,0,0,0,0,1,0
save,0,0,0,0,0,0,0,0,0,0,3,0
convey,0,0,0,0,0,0,0,0,0,0,2,0
clerical,1,0,0,0,0,0,0,0,0,0,0,0
error,0,0,0,0,0,0,2,0,0,0,0,0
invalidate,0,0,0,0,0,0,0,0,0,0,1,0
deed,0,0,0,0,0,0,2,0,0,0,0,0
pardon,0,0,0,0,0,0,0,0,0,0,1,0
argue,0,0,0,0,0,0,0,0,0,0,4,0
cede,0,0,0,0,0,0,0,0,0,0,2,0
permission,0,0,0,0,0,0,5,0,0,0,0,0
finance,0,0,0,0,0,0,0,0,0,0,3,0
promise,0,0,0,0,0,0,0,0,0,0,2,0
offend,0,0,0,0,0,0,0,0,0,0,1,0
severe,1,0,0,0,0,0,0,0,0,0,0,0
prevent,0,0,0,0,0,0,0,0,0,0,5,0
upriver,0,0,1,0,0,0,0,0,0,0,0,0
burn,0,0,0,0,0,0,0,0,0,0,2,0
invoke,0,0,0,0,0,0,0,0,0,0,1,0
suspend,0,0,0,0,0,0,0,0,0,0,1,0
spirited,1,0,0,0,0,0,0,0,0,0,0,0
defense,0,0,0,0,0,0,2,0,0,0,0,0
feeling,0,0,0,0,0,0,2,0,0,0,0,0
occasional,1,0,0,0,0,0,0,0,0,0,0,0
writing,0,0,0,0,0,0,7,0,0,0,0,0
discrimination,0,0,0,0,0,0,1,0,0,0,0,0
authenticity,0,0,0,0,0,0,1,0,0,0,0,0
minor,1,0,0,0,0,0,0,0,0,0,0,0
attribute,0,0,0,0,0,0,0,0,0,0,1,0
unsure,1,0,0,0,0,0,0,0,0,0,0,0
verse,0,0,0,0,0,0,1,0,0,0,0,0
hand,0,0,0,0,0,0,7,0,0,0,0,0
address,0,0,0,0,0,0,0,0,0,0,2,0
complain,0,0,0,0,0,0,0,0,0,0,1,0
unkindness,0,0,0,0,0,0,1,0,0,0,0,0
reference,0,0,0,0,0,0,1,0,0,0,0,0
prose,0,0,0,0,0,0,1,0,0,0,0,0
generally,0,0,2,0,0,0,0,0,0,0,0,0
proceed,0,0,0,0,0,0,0,0,0,0,4,0
bce,0,0,0,0,0,0,1,0,0,0,0,0
doctrine,0,0,0,0,0,0,5,0,0,0,0,0
please,0,0,0,0,0,0,0,0,0,0,1,0
counteract,0,0,0,0,0,0,0,0,0,0,1,0
atheism,0,0,0,0,0,0,1,0,0,0,0,0
warning,0,0,0,0,0,0,1,0,0,0,0,0
injustice,0,0,0,0,0,0,1,0,0,0,0,0
punish,0,0,0,0,0,0,0,0,0,0,1,0
interesting,2,0,0,0,0,0,0,0,0,0,0,0
enigmatic,1,0,0,0,0,0,0,0,0,0,0,0
personality,0,0,0,0,0,0,1,0,0,0,0,0
scoundrel,0,0,0,0,0,0,1,0,0,0,0,0
vaulting,1,0,0,0,0,0,0,0,0,0,0,0
envisage,0,0,0,0,0,0,0,0,0,0,1,0
considerable,5,0,0,0,0,0,0,0,0,0,0,0
ability,0,0,0,0,0,0,3,0,0,0,0,0
persuasive,1,0,0,0,0,0,0,0,0,0,0,0
pen,0,0,0,0,0,0,1,0,0,0,0,0
discrepancy,0,0,0,0,0,0,1,0,0,0,0,0
vision,0,0,0,0,0,0,4,0,0,0,0,0
effective,2,0,0,0,0,0,0,0,0,0,0,0
gift,0,0,0,0,0,0,1,0,0,0,0,0
baptize,0,0,0,0,0,0,0,0,0,0,2,0
freebooter,0,0,0,0,0,0,1,0,0,0,0,0
imitation,0,0,0,0,0,0,1,0,0,0,0,0
patagonian,1,0,0,0,0,0,0,0,0,0,0,0
contribution,0,0,0,0,0,0,2,0,0,0,0,0
geographical,3,0,0,0,0,0,0,0,0,0,0,0
touch,0,0,0,0,0,0,0,0,0,0,4,0
traverse,0,0,0,0,0,0,0,0,0,0,4,0
good,3,0,0,0,0,0,1,0,0,0,0,0
extant,1,0,0,0,0,0,0,0,0,0,0,0
novel,0,0,0,0,0,0,2,0,0,0,0,0
famed,1,0,0,0,0,0,0,0,0,0,0,0
uncle,0,0,0,0,0,0,1,0,0,0,0,0
warship,0,0,0,0,0,0,2,0,0,0,0,0
overcome,0,0,0,0,0,0,0,0,0,0,1,0
surrender,0,0,0,0,0,0,2,0,0,0,4,0
till,0,0,0,0,0,0,0,0,0,1,0,0
date,0,0,0,0,0,0,1,0,0,0,0,0
ransom,0,0,0,0,0,0,1,0,0,0,0,0
elect,0,0,0,0,0,0,0,0,0,0,4,0
condone,0,0,0,0,0,0,0,0,0,0,1,0
ineffective,1,0,0,0,0,0,0,0,0,0,0,0
algerine,1,0,0,0,0,0,0,0,0,0,0,0
corsair,0,0,0,0,0,0,1,0,0,0,0,0
print,0,0,0,0,0,0,1,0,0,0,1,0
compose,0,0,0,0,0,0,0,0,0,0,1,0
apprentice,0,0,0,0,0,0,1,0,0,0,5,0
shipbuilder,0,0,0,0,0,0,1,0,0,0,0,0
marine,0,0,0,0,0,0,1,0,0,0,0,0
barbary,1,0,0,0,0,0,0,0,0,0,0,0
major,2,0,0,0,0,0,1,0,0,0,0,0
bind,0,0,0,0,0,0,0,0,0,0,3,0
trouble,0,0,0,0,0,0,1,0,0,0,0,0
ride,0,0,0,0,0,0,0,0,0,0,2,0
scatter,0,0,0,0,0,0,0,0,0,0,1,0
sick,1,0,0,0,0,0,0,0,0,0,0,0
survivor,0,0,0,0,0,0,6,0,0,0,0,0
summon,0,0,0,0,0,0,0,0,0,0,2,0
shogun,0,0,0,0,0,0,3,0,0,0,0,0
generalissimo,0,0,0,0,0,0,1,0,0,0,0,0
interrogate,0,0,0,0,0,0,0,0,0,0,1,0
political,8,0,0,0,0,0,0,0,0,0,0,0
technological,2,0,0,0,0,0,0,0,0,0,0,0
topic,0,0,0,0,0,0,1,0,0,0,0,0
impressed,3,0,0,0,0,0,0,0,0,0,0,0
especially,0,0,4,0,0,0,0,0,0,0,0,0
shipbuilding,0,0,0,0,0,0,1,0,0,0,0,0
englishman,0,0,0,0,0,0,3,0,0,0,0,0
confidant,0,0,0,0,0,0,1,0,0,0,0,0
rank,0,0,0,0,0,0,5,0,0,0,2,0
hatamoto,0,0,0,0,0,0,0,0,0,0,0,1
bannerman,0,0,0,0,0,0,1,0,0,0,0,0
retainer,0,0,0,0,0,0,1,0,0,0,0,0
award,0,0,0,0,0,0,0,0,0,0,2,0
honour,0,0,0,0,0,0,5,0,0,0,1,0
sojourn,0,0,0,0,0,0,1,0,0,0,0,0
repeatedly,0,0,1,0,0,0,0,0,0,0,0,0
desire,0,0,0,0,0,0,1,0,0,0,1,0
settled,1,0,0,0,0,0,0,0,0,0,0,0
centre,0,0,1,0,0,0,0,0,0,0,1,0
oversee,0,0,0,0,0,0,0,0,0,0,3,0
construction,0,0,0,0,0,0,3,0,0,0,0,0
style,0,0,0,0,0,0,2,0,0,0,0,0
encourage,0,0,0,0,0,0,0,0,0,0,2,0
officiate,0,0,0,0,0,0,0,0,0,0,1,0
shogunate,0,0,0,0,0,0,2,0,0,0,0,0
factory,0,0,0,0,0,0,2,0,0,0,0,0
northwest,1,0,3,0,0,0,1,0,0,0,0,0
destination,0,0,0,0,0,0,2,0,0,0,0,0
isolationist,1,0,0,0,0,0,0,0,0,0,0,0
curtail,0,0,0,0,0,0,0,0,0,0,1,0
greatly,0,0,2,0,0,0,0,0,0,0,0,0
diminish,0,0,0,0,0,0,0,0,0,0,1,0
shut,0,0,0,0,0,0,0,0,0,0,1,0
inspiration,0,0,0,0,0,0,1,0,0,0,0,0
englishas,0,0,1,0,0,0,0,0,0,0,0,0
language,0,0,0,0,0,0,5,0,0,0,0,0
notably,0,0,6,0,0,0,0,0,0,0,0,0
television,0,0,0,0,0,0,2,0,0,0,0,0
miniseries,0,0,0,0,0,0,1,0,0,0,0,0
neighbourhood,0,0,0,0,0,0,1,0,0,0,0,0
annual,1,0,0,0,0,0,0,0,0,0,0,0
observance,0,0,0,0,0,0,1,0,0,0,0,0
prefecture,0,0,0,0,0,0,1,0,0,0,0,0
commemorate,0,0,0,0,0,0,0,0,0,0,1,0
launch,0,0,0,0,0,0,0,0,0,0,1,0
learned,1,0,0,0,0,0,0,0,0,0,0,0
priest,0,0,0,0,0,0,3,0,0,0,0,0
tradition,0,0,0,0,0,0,1,0,0,0,0,0
ethiopian,4,0,0,0,0,0,0,0,0,0,0,0
apostle,0,0,0,0,0,0,1,0,0,0,0,0
turkish,1,0,0,0,0,0,0,0,0,0,0,0
enslave,0,0,0,0,0,0,0,0,0,0,1,0
main,3,0,0,0,0,0,0,0,0,0,0,0
translate,0,0,0,0,0,0,0,0,0,0,1,0
catechism,0,0,0,0,0,0,1,0,0,0,0,0
theological,2,0,0,0,0,0,0,0,0,0,0,0
convert,0,0,0,0,0,0,0,0,0,0,1,0
trace,0,0,0,0,0,0,2,0,0,0,2,0
source,0,0,0,0,0,0,6,0,0,0,0,0
highland,0,0,0,0,0,0,1,0,0,0,0,0
sponsor,0,0,0,0,0,0,3,0,0,0,0,0
generation,0,0,0,0,0,0,2,0,0,0,0,0
consequently,0,0,1,0,0,0,0,0,0,0,0,0
develop,0,0,0,0,0,0,0,0,0,0,1,0
lifelong,1,0,0,0,0,0,0,0,0,0,0,0
informed,1,0,0,0,0,0,0,0,0,0,0,0
geography,0,0,0,0,0,0,1,0,0,0,0,0
competence,0,0,0,0,0,0,1,0,0,0,0,0
wealthy,2,0,0,0,0,0,0,0,0,0,0,0
hazardous,2,0,0,0,0,0,0,0,0,0,0,0
edge,0,0,0,0,0,0,2,0,0,0,0,0
polar,1,0,0,0,0,0,0,0,0,0,0,0
pack,0,0,0,0,0,0,1,0,0,0,0,0
archipelago,0,0,0,0,0,0,1,0,0,0,0,0
extend,0,0,0,0,0,0,0,0,0,0,4,0
block,0,0,0,0,0,0,0,0,0,0,1,0
field,0,0,0,0,0,0,3,0,0,0,0,0
scale,0,0,0,0,0,0,2,0,0,0,0,0
replica,0,0,0,0,0,0,1,0,0,0,0,0
sailing,0,0,0,0,0,0,5,0,0,0,0,0
digital,1,0,0,0,0,0,0,0,0,0,0,0
cph,0,0,0,0,0,0,1,0,0,0,0,0
shortly,0,0,2,0,0,0,0,0,0,0,0,0
lure,0,0,0,0,0,0,0,0,0,0,1,0
contract,0,0,0,0,0,0,1,0,0,0,1,0
channel,0,0,0,0,0,0,3,0,0,0,0,0
logbook,0,0,0,0,0,0,1,0,0,0,0,0
newly,0,0,2,0,0,0,0,0,0,0,0,0
colonist,0,0,0,0,0,0,11,0,0,0,0,0
arouse,0,0,0,0,0,0,0,0,0,0,1,0
agree,0,0,0,0,0,0,0,0,0,0,1,0
choice,0,0,0,0,0,0,2,0,0,0,0,0
suggestion,0,0,0,0,0,0,2,0,0,0,0,0
cruise,0,0,0,0,0,0,0,0,0,0,2,0
seaboard,0,0,0,0,0,0,1,0,0,0,0,0
majestic,1,0,0,0,0,0,0,0,0,0,0,0
florentine,1,0,0,0,0,0,0,0,0,0,0,0
thenceforth,0,0,1,0,0,0,0,0,0,0,0,0
ascend,0,0,0,0,0,0,0,0,0,0,3,0
conclude,0,0,0,0,0,0,0,0,0,0,4,0
dock,0,0,0,0,0,0,0,0,0,0,1,0
desist,0,0,0,0,0,0,0,0,0,0,1,0
log,0,0,0,0,0,0,2,0,0,0,0,0
paper,0,0,0,0,0,0,3,0,0,0,0,0
ready,1,0,0,0,0,0,0,0,0,0,0,0
inlet,0,0,0,0,0,0,2,0,0,0,0,0
furious,2,0,0,0,0,0,0,0,0,0,0,0
overfall,0,0,0,0,0,0,2,0,0,0,0,0
rush,0,0,0,0,0,0,0,0,0,0,1,0
ebb,0,0,0,0,0,0,1,0,0,0,0,0
tide,0,0,0,0,0,0,1,0,0,0,0,0
phenomenon,0,0,0,0,0,0,2,0,0,0,0,0
confident,1,0,0,0,0,0,0,0,0,0,0,0
presumably,0,0,1,0,0,0,0,0,0,0,0,0
stop,0,0,0,0,0,0,2,0,0,0,4,0
boldly,0,0,2,0,0,0,0,0,0,0,0,0
westward,1,0,6,0,0,0,0,0,0,0,0,0
southernmost,1,0,0,0,0,0,0,0,0,0,0,0
outlet,0,0,0,0,0,0,2,0,0,0,0,0
aimlessly,0,0,1,0,0,0,0,0,0,0,0,0
overtake,0,0,0,0,0,0,0,0,0,0,1,0
close,2,0,0,0,0,0,0,0,0,0,0,0
confinement,0,0,0,0,0,0,1,0,0,0,0,0
arise,0,0,0,0,0,0,0,0,0,0,2,0
anger,0,0,0,0,0,0,0,0,0,0,1,0
gray,1,0,0,0,0,0,0,0,0,0,0,0
gown,0,0,0,0,0,0,1,0,0,0,0,0
displease,0,0,0,0,0,0,0,0,0,0,1,0
suspect,0,0,0,0,0,0,0,0,0,0,1,0
secretly,0,0,1,0,0,0,0,0,0,0,0,0
hoard,0,0,0,0,0,0,0,0,0,0,1,0
food,0,0,0,0,0,0,2,0,0,0,0,0
temper,0,0,0,0,0,0,1,0,0,0,0,0
flare,0,0,0,0,0,0,0,0,0,0,1,0
chest,0,0,0,0,0,0,1,0,0,0,0,0
extra,1,0,0,0,0,0,0,0,0,0,0,0
victual,0,0,0,0,0,0,1,0,0,0,0,0
mate,0,0,0,0,0,0,4,0,0,0,1,0
demote,0,0,0,0,0,0,0,0,0,0,1,0
conspire,0,0,0,0,0,0,0,0,0,0,1,0
mutiny,0,0,0,0,0,0,1,0,0,0,1,0
mutineer,0,0,0,0,0,0,3,0,0,0,0,0
cast,0,0,0,0,0,0,1,0,0,0,1,0
adrift,1,0,1,0,0,0,0,0,0,0,0,0
ringleader,0,0,0,0,0,0,1,0,0,0,0,0
shelter,0,0,0,0,0,0,1,0,0,0,0,0
erect,0,0,0,0,0,0,0,0,0,0,1,0
castaway,0,0,0,0,0,0,1,0,0,0,0,0
lithograph,0,0,0,0,0,0,1,0,0,0,0,0
headstrong,1,0,0,0,0,0,0,0,0,0,0,0
courageous,2,0,0,0,0,0,0,0,0,0,0,0
violate,0,0,0,0,0,0,0,0,0,0,1,0
let,0,0,0,0,0,0,0,0,0,0,1,0
morale,0,0,0,0,0,0,1,0,0,0,0,0
irresolute,1,0,0,0,0,0,0,0,0,0,0,0
amid,0,1,0,0,0,0,0,0,0,0,0,0
danger,0,0,0,0,0,0,2,0,0,0,0,0
competent,2,0,0,0,0,0,0,0,0,0,0,0
materially,0,0,1,0,0,0,0,0,0,0,0,0
consolidator,0,0,0,0,0,0,1,0,0,0,0,0
discoverer,0,0,0,0,0,0,2,0,0,0,0,0
lake,0,0,0,0,0,0,5,0,0,0,0,0
basin,0,0,0,0,0,0,2,0,0,0,0,0
eastern,4,0,0,0,0,0,0,0,0,0,0,0
commoner,0,0,0,0,0,0,1,0,0,0,0,0
honorary,2,0,0,0,0,0,0,0,0,0,0,0
unofficial,1,0,0,0,0,0,0,0,0,0,0,0
title,0,0,0,0,0,0,3,0,0,0,0,0
accept,0,0,0,0,0,0,0,0,0,0,3,0
invitation,0,0,0,0,0,0,2,0,0,0,0,0
observer,0,0,0,0,0,0,3,0,0,0,0,0
longboat,0,0,0,0,0,0,1,0,0,0,0,0
upstream,0,0,1,0,0,0,0,0,0,0,0,0
mother,0,0,0,0,0,0,1,0,0,0,0,0
anchorage,0,0,0,0,0,0,1,0,0,0,0,0
site,0,0,0,0,0,0,6,0,0,0,0,0
rapid,1,0,0,0,0,0,2,0,0,0,0,0
fated,1,0,0,0,0,0,0,0,0,0,0,0
settler,0,0,0,0,0,0,10,0,0,0,0,0
nearly,0,0,2,0,0,0,0,0,0,0,0,0
ideal,2,0,0,0,0,0,1,0,0,0,0,0
subordinate,0,0,0,0,0,0,3,0,0,0,0,0
ally,0,0,0,0,0,0,2,0,0,0,2,0
treaty,0,0,0,0,0,0,5,0,0,0,0,0
marauder,0,0,0,0,0,0,1,0,0,0,0,0
skirmish,0,0,0,0,0,0,1,0,0,0,0,0
enhance,0,0,0,0,0,0,0,0,0,0,3,0
prestige,0,0,0,0,0,0,1,0,0,0,0,0
chamber,0,0,0,0,0,0,1,0,0,0,0,0
depict,0,0,0,0,0,0,0,0,0,0,2,0
heavy,2,0,0,0,0,0,0,0,0,0,0,0
prompt,0,0,0,0,0,0,0,0,0,0,1,0
persuade,0,0,0,0,0,0,0,0,0,0,2,0
intervene,0,0,0,0,0,0,0,0,0,0,1,0
viceroy,0,0,0,0,0,0,1,0,0,0,0,0
commandant,0,0,0,0,0,0,1,0,0,0,0,0
reestablish,0,0,0,0,0,0,0,0,0,0,1,0
immediately,0,0,3,0,0,0,0,0,0,0,0,0
embark,0,0,0,0,0,0,0,0,0,0,2,0
restore,0,0,0,0,0,0,0,0,0,0,2,0
fortify,0,0,0,0,0,0,0,0,0,0,2,0
village,0,0,0,0,0,0,6,0,0,0,0,0
defender,0,0,0,0,0,0,2,0,0,0,0,0
repulse,0,0,0,0,0,0,0,0,0,0,1,0
warrior,0,0,0,0,0,0,2,0,0,0,0,0
somewhat,0,0,1,0,0,0,0,0,0,0,0,0
disorganized,1,0,0,0,0,0,0,0,0,0,0,0
safety,0,0,0,0,0,0,3,0,0,0,0,0
maneuver,0,0,0,0,0,0,1,0,0,0,0,0
endanger,0,0,0,0,0,0,0,0,0,0,1,0
reaffirm,0,0,0,0,0,0,0,0,0,0,1,0
forbid,0,0,0,0,0,0,0,0,0,0,1,0
employ,0,0,0,0,0,0,0,0,0,0,4,0
talent,0,0,0,0,0,0,1,0,0,0,0,0
dependent,1,0,0,0,0,0,0,0,0,0,0,0
experiment,0,0,0,0,0,0,3,0,0,0,1,0
agriculture,0,0,0,0,0,0,1,0,0,0,0,0
hardly,0,0,2,0,0,0,0,0,0,0,0,0
prosper,0,0,0,0,0,0,0,0,0,0,3,0
patronage,0,0,0,0,0,0,1,0,0,0,0,0
worth,2,0,0,0,0,0,1,0,0,0,0,0
besiege,0,0,0,0,0,0,0,0,0,0,1,0
wall,0,0,0,0,0,0,1,0,0,0,0,0
distressed,1,0,0,0,0,0,0,0,0,0,0,0
garrison,0,0,0,0,0,0,1,0,0,0,0,0
exhaust,0,0,0,0,0,0,0,0,0,0,2,0
gunpowder,0,0,0,0,0,0,1,0,0,0,0,0
seventh,1,0,0,0,0,0,0,0,0,0,0,0
hunt,0,0,0,0,0,0,0,0,0,0,5,0
deer,0,0,0,0,0,0,1,0,0,0,0,0
illustration,0,0,0,0,0,0,2,0,0,0,0,0
drop,0,0,0,0,0,0,0,0,0,0,1,0
stroke,0,0,0,0,0,0,3,0,0,0,0,0
pinnace,0,0,0,0,0,0,1,0,0,0,0,0
acquit,0,0,0,0,0,0,0,0,0,0,1,0
sufficient,1,0,0,0,0,0,0,0,0,0,0,0
distinction,0,0,0,0,0,0,1,0,0,0,0,0
win,0,0,0,0,0,0,0,0,0,0,3,0
commendation,0,0,0,0,0,0,1,0,0,0,0,0
lifetime,0,0,0,0,0,0,3,0,0,0,0,0
pension,0,0,0,0,0,0,1,0,0,0,1,0
shilling,0,0,0,0,0,0,1,0,0,0,0,0
pence,0,0,0,0,0,0,1,0,0,0,0,0
rescue,0,0,0,0,0,0,1,0,0,0,3,0
southwest,1,0,1,0,0,0,2,0,0,0,0,0
algerian,1,0,0,0,0,0,0,0,0,0,0,0
independent,2,0,0,0,0,0,0,0,0,0,0,0
mind,0,0,0,0,0,0,2,0,0,0,0,0
insubordination,0,0,0,0,0,0,1,0,0,0,0,0
series,0,0,0,0,0,0,5,0,0,0,0,0
legal,4,0,0,0,0,0,0,0,0,0,0,0
dispute,0,0,0,0,0,0,3,0,0,0,0,0
previous,3,0,0,0,0,0,0,0,0,0,0,0
impoverish,0,0,0,0,0,0,0,0,0,0,1,0
unresolved,1,0,0,0,0,0,0,0,0,0,0,0
eastward,1,0,5,0,0,0,0,0,0,0,0,0
australian,5,0,0,0,0,0,0,0,0,0,0,0
desolate,1,0,0,0,0,0,0,0,0,0,0,0
offshore,1,0,0,0,0,0,0,0,0,0,0,0
landing,0,0,0,0,0,0,2,0,0,0,0,0
flattened,1,0,0,0,0,0,0,0,0,0,0,0
pewter,0,0,0,0,0,0,1,0,0,0,0,0
plate,0,0,0,0,0,0,3,0,0,0,0,0
inscribe,0,0,0,0,0,0,0,0,0,0,2,0
nail,0,0,0,0,0,0,0,0,0,0,1,0
replace,0,0,0,0,0,0,0,0,0,0,2,0
dish,0,0,0,0,0,0,1,0,0,0,0,0
equally,0,0,1,0,0,0,0,0,0,0,0,0
prolific,1,0,0,0,0,0,0,0,0,0,0,0
vividly,0,0,1,0,0,0,0,0,0,0,0,0
abundance,0,0,0,0,0,0,1,0,0,0,0,0
whet,0,0,0,0,0,0,0,0,0,0,1,0
appetite,0,0,0,0,0,0,1,0,0,0,0,0
prospective,1,0,0,0,0,0,0,0,0,0,0,0
grow,0,0,0,0,0,0,0,0,0,0,1,0
farm,0,0,0,0,0,0,3,0,0,0,2,0
teen,0,0,0,0,0,0,3,0,0,0,0,0
adventuresome,1,0,0,0,0,0,0,0,0,0,0,0
battlefield,0,0,0,0,0,0,1,0,0,0,0,0
continental,3,0,0,0,0,0,0,0,0,0,0,0
independence,0,0,0,0,0,0,2,0,0,0,0,0
classical,2,0,0,0,0,0,0,0,0,0,0,0
text,0,0,0,0,0,0,1,0,0,0,0,0
horsemanship,0,0,0,0,0,0,1,0,0,0,0,0
mercenary,0,0,0,0,0,0,1,0,0,0,0,0
austrian,1,0,0,0,0,0,0,0,0,0,0,0
voyager,0,0,0,0,0,0,2,0,0,0,0,0
disembark,0,0,0,0,0,0,0,0,0,0,1,0
govern,0,0,0,0,0,0,0,0,0,0,1,0
council,0,0,0,0,0,0,3,0,0,0,0,0
antagonistic,1,0,0,0,0,0,0,0,0,0,0,0
wilderness,0,0,0,0,0,0,1,0,0,0,0,0
privilege,0,0,0,0,0,0,1,0,0,0,0,0
corn,0,0,0,0,0,0,3,0,0,0,0,0
maize,0,0,0,0,0,0,2,0,0,0,0,0
draw,0,0,0,0,0,0,0,0,0,0,2,0
remarkably,0,0,2,0,0,0,0,0,0,0,0,0
ambush,0,0,0,0,0,0,0,0,0,0,1,0
dominate,0,0,0,0,0,0,0,0,0,0,1,0
accord,0,0,0,0,0,0,0,0,0,0,2,0
executioner,0,0,0,0,0,0,1,0,0,0,0,0
president,0,0,0,0,0,0,4,0,0,0,0,0
training,0,0,0,0,0,0,2,0,0,0,0,0
require,0,0,0,0,0,0,0,0,0,0,3,0
announce,0,0,0,0,0,0,0,0,0,0,1,0
worke,0,0,0,0,0,0,0,0,0,0,1,0
shall,0,0,0,1,0,0,0,0,0,0,0,0
eate,0,0,0,0,0,0,0,0,0,0,1,0
sicknesse,0,0,0,0,0,0,0,0,0,0,0,1
feed,0,0,0,0,0,0,0,0,0,0,1,0
storehouse,0,0,0,0,0,0,1,0,0,0,0,0
quantity,0,0,0,0,0,0,1,0,0,0,0,0
tar,0,0,0,0,0,0,1,0,0,0,0,0
pitch,0,0,0,0,0,0,1,0,0,0,0,0
soap,0,0,0,0,0,0,1,0,0,0,0,0
ash,0,0,0,0,0,0,1,0,0,0,0,0
dig,0,0,0,0,0,0,0,0,0,0,1,0
crop,0,0,0,0,0,0,1,0,0,0,0,0
plant,0,0,0,0,0,0,7,0,0,0,1,0
outlying,1,0,0,0,0,0,0,0,0,0,0,0
presidency,0,0,0,0,0,0,1,0,0,0,0,0
compare,0,0,0,0,0,0,0,0,0,0,1,0
enormous,1,0,0,0,0,0,0,0,0,0,0,0
suffering,0,0,0,0,0,0,1,0,0,0,0,0
mortality,0,0,0,0,0,0,1,0,0,0,0,0
differ,0,0,0,0,0,0,0,0,0,0,1,0
psychology,0,0,0,0,0,0,1,0,0,0,0,0
diplomacy,0,0,0,0,0,0,1,0,0,0,0,0
intimidation,0,0,0,0,0,0,1,0,0,0,0,0
bloodshed,0,0,0,0,0,0,1,0,0,0,0,0
image,0,0,0,0,0,0,1,0,0,0,0,0
strength,0,0,0,0,0,0,1,0,0,0,0,0
injure,0,0,0,0,0,0,0,0,0,0,1,0
fire,0,0,0,0,0,0,1,0,0,0,0,0
powder,0,0,0,0,0,0,1,0,0,0,0,0
bag,0,0,0,0,0,0,2,0,0,0,0,0
execution,0,0,0,0,0,0,2,0,0,0,0,0
eager,1,0,0,0,0,0,0,0,0,0,0,0
contact,0,0,0,0,0,0,4,0,0,0,0,0
carefully,0,0,2,0,0,0,0,0,0,0,0,0
month,0,0,0,0,0,0,14,0,0,0,0,0
colonizing,0,0,0,0,0,0,1,0,0,0,0,0
unable,3,0,0,0,0,0,0,0,0,0,0,0
port,0,0,0,0,0,0,3,0,0,0,0,0
rest,0,0,0,0,0,0,2,0,0,0,0,0
seamanship,0,0,0,0,0,0,4,0,0,0,0,0
counterpart,0,0,0,0,0,0,1,0,0,0,0,0
unrecorded,1,0,0,0,0,0,0,0,0,0,0,0
illness,0,0,0,0,0,0,3,0,0,0,0,0
midway,0,0,1,0,0,0,0,0,0,0,0,0
widely,0,0,3,0,0,0,0,0,0,0,0,0
reliable,1,0,0,0,0,0,0,0,0,0,0,0
honest,1,0,0,0,0,0,0,0,0,0,0,0
sensible,1,0,0,0,0,0,0,0,0,0,0,0
inform,0,0,0,0,0,0,0,0,0,0,1,0
contend,0,0,0,0,0,0,0,0,0,0,2,0
prone,1,0,0,0,0,0,0,0,0,0,0,0
promotion,0,0,0,0,0,0,2,0,0,0,0,0
confirm,0,0,0,0,0,0,0,0,0,0,3,0
autobiographical,1,0,0,0,0,0,0,0,0,0,0,0
particularly,0,0,1,0,0,0,0,0,0,0,0,0
misunderstand,0,0,0,0,0,0,0,0,0,0,1,0
event,0,0,0,0,0,0,2,0,0,0,0,0
adoption,0,0,0,0,0,0,1,0,0,0,0,0
ceremony,0,0,0,0,0,0,1,0,0,0,0,0
fabricate,0,0,0,0,0,0,0,0,0,0,1,0
incident,0,0,0,0,0,0,3,0,0,0,0,0
outright,0,0,1,0,0,0,0,0,0,0,0,0
truthfulness,0,0,0,0,0,0,1,0,0,0,0,0
concoct,0,0,0,0,0,0,0,0,0,0,1,0
eyewitness,0,0,0,0,0,0,1,0,0,0,0,0
powhatan,1,0,0,0,0,0,0,0,0,0,0,0
witness,0,0,0,0,0,0,1,0,0,0,0,0
debate,0,0,0,0,0,0,1,0,0,0,1,0
conclusively,0,0,1,0,0,0,0,0,0,0,0,0
resolve,0,0,0,0,0,0,0,0,0,0,1,0
longitude,0,0,0,0,0,0,2,0,0,0,0,0
observe,0,0,0,0,0,0,0,0,0,0,3,0
occultation,0,0,0,0,0,0,1,0,0,0,0,0
star,0,0,0,0,0,0,1,0,0,0,0,0
kind,0,0,0,0,0,0,3,0,0,0,0,0
mention,0,0,0,0,0,0,1,0,0,0,0,0
penetrate,0,0,0,0,0,0,0,0,0,0,4,0
patron,0,0,0,0,0,0,1,0,0,0,0,0
sound,0,0,0,0,0,0,1,0,0,0,0,0
radiate,0,0,0,0,0,0,0,0,0,0,1,0
anglo,1,0,0,0,0,0,0,0,0,0,0,0
persian,1,0,0,0,0,0,0,0,0,0,0,0
consolidate,0,0,0,0,0,0,0,0,0,0,1,0
business,0,0,0,0,0,0,1,0,0,0,0,0
strengthen,0,0,0,0,0,0,0,0,0,0,2,0
sign,0,0,0,0,0,0,1,0,0,0,2,0
intensify,0,0,0,0,0,0,0,0,0,0,2,0
portuguese,2,0,0,0,0,0,0,0,0,0,0,0
conquer,0,0,0,0,0,0,0,0,0,0,2,0
cinnamon,0,0,0,0,0,0,1,0,0,0,0,0
produce,0,0,0,0,0,0,0,0,0,0,3,0
stronghold,0,0,0,0,0,0,1,0,0,0,0,0
advantageous,1,0,0,0,0,0,0,0,0,0,0,0
commercial,4,0,0,0,0,0,0,0,0,0,0,0
administration,0,0,0,0,0,0,1,0,0,0,0,0
paramount,1,0,0,0,0,0,0,0,0,0,0,0
insular,1,0,0,0,0,0,0,0,0,0,0,0
pattern,0,0,0,0,0,0,2,0,0,0,0,0
predecessor,0,0,0,0,0,0,2,0,0,0,0,0
latin,1,0,0,0,0,0,0,0,0,0,0,0
school,0,0,0,0,0,0,2,0,0,0,1,0
orphanage,0,0,0,0,0,0,1,0,0,0,0,0
hospital,0,0,0,0,0,0,1,0,0,0,0,0
code,0,0,0,0,0,0,1,0,0,0,0,0
batavian,1,0,0,0,0,0,0,0,0,0,0,0
statute,0,0,0,0,0,0,1,0,0,0,0,0
initiate,0,0,0,0,0,0,0,0,0,0,1,0
exploring,0,0,0,0,0,0,1,0,0,0,0,0
originally,0,0,1,0,0,0,0,0,0,0,0,0
state,0,0,0,0,0,0,3,0,0,0,1,0
carrier,0,0,0,0,0,0,1,0,0,0,0,0
request,0,0,0,0,0,0,1,0,0,0,0,0
friendly,3,0,0,0,0,0,0,0,0,0,0,0
algonquian,1,0,0,0,0,0,0,0,0,0,0,0
culture,0,0,0,0,0,0,1,0,0,0,0,0
participate,0,0,0,0,0,0,0,0,0,0,1,0
distant,1,0,0,0,0,0,0,0,0,0,0,0
interpreter,0,0,0,0,0,0,3,0,0,0,0,0
canoe,0,0,0,0,0,0,3,0,0,0,1,0
brave,0,0,0,0,0,0,1,0,0,0,0,0
anticipate,0,0,0,0,0,0,0,0,0,0,1,0
paddle,0,0,0,0,0,0,0,0,0,0,1,0
friendship,0,0,0,0,0,0,2,0,0,0,0,0
autumn,0,0,0,0,0,0,1,0,0,0,0,0
resume,0,0,0,0,0,0,0,0,0,0,2,0
respect,0,0,0,0,0,0,3,0,0,0,0,0
drown,0,0,0,0,0,0,0,0,0,0,2,0
capsize,0,0,0,0,0,0,0,0,0,0,1,0
sudden,1,0,0,0,0,0,0,0,0,0,0,0
certainly,0,0,1,0,0,0,0,0,0,0,0,0
discontinuous,1,0,0,0,0,0,0,0,0,0,0,0
stretch,0,0,0,0,0,0,1,0,0,0,0,0
connect,0,0,0,0,0,0,0,0,0,0,3,0
hypothetical,2,0,0,0,0,0,0,0,0,0,0,0
assign,0,0,0,0,0,0,0,0,0,0,2,0
solve,0,0,0,0,0,0,0,0,0,0,2,0
memoir,0,0,0,0,0,0,1,0,0,0,0,0
ordinary,1,0,0,0,0,0,0,0,0,0,0,0
investigate,0,0,0,0,0,0,0,0,0,0,2,0
practicability,0,0,0,0,0,0,1,0,0,0,0,0
rediscover,0,0,0,0,0,0,0,0,0,0,1,0
southerly,2,0,0,0,0,0,0,0,0,0,0,0
skirt,0,0,0,0,0,0,0,0,0,0,1,0
decide,0,0,0,0,0,0,0,0,0,0,5,0
opportunity,0,0,0,0,0,0,6,0,0,0,0,0
impression,0,0,0,0,0,0,1,0,0,0,0,0
legislature,0,0,0,0,0,0,1,0,0,0,0,0
swell,0,0,0,0,0,0,1,0,0,0,0,0
negligent,1,0,0,0,0,0,0,0,0,0,0,0
known,1,0,0,0,0,0,0,0,0,0,0,0
steer,0,0,0,0,0,0,0,0,0,0,1,0
southeast,2,0,3,0,0,0,1,0,0,0,0,0
mistake,0,0,0,0,0,0,0,0,0,0,1,0
shallow,1,0,0,0,0,0,0,0,0,0,0,0
disappointment,0,0,0,0,0,0,2,0,0,0,0,0
northeastern,2,0,0,0,0,0,0,0,0,0,0,0
separation,0,0,0,0,0,0,1,0,0,0,0,0
archive,0,0,0,0,0,0,1,0,0,0,0,0
german,7,0,0,0,0,0,0,0,0,0,0,0
danish,2,0,0,0,0,0,0,0,0,0,0,0
franciscan,1,0,0,0,0,0,0,0,0,0,0,0
chaplain,0,0,0,0,0,0,1,0,0,0,0,0
remainder,0,0,0,0,0,0,1,0,0,0,0,0
hunting,0,0,0,0,0,0,1,0,0,0,0,0
voyageur,0,0,0,0,0,0,1,0,0,0,0,0
revise,0,0,0,0,0,0,0,0,0,0,2,0
très,0,0,0,0,0,0,0,0,0,0,0,1
grand,2,0,0,0,0,0,0,0,0,0,0,0
pays,0,0,0,0,0,0,0,0,0,0,0,1
situé,0,0,0,0,0,0,0,0,0,0,0,1
dans,0,0,0,0,0,0,0,0,0,0,0,1
situate,0,0,0,0,0,0,0,0,0,0,1,0
mouth,0,0,0,0,0,0,13,0,0,0,0,0
assumption,0,0,0,0,0,0,1,0,0,0,0,0
discredit,0,0,0,0,0,0,0,0,0,0,1,0
obscurity,0,0,0,0,0,0,1,0,0,0,0,0
monastery,0,0,0,0,0,0,1,0,0,0,0,0
datum,0,0,0,0,0,0,1,0,0,0,0,0
portage,0,0,0,0,0,0,1,0,0,0,0,0
flow,0,0,0,0,0,0,0,0,0,0,2,0
catch,0,0,0,0,0,0,0,0,0,0,2,0
camp,0,0,0,0,0,0,0,0,0,0,1,1
stream,0,0,0,0,0,0,1,0,0,0,0,0
spell,0,0,0,0,0,0,0,0,0,0,1,0
control,0,0,0,0,0,0,3,0,0,0,0,0
ensign,0,0,0,0,0,0,1,0,0,0,0,0
regiment,0,0,0,0,0,0,2,0,0,0,0,0
household,0,0,0,0,0,0,1,0,0,0,0,0
negotiate,0,0,0,0,0,0,0,0,0,0,5,0
peace,0,0,0,0,0,0,3,0,0,0,0,0
beaver,0,0,0,0,0,0,2,0,0,0,0,0
pelt,0,0,0,0,0,0,4,0,0,0,0,0
seemingly,0,0,1,0,0,0,0,0,0,0,0,0
assembly,0,0,0,0,0,0,1,0,0,0,0,0
amity,0,0,0,0,0,0,1,0,0,0,0,0
declare,0,0,0,0,0,0,0,0,0,0,1,0
renegade,0,0,0,0,0,0,1,0,0,0,0,0
violation,0,0,0,0,0,0,1,0,0,0,0,0
edict,0,0,0,0,0,0,1,0,0,0,0,0
prohibit,0,0,0,0,0,0,0,0,0,0,1,0
frenchman,0,0,0,0,0,0,1,0,0,0,0,0
wood,0,0,0,0,0,0,1,0,0,0,0,0
renew,0,0,0,0,0,0,0,0,0,0,1,0
peacemaking,0,0,0,0,0,0,1,0,0,0,0,0
dissuade,0,0,0,0,0,0,0,0,0,0,1,0
troop,0,0,0,0,0,0,2,0,0,0,0,0
retire,0,0,0,0,0,0,0,0,0,0,2,0
confiscate,0,0,0,0,0,0,0,0,0,0,1,0
copper,0,0,0,0,0,0,2,0,0,0,0,0
deposit,0,0,0,0,0,0,1,0,0,0,0,0
resident,0,0,0,0,0,0,1,0,0,0,0,0
revisit,0,0,0,0,0,0,0,0,0,0,1,0
tributary,0,0,0,0,0,0,1,0,0,0,0,0
luckless,1,0,0,0,0,0,0,0,0,0,0,0
murder,0,0,0,0,0,0,0,0,0,0,3,0
priesthood,0,0,0,0,0,0,1,0,0,0,0,0
attracted,1,0,0,0,0,0,0,0,0,0,0,0
seigneur,0,0,0,0,0,0,2,0,0,0,0,0
landholder,0,0,0,0,0,0,1,0,0,0,0,0
frontiersman,0,0,0,0,0,0,2,0,0,0,0,0
landlord,0,0,0,0,0,0,1,0,0,0,0,0
outpost,0,0,0,0,0,0,2,0,0,0,0,0
dialect,0,0,0,0,0,0,1,0,0,0,0,0
obsessed,1,0,0,0,0,0,0,0,0,0,0,0
frontier,0,0,0,0,0,0,2,0,0,0,0,0
experience,0,0,0,0,0,0,2,0,0,0,0,0
modify,0,0,0,0,0,0,0,0,0,0,1,0
dreamer,0,0,0,0,0,0,1,0,0,0,0,0
pathfinder,0,0,0,0,0,0,1,0,0,0,0,0
kindred,1,0,0,0,0,0,0,0,0,0,0,0
check,0,0,0,0,0,0,1,0,0,0,0,0
coastal,5,0,0,0,0,0,0,0,0,0,0,0
strongly,0,0,1,0,0,0,0,0,0,0,0,0
fear,0,0,0,0,0,0,0,0,0,0,2,0
afraid,1,0,0,0,0,0,0,0,0,0,0,0
instal,0,0,0,0,0,0,0,0,0,0,1,0
representative,0,0,0,0,0,0,1,0,0,0,0,0
capable,2,0,0,0,0,0,0,0,0,0,0,0
anybody,0,0,0,0,0,0,0,0,1,0,0,0
enterprise,0,0,0,0,0,0,2,0,0,0,0,0
sufficiently,0,0,2,0,0,0,0,0,0,0,0,0
nobility,0,0,0,0,0,0,1,0,0,0,0,0
share,0,0,0,0,0,0,1,0,0,0,0,0
affair,0,0,0,0,0,0,4,0,0,0,0,0
restless,1,0,0,0,0,0,0,0,0,0,0,0
ambition,0,0,0,0,0,0,1,0,0,0,0,0
wish,0,0,0,0,0,0,0,0,0,0,1,0
buffalo,0,0,0,0,0,0,1,0,0,0,0,0
hide,0,0,0,0,0,0,1,0,0,0,0,0
expense,0,0,0,0,0,0,2,0,0,0,0,0
borrow,0,0,0,0,0,0,0,0,0,0,1,0
sum,0,0,0,0,0,0,1,0,0,0,0,0
enmesh,0,0,0,0,0,0,0,0,0,0,1,0
tangle,0,0,0,0,0,0,1,0,0,0,0,0
blight,0,0,0,0,0,0,0,0,0,0,1,0
rouse,0,0,0,0,0,0,0,0,0,0,1,0
enmity,0,0,0,0,0,0,1,0,0,0,0,0
resolutely,0,0,1,0,0,0,0,0,0,0,0,0
italian,1,0,0,0,0,0,0,0,0,0,0,0
season,0,0,0,0,0,0,1,0,0,0,0,0
subsist,0,0,0,0,0,0,0,0,0,0,1,0
game,0,0,0,0,0,0,1,0,0,0,0,0
trek,0,0,0,0,0,0,1,0,0,0,0,0
dead,0,0,0,0,0,0,1,0,0,0,0,0
normally,0,0,2,0,0,0,0,0,0,0,0,0
critical,1,0,0,0,0,0,0,0,0,0,0,0
friar,0,0,0,0,0,0,1,0,0,0,0,0
cargo,0,0,0,0,0,0,2,0,0,0,0,0
wreck,0,0,0,0,0,0,1,0,0,0,2,0
destruction,0,0,0,0,0,0,1,0,0,0,0,0
desertion,0,0,0,0,0,0,1,0,0,0,0,0
construct,0,0,0,0,0,0,0,0,0,0,1,0
proud,2,0,0,0,0,0,0,0,0,0,0,0
unyielding,1,0,0,0,0,0,0,0,0,0,0,0
bend,0,0,0,0,0,0,0,0,0,0,1,0
demand,0,0,0,0,0,0,0,0,0,0,2,0
hard,1,0,0,0,0,0,0,0,0,0,0,0
junction,0,0,0,0,0,0,1,0,0,0,0,0
dream,0,0,0,0,0,0,0,0,0,0,1,0
deny,0,0,0,0,0,0,0,0,0,0,1,0
chance,0,0,0,0,0,0,3,0,0,0,0,0
vicissitude,0,0,0,0,0,0,1,0,0,0,0,0
proclaim,0,0,0,0,0,0,0,0,0,0,1,0
park,0,0,0,0,0,0,1,0,0,0,0,0
maintain,0,0,0,0,0,0,0,0,0,0,3,0
appeal,0,0,0,0,0,0,0,0,0,0,1,0
welcome,0,0,0,0,0,0,0,0,0,0,2,0
audience,0,0,0,0,0,0,1,0,0,0,0,0
restitution,0,0,0,0,0,0,1,0,0,0,0,0
phase,0,0,0,0,0,0,1,0,0,0,0,0
extraordinary,1,0,0,0,0,0,0,0,0,0,0,0
buccaneer,0,0,0,0,0,0,3,0,0,0,0,0
detractor,0,0,0,0,0,0,1,0,0,0,0,0
question,0,0,0,0,0,0,1,0,0,0,3,0
sanity,0,0,0,0,0,0,1,0,0,0,0,0
harass,0,0,0,0,0,0,0,0,0,0,1,0
doom,0,0,0,0,0,0,1,0,0,0,1,0
start,0,0,0,0,0,0,1,0,0,0,1,0
sickness,0,0,0,0,0,0,1,0,0,0,0,0
toll,0,0,0,0,0,0,1,0,0,0,0,0
gross,1,0,0,0,0,0,0,0,0,0,0,0
miscalculation,0,0,0,0,0,0,1,0,0,0,0,0
landfall,0,0,0,0,0,0,1,0,0,0,0,0
fruitless,2,0,0,0,0,0,0,0,0,0,0,0
controversy,0,0,0,0,0,0,1,0,0,0,0,0
praise,0,0,0,0,0,0,0,0,0,0,1,0
unsparingly,0,0,1,0,0,0,0,0,0,0,0,0
understand,0,0,0,0,0,0,0,0,0,0,1,0
dour,1,0,0,0,0,0,0,0,0,0,0,0
tragic,1,0,0,0,0,0,0,0,0,0,0,0
quality,0,0,0,0,0,0,2,0,0,0,0,0
insufferable,1,0,0,0,0,0,0,0,0,0,0,0
arrogance,0,0,0,0,0,0,2,0,0,0,0,0
hamper,0,0,0,0,0,0,0,0,0,0,2,0
fault,0,0,0,0,0,0,1,0,0,0,0,0
prodigious,1,0,0,0,0,0,0,0,0,0,0,0
courage,0,0,0,0,0,0,1,0,0,0,0,0
boast,0,0,0,0,0,0,1,0,0,0,0,0
minority,0,0,0,0,0,0,1,0,0,0,0,0
education,0,0,0,0,0,0,5,0,0,0,0,0
grammar,0,0,0,0,0,0,1,0,0,0,0,0
countryside,0,0,0,0,0,0,1,0,0,0,0,0
puritan,1,0,0,0,0,0,0,0,0,0,0,0
itinerant,0,0,0,0,0,0,1,0,0,0,0,0
preach,0,0,0,0,0,0,0,0,0,0,3,0
expel,0,0,0,0,0,0,0,0,0,0,1,0
nonconformity,0,0,0,0,0,0,1,0,0,0,0,0
thwart,0,0,0,0,0,0,0,0,0,0,1,0
religiosity,0,0,0,0,0,0,1,0,0,0,0,0
tour,0,0,0,0,0,0,1,0,0,0,0,0
extent,0,0,0,0,0,0,2,0,0,0,0,0
formal,2,0,0,0,0,0,0,0,0,0,0,0
path,0,0,0,0,0,0,1,0,0,0,0,0
sect,0,0,0,0,0,0,2,0,0,0,0,0
radical,2,0,0,0,0,0,1,0,0,0,0,0
revile,0,0,0,0,0,0,0,0,0,0,2,0
respectable,1,0,0,0,0,0,0,0,0,0,0,0
society,0,0,0,0,0,0,1,0,0,0,0,0
subject,1,0,0,0,0,0,2,0,0,0,0,0
activism,0,0,0,0,0,0,1,0,0,0,0,0
word,0,0,0,0,0,0,1,0,0,0,0,0
conversion,0,0,0,0,0,0,1,0,0,0,0,0
publication,0,0,0,0,0,0,1,0,0,0,0,0
exalt,0,0,0,0,0,0,0,0,0,0,1,0
uphold,0,0,0,0,0,0,0,0,0,0,2,0
shake,0,0,0,0,0,0,0,0,0,0,1,0
subsequently,0,0,4,0,0,0,0,0,0,0,0,0
qualify,0,0,0,0,0,0,0,0,0,0,1,0
anti,0,0,0,0,0,0,1,0,0,0,0,0
expound,0,0,0,0,0,0,0,0,0,0,1,0
morality,0,0,0,0,0,0,1,0,0,0,0,0
eloquence,0,0,0,0,0,0,1,0,0,0,0,0
learning,0,0,0,0,0,0,1,0,0,0,0,0
flash,0,0,0,0,0,0,1,0,0,0,0,0
humour,0,0,0,0,0,0,1,0,0,0,0,0
condemn,0,0,0,0,0,0,0,0,0,0,1,0
worldliness,0,0,0,0,0,0,1,0,0,0,0,0
luxury,0,0,0,0,0,0,1,0,0,0,0,0
extoll,0,0,0,0,0,0,0,0,0,0,1,0
conception,0,0,0,0,0,0,1,0,0,0,0,0
ascetic,1,0,0,0,0,0,0,0,0,0,0,0
denial,1,0,0,0,0,0,0,0,0,0,0,0
social,1,0,0,0,0,0,0,0,0,0,0,0
reform,0,0,0,0,0,0,1,0,0,0,0,0
protagonist,0,0,0,0,0,0,1,0,0,0,0,0
toleration,0,0,0,0,0,0,3,0,0,0,0,0
defend,0,0,0,0,0,0,0,0,0,0,4,0
systematic,1,0,0,0,0,0,0,0,0,0,0,0
thorough,2,0,0,0,0,0,0,0,0,0,0,0
exposition,0,0,0,0,0,0,1,0,0,0,0,0
theory,0,0,0,0,0,0,1,0,0,0,0,0
argument,0,0,0,0,0,0,1,0,0,0,0,0
scriptural,1,0,0,0,0,0,0,0,0,0,0,0
ground,0,0,0,0,0,0,1,0,0,0,1,0
overlook,0,0,0,0,0,0,0,0,0,0,1,0
rational,1,0,0,0,0,0,0,0,0,0,0,0
pragmatic,1,0,0,0,0,0,0,0,0,0,0,0
consideration,0,0,0,0,0,0,1,0,0,0,0,0
prosperity,0,0,0,0,0,0,1,0,0,0,0,0
indulgence,0,0,0,0,0,0,1,0,0,0,0,0
worship,0,0,0,0,0,0,2,0,0,0,0,0
unexpected,1,0,0,0,0,0,0,0,0,0,0,0
conscience,0,0,0,0,0,0,1,0,0,0,0,0
traditional,2,0,0,0,0,0,0,0,0,0,0,0
meetinghouse,0,0,0,0,0,0,1,0,0,0,0,0
padlock,0,0,0,0,0,0,0,0,0,0,1,0
street,0,0,0,0,0,0,1,0,0,0,0,0
person,0,0,0,0,0,0,2,0,0,0,0,0
meeting,0,0,0,0,0,0,2,0,0,0,0,0
trump,0,0,0,0,0,0,0,0,0,0,1,0
incite,0,0,0,0,0,0,0,0,0,0,1,0
riot,0,0,0,0,0,0,1,0,0,0,0,0
calmly,0,0,1,0,0,0,0,0,0,0,0,0
skillfully,0,0,1,0,0,0,0,0,0,0,0,0
expose,0,0,0,0,0,0,0,0,0,0,1,0
illegality,0,0,0,0,0,0,1,0,0,0,0,0
proceeding,0,0,0,0,0,0,1,0,0,0,0,0
jury,0,0,0,0,0,0,2,0,0,0,0,0
verdict,0,0,0,0,0,0,1,0,0,0,0,0
guilty,1,0,0,0,0,0,0,0,0,0,0,0
abusive,1,0,0,0,0,0,0,0,0,0,0,0
treatment,0,0,0,0,0,0,1,0,0,0,0,0
refusal,0,0,0,0,0,0,2,0,0,0,0,0
juryman,0,0,0,0,0,0,1,0,0,0,0,0
vindicate,0,0,0,0,0,0,0,0,0,0,1,0
lord,0,0,0,0,0,0,1,0,0,0,0,0
justice,0,0,0,0,0,0,1,0,0,0,0,0
enunciate,0,0,0,0,0,0,0,0,0,0,1,0
judge,0,0,0,0,0,0,1,0,0,0,0,0
juror,0,0,0,0,0,0,1,0,0,0,0,0
landmark,0,0,0,0,0,0,1,0,0,0,0,0
firsthand,2,0,0,0,0,0,0,0,0,0,0,0
vivid,2,0,0,0,0,0,0,0,0,0,0,0
courtroom,0,0,0,0,0,0,1,0,0,0,0,0
drama,0,0,0,0,0,0,1,0,0,0,0,0
ancient,1,0,0,0,0,0,0,0,0,0,0,0
assert,0,0,0,0,0,0,0,0,0,0,1,0
reconcile,0,0,0,0,0,0,0,0,0,0,1,0
inherit,0,0,0,0,0,0,0,0,0,0,2,0
frequenter,0,0,0,0,0,0,1,0,0,0,0,0
enjoy,0,0,0,0,0,0,0,0,0,0,1,0
duke,0,0,0,0,0,0,3,0,0,0,0,0
infancy,0,0,0,0,0,0,2,0,0,0,0,0
tirelessly,0,0,1,0,0,0,0,0,0,0,0,0
polemicist,0,0,0,0,0,0,1,0,0,0,0,0
tract,0,0,0,0,0,0,1,0,0,0,0,0
practice,0,0,0,0,0,0,1,0,0,0,1,0
preaching,0,0,0,0,0,0,1,0,0,0,0,0
emigrant,0,0,0,0,0,0,1,0,0,0,0,0
decade,0,0,0,0,0,0,4,0,0,0,0,0
parliamentary,1,0,0,0,0,0,0,0,0,0,0,0
candidacy,0,0,0,0,0,0,1,0,0,0,0,0
republican,2,0,0,0,0,0,0,0,0,0,0,0
hustings,0,0,0,0,0,0,1,0,0,0,0,0
twice,0,0,3,0,0,0,0,0,0,0,0,0
statement,0,0,0,0,0,0,1,0,0,0,0,0
electorate,0,0,0,0,0,0,1,0,0,0,0,0
governorship,0,0,0,0,0,0,1,0,0,0,0,0
involved,1,0,0,0,0,0,0,0,0,0,0,0
trustee,0,0,0,0,0,0,1,0,0,0,0,0
proprietor,0,0,0,0,0,0,3,0,0,0,0,0
proprietary,2,0,0,0,0,0,0,0,0,0,0,0
widow,0,0,0,0,0,0,1,0,0,0,0,0
discourage,0,0,0,0,0,0,0,0,0,0,2,0
prospect,0,0,0,0,0,0,1,0,0,0,0,0
dark,1,0,0,0,0,0,0,0,0,0,0,0
bank,0,0,0,0,0,0,1,0,0,0,0,0
cancel,0,0,0,0,0,0,0,0,0,0,1,0
lower,2,0,0,0,0,0,0,0,0,0,0,0
persecute,0,0,0,0,0,0,0,0,0,0,1,0
commonwealth,0,0,0,0,0,0,1,0,0,0,0,0
room,0,0,0,0,0,0,1,0,0,0,0,0
holy,2,0,0,0,0,0,0,0,0,0,0,0
embody,0,0,0,0,0,0,0,0,0,0,1,0
frame,0,0,0,0,0,0,2,0,0,0,0,0
mischief,0,0,0,0,0,0,1,0,0,0,0,0
hinder,0,0,0,0,0,0,0,0,0,0,1,0
absolute,1,0,0,0,0,0,0,0,0,0,0,0
safeguard,0,0,0,0,0,0,0,0,0,0,1,0
actual,1,0,0,0,0,0,0,0,0,0,0,0
machinery,0,0,0,0,0,0,1,0,0,0,0,0
clumsy,1,0,0,0,0,0,0,0,0,0,0,0
unworkable,1,0,0,0,0,0,0,0,0,0,0,0
wisely,0,0,1,0,0,0,0,0,0,0,0,0
clause,0,0,0,0,0,0,1,0,0,0,0,0
alter,0,0,0,0,0,0,0,0,0,0,1,0
necessity,0,0,0,0,0,0,1,0,0,0,0,0
diagram,0,0,0,0,0,0,1,0,0,0,0,0
lot,0,0,0,0,0,0,1,0,0,0,0,0
division,0,0,0,0,0,0,1,0,0,0,0,0
grid,0,0,0,0,0,0,1,0,0,0,0,0
pour,0,0,0,0,0,0,0,0,0,0,1,0
preside,0,0,0,0,0,0,0,0,0,0,1,0
unite,0,0,0,0,0,0,0,0,0,0,1,0
incorporate,0,0,0,0,0,0,0,0,0,0,1,0
mutual,1,0,0,0,0,0,0,0,0,0,0,0
conference,0,0,0,0,0,0,1,0,0,0,0,0
neighbour,0,0,0,0,0,0,0,0,0,0,1,0
boundary,0,0,0,0,0,0,2,0,0,0,0,0
oblige,0,0,0,0,0,0,0,0,0,0,1,0
full,1,0,0,0,0,0,0,0,0,0,0,0
accession,0,0,0,0,0,0,1,0,0,0,0,0
declaration,0,0,0,0,0,0,1,0,0,0,0,0
pleasure,0,0,0,0,0,0,1,0,0,0,0,0
fundamental,1,0,0,0,0,0,0,0,0,0,0,0
abdication,0,0,0,0,0,0,1,0,0,0,0,0
labour,0,0,0,0,0,0,0,0,0,0,1,0
faithfully,0,0,2,0,0,0,0,0,0,0,0,0
cloud,0,0,0,0,0,0,1,0,0,0,0,0
virtually,0,0,2,0,0,0,0,0,0,0,0,0
hiding,0,0,0,0,0,0,1,0,0,0,0,0
retirement,0,0,0,0,0,0,2,0,0,0,0,0
international,1,0,0,0,0,0,0,0,0,0,0,0
organization,0,0,0,0,0,0,1,0,0,0,0,0
arbitrate,0,0,0,0,0,0,0,0,0,0,1,0
movement,0,0,0,0,0,0,1,0,0,0,0,0
draft,0,0,0,0,0,0,0,0,0,0,1,0
union,0,0,0,0,0,0,1,0,0,0,0,0
presage,0,0,0,0,0,0,0,0,0,0,1,0
adulthood,0,0,0,0,0,0,1,0,0,0,0,0
suspicion,0,0,0,0,0,0,1,0,0,0,0,0
constantly,0,0,2,0,0,0,0,0,0,0,0,0
deputy,0,0,0,0,0,0,2,0,0,0,0,0
unhappy,2,0,0,0,0,0,0,0,0,0,0,0
unequally,0,0,1,0,0,0,0,0,0,0,0,0
yoke,0,0,0,0,0,0,0,0,0,0,1,0
conscientious,1,0,0,0,0,0,0,0,0,0,0,0
outstanding,1,0,0,0,0,0,0,0,0,0,0,0
difficulty,0,0,0,0,0,0,1,0,0,0,0,0
preeminence,0,0,0,0,0,0,1,0,0,0,0,0
confide,0,0,0,0,0,0,0,0,0,0,1,0
loyally,0,0,1,0,0,0,0,0,0,0,0,0
eld,1,0,0,0,0,0,0,0,0,0,0,0
scapegrace,0,0,0,0,0,0,1,0,0,0,0,0
judgment,0,0,0,0,0,0,1,0,0,0,0,0
faithful,1,0,0,0,0,0,0,0,0,0,0,0
recoil,0,0,0,0,0,0,0,0,0,0,1,0
incompetent,1,0,0,0,0,0,0,0,0,0,0,0
untrustworthy,1,0,0,0,0,0,0,0,0,0,0,0
steward,0,0,0,0,0,0,1,0,0,0,0,0
cheat,0,0,0,0,0,0,0,0,0,0,1,0
staggering,1,0,0,0,0,0,0,0,0,0,0,0
debtor,0,0,0,0,0,0,1,0,0,0,0,0
outcome,0,0,0,0,0,0,1,0,0,0,0,0
paralytic,1,0,0,0,0,0,0,0,0,0,0,0
seriously,0,0,1,0,0,0,0,0,0,0,0,0
impair,0,0,0,0,0,0,0,0,0,0,1,0
dull,0,0,0,0,0,0,0,0,0,0,1,0
keen,2,0,0,0,0,0,0,0,0,0,0,0
intellect,0,0,0,0,0,0,1,0,0,0,0,0
consummation,0,0,0,0,0,0,1,0,0,0,0,0
linger,0,0,0,0,0,0,0,0,0,0,1,0
helpless,1,0,0,0,0,0,0,0,0,0,0,0
canadian,4,0,0,0,0,0,0,0,0,0,0,0
confluence,0,0,0,0,0,0,1,0,0,0,0,0
seminary,0,0,0,0,0,0,1,0,0,0,0,0
birchbark,0,0,0,0,0,0,1,0,0,0,0,0
central,3,0,0,0,0,0,0,0,0,0,0,0
pause,0,0,0,0,0,0,0,0,0,0,2,0
glean,0,0,0,0,0,0,0,0,0,0,1,0
scrap,0,0,0,0,0,0,1,0,0,0,0,0
hydrographer,0,0,0,0,0,0,1,0,0,0,0,0
neapolitan,1,0,0,0,0,0,0,0,0,0,0,0
financier,0,0,0,0,0,0,1,0,0,0,0,0
tontine,0,0,0,0,0,0,1,0,0,0,0,0
insurance,0,0,0,0,0,0,1,0,0,0,0,0
combat,0,0,0,0,0,0,1,0,0,0,0,0
wear,0,0,0,0,0,0,0,0,0,0,1,0
iron,0,0,0,0,0,0,1,0,0,0,0,0
glove,0,0,0,0,0,0,1,0,0,0,0,0
devoted,1,0,0,0,0,0,0,0,0,0,0,0
seignory,0,0,0,0,0,0,1,0,0,0,0,0
landholding,0,0,0,0,0,0,1,0,0,0,0,0
depart,0,0,0,0,0,0,0,0,0,0,4,0
desert,0,0,0,0,0,0,0,0,0,0,1,0
maraud,0,0,0,0,0,0,0,0,0,0,1,0
recuperate,0,0,0,0,0,0,0,0,0,0,1,0
gather,0,0,0,0,0,0,0,0,0,0,1,0
fate,0,0,0,0,0,0,1,0,0,0,1,0
pioneer,0,0,0,0,0,0,1,0,0,0,0,0
orphan,0,0,0,0,0,0,0,0,0,0,1,0
chiefly,0,0,1,0,0,0,0,0,0,0,0,0
aboriginal,1,0,0,0,0,0,0,0,0,0,0,0
deteriorate,0,0,0,0,0,0,0,0,0,0,1,0
discontented,1,0,0,0,0,0,0,0,0,0,0,0
dangerously,0,0,2,0,0,0,0,0,0,0,0,0
leak,0,0,0,0,0,0,0,0,0,0,1,0
pick,0,0,0,0,0,0,0,0,0,0,1,0
convoy,0,0,0,0,0,0,1,0,0,0,0,0
booty,0,0,0,0,0,0,2,0,0,0,0,0
typhoon,0,0,0,0,0,0,1,0,0,0,0,0
mariner,0,0,0,0,0,0,1,0,0,0,0,0
plain,0,0,0,0,0,0,2,0,0,0,0,0
establishment,0,0,0,0,0,0,1,0,0,0,0,0
trip,0,0,0,0,0,0,3,0,0,0,0,0
proficient,1,0,0,0,0,0,0,0,0,0,0,0
promote,0,0,0,0,0,0,0,0,0,0,5,0
get,0,0,0,0,0,0,0,0,0,0,1,0
incursion,0,0,0,0,0,0,1,0,0,0,0,0
frigate,0,0,0,0,0,0,2,0,0,0,0,0
ply,0,0,0,0,0,0,0,0,0,0,1,0
inexplicably,0,0,1,0,0,0,0,0,0,0,0,0
rhyme,0,0,0,0,0,0,1,0,0,0,0,0
sublieutenant,0,0,0,0,0,0,1,0,0,0,0,0
unnoticed,1,0,0,0,0,0,0,0,0,0,0,0
siberian,2,0,0,0,0,0,0,0,0,0,0,0
peninsula,0,0,0,0,0,0,2,0,0,0,0,0
bad,3,0,0,0,0,0,0,0,0,0,0,0
simple,1,0,0,0,0,0,0,0,0,0,0,0
aleutian,1,0,0,0,0,0,0,0,0,0,0,0
independently,0,0,1,0,0,0,0,0,0,0,0,0
anxious,1,0,0,0,0,0,0,0,0,0,0,0
reconnoitre,0,0,0,0,0,0,0,0,0,0,1,0
southwestern,2,0,0,0,0,0,0,0,0,0,0,0
news,0,0,0,0,0,0,2,0,0,0,0,0
furtrading,0,0,0,0,0,0,1,0,0,0,0,0
battle,0,0,0,0,0,0,1,0,0,0,1,0
adverse,1,0,0,0,0,0,0,0,0,0,0,0
convenient,1,0,0,0,0,0,0,0,0,0,0,0
crude,1,0,0,0,0,0,0,0,0,0,0,0
waterway,0,0,0,0,0,0,1,0,0,0,0,0
fall,0,0,0,0,0,0,2,0,0,0,0,0
push,0,0,0,0,0,0,0,0,0,0,3,0
tablet,0,0,0,0,0,0,1,0,0,0,0,0
annually,0,0,1,0,0,0,0,0,0,0,0,0
descent,0,0,0,0,0,0,1,0,0,0,0,0
entirely,0,0,1,0,0,0,0,0,0,0,0,0
severely,0,0,1,0,0,0,0,0,0,0,0,0
criticize,0,0,0,0,0,0,0,0,0,0,1,0
blame,0,0,0,0,0,0,0,0,0,0,1,0
nephew,0,0,0,0,0,0,1,0,0,0,0,0
naturalist,0,0,0,0,0,0,5,0,0,0,0,0
finish,0,0,0,0,0,0,0,0,0,0,1,0
basic,1,0,0,0,0,0,0,0,0,0,0,0
stint,0,0,0,0,0,0,1,0,0,0,0,0
academy,0,0,0,0,0,0,1,0,0,0,0,0
invite,0,0,0,0,0,0,0,0,0,0,3,0
length,0,0,0,0,0,0,2,0,0,0,0,0
meridian,0,0,0,0,0,0,1,0,0,0,0,0
fraught,1,0,0,0,0,0,0,0,0,0,0,0
dissension,0,0,0,0,0,0,1,0,0,0,0,0
participant,0,0,0,0,0,0,1,0,0,0,0,0
raft,0,0,0,0,0,0,1,0,0,0,0,0
astronomic,1,0,0,0,0,0,0,0,0,0,0,0
biologic,1,0,0,0,0,0,0,0,0,0,0,0
ethnographic,1,0,0,0,0,0,0,0,0,0,0,0
documentation,0,0,0,0,0,0,1,0,0,0,0,0
wait,0,0,0,0,0,0,0,0,0,0,1,0
genus,0,0,0,0,0,0,2,0,0,0,0,0
rubber,0,0,0,0,0,0,1,0,0,0,0,0
quinine,0,0,0,0,0,0,1,0,0,0,0,0
fait,0,0,0,0,0,0,0,0,0,0,0,1
par,0,0,0,0,0,0,0,0,0,0,0,1
ordre,0,0,0,0,0,0,0,0,0,0,0,1
roi,0,0,0,0,0,0,0,0,0,0,0,1
equator,0,0,0,0,0,0,1,0,0,0,0,0
grandson,0,0,0,0,0,0,1,0,0,0,0,0
poet,0,0,0,0,0,0,1,0,0,0,0,0
midshipman,0,0,0,0,0,0,2,0,0,0,0,0
unparalleled,1,0,0,0,0,0,0,0,0,0,0,0
hardship,0,0,0,0,0,0,3,0,0,0,0,0
repatriate,0,0,0,0,0,0,0,0,0,0,1,0
nickname,0,0,0,0,0,0,1,0,0,0,0,0
relieve,0,0,0,0,0,0,0,0,0,0,1,0
allude,0,0,0,0,0,0,0,0,0,0,1,0
strange,1,0,0,0,0,0,0,0,0,0,0,0
thy,0,0,0,0,0,0,0,0,1,0,0,0
past,1,0,0,0,0,0,0,0,0,0,0,0
redress,0,0,0,0,0,0,1,0,0,0,0,0
reverse,0,0,0,0,0,0,0,0,0,0,1,0
grandsire,0,0,0,0,0,0,1,0,0,0,0,0
yore,0,0,0,0,0,0,1,0,0,0,0,0
inconclusive,1,0,0,0,0,0,0,0,0,0,0,0
count,0,0,0,0,0,0,2,0,0,0,0,0
range,0,0,0,0,0,0,0,0,0,0,2,0
antarctic,1,0,0,0,0,0,0,0,0,0,0,0
farmhand,0,0,0,0,0,0,1,0,0,0,0,0
migrant,0,0,0,0,0,0,1,0,0,0,0,0
foreman,0,0,0,0,0,0,1,0,0,0,0,0
neighbouring,1,0,0,0,0,0,0,0,0,0,0,0
inquiring,1,0,0,0,0,0,0,0,0,0,0,0
employer,0,0,0,0,0,0,1,0,0,0,0,0
schooling,0,0,0,0,0,0,2,0,0,0,0,0
apprenticeship,0,0,0,0,0,0,1,0,0,0,0,0
shipowner,0,0,0,0,0,0,1,0,0,0,0,0
rate,0,0,0,0,0,0,0,0,0,0,2,0
collier,0,0,0,0,0,0,1,0,0,0,0,0
bark,0,0,0,0,0,0,6,0,0,0,0,0
stout,1,0,0,0,0,0,0,0,0,0,0,0
seaworthy,1,0,0,0,0,0,0,0,0,0,0,0
slow,1,0,0,0,0,0,0,0,0,0,0,0
craft,0,0,0,0,0,0,1,0,0,0,0,0
refitting,0,0,0,0,0,0,2,0,0,0,0,0
ashore,0,0,1,0,0,0,0,0,0,0,0,0
lee,0,0,0,0,0,0,1,0,0,0,0,0
splendid,1,0,0,0,0,0,0,0,0,0,0,0
advancement,0,0,0,0,0,0,2,0,0,0,0,0
satisfy,0,0,0,0,0,0,0,0,0,0,2,0
professional,1,0,0,0,0,0,0,0,0,0,0,0
tall,1,0,0,0,0,0,0,0,0,0,0,0
striking,1,0,0,0,0,0,0,0,0,0,0,0
superior,0,0,0,0,0,0,1,0,0,0,0,0
boatswain,0,0,0,0,0,0,1,0,0,0,0,0
noncommissioned,2,0,0,0,0,0,0,0,0,0,0,0
amphibious,1,0,0,0,0,0,0,0,0,0,0,0
marking,0,0,0,0,0,0,1,0,0,0,0,0
difficult,3,0,0,0,0,0,0,0,0,0,0,0
plane,0,0,0,0,0,0,1,0,0,0,0,0
table,0,0,0,0,0,0,1,0,0,0,0,0
schooner,0,0,0,0,0,0,1,0,0,0,0,0
eclipse,0,0,0,0,0,0,1,0,0,0,0,0
conjunction,0,0,0,0,0,0,1,0,0,0,0,0
hurriedly,0,0,1,0,0,0,0,0,0,0,0,0
homely,0,0,1,0,0,0,0,0,0,0,0,0
extremely,0,0,2,0,0,0,0,0,0,0,0,0
sturdy,1,0,0,0,0,0,0,0,0,0,0,0
coalhauling,0,0,0,0,0,0,1,0,0,0,0,0
metre,0,0,0,0,0,0,1,0,0,0,0,0
gentleman,0,0,0,0,0,0,1,0,0,0,0,0
assistant,0,0,0,0,0,0,1,0,0,0,0,0
transit,0,0,0,0,0,0,1,0,0,0,0,0
balance,0,0,0,0,0,0,0,0,0,0,1,0
aged,1,0,0,0,0,0,0,0,0,0,0,0
swedish,2,0,0,0,0,0,0,0,0,0,0,0
rating,0,0,0,0,0,0,1,0,0,0,0,0
artist,0,0,0,0,0,0,2,0,0,0,0,0
nautical,2,0,0,0,0,0,0,0,0,0,0,0
almanac,0,0,0,0,0,0,1,0,0,0,0,0
brass,0,0,0,0,0,0,1,0,0,0,0,0
sextant,0,0,0,0,0,0,1,0,0,0,0,0
chronometer,0,0,0,0,0,0,1,0,0,0,0,0
job,0,0,0,0,0,0,1,0,0,0,0,0
navigate,0,0,0,0,0,0,0,0,0,0,2,0
reckon,0,0,0,0,0,0,0,0,0,0,1,0
hazard,0,0,0,0,0,0,1,0,0,0,0,0
stride,0,0,0,0,0,0,1,0,0,0,0,0
coral,1,0,0,0,0,0,0,0,0,0,0,0
spur,0,0,0,0,0,0,1,0,0,0,0,0
impact,0,0,0,0,0,0,1,0,0,0,0,0
refloat,0,0,0,0,0,0,0,0,0,0,1,0
healthy,1,0,0,0,0,0,0,0,0,0,0,0
dysentery,0,0,0,0,0,0,1,0,0,0,0,0
dietary,1,0,0,0,0,0,0,0,0,0,0,0
disease,0,0,0,0,0,0,2,0,0,0,0,0
ascorbic,0,0,0,0,0,0,1,0,0,0,0,0
acid,0,0,0,0,0,0,1,0,0,0,0,0
vitamin,0,0,0,0,0,0,1,0,0,0,0,0
habitually,0,0,1,0,0,0,0,0,0,0,0,0
lengthy,1,0,0,0,0,0,0,0,0,0,0,0
ensure,0,0,0,0,0,0,0,0,0,0,1,0
cleanliness,0,0,0,0,0,0,1,0,0,0,0,0
ventilation,0,0,0,0,0,0,1,0,0,0,0,0
quarter,0,0,0,0,0,0,2,0,0,0,0,0
cress,0,0,0,0,0,0,1,0,0,0,0,0
sauerkraut,0,0,0,0,0,0,1,0,0,0,0,0
orange,0,0,0,0,0,0,1,0,0,0,0,0
extract,0,0,0,0,0,0,1,0,0,0,0,0
health,0,0,0,0,0,0,2,0,0,0,0,0
consequence,0,0,0,0,0,0,1,0,0,0,0,0
byword,0,0,0,0,0,0,1,0,0,0,0,0
useful,1,0,0,0,0,0,0,0,0,0,0,0
stimulate,0,0,0,0,0,0,0,0,0,0,1,0
scientifically,0,0,1,0,0,0,0,0,0,0,0,0
material,0,0,0,0,0,0,2,0,0,0,0,0
unique,1,0,0,0,0,0,0,0,0,0,0,0
penetration,0,0,0,0,0,0,1,0,0,0,0,0
consort,0,0,0,0,0,0,1,0,0,0,0,0
real,1,0,0,0,0,0,0,0,0,0,0,0
frozen,2,0,0,0,0,0,0,0,0,0,0,0
rim,0,0,0,0,0,0,1,0,0,0,0,0
obviously,0,0,1,0,0,0,0,0,0,0,0,0
usable,1,0,0,0,0,0,0,0,0,0,0,0
fracas,0,0,0,0,0,0,1,0,0,0,0,0
stealing,0,0,0,0,0,0,1,0,0,0,0,0
cutter,0,0,0,0,0,0,1,0,0,0,0,0
slay,0,0,0,0,0,0,0,0,0,0,1,0
beach,0,0,0,0,0,0,1,0,0,0,0,0
polynesian,1,0,0,0,0,0,0,0,0,0,0,0
inhabitant,0,0,0,0,0,0,3,0,0,0,0,0
voyaging,0,0,0,0,0,0,1,0,0,0,0,0
comparatively,0,0,1,0,0,0,0,0,0,0,0,0
married,1,0,0,0,0,0,0,0,0,0,0,0
couple,0,0,0,0,0,0,1,0,0,0,0,0
cartography,0,0,0,0,0,0,1,0,0,0,0,0
application,0,0,0,0,0,0,1,0,0,0,0,0
peacefully,0,0,1,0,0,0,0,0,0,0,0,0
autour,0,0,0,0,0,0,0,0,0,0,0,2
monde,0,0,0,0,0,0,0,0,0,0,0,2
popularize,0,0,0,0,0,0,0,0,0,0,1,0
moral,1,0,0,0,0,0,0,0,0,0,0,0
concept,0,0,0,0,0,0,1,0,0,0,0,0
significance,0,0,0,0,0,0,1,0,0,0,0,0
aide,0,0,0,0,0,0,1,0,0,0,0,0
circle,0,0,0,0,0,0,0,0,0,0,1,0
rumour,0,0,0,0,0,0,0,0,0,0,2,0
fringe,0,0,0,0,0,0,1,0,0,0,0,0
chef,0,0,0,0,0,0,0,0,0,0,0,1
commodore,0,0,0,0,0,0,1,0,0,0,0,0
martiale,0,0,0,0,0,0,0,0,0,0,1,0
senator,0,0,0,0,0,0,1,0,0,0,0,0
scottish,3,0,0,0,0,0,0,0,0,0,0,0
headstream,0,0,0,0,0,0,1,0,0,0,0,0
credibility,0,0,0,0,0,0,1,0,0,0,0,0
partly,0,0,1,0,0,0,0,0,0,0,0,0
traveler,0,0,0,0,0,0,2,0,0,0,0,0
accuracy,0,0,0,0,0,0,1,0,0,0,0,0
consul,0,0,0,0,0,0,1,0,0,0,0,0
antiquity,0,0,0,0,0,0,1,0,0,0,0,0
drawing,0,0,0,0,0,0,2,0,0,0,0,0
arduous,1,0,0,0,0,0,0,0,0,0,0,0
capital,0,0,0,0,0,0,2,0,0,0,0,0
unrest,0,0,0,0,0,0,1,0,0,0,0,0
extreme,1,0,0,0,0,0,0,0,0,0,0,0
epic,0,0,0,0,0,0,1,0,0,0,0,0
surveyor,0,0,0,0,0,0,2,0,0,0,0,0
sole,1,0,0,0,0,0,0,0,0,0,0,0
compiler,0,0,0,0,0,0,1,0,0,0,0,0
surveying,0,0,0,0,0,0,1,0,0,0,0,0
arabian,1,0,0,0,0,0,0,0,0,0,0,0
philologist,0,0,0,0,0,0,1,0,0,0,0,0
surgeon,0,0,0,0,0,0,4,0,0,0,0,0
southeastern,2,0,0,0,0,0,0,0,0,0,0,0
von,0,1,0,0,0,0,0,0,0,0,0,0
nach,0,1,0,0,0,0,0,0,0,0,0,0
arabien,1,0,0,0,0,0,0,0,0,0,0,0
und,0,0,0,0,1,0,0,0,0,0,0,0
andern,0,0,0,0,1,0,0,0,0,0,0,0
blaze,0,0,0,0,0,0,0,0,0,0,2,0
trail,0,0,0,0,0,0,2,0,0,0,0,0
notch,0,0,0,0,0,0,1,0,0,0,0,0
juncture,0,0,0,0,0,0,1,0,0,0,0,0
youth,0,0,0,0,0,0,1,0,0,0,0,0
wander,0,0,0,0,0,0,0,0,0,0,1,0
hunter,0,0,0,0,0,0,1,0,0,0,0,0
trapper,0,0,0,0,0,0,1,0,0,0,0,0
white,2,0,0,0,0,0,0,0,0,0,0,0
qualification,0,0,0,0,0,0,1,0,0,0,0,0
torture,0,0,0,0,0,0,0,0,0,0,1,0
immediate,1,0,0,0,0,0,0,0,0,0,0,0
opening,0,0,0,0,0,0,1,0,0,0,0,0
militia,0,0,0,0,0,0,1,0,0,0,0,0
unharmed,1,0,0,0,0,0,0,0,0,0,0,0
girl,0,0,0,0,0,0,1,0,0,0,0,0
warn,0,0,0,0,0,0,0,0,0,0,1,0
impending,1,0,0,0,0,0,0,0,0,0,0,0
vastly,0,0,1,0,0,0,0,0,0,0,0,0
outnumber,0,0,0,0,0,0,0,0,0,0,1,0
resourceful,1,0,0,0,0,0,0,0,0,0,0,0
rarely,0,0,1,0,0,0,0,0,0,0,0,0
revolution,0,0,0,0,0,0,1,0,0,0,0,0
belong,0,0,0,0,0,0,0,0,0,0,1,0
spread,0,0,0,0,0,0,0,0,0,0,1,0
worldwide,0,0,1,0,0,0,0,0,0,0,0,0
stanza,0,0,0,0,0,0,1,0,0,0,0,0
satiric,1,0,0,0,0,0,0,0,0,0,0,0
poem,0,0,0,0,0,0,1,0,0,0,0,0
biography,0,0,0,0,0,0,1,0,0,0,0,0
painting,0,0,0,0,0,0,1,0,0,0,0,0
dramatic,1,0,0,0,0,0,0,0,0,0,0,0
production,0,0,0,0,0,0,1,0,0,0,0,0
structure,0,0,0,0,0,0,1,0,0,0,0,0
birthplace,0,0,0,0,0,0,1,0,0,0,0,0
historical,1,0,0,0,0,0,0,0,0,0,0,0
struggle,0,0,0,0,0,0,0,0,0,0,1,0
rebellious,1,0,0,0,0,0,0,0,0,0,0,0
famine,0,0,0,0,0,0,1,0,0,0,0,0
community,0,0,0,0,0,0,1,0,0,0,0,0
conciliatory,1,0,0,0,0,0,0,0,0,0,0,0
aborigine,0,0,0,0,0,0,1,0,0,0,0,0
gradually,0,0,1,0,0,0,0,0,0,0,0,0
accomplished,2,0,0,0,0,0,0,0,0,0,0,0
conclusion,0,0,0,0,0,0,1,0,0,0,0,0
preparation,0,0,0,0,0,0,1,0,0,0,0,0
comte,0,0,0,0,0,0,0,0,0,0,0,2
tropical,1,0,0,0,0,0,0,0,0,0,0,0
mainland,0,0,0,0,0,0,2,0,0,0,0,0
wreckage,0,0,0,0,0,0,1,0,0,0,0,0
islander,0,0,0,0,0,0,1,0,0,0,0,0
armed,1,0,0,0,0,0,0,0,0,0,0,0
vol,0,0,0,0,0,0,1,0,0,0,0,0
posthumously,0,0,2,0,0,0,0,0,0,0,0,0
attend,0,0,0,0,0,0,0,0,0,0,1,0
extensively,0,0,1,0,0,0,0,0,0,0,0,0
specimen,0,0,0,0,0,0,1,0,0,0,0,0
economic,1,0,0,0,0,0,0,0,0,0,0,0
introduction,0,0,0,0,0,0,1,0,0,0,0,0
identity,0,0,0,0,0,0,1,0,0,0,0,0
wheat,0,0,0,0,0,0,1,0,0,0,0,0
rust,0,0,0,0,0,0,1,0,0,0,0,0
barberry,0,0,0,0,0,0,1,0,0,0,0,0
fungus,0,0,0,0,0,0,1,0,0,0,0,0
marsupial,1,0,0,0,0,0,0,0,0,0,0,0
mammal,0,0,0,0,0,0,2,0,0,0,0,0
primitive,1,0,0,0,0,0,0,0,0,0,0,0
placental,1,0,0,0,0,0,0,0,0,0,0,0
director,0,0,0,0,0,0,1,0,0,0,0,0
botanical,2,0,0,0,0,0,0,0,0,0,0,0
collector,0,0,0,0,0,0,1,0,0,0,0,0
improve,0,0,0,0,0,0,0,0,0,0,1,0
interchange,0,0,0,0,0,0,1,0,0,0,0,0
exercise,0,0,0,0,0,0,0,0,0,0,1,0
excessive,1,0,0,0,0,0,0,0,0,0,0,0
despotic,1,0,0,0,0,0,0,0,0,0,0,0
baronet,0,0,0,0,0,0,1,0,0,0,0,0
admit,0,0,0,0,0,0,0,0,0,0,1,0
herbarium,0,0,0,0,0,0,1,0,0,0,0,0
collection,0,0,0,0,0,0,3,0,0,0,0,0
engraving,0,0,0,0,0,0,1,0,0,0,0,0
compile,0,0,0,0,0,0,0,0,0,0,1,0
trend,0,0,0,0,0,0,1,0,0,0,0,0
immense,1,0,0,0,0,0,0,0,0,0,0,0
speculate,0,0,0,0,0,0,0,0,0,0,1,0
mysterious,1,0,0,0,0,0,0,0,0,0,0,0
tundra,0,0,0,0,0,0,1,0,0,0,0,0
guide,0,0,0,0,0,0,2,0,0,0,0,0
square,2,0,0,0,0,0,0,0,0,0,0,0
treat,0,0,0,0,0,0,0,0,0,0,1,0
relatively,0,0,1,0,0,0,0,0,0,0,0,0
uneventful,1,0,0,0,0,0,0,0,0,0,0,0
edition,0,0,0,0,0,0,1,0,0,0,0,0
reprinting,0,0,0,0,0,0,1,0,0,0,0,0
literary,2,0,0,0,0,0,0,0,0,0,0,0
genre,0,0,0,0,0,0,1,0,0,0,0,0
emigrate,0,0,0,0,0,0,0,0,0,0,1,0
version,0,0,0,0,0,0,1,0,0,0,0,0
stylist,0,0,0,0,0,0,1,0,0,0,0,0
superb,1,0,0,0,0,0,0,0,0,0,0,0
essayist,0,0,0,0,0,0,1,0,0,0,0,0
university,0,0,0,0,0,0,1,0,0,0,0,0
librarian,0,0,0,0,0,0,1,0,0,0,0,0
sympathetic,1,0,0,0,0,0,0,0,0,0,0,0
champion,0,0,0,0,0,0,0,0,0,0,1,0
traitor,0,0,0,0,0,0,1,0,0,0,0,0
disillusion,0,0,0,0,0,0,0,0,0,0,1,0
excess,0,0,0,0,0,0,1,0,0,0,0,0
precision,0,0,0,0,0,0,1,0,0,0,0,0
verify,0,0,0,0,0,0,0,0,0,0,1,0
continuous,1,0,0,0,0,0,0,0,0,0,0,0
examine,0,0,0,0,0,0,0,0,0,0,1,0
intricate,1,0,0,0,0,0,0,0,0,0,0,0
fresh,1,0,0,0,0,0,0,0,0,0,0,0
volume,0,0,0,0,0,0,1,0,0,0,0,0
atlas,0,0,0,0,0,0,1,0,0,0,0,0
immigrate,0,0,0,0,0,0,0,0,0,0,1,0
amalgamate,0,0,0,0,0,0,0,0,0,0,1,0
starting,0,0,0,0,0,0,1,0,0,0,0,0
delta,0,0,0,0,0,0,1,0,0,0,0,0
constitute,0,0,0,0,0,0,0,0,0,0,1,0
transcontinental,1,0,0,0,0,0,0,0,0,0,0,0
crossing,0,0,0,0,0,0,1,0,0,0,0,0
proficiency,0,0,0,0,0,0,1,0,0,0,0,0
transfer,0,0,0,0,0,0,1,0,0,0,0,0
servant,0,0,0,0,0,0,1,0,0,0,0,0
animal,0,0,0,0,0,0,2,0,0,0,0,0
coal,0,0,0,0,0,0,1,0,0,0,0,0
sub,1,0,0,0,0,0,0,0,0,0,0,0
saharan,1,0,0,0,0,0,0,0,0,0,0,0
jungle,0,0,0,0,0,0,1,0,0,0,0,0
formidable,1,0,0,0,0,0,0,0,0,0,0,0
arab,1,0,0,0,0,0,0,0,0,0,0,0
horse,0,0,0,0,0,0,1,0,0,0,0,0
compass,0,0,0,0,0,0,1,0,0,0,0,0
downstream,0,0,1,0,0,0,0,0,0,0,0,0
mountainous,1,0,0,0,0,0,0,0,0,0,0,0
medicine,0,0,0,0,0,0,1,0,0,0,0,0
ask,0,0,0,0,0,0,0,0,0,0,1,0
unexplored,1,0,0,0,0,0,0,0,0,0,0,0
intern,0,0,0,0,0,0,0,0,0,0,1,0
roughly,0,0,1,0,0,0,0,0,0,0,0,0
millennium,0,0,0,0,0,0,1,0,0,0,0,0
remarkable,2,0,0,0,0,0,0,0,0,0,0,0
merge,0,0,0,0,0,0,0,0,0,0,1,0
philosophical,1,0,0,0,0,0,0,0,0,0,0,0
inquiry,0,0,0,0,0,0,1,0,0,0,0,0
breakthrough,0,0,0,0,0,0,1,0,0,0,0,0
footstep,0,0,0,0,0,0,1,0,0,0,0,0
pioneering,1,0,0,0,0,0,0,0,0,0,0,0
figure,0,0,0,0,0,0,1,0,0,0,0,0
wave,0,0,0,0,0,0,2,0,0,0,0,0
renown,0,0,0,0,0,0,1,0,0,0,0,0
icon,0,0,0,0,0,0,1,0,0,0,0,0
technology,0,0,0,0,0,0,2,0,0,0,0,0
improved,1,0,0,0,0,0,0,0,0,0,0,0
significantly,0,0,1,0,0,0,0,0,0,0,0,0
easy,1,0,0,0,0,0,0,0,0,0,0,0
riddle,0,0,0,0,0,0,1,0,0,0,0,0
achievement,0,0,0,0,0,0,1,0,0,0,0,0
await,0,0,0,0,0,0,0,0,0,0,1,0
notable,1,0,0,0,0,0,0,0,0,0,0,0
accomplishment,0,0,0,0,0,0,1,0,0,0,0,0
identify,0,0,0,0,0,0,0,0,0,0,1,0
quest,0,0,0,0,0,0,1,0,0,0,0,0
progress,0,0,0,0,0,0,0,0,0,0,1,0
seeker,0,0,0,0,0,0,1,0,0,0,0,0
sake,0,0,0,0,0,0,1,0,0,0,0,0
curiosity,0,0,0,0,0,0,1,0,0,0,0,0
malnutrition,0,0,0,0,0,0,1,0,0,0,0,0
calamity,0,0,0,0,0,0,1,0,0,0,0,0
confrontation,0,0,0,0,0,0,1,0,0,0,0,0
deadly,1,0,0,0,0,0,0,0,0,0,0,0
eat,0,0,0,0,0,0,0,0,0,0,1,0
killer,0,0,0,0,0,0,1,0,0,0,0,0
alike,0,0,1,0,0,0,0,0,0,0,0,0
fortitude,0,0,0,0,0,0,1,0,0,0,0,0
perseverance,0,0,0,0,0,0,1,0,0,0,0,0
willingness,0,0,0,0,0,0,1,0,0,0,0,0
confront,0,0,0,0,0,0,0,0,0,0,1,0
pave,0,0,0,0,0,0,0,0,0,0,1,0
locale,0,0,0,0,0,0,1,0,0,0,0,0
