word,ADJ,ADP,ADV,NOUN,NUM,SCONJ,VERB,X
come,0,0,0,0,0,0,9,0
world,0,0,0,19,0,0,0,0
popular,7,0,0,0,0,0,0,0
team,0,0,0,122,0,0,0,0
sport,0,0,0,19,0,0,0,0
designation,0,0,0,1,0,0,0,0
use,0,0,0,1,0,0,1,0
generally,0,0,2,0,0,0,0,0
signify,0,0,0,0,0,0,1,0
refer,0,0,0,0,0,0,1,0
soccer,0,0,0,90,0,0,0,0
speak,0,0,0,0,0,0,2,0
country,0,0,0,13,0,0,0,0
fútbol,0,0,0,3,0,0,0,0
rest,0,0,0,2,0,0,0,0
call,0,0,0,1,0,0,15,0
football,0,0,0,21,0,0,0,0
technically,0,0,1,0,0,0,0,0
official,4,0,0,2,0,0,0,0
title,0,0,0,26,0,0,0,0
association,0,0,0,14,0,0,0,0
clearly,0,0,1,0,0,0,0,0
linguistic,1,0,0,0,0,0,0,0
piece,0,0,0,2,0,0,0,0
word,0,0,0,2,0,0,0,0
actually,0,0,1,0,0,0,0,0
originate,0,0,0,0,0,0,2,0
year,0,0,0,50,0,0,0,0
ago,0,0,2,0,0,0,0,0
slang,0,0,0,1,0,0,0,0
abbreviation,0,0,0,1,0,0,0,0
base,0,0,0,0,0,0,2,0
soc,0,0,0,0,0,0,0,1
wordplay,0,0,0,1,0,0,0,0
game,0,0,0,78,0,0,0,0
take,0,0,0,0,0,0,10,0
step,0,0,0,1,0,0,0,0
national,33,0,0,0,0,0,0,0
nickname,0,0,0,1,0,0,3,0
melding,0,0,0,1,0,0,0,0
kangaroo,0,0,0,1,0,0,0,0
follow,0,0,0,0,0,0,8,0
premier,1,0,0,0,0,0,0,0
international,16,0,0,0,0,0,0,0
tournament,1,0,0,30,0,0,0,0
play,0,0,0,9,0,0,57,0
sporting,1,0,0,1,0,0,0,0
event,0,0,0,7,0,0,0,0
distinction,0,0,0,1,0,0,0,0
include,0,0,0,0,0,0,11,0
honor,0,0,0,1,0,0,0,0
gain,0,0,0,0,0,0,2,0
reader,0,0,0,1,0,0,0,0
book,0,0,0,2,0,0,0,0
learn,0,0,0,0,0,0,2,0
early,6,0,1,0,0,0,0,0
root,0,0,0,2,0,0,0,0
modern,4,0,0,0,0,0,0,0
emergence,0,0,0,1,0,0,0,0
century,0,0,0,13,0,0,0,0
group,0,0,0,3,0,0,0,0
european,6,0,0,0,0,0,0,0
attempt,0,0,0,1,0,0,2,0
bring,0,0,0,0,0,0,2,0
order,0,0,0,1,0,0,0,0
turn,0,0,0,4,0,0,3,0
form,0,0,0,4,0,0,5,0
course,0,0,1,1,0,0,0,0
rule,0,0,0,10,0,0,1,0
evolve,0,0,0,0,0,0,1,0
governing,0,0,0,3,0,0,0,0
body,0,0,0,8,0,0,0,0
responsive,1,0,0,0,0,0,0,0
hundred,0,0,0,1,0,0,0,0
worldwide,1,0,3,0,0,0,0,0
occasionally,0,0,1,0,0,0,0,0
release,0,0,0,0,0,0,2,0
modification,0,0,0,1,0,0,0,0
clarification,0,0,0,1,0,0,0,0
concert,0,0,0,1,0,0,0,0
score,0,0,0,1,0,0,53,0
opening,1,0,0,1,0,0,0,0
goal,0,0,0,72,0,0,0,0
celebrate,0,0,0,0,0,0,6,0
left,4,0,1,0,0,0,0,0
teammate,0,0,0,10,0,0,0,0
match,0,0,0,34,0,0,1,0
fan,0,0,0,14,0,0,0,0
know,0,0,0,0,0,0,10,0
clear,1,0,0,0,0,0,0,0
diligent,1,0,0,0,0,0,0,0
officiating,0,0,0,1,0,0,0,0
referee,0,0,0,5,0,0,0,0
notwithstanding,0,1,0,0,0,0,0,0
pitch,0,0,0,1,0,0,0,0
aka,0,0,1,0,0,0,0,0
field,0,0,0,18,0,0,0,0
host,0,0,0,3,0,0,4,0
good,16,0,0,0,0,0,0,0
deal,0,0,0,2,0,0,0,0
theatric,0,0,0,1,0,0,0,0
player,0,0,0,81,0,0,0,0
try,0,0,0,0,0,0,4,0
incur,0,0,0,0,0,0,1,0
penalty,0,0,0,19,0,0,0,0
oppose,0,0,0,0,0,0,2,0
language,0,0,0,1,0,0,0,0
convince,0,0,0,0,0,0,2,0
grievous,1,0,0,0,0,0,0,0
wrong,1,0,0,1,0,0,0,0
lie,0,0,0,0,0,0,1,0
flat,1,0,0,0,0,0,0,0
ground,0,0,0,1,0,0,0,0
writhe,0,0,0,0,0,0,1,0
pain,0,0,0,1,0,0,0,0
option,0,0,0,1,0,0,0,0
desire,0,0,0,1,0,0,1,0
outcome,0,0,0,1,0,0,0,0
vigorously,0,0,1,0,0,0,0,0
object,0,0,0,0,0,0,1,0
yellow,3,0,0,0,0,0,0,0
red,4,0,0,1,0,0,0,0
card,0,0,0,6,0,0,0,0
prime,1,0,0,0,0,0,0,0
opportunity,0,0,0,4,0,0,0,0
drama,0,0,0,2,0,0,0,0
theatrical,1,0,0,0,0,0,0,0
embellishment,0,0,0,1,0,0,0,0
aside,0,0,2,0,0,0,0,0
physical,2,0,0,0,0,0,0,0
aggressive,1,0,0,0,0,0,0,0
demanding,2,0,0,0,0,0,0,0
true,2,0,0,0,0,0,0,0
injury,0,0,0,6,0,0,0,0
real,2,0,0,0,0,0,0,0
possibility,0,0,0,1,0,0,0,0
protect,0,0,0,0,0,0,2,0
equipment,0,0,0,1,0,0,0,0
minimum,0,0,0,1,0,0,0,0
care,0,0,0,1,0,0,0,0
guard,0,0,0,2,0,0,0,0
shape,0,0,0,1,0,0,0,0
physically,0,0,1,0,0,0,0,0
taxing,1,0,0,0,0,0,0,0
consist,0,0,0,0,0,0,3,0
minute,0,0,0,10,0,0,0,0
half,0,0,0,4,0,0,0,0
straight,0,0,1,0,0,0,0,0
break,0,0,0,1,0,0,2,0
spawn,0,0,0,0,0,0,1,0
dazzlingly,0,0,1,0,0,0,0,0
athletic,2,0,0,0,0,0,0,0
star,1,0,0,11,0,0,2,0
profile,0,0,0,0,0,0,1,0
time,0,0,0,24,0,0,0,0
legend,0,0,0,3,0,0,0,0
current,1,0,0,0,0,0,0,0
showcase,0,0,0,0,0,0,2,0
happen,0,0,0,0,0,0,2,0
paraphrase,0,0,0,0,0,0,1,0
legendary,7,0,0,0,0,0,0,0
beautiful,3,0,0,0,0,0,0,0
properly,0,0,1,0,0,0,0,0
virtually,0,0,2,0,0,0,0,0
estimate,0,0,0,0,0,0,2,0
million,0,0,0,1,7,0,0,0
globe,0,0,0,2,0,0,0,0
billion,0,0,0,0,2,0,0,0
reason,0,0,0,3,0,0,0,0
appealing,1,0,0,0,0,0,0,0
simplicity,0,0,0,2,0,0,0,0
ball,0,0,0,38,0,0,0,0
bit,0,0,0,1,0,0,0,0
open,2,0,0,0,0,0,1,0
space,0,0,0,1,0,0,0,0
require,0,0,0,0,0,0,6,0
essential,2,0,0,0,0,0,0,0
touch,0,0,0,1,0,0,2,0
hand,0,0,0,2,0,0,0,0
people,0,0,0,3,0,0,0,0
draw,0,0,0,0,0,0,2,0
skill,0,0,0,12,0,0,0,0
quick,4,0,0,0,0,0,0,0
thinking,0,0,0,1,0,0,0,0
great,10,0,0,0,0,0,0,0
establish,0,0,0,0,0,0,5,0
govern,0,0,0,0,0,0,1,0
rectangular,1,0,0,0,0,0,0,0
yard,0,0,0,6,0,0,0,0
meter,0,0,0,7,0,0,0,0
long,3,0,0,0,0,0,0,0
wide,3,0,0,0,0,0,0,0
foot,0,0,0,10,0,0,0,0
high,4,0,0,0,0,0,0,0
place,0,0,0,5,0,0,1,0
end,0,0,0,7,0,0,3,0
line,0,0,0,5,0,0,1,0
mark,0,0,0,0,0,0,2,0
side,0,0,0,1,0,0,0,0
touchline,0,0,0,2,0,0,0,0
distinctive,1,0,0,0,0,0,0,0
marking,0,0,0,1,0,0,0,0
halfway,0,0,0,1,0,0,0,0
area,0,0,0,5,0,0,0,0
corner,0,0,0,3,0,0,0,0
center,1,0,0,0,0,0,0,0
circle,0,0,0,2,0,0,0,0
standard,2,0,0,0,0,0,0,0
formation,0,0,0,1,0,0,0,0
variation,0,0,0,1,0,0,0,0
increase,0,0,0,0,0,0,2,0
offense,0,0,0,1,0,0,0,0
defense,0,0,0,2,0,0,0,0
renowne,0,0,0,0,0,0,2,0
goalkeeper,0,0,0,8,0,0,0,0
slide,0,0,0,0,0,0,1,0
action,0,0,0,2,0,0,0,0
qualifier,0,0,0,1,0,0,0,0
have,0,0,0,0,0,0,5,0
sustain,0,0,0,0,0,0,1,0
near,0,0,1,0,0,0,0,0
fatal,1,0,0,0,0,0,0,0
head,2,0,0,8,0,0,4,0
wear,0,0,0,0,0,0,5,0
goalie,0,0,0,5,0,0,0,0
garb,0,0,0,1,0,0,0,0
protective,1,0,0,0,0,0,0,0
headgear,0,0,0,1,0,0,0,0
uniform,1,0,0,2,0,0,0,0
usually,0,0,3,0,0,0,0,0
short,0,0,1,2,0,0,0,0
shirt,0,0,0,3,0,0,0,0
number,0,0,0,5,0,0,1,0
sock,0,0,0,1,0,0,0,0
shoe,0,0,0,1,0,0,0,0
cleat,0,0,0,1,0,0,0,0
shin,0,0,0,1,0,0,0,0
typically,0,0,3,0,0,0,0,0
padded,1,0,0,0,0,0,0,0
glove,0,0,0,1,0,0,0,0
noticeably,0,0,1,0,0,0,0,0
different,2,0,0,0,0,0,0,0
round,1,0,0,4,0,0,0,0
inflated,1,0,0,0,0,0,0,0
rubber,0,0,0,1,0,0,0,0
bladder,0,0,0,1,0,0,0,0
cover,0,0,0,0,0,0,1,0
leather,0,0,0,1,0,0,0,0
approve,0,0,0,0,0,0,1,0
material,0,0,0,1,0,0,0,0
measure,0,0,0,1,0,0,1,0
inch,0,0,0,2,0,0,0,0
centimeter,0,0,0,1,0,0,0,0
circumference,0,0,0,1,0,0,0,0
weigh,0,0,0,0,0,0,1,0
ounce,0,0,0,1,0,0,0,0
gram,0,0,0,1,0,0,0,0
purpose,0,0,0,1,0,0,0,0
propel,0,0,0,0,0,0,1,0
opponent,0,0,0,3,0,0,0,0
win,0,0,0,3,0,0,63,0
divide,0,0,0,0,0,0,2,0
defender,0,0,0,12,0,0,0,0
fullback,0,0,0,2,0,0,0,0
midfielder,0,0,0,5,0,0,0,0
halfback,0,0,0,1,0,0,0,0
forward,0,0,0,11,0,0,0,0
advance,0,0,0,0,0,0,4,0
pass,0,0,0,4,0,0,8,0
kick,0,0,0,11,0,0,2,0
dribble,0,0,0,0,0,0,5,0
downfield,0,0,1,0,0,0,0,0
dribbling,0,0,0,2,0,0,0,0
control,0,0,0,2,0,0,4,0
keep,0,0,0,0,0,0,3,0
move,0,0,0,0,0,0,11,0
juggle,0,0,0,0,0,0,2,0
thigh,0,0,0,1,0,0,0,0
chest,0,0,0,2,0,0,0,0
shoulder,0,0,0,2,0,0,0,0
defensive,2,0,0,0,0,0,0,0
stop,0,0,0,0,0,0,1,0
opposition,0,0,0,2,0,0,0,0
intercept,0,0,0,0,0,0,1,0
tackle,0,0,0,3,0,0,1,0
occur,0,0,0,0,0,0,1,0
steal,0,0,0,0,0,0,1,0
club,0,0,0,30,0,0,0,0
stand,0,0,0,0,0,0,3,0
run,0,0,0,8,0,0,2,0
mile,0,0,0,1,0,0,0,0
kilometer,0,0,0,1,0,0,0,0
officiate,0,0,0,0,0,0,1,0
enforce,0,0,0,0,0,0,1,0
track,0,0,0,2,0,0,0,0
linesman,0,0,0,1,0,0,0,0
patrol,0,0,0,0,0,0,1,0
determine,0,0,0,0,0,0,1,0
possession,0,0,0,2,0,0,0,0
last,0,0,0,0,0,0,2,0
halftime,0,0,0,1,0,0,0,0
interval,0,0,0,1,0,0,0,0
change,0,0,0,1,0,0,5,0
additional,2,0,0,0,0,0,0,0
add,0,0,0,0,0,0,1,0
compensate,0,0,0,0,0,0,1,0
stoppage,0,0,0,1,0,0,0,0
example,0,0,0,1,0,0,0,0
victor,0,0,0,1,0,0,0,0
extra,2,0,0,0,0,0,0,0
series,0,0,0,1,0,0,0,0
offside,1,0,0,4,0,0,0,0
fouling,0,0,0,1,0,0,0,0
common,3,0,0,0,0,0,0,0
important,3,0,0,0,0,0,0,0
offensive,3,0,0,0,0,0,0,0
close,1,0,0,0,0,0,0,0
prevent,0,0,0,0,0,0,3,0
lurk,0,0,0,0,0,0,1,0
difficult,1,0,0,0,0,0,0,0
judge,0,0,0,0,0,0,1,0
free,3,0,0,0,0,0,0,0
award,0,0,0,13,0,0,5,0
simply,0,0,1,0,0,0,0,0
position,0,0,0,4,0,0,0,0
attacker,0,0,0,1,0,0,0,0
opposing,1,0,0,0,0,0,0,0
violation,0,0,0,1,0,0,0,0
attacking,3,0,0,0,0,0,0,0
instance,0,0,0,2,0,0,0,0
obstruct,0,0,0,0,0,0,1,0
sight,0,0,0,1,0,0,0,0
way,0,0,0,5,0,0,0,0
indirectly,0,0,1,0,0,0,0,0
benefit,0,0,0,0,0,0,1,0
offsides,0,0,1,0,0,0,0,0
receive,0,0,0,0,0,0,7,0
rebound,0,0,0,1,0,0,0,0
hit,0,0,0,0,0,0,1,0
goalpost,0,0,0,1,0,0,0,0
crossbar,0,0,0,1,0,0,0,0
foul,0,0,0,3,0,0,1,0
rough,2,0,0,0,0,0,0,0
result,0,0,0,0,0,0,2,0
particularly,0,0,2,0,0,0,0,0
warning,0,0,0,1,0,0,0,0
offend,0,0,0,0,0,0,1,0
automatically,0,0,1,0,0,0,0,0
give,0,0,0,0,0,0,6,0
eject,0,0,0,0,0,0,1,0
violent,3,0,0,0,0,0,0,0
behavior,0,0,0,3,0,0,0,0
fighting,0,0,0,1,0,0,0,0
lead,0,0,0,0,0,0,39,0
immediate,2,0,0,0,0,0,0,0
basic,2,0,0,0,0,0,0,0
leg,0,0,0,2,0,0,0,0
aerial,1,0,0,0,0,0,0,0
display,0,0,0,1,0,0,1,0
individual,5,0,0,0,0,0,0,0
go,0,0,0,0,0,0,8,0
solo,1,0,0,0,0,0,0,0
past,0,4,0,0,0,0,0,0
essentially,0,0,3,0,0,0,0,0
member,0,0,0,7,0,0,0,0
credit,0,0,0,0,0,0,1,0
assist,0,0,0,2,0,0,0,0
style,0,0,0,3,0,0,0,0
reflect,0,0,0,0,0,0,1,0
respective,2,0,0,0,0,0,0,0
need,0,0,0,1,0,0,2,0
agility,0,0,0,1,0,0,0,0
height,0,0,0,2,0,0,0,0
reach,0,0,0,0,0,0,6,0
block,0,0,0,0,0,0,2,0
shoot,0,0,0,6,0,0,3,0
central,1,0,0,0,0,0,0,0
away,0,0,1,0,0,0,0,0
danger,0,0,0,1,0,0,0,0
defend,0,0,0,0,0,0,5,0
big,1,0,0,0,0,0,0,0
strong,2,0,0,0,0,0,0,0
small,4,0,0,0,0,0,0,0
trait,0,0,0,1,0,0,0,0
necessary,1,0,0,0,0,0,0,0
speedy,1,0,0,0,0,0,0,0
midfield,0,0,0,3,0,0,0,0
range,0,0,0,2,0,0,0,0
quality,0,0,0,2,0,0,0,0
powerful,7,0,0,0,0,0,0,0
winner,0,0,0,3,0,0,0,0
term,0,0,0,3,0,0,0,0
creative,1,0,0,0,0,0,0,0
playmaker,0,0,0,2,0,0,0,0
develop,0,0,0,0,0,0,2,0
scoring,0,0,0,6,0,0,0,0
chance,0,0,0,7,0,0,0,0
talent,0,0,0,7,0,0,0,0
hold,0,0,0,0,0,0,7,0
accurate,1,0,0,0,0,0,0,0
passing,0,0,0,1,0,0,0,0
winger,0,0,0,1,0,0,0,0
set,0,0,0,0,0,0,5,0
speed,0,0,0,8,0,0,0,0
ability,0,0,0,8,0,0,0,0
crossing,0,0,0,1,0,0,0,0
air,0,0,0,1,0,0,0,0
penetrative,1,0,0,0,0,0,0,0
footwork,0,0,0,1,0,0,0,0
adept,1,0,0,0,0,0,0,0
angle,0,0,0,1,0,0,0,0
spot,0,0,0,1,0,0,1,0
allow,0,0,0,0,0,0,3,0
surprisingly,0,0,1,0,0,0,0,0
history,0,0,0,18,0,0,0,0
stretch,0,0,0,0,0,0,1,0
say,0,0,0,0,0,0,2,0
part,0,0,0,1,0,0,0,0
establishment,0,0,0,1,0,0,0,0
poise,0,0,0,0,0,0,1,0
expand,0,0,0,0,0,0,1,0
civilization,0,0,0,1,0,0,0,0
lay,0,0,0,0,0,0,1,0
claim,0,0,0,1,0,0,1,0
invent,0,0,0,0,0,0,1,0
record,1,0,0,7,0,0,0,0
soccerlike,1,0,0,0,0,0,0,0
ancient,1,0,0,0,0,0,0,0
folk,0,0,0,2,0,0,0,0
compete,0,0,0,0,0,0,2,0
final,22,0,0,14,0,0,0,0
destination,0,0,0,1,0,0,0,0
provide,0,0,0,0,0,0,3,0
origin,0,0,0,1,0,0,0,0
vast,1,0,0,0,0,0,0,0
pit,0,0,0,0,0,0,1,0
village,0,0,0,1,0,0,0,0
local,3,0,0,0,0,0,0,0
government,0,0,0,1,0,0,0,0
ban,0,0,0,0,0,0,1,0
starting,0,0,0,2,0,0,0,0
variant,1,0,0,0,0,0,0,0
type,0,0,0,1,0,0,0,0
english,8,0,0,0,0,0,0,0
school,0,0,0,1,0,0,0,0
rugby,0,0,0,1,0,0,0,0
alike,0,0,2,0,0,0,0,0
find,0,0,0,0,0,0,5,0
create,0,0,0,0,0,0,3,0
maintain,0,0,0,0,0,0,1,0
professionalism,0,0,0,1,0,0,0,0
legalize,0,0,0,0,0,0,1,0
agent,0,0,0,2,0,0,0,0
help,0,0,0,0,0,0,21,0
spread,0,0,0,0,0,0,2,0
model,0,0,0,2,0,0,0,0
league,0,0,0,16,0,0,0,0
typical,1,0,0,0,0,0,0,0
feature,0,0,0,0,0,0,1,0
division,0,0,0,9,0,0,0,0
low,1,0,0,0,0,0,0,0
finish,0,0,0,2,0,0,6,0
promote,0,0,0,0,0,0,3,0
level,0,0,0,1,0,0,0,0
demote,0,0,0,0,0,0,1,0
nationwide,1,0,0,0,0,0,0,0
prevalent,1,0,0,0,0,0,0,0
passion,0,0,0,2,0,0,0,0
rivalry,0,0,0,4,0,0,0,0
hooliganism,0,0,0,1,0,0,0,0
advent,0,0,0,1,0,0,0,0
television,0,0,0,4,0,0,0,0
internet,0,0,0,1,0,0,0,0
fuel,0,0,0,0,0,0,2,0
rise,0,0,0,1,0,0,2,0
popularity,0,0,0,5,0,0,0,0
passionate,2,0,0,0,0,0,0,0
regional,1,0,0,0,0,0,0,0
ethnic,1,0,0,0,0,0,0,0
identity,0,0,0,1,0,0,0,0
intense,2,0,0,0,0,0,0,0
roman,1,0,0,0,0,0,0,0
identify,0,0,0,0,0,0,2,0
enjoy,0,0,0,0,0,0,1,0
old,4,0,0,0,0,0,0,0
unfortunately,0,0,2,0,0,0,0,0
cross,0,0,0,0,0,0,1,0
antisocial,1,0,0,0,0,0,0,0
explode,0,0,0,0,0,0,1,0
major,4,0,0,0,0,0,0,0
problem,0,0,0,2,0,0,0,0
certain,4,0,0,0,0,0,0,0
hooligan,0,0,0,3,0,0,0,0
organize,0,0,0,0,0,0,3,0
primary,1,0,0,0,0,0,0,0
stir,0,0,0,0,0,0,1,0
racial,1,0,0,0,0,0,0,0
intolerance,0,0,0,1,0,0,0,0
violence,0,0,0,1,0,0,0,0
rival,1,0,0,1,0,0,0,0
improvement,0,0,0,1,0,0,0,0
security,0,0,0,1,0,0,0,0
facility,0,0,0,2,0,0,0,0
active,2,0,0,0,0,0,0,0
campaign,0,0,0,2,0,0,0,0
tolerance,0,0,0,1,0,0,0,0
sportsmanship,0,0,0,1,0,0,0,0
combat,0,0,0,0,0,0,1,0
friendly,2,0,0,2,0,0,0,0
connote,0,0,0,0,0,0,1,0
consequence,0,0,0,1,0,0,0,0
relative,1,0,0,0,0,0,0,0
ranking,0,0,0,2,0,0,0,0
german,8,0,0,0,0,0,0,0
decidedly,0,0,1,0,0,0,0,0
unfriendly,1,0,0,0,0,0,0,0
shout,0,0,0,0,0,0,1,0
racist,1,0,0,0,0,0,0,0
slogan,0,0,0,1,0,0,0,0
troublemaker,0,0,0,1,0,0,0,0
see,0,0,0,0,0,0,2,0
tattoo,0,0,0,0,0,0,1,0
belly,0,0,0,1,0,0,0,0
organization,0,0,0,2,0,0,0,0
solution,0,0,0,1,0,0,0,0
representative,0,0,0,2,0,0,0,0
found,0,0,0,0,0,0,4,0
today,0,0,0,3,0,0,0,0
headquarter,0,0,0,0,0,0,1,0
nation,0,0,0,4,0,0,0,0
oversee,0,0,0,0,0,0,2,0
activity,0,0,0,2,0,0,0,0
color,0,0,0,1,0,0,0,0
catch,0,0,0,0,0,0,1,0
painting,0,0,0,1,0,0,0,0
artist,0,0,0,1,0,0,0,0
circa,0,1,0,0,0,0,0,0
championship,0,0,0,18,0,0,0,0
watch,0,0,0,0,0,0,6,0
post,1,0,0,1,0,0,0,0
institute,0,0,0,0,0,0,1,0
man,0,0,0,5,0,0,0,0
age,0,0,0,21,0,0,0,0
woman,0,0,0,13,0,0,0,0
debut,0,0,0,13,0,0,6,0
introduce,0,0,0,0,0,0,1,0
later,0,0,19,0,0,0,0,0
inaugurate,0,0,0,0,0,0,1,0
membership,0,0,0,1,0,0,0,0
accept,0,0,0,0,0,0,2,0
authority,0,0,0,2,0,0,0,0
observe,0,0,0,0,0,0,1,0
law,0,0,0,1,0,0,0,0
possess,0,0,0,0,0,0,4,0
suitable,1,0,0,0,0,0,0,0
infrastructure,0,0,0,1,0,0,0,0
playing,0,0,0,4,0,0,0,0
internal,1,0,0,0,0,0,0,0
statute,0,0,0,1,0,0,0,0
continental,2,0,0,0,0,0,0,0
confederation,0,0,0,4,0,0,0,0
commonly,0,0,1,0,0,0,0,0
competition,0,0,0,7,0,0,0,0
participate,0,0,0,0,0,0,3,0
inaugural,1,0,0,0,0,0,0,0
preliminary,2,0,0,0,0,0,0,0
qualifying,0,0,0,2,0,0,0,0
elimination,0,0,0,1,0,0,0,0
region,0,0,0,1,0,0,0,0
unlike,0,1,0,0,0,0,0,0
olympic,4,0,0,0,0,0,0,0
limit,0,0,0,0,0,0,3,0
aged,1,0,0,0,0,0,0,0
citizen,0,0,0,1,0,0,0,0
represent,0,0,0,0,0,0,2,0
select,0,0,0,0,0,0,4,0
list,0,0,0,2,0,0,0,0
submit,0,0,0,0,0,0,1,0
affiliate,0,0,0,0,0,0,1,0
guess,0,0,0,0,0,0,1,0
dive,0,0,0,0,0,0,2,0
inexact,1,0,0,0,0,0,0,0
art,0,0,0,1,0,0,0,0
french,13,0,0,0,0,0,0,0
exception,0,0,0,1,0,0,0,0
trophy,0,0,0,11,0,0,0,0
cup,0,0,0,10,0,0,0,0
champion,0,0,0,4,0,0,0,0
name,0,0,0,0,0,0,20,0
propose,0,0,0,0,0,0,1,0
permanently,0,0,1,0,0,0,0,0
new,5,0,0,0,0,0,0,0
experience,0,0,0,0,0,0,1,0
remarkable,1,0,0,0,0,0,0,0
growth,0,0,0,1,0,0,0,0
inception,0,0,0,1,0,0,0,0
continue,0,0,0,0,0,0,6,0
attract,0,0,0,0,0,0,6,0
global,2,0,0,0,0,0,0,0
attention,0,0,0,5,0,0,0,0
dual,1,0,0,0,0,0,0,0
hosting,0,0,0,1,0,0,0,0
cumulative,1,0,0,0,0,0,0,0
audience,0,0,0,1,0,0,0,0
similarly,0,0,1,0,0,0,0,0
sized,2,0,0,0,0,0,0,0
view,0,0,0,1,0,0,0,0
ership,0,0,0,1,0,0,0,0
tune,0,0,0,0,0,0,1,0
dramatic,1,0,0,0,0,0,0,0
beat,0,0,0,0,0,0,2,0
african,2,0,0,0,0,0,0,0
schedule,0,0,0,0,0,0,1,0
appear,0,0,0,0,0,0,2,0
youth,0,0,0,5,0,0,0,0
elect,0,0,0,0,0,0,1,0
specific,1,0,0,0,0,0,0,0
continent,0,0,0,1,0,0,0,0
fit,1,0,0,0,0,0,0,0
recognize,0,0,0,0,0,0,2,0
effectively,0,0,1,0,0,0,0,0
function,0,0,0,0,0,0,1,0
supreme,1,0,0,0,0,0,0,0
court,0,0,0,1,0,0,0,0
dispute,0,0,0,1,0,0,0,0
special,1,0,0,0,0,0,0,0
elevate,0,0,0,0,0,0,1,0
unprecedented,1,0,0,0,0,0,0,0
discuss,0,0,0,0,0,0,1,0
page,0,0,0,1,0,0,0,0
hallowed,1,0,0,0,0,0,0,0
figure,0,0,0,3,0,0,0,0
truly,0,0,2,0,0,0,0,0
deserving,1,0,0,0,0,0,0,0
captain,0,0,0,9,0,0,2,0
manage,0,0,0,0,0,0,1,0
twice,0,0,5,0,0,0,0,0
authoritative,1,0,0,0,0,0,0,0
elegant,1,0,0,0,0,0,0,0
dominate,0,0,0,0,0,0,1,0
precise,1,0,0,0,0,0,0,0
pace,0,0,0,1,0,0,0,0
bear,0,0,0,0,0,0,23,0
join,0,0,0,0,0,0,18,0
lose,0,0,0,0,0,0,12,0
quarter,0,0,0,1,0,0,0,0
victory,0,0,0,11,0,0,0,0
semi,0,0,0,1,0,0,0,0
charge,0,0,0,0,0,0,1,0
italian,8,0,0,0,0,0,0,0
fall,0,0,0,0,0,0,1,0
dislocate,0,0,0,0,0,0,1,0
right,1,0,0,0,0,0,0,0
tie,0,0,0,0,0,0,1,0
force,0,0,0,0,0,0,1,0
overtime,0,0,0,3,0,0,0,0
arm,0,0,0,1,0,0,0,0
sling,0,0,0,1,0,0,0,0
strap,0,0,0,0,0,0,1,0
eventually,0,0,1,0,0,0,0,0
defeat,0,0,0,0,0,0,5,0
bravery,0,0,0,1,0,0,0,0
west,2,0,0,0,0,0,0,0
lift,0,0,0,0,0,0,4,0
brand,0,0,1,0,0,0,0,0
retain,0,0,0,0,0,0,1,0
retire,0,0,0,0,0,0,7,0
coach,0,0,0,7,0,0,0,0
return,0,0,0,0,0,0,8,0
inspired,1,0,0,0,0,0,0,0
wait,0,0,0,0,0,0,1,0
undefeated,1,0,0,0,0,0,0,0
electrify,0,0,0,0,0,0,1,0
thrilling,3,0,0,0,0,0,0,0
scout,0,0,0,1,0,0,0,0
report,0,0,0,0,0,0,2,0
genius,0,0,0,1,0,0,0,0
promptly,0,0,1,0,0,0,0,0
sign,0,0,0,1,0,0,11,0
career,0,0,0,10,0,0,0,0
appearance,0,0,0,5,0,0,0,0
key,7,0,0,0,0,0,0,0
handsome,1,0,0,0,0,0,0,0
shaggy,1,0,0,0,0,0,0,0
haired,1,0,0,0,0,0,0,0
fifth,2,0,0,0,0,0,0,0
swinge,0,0,0,0,0,0,1,0
culture,0,0,0,1,0,0,0,0
begin,0,0,0,0,0,0,8,0
fade,0,0,0,0,0,0,1,0
drinking,0,0,0,2,0,0,0,0
toll,0,0,0,1,0,0,0,0
overall,1,0,0,0,0,0,0,0
fitness,0,0,0,1,0,0,0,0
bitter,1,0,0,0,0,0,0,0
departure,0,0,0,1,0,0,0,0
numerous,2,0,0,0,0,0,0,0
less,1,0,0,0,0,0,0,0
affect,0,0,0,0,0,0,2,0
known,2,0,0,0,0,0,0,0
squander,0,0,0,0,0,0,1,0
undeniable,1,0,0,0,0,0,0,0
brilliance,0,0,0,2,0,0,0,0
undergo,0,0,0,0,0,0,1,0
liver,0,0,0,1,0,0,0,0
transplant,0,0,0,1,0,0,0,0
unable,1,0,0,0,0,0,0,0
overcome,0,0,0,0,0,0,1,0
alcoholism,0,0,0,1,0,0,0,0
die,0,0,0,0,0,0,1,0
sail,0,0,0,0,0,0,1,0
dutch,4,0,0,0,0,0,0,0
epitomize,0,0,0,0,0,0,1,0
concept,0,0,0,1,0,0,0,0
total,2,0,0,1,0,0,0,0
emphasize,0,0,0,0,0,0,1,0
versatility,0,0,0,1,0,0,0,0
creativity,0,0,0,1,0,0,0,0
rare,1,0,0,0,0,0,0,0
attack,0,0,0,1,0,0,1,0
timing,0,0,0,2,0,0,0,0
mother,0,0,0,1,0,0,0,0
cleaning,0,0,0,1,0,0,0,0
development,0,0,0,1,0,0,0,0
squad,0,0,0,9,0,0,0,0
senior,1,0,0,0,0,0,0,0
season,0,0,0,32,0,0,0,0
leadership,0,0,0,1,0,0,0,0
astonishing,3,0,0,0,0,0,0,0
consecutive,10,0,0,0,0,0,0,0
crown,0,0,0,0,0,0,1,0
occasion,0,0,0,1,0,0,0,0
transfer,0,0,0,5,0,0,6,0
runner,0,0,0,1,0,0,0,0
memorable,1,0,0,0,0,0,0,0
escort,0,0,0,0,0,0,1,0
job,0,0,0,1,0,0,0,0
command,0,0,0,1,0,0,0,0
earn,0,0,0,0,0,0,5,0
successful,4,0,0,0,0,0,0,0
spanish,11,0,0,0,0,0,0,0
american,7,0,0,0,0,0,0,0
tireless,1,0,0,0,0,0,0,0
energy,0,0,0,1,0,0,0,0
determination,0,0,0,1,0,0,0,0
cocaptain,0,0,0,1,0,0,0,0
sole,1,0,0,0,0,0,0,0
alongside,0,1,0,0,0,0,0,0
triumphant,1,0,0,0,0,0,0,0
prodigious,1,0,0,0,0,0,0,0
evident,1,0,0,0,0,0,0,0
vote,0,0,0,0,0,0,3,0
quarterfinal,0,0,0,7,0,0,0,0
chinese,1,0,0,0,0,0,0,0
day,0,0,0,3,0,0,0,0
home,0,0,5,1,0,0,0,0
silver,0,0,0,1,0,0,0,0
medal,0,0,0,7,0,0,0,0
gold,2,0,0,4,0,0,0,0
young,15,0,0,0,0,0,0,0
role,0,0,0,3,0,0,0,0
work,0,0,0,1,0,0,0,0
child,0,0,0,2,0,0,0,0
labor,0,0,0,1,0,0,0,0
induct,0,0,0,0,0,0,2,0
superstar,0,0,0,7,0,0,0,0
striker,0,0,0,7,0,0,0,0
male,1,0,0,0,0,0,0,0
female,1,0,0,0,0,0,0,0
knack,0,0,0,1,0,0,0,0
revere,0,0,0,0,0,0,1,0
competitive,1,0,0,0,0,0,0,0
spirit,0,0,0,1,0,0,0,0
capture,0,0,0,0,0,0,5,0
scoreless,2,0,0,0,0,0,0,0
face,0,0,0,0,0,0,2,0
shot,0,0,0,3,0,0,0,0
second,10,0,1,0,0,0,0,0
upfield,0,0,1,0,0,0,0,0
announce,0,0,0,0,0,0,3,0
retirement,0,0,0,2,0,0,0,0
leave,0,0,0,0,0,0,7,0
hang,0,0,0,0,0,0,2,0
boot,0,0,0,2,0,0,0,0
eligibility,0,0,0,1,0,0,0,0
argentine,6,0,0,0,0,0,0,0
prodigy,0,0,0,2,0,0,0,0
professional,6,0,0,0,0,0,0,0
quickly,0,0,8,0,0,0,0,0
south,3,0,0,0,0,0,0,0
korean,1,0,0,0,0,0,0,0
send,0,0,0,0,0,0,4,0
handed,1,0,0,0,0,0,0,0
story,0,0,0,1,0,0,0,0
dominant,1,0,0,0,0,0,0,0
describe,0,0,0,0,0,0,1,0
sprint,0,0,0,0,0,0,1,0
net,0,0,0,2,0,0,2,0
repeat,0,0,0,0,0,0,3,0
fail,0,0,0,0,0,0,8,0
drug,0,0,0,2,0,0,0,0
test,0,0,0,1,0,0,0,0
ephedrine,0,0,0,1,0,0,0,0
doping,0,0,0,1,0,0,0,0
declare,0,0,0,0,0,0,1,0
recover,0,0,0,0,0,0,2,0
addiction,0,0,0,1,0,0,0,0
pledge,0,0,0,0,0,0,1,0
focus,0,0,0,0,0,0,1,0
pure,1,0,0,0,0,0,0,0
famous,2,0,0,0,0,0,0,0
highest,0,0,1,0,0,0,0,0
pay,0,0,0,0,0,0,2,0
athlete,0,0,0,4,0,0,0,0
north,1,0,1,0,0,0,0,0
brazilian,14,0,0,0,0,0,0,0
permanent,1,0,0,0,0,0,0,0
poor,1,0,0,0,0,0,0,0
family,0,0,0,2,0,0,0,0
minor,1,0,0,0,0,0,0,0
teenager,0,0,0,2,0,0,0,0
inside,1,0,0,0,0,0,0,0
comeback,0,0,0,1,0,0,0,0
dollar,0,0,0,1,0,0,0,0
contract,0,0,0,3,0,0,0,0
money,0,0,0,1,0,0,0,0
farewell,0,0,0,1,0,0,0,0
dynamic,1,0,0,0,0,0,0,0
imaginative,1,0,0,0,0,0,0,0
live,0,0,0,0,0,0,1,0
mid,1,0,0,1,0,0,0,0
mean,0,0,0,0,0,0,1,0
hero,0,0,0,2,0,0,0,0
average,1,0,0,0,0,0,0,0
bless,0,0,0,0,0,0,1,0
balance,0,0,0,1,0,0,0,0
tremendous,2,0,0,0,0,0,0,0
vision,0,0,0,2,0,0,0,0
superbly,0,0,1,0,0,0,0,0
powerfully,0,0,1,0,0,0,0,0
accurately,0,0,1,0,0,0,0,0
addition,0,0,0,4,0,0,0,0
accomplishment,0,0,0,1,0,0,0,0
publish,0,0,0,0,0,0,2,0
well,0,0,3,0,0,0,0,0
sell,0,0,0,0,0,0,2,0
autobiography,0,0,0,1,0,0,0,0
documentary,0,0,0,1,0,0,0,0
semidocumentary,1,0,0,0,0,0,0,0
film,0,0,0,3,0,0,0,0
compose,0,0,0,0,0,0,1,0
musical,1,0,0,0,0,0,0,0
entire,1,0,0,0,0,0,0,0
sound,0,0,0,1,0,0,0,0
recipient,0,0,0,1,0,0,0,0
jersey,0,0,0,1,0,0,0,0
leader,0,0,0,1,0,0,0,0
orchestrate,0,0,0,0,0,0,1,0
doubt,0,0,0,1,0,0,0,0
perfect,1,0,0,0,0,0,0,0
mix,0,0,0,0,0,0,1,0
success,0,0,0,2,0,0,0,0
footballer,0,0,0,1,0,0,0,0
thing,0,0,0,1,0,0,0,0
individually,0,0,1,0,0,0,0,0
scorer,0,0,0,18,0,0,0,0
row,0,0,0,2,0,0,0,0
carré,0,0,0,0,0,0,0,1
magique,0,0,0,0,0,0,0,1
magic,1,0,0,0,0,0,0,0
square,0,0,0,1,0,0,0,0
talented,4,0,0,0,0,0,0,0
assemble,0,0,0,0,0,0,1,0
semifinal,0,0,0,2,0,0,0,0
answer,0,0,0,0,0,0,1,0
decide,0,0,0,0,0,0,1,0
miss,0,0,0,0,0,0,1,0
redemption,0,0,0,1,0,0,0,0
splendid,1,0,0,0,0,0,0,0
president,0,0,0,1,0,0,0,0
phenomenal,2,0,0,0,0,0,0,0
athleticism,0,0,0,1,0,0,0,0
combine,0,0,0,0,0,0,1,0
strength,0,0,0,1,0,0,0,0
hone,0,0,0,0,0,0,1,0
suburb,0,0,0,2,0,0,0,0
city,0,0,0,2,0,0,0,0
single,3,0,0,0,0,0,0,0
sideline,0,0,0,1,0,0,0,0
bronze,0,0,0,2,0,0,0,0
smile,0,0,0,0,0,0,1,0
training,0,0,0,1,0,0,0,0
session,0,0,0,1,0,0,0,0
rupture,0,0,0,0,0,0,1,0
tendon,0,0,0,2,0,0,0,0
knee,0,0,0,1,0,0,0,0
think,0,0,0,0,0,0,2,0
jeopardy,0,0,0,1,0,0,0,0
fully,0,0,1,0,0,0,0,0
plague,0,0,0,0,0,0,1,0
significant,1,0,0,0,0,0,0,0
thyroid,0,0,0,1,0,0,0,0
condition,0,0,0,1,0,0,0,0
weight,0,0,0,1,0,0,0,0
abruptly,0,0,1,0,0,0,0,0
algerian,1,0,0,0,0,0,0,0
parent,0,0,0,2,0,0,0,0
choose,0,0,0,0,0,0,1,0
despite,0,0,0,0,0,2,0,0
outstanding,2,0,0,0,0,0,0,0
remain,0,0,0,0,0,0,1,0
elusive,1,0,0,0,0,0,0,0
following,4,0,0,0,0,0,0,0
shine,0,0,0,0,0,0,2,0
rejoin,0,0,0,0,0,0,1,0
butt,0,0,0,0,0,0,1,0
emerge,0,0,0,0,0,0,2,0
recent,1,0,0,0,0,0,0,0
perform,0,0,0,0,0,0,1,0
extraordinary,2,0,0,0,0,0,0,0
feat,0,0,0,4,0,0,0,0
observer,0,0,0,1,0,0,0,0
rank,0,0,0,0,0,0,1,0
fine,3,0,0,0,0,0,0,0
excite,0,0,0,0,0,0,1,0
innovative,1,0,0,0,0,0,0,0
gifted,2,0,0,0,0,0,0,0
crosse,0,0,0,1,0,0,0,0
bend,0,0,0,0,0,0,2,0
successfully,0,0,1,0,0,0,0,0
like,0,1,0,0,0,0,0,0
homage,0,0,0,1,0,0,0,0
kicking,0,0,0,1,0,0,0,0
stage,0,0,0,1,0,0,0,0
british,2,0,0,0,0,0,0,0
marry,0,0,0,0,0,0,1,0
singer,0,0,0,1,0,0,0,0
pop,0,0,0,1,0,0,0,0
media,0,0,0,1,0,0,0,0
couple,0,0,0,1,0,0,0,0
completion,0,0,0,1,0,0,0,0
tear,0,0,0,1,0,0,0,0
knock,0,0,0,0,0,0,1,0
late,0,0,1,0,0,0,0,0
scene,0,0,0,2,0,0,0,0
lethal,1,0,0,0,0,0,0,0
prolific,3,0,0,0,0,0,0,0
offer,0,0,0,1,0,0,1,0
respond,0,0,0,0,0,0,1,0
favorite,0,0,0,1,0,0,0,0
widespread,1,0,0,0,0,0,0,0
guide,0,0,0,0,0,0,1,0
arena,0,0,0,1,0,0,0,0
month,0,0,0,2,0,0,0,0
fourth,3,0,0,0,0,0,0,0
qualify,0,0,0,0,0,0,2,0
positional,1,0,0,0,0,0,0,0
awareness,0,0,0,1,0,0,0,0
shooting,0,0,0,1,0,0,0,0
technique,0,0,0,2,0,0,0,0
cameroonian,1,0,0,0,0,0,0,0
impressive,4,0,0,0,0,0,0,0
tally,0,0,0,1,0,0,0,0
goalscorer,0,0,0,3,0,0,0,0
lure,0,0,0,0,0,0,1,0
historic,1,0,0,0,0,0,0,0
treble,0,0,0,2,0,0,0,0
domestic,3,0,0,0,0,0,0,0
prepare,0,0,0,0,0,0,1,0
strike,0,0,0,0,0,0,1,0
fast,2,0,1,0,0,0,0,0
master,0,0,0,1,0,0,0,0
situation,0,0,0,1,0,0,0,0
exciting,2,0,0,0,0,0,0,0
consider,0,0,0,0,0,0,1,0
era,0,0,0,1,0,0,0,0
antillean,1,0,0,0,0,0,0,0
uneventful,1,0,0,0,0,0,0,0
powerhouse,0,0,0,2,0,0,0,0
heartbroken,1,0,0,0,0,0,0,0
route,0,0,0,1,0,0,0,0
raise,0,0,0,0,0,0,1,0
expectation,0,0,0,2,0,0,0,0
exit,0,0,0,0,0,0,1,0
out,0,0,0,1,0,0,0,0
subsequently,0,0,1,0,0,0,0,0
get,0,0,0,0,0,0,1,0
forceful,1,0,0,0,0,0,0,0
superior,1,0,0,0,0,0,0,0
enable,0,0,0,0,0,0,1,0
endearment,0,0,0,1,0,0,0,0
brother,0,0,0,1,0,0,0,0
start,0,0,0,1,0,0,3,0
future,0,0,0,1,0,0,0,0
conquer,0,0,0,0,0,0,2,0
impact,0,0,0,1,0,0,0,0
hat,0,0,0,1,0,0,0,0
trick,0,0,0,1,0,0,0,0
performance,0,0,0,4,0,0,0,0
eliminate,0,0,0,0,0,0,1,0
power,0,0,0,0,0,0,1,0
assistance,0,0,0,1,0,0,0,0
prestigious,1,0,0,0,0,0,0,0
profess,0,0,0,0,0,0,1,0
eastern,1,0,0,0,0,0,0,0
disband,0,0,0,0,0,0,1,0
swedish,1,0,0,0,0,0,0,0
footed,1,0,0,0,0,0,0,0
discover,0,0,0,0,0,0,1,0
stunning,2,0,0,0,0,0,0,0
brilliant,1,0,0,0,0,0,0,0
stadium,0,0,0,1,0,0,0,0
comparison,0,0,0,1,0,0,0,0
seven,0,0,0,0,1,0,0,0
pick,0,0,0,0,0,0,1,0
newly,0,0,1,0,0,0,0,0
impress,0,0,0,0,0,0,1,0
smart,1,0,0,0,0,0,0,0
bold,1,0,0,0,0,0,0,0
relocate,0,0,0,0,0,0,1,0
informal,1,0,0,0,0,0,0,0
metre,0,0,0,1,0,0,0,0
tall,1,0,0,0,0,0,0,0
pound,0,0,0,1,0,0,0,0
nigerian,1,0,0,0,0,0,0,0
widely,0,0,1,0,0,0,0,0
regard,0,0,0,0,0,0,2,0
achieve,0,0,0,0,0,0,1,0
substitute,0,0,0,1,0,0,0,0
secure,0,0,0,0,0,0,1,0
natural,1,0,0,0,0,0,0,0
praise,0,0,0,1,0,0,0,0
actively,0,0,1,0,0,0,0,0
racism,0,0,0,1,0,0,0,0
visit,0,0,0,0,0,0,1,0
war,0,0,0,1,0,0,0,0
patron,0,0,0,1,0,0,0,0
support,0,0,0,0,0,0,1,0
portuguese,2,0,0,0,0,0,0,0
wizard,0,0,0,1,0,0,0,0
medium,0,0,0,1,0,0,0,0
spectacular,2,0,0,0,0,0,0,0
soon,0,0,3,0,0,0,0,0
captivate,0,0,0,0,0,0,1,0
exceptional,1,0,0,0,0,0,0,0
arrive,0,0,0,0,0,0,1,0
disappoint,0,0,0,0,0,0,1,0
planet,0,0,0,1,0,0,0,0
impression,0,0,0,2,0,0,0,0
depart,0,0,0,0,0,0,1,0
instant,1,0,0,0,0,0,0,0
sensation,0,0,0,1,0,0,0,0
staple,0,0,0,1,0,0,0,0
prove,0,0,0,0,0,0,1,0
spring,0,0,0,1,0,0,0,0
shake,0,0,0,0,0,0,1,0
expensive,1,0,0,0,0,0,0,0
stardom,0,0,0,1,0,0,0,0
surpass,0,0,0,0,0,0,1,0
precocious,1,0,0,0,0,0,0,0
contributor,0,0,0,1,0,0,0,0
spirited,1,0,0,0,0,0,0,0
slow,1,0,0,0,0,0,0,0
recovery,0,0,0,1,0,0,0,0
effectiveness,0,0,0,1,0,0,0,0
glory,0,0,0,1,0,0,0,0
beginning,0,0,0,1,0,0,0,0
covet,0,0,0,0,0,0,1,0
trade,0,0,0,0,0,0,1,0
blue,1,0,0,0,0,0,0,0
promising,1,0,0,0,0,0,0,0
momentum,0,0,0,1,0,0,0,0
scramble,0,0,0,0,0,0,1,0
foreign,1,0,0,0,0,0,0,0
enormous,1,0,0,0,0,0,0,0
show,0,0,0,0,0,0,1,0
diminish,0,0,0,0,0,0,1,0
anytime,0,0,1,0,0,0,0,0
spectator,0,0,0,1,0,0,0,0
fill,0,0,0,0,0,0,1,0
case,0,0,0,1,0,0,0,0
previous,1,0,0,0,0,0,0,0
explain,0,0,0,0,0,0,1,0
countless,1,0,0,0,0,0,0,0
endure,0,0,0,0,0,0,1,0
appeal,0,0,0,1,0,0,0,0
inherent,1,0,0,0,0,0,0,0
excitement,0,0,0,1,0,0,0,0
overlook,0,0,0,0,0,0,1,0
mere,1,0,0,0,0,0,0,0
fact,0,0,0,1,0,0,0,0
gymnasium,0,0,0,1,0,0,0,0
street,0,0,0,1,0,0,0,0
playground,0,0,0,1,0,0,0,0
park,0,0,0,1,0,0,0,0
beach,0,0,0,1,0,0,0,0
embrace,0,0,0,0,0,0,1,0
make,0,0,0,0,0,0,1,0
generation,0,0,0,1,0,0,0,0
