word,ADJ,ADP,ADV,AUX,INTJ,NOUN,NUM,PRON,VERB,X
thing,0,0,0,0,0,30,0,0,0,0
certain,1,0,0,0,0,0,0,0,0,0
black,5,0,0,0,0,0,0,0,0,0
kitten,0,0,0,0,0,15,0,0,0,0
begin,0,0,0,0,0,0,0,0,42,0
white,11,0,0,0,0,0,0,0,0,0
unable,1,0,0,0,0,0,0,0,0,0
quarter,0,0,0,0,0,1,0,0,0,0
hour,0,0,0,0,0,3,0,0,0,0
old,10,0,0,0,0,0,0,0,0,0
cat,0,0,0,0,0,2,0,0,0,0
wash,0,0,0,0,0,0,0,0,3,0
face,0,0,0,0,0,6,0,0,0,0
slowly,0,0,6,0,0,0,0,0,0,0
carefully,0,0,6,0,0,0,0,0,0,0
free,2,0,0,0,0,0,0,0,0,0
want,0,0,0,0,0,0,0,0,16,0
sit,0,0,0,0,0,0,0,0,26,0
corner,0,0,0,0,0,3,0,0,0,0
great,8,0,2,0,0,0,0,0,0,0
armchair,0,0,0,0,0,2,0,0,0,0
half,0,0,3,0,0,0,0,0,0,0
talk,0,0,0,0,0,0,0,0,16,0
asleep,4,0,0,0,0,0,0,0,0,0
play,0,0,0,0,0,0,0,0,6,0
grand,3,0,1,0,0,0,0,0,0,0
game,0,0,0,0,0,4,0,0,0,0
ball,0,0,0,0,0,2,0,0,0,0
wool,0,0,0,0,0,4,0,0,0,0
soon,0,0,11,0,0,0,0,0,0,0
lie,0,0,0,0,0,0,0,0,6,0
terrible,3,0,0,0,0,0,0,0,0,0
tangle,0,0,0,0,0,1,0,0,0,0
carpet,0,0,0,0,0,2,0,0,0,0
run,0,0,0,0,0,0,0,0,26,0
tail,0,0,0,0,0,1,0,0,0,0
middle,1,0,0,0,0,3,0,0,0,0
bad,1,0,0,0,0,0,0,0,0,0
little,30,0,0,0,0,0,0,0,0,0
cry,0,0,0,0,0,0,0,0,31,0
see,0,0,0,0,0,0,0,0,21,0
pick,0,0,0,0,0,0,0,0,6,0
climb,0,0,0,0,0,0,0,0,5,0
know,0,0,0,0,0,0,0,0,40,0
long,17,0,6,0,0,0,0,0,0,0
roll,0,0,0,0,0,0,0,0,1,0
chess,0,0,0,0,0,3,0,0,0,0
instead,0,0,3,0,0,0,0,0,0,0
ago,0,0,3,0,0,0,0,0,0,0
watch,0,0,0,0,0,0,0,0,10,0
fact,0,0,0,0,0,1,0,0,0,0
look,0,0,0,0,0,1,0,0,65,0
like,0,19,0,0,0,0,0,0,23,0
chessman,0,0,0,0,0,5,0,0,0,0
table,0,0,0,0,0,17,0,0,0,0
hold,0,0,0,0,0,4,0,0,7,0
try,0,0,0,0,0,0,0,0,20,0
escape,0,0,0,0,0,0,0,0,2,0
punish,0,0,0,0,0,0,0,0,1,0
lift,0,0,0,0,0,0,0,0,3,0
looking,1,0,0,0,0,5,0,0,0,0
glass,0,0,0,0,0,20,0,0,0,0
fireplace,0,0,0,0,0,6,0,0,0,0
good,7,0,0,0,0,0,0,0,0,0
say,0,0,0,0,0,0,0,0,223,0
house,0,0,0,0,0,7,0,0,0,0
wonder,0,0,0,0,0,0,0,0,7,0
go,0,0,0,0,0,0,0,0,49,0
room,0,0,0,0,0,7,0,0,0,0
book,0,0,0,0,0,4,0,0,0,0
word,0,0,0,0,0,19,0,0,0,0
wrong,4,0,2,0,0,0,0,0,0,0
way,0,0,0,0,0,27,0,0,0,0
rest,0,0,0,0,0,3,0,0,2,0
different,7,0,0,0,0,0,0,0,0,0
interesting,2,0,0,0,0,0,0,0,0,0
wish,0,0,0,0,0,0,0,0,9,0
let,0,0,0,0,0,0,0,0,8,0
pretend,0,0,0,0,0,0,0,0,4,0
soft,4,0,0,0,0,0,0,0,0,0
believe,0,0,0,0,0,0,0,0,9,0
turn,0,0,0,0,0,0,0,0,18,0
kind,2,0,0,0,0,6,0,0,0,0
cloud,0,0,0,0,0,3,0,0,0,0
happen,0,0,0,0,0,0,0,0,12,0
speak,0,0,0,0,0,0,0,0,25,0
find,0,0,0,0,0,0,0,0,13,0
disappear,0,0,0,0,0,0,0,0,7,0
bright,1,0,0,0,0,0,0,0,0,0
silvery,1,0,0,0,0,0,0,0,0,0
moment,0,0,0,0,0,23,0,0,0,0
jump,0,0,0,0,0,0,0,0,12,0
notice,0,0,0,0,0,0,0,0,5,0
picture,0,0,0,0,0,1,0,0,0,0
wall,0,0,0,0,0,5,0,0,0,0
alive,4,0,0,0,0,0,0,0,0,0
clock,0,0,0,0,0,1,0,0,0,0
man,0,0,0,0,0,7,0,0,0,0
smile,0,0,0,0,0,2,0,0,6,0
tidy,1,0,0,0,0,0,0,0,0,0
think,0,0,0,0,0,0,0,0,52,0
floor,0,0,0,0,0,4,0,0,0,0
surprise,0,0,0,0,0,10,0,0,1,0
walk,0,0,0,0,0,1,0,0,23,0
arm,0,0,0,0,0,6,0,0,0,0
whisper,0,0,0,0,0,4,0,0,6,0
order,0,0,0,0,0,4,0,0,1,0
frighten,0,0,0,0,0,0,0,0,1,0
read,0,0,0,0,0,0,0,0,5,0
newspaper,0,0,0,0,0,1,0,0,0,0
hear,0,0,0,0,0,0,0,0,13,0
noise,0,0,0,0,0,8,0,0,0,0
fall,0,0,0,0,0,1,0,0,21,0
interest,0,0,0,0,0,5,0,0,0,0
voice,0,0,0,0,0,18,0,0,0,0
child,0,0,0,0,0,8,0,0,0,0
dear,3,0,0,0,0,5,0,0,0,0
sweet,1,0,0,0,0,0,0,0,0,0
wildly,0,0,3,0,0,0,0,0,0,0
leg,0,0,0,0,0,3,0,0,0,0
poor,3,0,0,0,0,0,0,0,0,0
scream,0,0,0,0,0,2,0,0,4,0
loudly,0,0,6,0,0,0,0,0,0,0
helpful,1,0,0,0,0,0,0,0,0,0
noisy,3,0,0,0,0,0,0,0,0,0
daughter,0,0,0,0,0,1,0,0,0,0
queen,0,0,0,0,0,32,0,0,0,0
mouth,0,0,0,0,0,4,0,0,0,0
open,5,0,1,0,0,0,0,0,4,0
minute,0,0,0,0,0,10,0,0,0,0
call,0,0,0,0,0,0,0,0,5,0
careful,2,0,0,0,0,0,0,0,0,0
storm,0,0,0,0,0,3,0,0,0,0
round,3,10,17,0,0,0,0,0,0,0
worriedly,0,0,3,0,0,0,0,0,0,0
wind,0,0,0,0,0,4,0,0,0,0
blow,0,0,0,0,0,0,0,0,3,0
second,0,0,0,0,0,1,0,0,0,0
come,0,0,0,0,0,0,0,0,38,0
usual,2,0,0,0,0,0,0,0,0,0
help,0,0,0,0,0,0,0,0,8,0
gently,0,0,6,0,0,0,0,0,0,0
move,0,0,0,0,0,0,0,0,4,0
upwards,0,0,1,0,0,0,0,0,0,0
king,0,0,0,0,0,16,0,0,0,0
surprised,8,0,0,0,0,0,0,0,0,0
eye,0,0,0,0,0,12,0,0,0,0
get,0,0,0,0,0,0,0,0,32,0
large,21,0,0,0,0,0,0,0,0,0
nearly,0,0,2,0,0,0,0,0,0,0
drop,0,0,0,0,0,0,0,0,2,0
laugh,0,0,0,0,0,3,0,0,4,0
immediately,0,0,4,0,0,0,0,0,0,0
flat,1,0,0,0,0,0,0,0,0,0
frightened,7,0,0,0,0,0,0,0,0,0
tell,0,0,0,0,0,0,0,0,15,0
cold,1,0,0,0,0,0,0,0,0,0
end,0,0,0,0,0,11,0,0,1,0
hair,0,0,0,0,0,5,0,0,0,0
shall,0,0,0,10,0,0,0,0,0,0
forget,0,0,0,0,0,0,0,0,5,0
write,0,0,0,0,0,0,0,0,8,0
take,0,0,0,0,0,0,0,0,18,0
notebook,0,0,0,0,0,2,0,0,0,0
near,1,4,0,0,0,0,0,0,0,0
page,0,0,0,0,0,1,0,0,0,0
language,0,0,0,0,0,2,0,0,0,0
puzzled,6,0,0,0,0,0,0,0,0,0
time,0,0,0,0,0,29,0,0,0,0
suddenly,0,0,13,0,0,0,0,0,0,0
understand,0,0,0,0,0,0,0,0,12,0
course,0,0,6,0,0,8,0,0,0,0
right,2,0,4,0,0,0,0,0,0,0
poem,0,0,0,0,0,14,0,0,0,0
twa,0,0,0,0,0,0,0,0,1,0
slithy,1,0,0,0,0,0,0,0,0,0
tove,0,0,0,0,0,1,0,0,0,0
gyre,0,0,0,0,0,0,0,0,1,0
gimble,0,0,0,0,0,0,0,0,1,0
wabe,0,0,0,0,0,1,0,0,0,0
borogove,0,0,0,0,0,1,0,0,0,0
mome,0,0,0,0,0,1,0,0,0,0
rath,0,0,0,0,0,1,0,0,0,0
outgrabe,0,0,0,0,0,0,0,0,1,0
pretty,2,0,0,0,0,0,0,0,0,0
hard,4,0,7,0,0,0,0,0,0,0
actually,0,0,1,0,0,0,0,0,0,0
fill,0,0,0,0,0,0,0,0,4,0
head,0,0,0,0,0,15,0,0,0,0
idea,0,0,0,0,0,6,0,0,0,0
hurry,0,0,0,0,0,0,0,0,2,0
garden,0,0,0,0,0,8,0,0,0,0
stair,0,0,0,0,0,2,0,0,0,0
air,0,0,0,0,0,6,0,0,0,0
foot,0,0,0,0,0,6,0,0,0,0
touch,0,0,0,0,0,0,0,0,3,0
manage,0,0,0,0,0,0,0,0,4,0
catch,0,0,0,0,0,0,0,0,6,0
door,0,0,0,0,0,4,0,0,0,0
post,0,0,0,0,0,1,0,0,0,0
pleased,5,0,0,0,0,0,0,0,0,0
natural,3,0,0,0,0,0,0,0,0,0
small,6,0,0,0,0,0,0,0,0,0
hill,0,0,0,0,0,12,0,0,0,0
far,0,0,2,0,0,0,0,0,0,0
away,0,1,14,0,0,0,0,0,0,0
decide,0,0,0,0,0,0,0,0,7,0
able,2,0,0,0,0,0,0,0,0,0
well,6,0,5,0,0,0,0,0,0,0
reach,0,0,0,0,0,0,0,0,4,0
impossible,4,0,0,0,0,0,0,0,0,0
crossly,0,0,6,0,0,0,0,0,0,0
adventure,0,0,0,0,0,1,0,0,0,0
pass,0,0,0,0,0,0,0,0,4,0
flower,0,0,0,0,0,7,0,0,0,0
bed,0,0,0,0,0,1,0,0,0,0
tree,0,0,0,0,0,16,0,0,0,0
grow,0,0,0,0,0,0,0,0,6,0
lily,0,0,0,0,0,5,0,0,0,0
anybody,0,0,0,0,0,0,0,4,0,0
lot,0,0,0,0,0,6,0,0,0,0
louder,0,0,1,0,0,0,0,0,0,0
polite,3,0,0,0,0,0,0,0,0,0
hand,0,0,0,0,0,27,0,0,0,0
feel,0,0,0,0,0,0,0,0,10,0
ground,0,0,0,0,0,7,0,0,0,0
explain,0,0,0,0,0,0,0,0,5,0
tiger,0,0,0,0,0,1,0,0,0,0
flowerbed,0,0,0,0,0,1,0,0,0,0
sound,0,0,0,0,0,1,0,0,9,0
reason,0,0,0,0,0,1,0,0,0,0
ask,0,0,0,0,0,0,0,0,18,0
unkindly,0,0,2,0,0,0,0,0,0,0
stupid,2,0,0,0,0,0,0,0,0,0
quiet,1,0,0,0,0,0,0,0,0,0
world,0,0,0,0,0,5,0,0,0,0
people,0,0,0,0,0,7,0,0,0,0
strange,12,0,0,0,0,0,0,0,0,0
shape,0,0,0,0,0,5,0,0,0,0
red,2,0,0,0,0,0,0,0,0,0
leave,0,0,0,0,0,2,0,0,2,0
bang,0,0,0,0,3,0,0,0,2,0
quickly,0,0,8,0,0,0,0,0,0,0
centimetre,0,0,0,0,0,1,0,0,0,0
high,4,0,0,0,0,0,0,0,0,0
tall,3,0,0,0,0,0,0,0,0,0
meet,0,0,0,0,0,0,0,0,7,0
possibly,0,0,2,0,0,0,0,0,0,0
nonsense,0,0,0,0,0,6,0,0,0,0
later,0,0,6,0,0,0,0,0,0,0
succeed,0,0,0,0,0,0,0,0,1,0
beautifully,0,0,1,0,0,0,0,0,0,0
stand,0,0,0,0,0,0,0,0,17,0
opposite,0,2,0,0,0,0,0,0,0,0
nicely,0,0,1,0,0,0,0,0,0,0
curtsy,0,0,0,0,0,0,0,0,5,0
save,0,0,0,0,0,0,0,0,3,0
obey,0,0,0,0,0,0,0,0,2,0
majesty,0,0,0,0,0,1,0,0,0,0
valley,0,0,0,0,0,2,0,0,0,0
shake,0,0,0,0,0,1,0,0,17,0
sensible,3,0,0,0,0,0,0,0,0,0
safe,4,0,0,0,0,0,0,0,0,0
argue,0,0,0,0,0,0,0,0,7,0
silence,0,0,0,0,0,4,0,0,0,0
country,0,0,0,0,0,5,0,0,0,0
brook,0,0,0,0,0,12,0,0,0,0
line,0,0,0,0,0,1,0,0,0,0
hedge,0,0,0,0,0,1,0,0,0,0
square,0,0,0,0,0,2,0,0,0,0
board,0,0,0,0,0,1,0,0,0,0
heart,0,0,0,0,0,1,0,0,0,0
beat,0,0,0,0,0,0,0,0,3,0
fast,0,0,13,0,0,0,0,0,0,0
excitement,0,0,0,0,0,1,0,0,0,0
big,6,0,0,0,0,0,0,0,0,0
fun,0,0,0,0,0,2,0,0,0,0
pawn,0,0,0,0,0,3,0,0,0,0
love,0,0,0,0,0,0,0,0,1,0
real,4,0,0,0,0,0,0,0,0,0
kindly,0,0,2,0,0,0,0,0,0,0
young,2,0,0,0,0,0,0,0,0,0
pull,0,0,0,0,0,1,0,0,3,0
change,0,0,0,0,0,0,0,0,2,0
place,0,0,0,0,0,9,0,0,0,0
puzzle,0,0,0,0,0,0,0,0,1,0
fly,0,0,0,0,0,0,0,0,6,0
life,0,0,0,0,0,3,0,0,0,0
stop,0,0,0,0,0,0,0,0,15,0
usually,0,0,1,0,0,0,0,0,0,0
arrive,0,0,0,0,0,0,0,0,2,0
slow,3,0,0,0,0,0,0,0,0,0
twice,0,0,3,0,0,0,0,0,0,0
step,0,0,0,0,0,7,0,0,0,0
fifth,1,0,0,0,0,0,0,0,0,0
railway,0,0,0,0,0,2,0,0,0,0
probably,0,0,3,0,0,0,0,0,0,0
belong,0,0,0,0,0,0,0,0,4,0
water,0,0,0,0,0,1,0,0,0,0
thank,0,0,0,0,0,1,0,0,7,0
information,0,0,0,0,0,1,0,0,0,0
mind,0,0,0,0,0,0,0,0,2,0
forest,0,0,0,0,0,10,0,0,0,0
party,0,0,0,0,0,3,0,0,0,0
english,1,0,0,0,0,0,0,0,0,0
remember,0,0,0,0,0,0,0,0,12,0
wood,0,0,0,0,0,21,0,0,0,0
certainly,0,0,5,0,0,0,0,0,0,0
animal,0,0,0,0,0,5,0,0,0,0
sure,3,0,0,0,0,0,0,0,0,0
ticket,0,0,0,0,0,9,0,0,0,0
put,0,0,0,0,0,0,0,0,3,0
window,0,0,0,0,0,3,0,0,0,0
everybody,0,0,0,0,0,0,0,3,0,0
train,0,0,0,0,0,4,0,0,0,0
inspector,0,0,0,0,0,3,0,0,0,0
angrily,0,0,2,0,0,0,0,0,0,0
wait,0,0,0,0,0,0,0,0,5,0
cost,0,0,0,0,0,0,0,0,3,0
thousand,0,0,0,0,0,0,4,0,0,0
pound,0,0,0,0,0,2,0,0,0,0
afraid,4,0,0,0,0,0,0,0,0,0
office,0,0,0,0,0,2,0,0,0,0
buy,0,0,0,0,0,0,0,0,7,0
engine,0,0,0,0,0,3,0,0,0,0
driver,0,0,0,0,0,2,0,0,0,0
travel,0,0,0,0,0,0,0,0,1,0
shut,1,0,0,0,0,0,0,0,3,0
ought,0,0,0,2,0,0,0,0,0,0
gentleman,0,0,0,0,0,3,0,0,0,0
dress,0,0,0,0,0,0,0,0,1,0
paper,0,0,0,0,0,2,0,0,0,0
beetle,0,0,0,0,0,1,0,0,0,0
horse,0,0,0,0,0,23,0,0,0,0
ear,0,0,0,0,0,9,0,0,0,0
worry,0,0,0,0,0,0,0,0,2,0
return,0,0,0,0,0,1,0,0,1,0
journey,0,0,0,0,0,2,0,0,0,0
friend,0,0,0,0,0,2,0,0,0,0
hurt,0,0,0,0,0,0,0,0,1,0
insect,0,0,0,0,0,6,0,0,0,0
worried,3,0,0,0,0,0,0,0,0,0
calmly,0,0,2,0,0,0,0,0,0,0
suppose,0,0,0,0,0,0,0,0,3,0
straight,0,0,2,0,0,0,0,0,0,0
beard,0,0,0,0,0,2,0,0,0,0
quietly,0,0,4,0,0,0,0,0,0,0
low,3,0,1,0,0,0,0,0,0,0
branch,0,0,0,0,0,2,0,0,0,0
chicken,0,0,0,0,0,1,0,0,0,0
continue,0,0,0,0,0,0,0,0,2,0
conversation,0,0,0,0,0,5,0,0,0,0
name,0,0,0,0,0,2,0,0,0,0
example,0,0,0,0,0,4,0,0,0,0
dark,7,0,0,0,0,0,0,0,0,0
field,0,0,0,0,0,4,0,0,0,0
hope,0,0,0,0,0,0,0,0,8,0
lose,0,0,0,0,0,0,0,0,3,0
hot,2,0,0,0,0,0,0,0,0,0
sun,0,0,0,0,0,1,0,0,0,0
shadow,0,0,0,0,0,2,0,0,0,0
nice,3,0,0,0,0,0,0,0,0,0
cool,1,0,0,0,0,0,0,0,0,0
difficult,7,0,0,0,0,0,0,0,0,0
question,0,0,0,0,0,3,0,0,0,0
answer,0,0,0,0,0,3,0,0,2,0
road,0,0,0,0,0,4,0,0,0,0
signpost,0,0,0,0,0,1,0,0,0,0
hello,0,0,0,0,1,0,0,0,0,0
fat,3,0,0,0,0,0,0,0,0,0
shirt,0,0,0,0,0,1,0,0,0,0
schoolboy,0,0,0,0,0,1,0,0,0,0
aloud,0,0,1,0,0,0,0,0,0,0
visit,0,0,0,0,0,1,0,0,0,0
brother,0,0,0,0,0,6,0,0,0,0
dance,0,0,0,0,0,1,0,0,3,0
circle,0,0,0,0,0,1,0,0,0,0
music,0,0,0,0,0,2,0,0,0,0
tired,5,0,0,0,0,0,0,0,0,0
add,0,0,0,0,0,0,0,0,2,0
repeat,0,0,0,0,0,0,0,0,6,0
reply,0,0,0,0,0,0,0,0,6,0
friendly,4,0,0,0,0,0,0,0,0,0
politely,0,0,5,0,0,0,0,0,0,0
beach,0,0,0,0,0,1,0,0,0,0
invite,0,0,0,0,0,0,0,0,3,0
oyster,0,0,0,0,0,3,0,0,0,0
accept,0,0,0,0,0,0,0,0,1,0
happily,0,0,3,0,0,0,0,0,0,0
mile,0,0,0,0,0,1,0,0,0,0
rock,0,0,0,0,0,1,0,0,0,0
conveniently,0,0,1,0,0,0,0,0,0,0
row,0,0,0,0,0,1,0,0,0,0
shoe,0,0,0,0,0,2,0,0,0,0
ship,0,0,0,0,0,1,0,0,0,0
sealing,0,0,0,0,0,1,0,0,0,0
wax,0,0,0,0,0,1,0,0,0,0
cabbage,0,0,0,0,0,1,0,0,0,0
sea,0,0,0,0,0,2,0,0,0,0
boil,0,0,0,0,0,0,0,0,1,0
pig,0,0,0,0,0,1,0,0,0,0
wing,0,0,0,0,0,3,0,0,0,0
eat,0,0,0,0,0,0,0,0,7,0
sorry,2,0,0,0,0,0,0,0,0,0
unkind,1,0,0,0,0,0,0,0,0,0
wild,4,0,0,0,0,0,0,0,0,0
snore,0,0,0,0,0,0,0,0,3,0
sleep,0,0,0,0,0,0,0,0,2,0
lovely,1,0,0,0,0,0,0,0,0,0
agree,0,0,0,0,0,0,0,0,2,0
untidy,2,0,0,0,0,0,0,0,0,0
dream,0,0,0,0,0,10,0,0,6,0
guess,0,0,0,0,0,0,0,0,3,0
wake,0,0,0,0,0,0,0,0,4,0
light,0,0,0,0,0,1,0,0,0,0
shhh,0,0,0,0,1,0,0,0,0,0
give,0,0,0,0,0,0,0,0,9,0
rain,0,0,0,0,0,1,0,0,1,0
umbrella,0,0,0,0,0,1,0,0,0,0
thick,2,0,0,0,0,0,0,0,0,0
crow,0,0,0,0,0,1,0,0,0,0
shout,0,0,0,0,0,2,0,0,3,0
fearfully,0,0,1,0,0,0,0,0,0,0
hide,0,0,0,0,0,0,0,0,1,0
terribly,0,0,3,0,0,0,0,0,0,0
somebody,0,0,0,0,0,0,0,3,0,0
shawl,0,0,0,0,0,10,0,0,0,0
owner,0,0,0,0,0,1,0,0,0,0
yes,0,0,0,0,11,0,0,0,0,0
helplessly,0,0,1,0,0,0,0,0,0,0
matter,0,0,0,0,0,2,0,0,0,0
today,0,0,0,0,0,9,0,0,0,0
angry,1,0,0,0,0,0,0,0,0,0
pin,0,0,0,0,0,4,0,0,5,0
happy,2,0,0,0,0,0,0,0,0,0
hairbrush,0,0,0,0,0,1,0,0,0,0
unhappily,0,0,3,0,0,0,0,0,0,0
brush,0,0,0,0,0,1,0,0,0,0
tidily,0,0,1,0,0,0,0,0,0,0
lady,0,0,0,0,0,1,0,0,0,0
maid,0,0,0,0,0,1,0,0,0,0
twopence,0,0,0,0,0,2,0,0,0,0
week,0,0,0,0,0,2,0,0,0,0
jam,0,0,0,0,0,9,0,0,0,0
day,0,0,0,0,0,9,0,0,0,0
employ,0,0,0,0,0,0,0,0,1,0
tomorrow,0,0,0,0,0,1,0,0,0,0
yesterday,0,0,0,0,0,1,0,0,0,0
live,0,0,0,0,0,0,0,0,2,0
backwards,0,0,4,0,0,0,0,0,0,0
useful,3,0,0,0,0,0,0,0,0,0
prison,0,0,0,0,0,2,0,0,0,0
crime,0,0,0,0,0,2,0,0,0,0
finger,0,0,0,0,0,5,0,0,0,0
bleed,0,0,0,0,0,0,0,0,1,0
cut,0,0,0,0,0,0,0,0,11,0
fasten,0,0,0,0,0,0,0,0,3,0
undo,0,0,0,0,0,0,0,0,1,0
care,0,0,0,0,0,1,0,0,0,0
late,1,0,0,0,0,0,0,0,0,0
deep,0,0,1,0,0,0,0,0,0,0
bleeding,0,0,0,0,0,1,0,0,0,0
ready,2,0,0,0,0,0,0,0,0,0
screaming,0,0,0,0,0,1,0,0,0,0
bit,0,0,0,0,0,3,0,0,0,0
easier,0,0,1,0,0,0,0,0,0,0
helpfully,0,0,2,0,0,0,0,0,0,0
year,0,0,0,0,0,3,0,0,0,0
sadly,0,0,3,0,0,0,0,0,0,0
use,0,0,0,0,0,4,0,0,1,0
work,0,0,0,0,0,0,0,0,3,0
breakfast,0,0,0,0,0,1,0,0,0,0
undone,1,0,0,0,0,0,0,0,0,0
sudden,1,0,0,0,0,0,0,0,0,0
cross,0,0,0,0,0,0,0,0,2,0
etter,0,0,0,0,0,0,0,0,0,1
tter,0,0,0,0,0,0,0,0,0,1
sheep,0,0,0,0,0,3,0,0,0,0
make,0,0,0,0,0,0,0,0,2,0
cover,0,0,0,0,0,0,0,0,3,0
woolly,1,0,0,0,0,0,0,0,0,0
coat,0,0,0,0,0,1,0,0,0,0
close,0,0,2,0,0,0,0,0,2,0
shop,0,0,0,0,0,9,0,0,0,0
wear,0,0,0,0,0,0,0,0,2,0
chair,0,0,0,0,0,5,0,0,0,0
knit,0,0,0,0,0,0,0,0,2,0
knitting,0,0,0,0,0,1,0,0,0,0
appear,0,0,0,0,0,0,0,0,2,0
clearly,0,0,3,0,0,0,0,0,0,0
realize,0,0,0,0,0,0,0,0,3,0
lake,0,0,0,0,0,2,0,0,0,0
green,4,0,0,0,0,0,0,0,0,0
plant,0,0,0,0,0,2,0,0,0,0
edge,0,0,0,0,0,3,0,0,0,0
pity,0,0,0,0,0,1,0,0,0,0
home,0,0,1,0,0,1,0,0,0,0
egg,0,0,0,0,0,5,0,0,0,0
fivepence,0,0,0,0,0,2,0,0,0,0
cheap,1,0,0,0,0,0,0,0,0,0
purse,0,0,0,0,0,1,0,0,0,0
money,0,0,0,0,0,1,0,0,0,0
crowd,0,0,0,0,0,4,0,0,1,0
person,0,0,0,0,0,3,0,0,0,0
nose,0,0,0,0,0,2,0,0,0,0
song,0,0,0,0,0,9,0,0,0,0
mean,0,0,0,0,0,0,0,0,10,0
short,3,0,0,0,0,0,0,0,0,0
intelligent,2,0,0,0,0,0,0,0,0,0
beautiful,2,0,0,0,0,0,0,0,0,0
belt,0,0,0,0,0,1,0,0,0,0
present,0,0,0,0,0,7,0,0,0,0
unbirthday,3,0,0,0,0,0,0,0,0,0
birthday,0,0,0,0,0,4,0,0,0,0
success,0,0,0,0,0,3,0,0,0,0
clever,3,0,0,0,0,0,0,0,0,0
choose,0,0,0,0,0,0,0,0,1,0
meaning,0,0,0,0,0,3,0,0,0,0
strong,1,0,0,0,0,0,0,0,0,0
excitedly,0,0,2,0,0,0,0,0,0,0
calm,1,0,0,0,0,0,0,0,1,0
suitcase,0,0,0,0,0,1,0,0,0,0
pack,0,0,0,0,0,0,0,0,1,0
carry,0,0,0,0,0,0,0,0,8,0
luggage,0,0,0,0,0,1,0,0,0,0
early,0,0,1,0,0,0,0,0,0,0
number,0,0,0,0,0,1,0,0,0,0
piece,0,0,0,0,0,8,0,0,0,0
specially,0,0,2,0,0,0,0,0,0,0
listen,0,0,0,0,0,0,0,0,6,0
amuse,0,0,0,0,0,0,0,0,3,0
refuse,0,0,0,0,0,0,0,0,1,0
winter,0,0,0,0,0,1,0,0,0,0
sing,0,0,0,0,0,0,0,0,7,0
delight,0,0,0,0,0,1,0,0,0,0
singe,0,0,0,0,0,0,0,0,3,0
silent,3,0,0,0,0,0,0,0,0,0
spring,0,0,0,0,0,1,0,0,0,0
summer,0,0,0,0,0,3,0,0,0,0
autumn,0,0,0,0,0,1,0,0,0,0
brown,3,0,0,0,0,2,0,0,0,0
pen,0,0,0,0,0,1,0,0,0,0
ink,0,0,0,0,0,1,0,0,0,0
send,0,0,0,0,0,0,0,0,5,0
message,0,0,0,0,0,1,0,0,0,0
fish,0,0,0,0,0,6,0,0,0,0
easy,2,0,0,0,0,0,0,0,0,0
goodbye,0,0,0,0,2,0,0,0,0,0
extraordinary,1,0,0,0,0,0,0,0,0,0
finish,0,0,0,0,0,0,0,0,2,0
heavy,4,0,0,0,0,0,0,0,0,0
crash,0,0,0,0,0,1,0,0,1,0
soldier,0,0,0,0,0,6,0,0,0,0
two,0,0,0,0,0,1,0,0,0,0
three,0,0,0,0,0,1,0,0,0,0
past,0,0,2,0,0,0,0,0,0,0
fallen,1,0,0,0,0,0,0,0,0,0
rider,0,0,0,0,0,2,0,0,0,0
battle,0,0,0,0,0,3,0,0,0,0
busily,0,0,1,0,0,0,0,0,0,0
seven,0,0,0,0,0,0,2,0,0,0
messenger,0,0,0,0,0,2,0,0,0,0
need,0,0,0,0,0,0,0,0,1,0
fetch,0,0,0,0,0,0,0,0,3,0
news,0,0,0,0,0,3,0,0,0,0
town,0,0,0,0,0,5,0,0,0,0
fight,0,0,0,0,0,3,0,0,8,0
crown,0,0,0,0,0,6,0,0,0,0
amusing,1,0,0,0,0,0,0,0,0,0
bread,0,0,0,0,0,7,0,0,0,0
plum,0,0,0,0,0,8,0,0,0,0
cake,0,0,0,0,0,12,0,0,0,0
drum,0,0,0,0,0,3,0,0,2,0
cup,0,0,0,0,0,1,0,0,0,0
tea,0,0,0,0,0,4,0,0,0,0
butter,0,0,0,0,0,3,0,0,0,0
unhappy,1,0,0,0,0,0,0,0,0,0
hungry,1,0,0,0,0,0,0,0,0,0
thirsty,1,0,0,0,0,0,0,0,0,0
drink,0,0,0,0,0,0,0,0,2,0
mouthful,0,0,0,0,0,1,0,0,0,0
eighty,0,0,0,0,0,0,1,0,0,0
bring,0,0,0,0,0,0,0,0,5,0
unicorn,0,0,0,0,0,7,0,0,0,0
plate,0,0,0,0,0,8,0,0,0,0
taste,0,0,0,0,0,0,0,0,1,0
dry,1,0,0,0,0,0,0,0,0,0
enemy,0,0,0,0,0,1,0,0,0,0
pocket,0,0,0,0,0,1,0,0,0,0
forward,0,0,1,0,0,0,0,0,0,0
introduce,0,0,0,0,0,0,0,0,4,0
fantastic,3,0,0,0,0,0,0,0,0,0
monster,0,0,0,0,0,6,0,0,0,0
dreamily,0,0,1,0,0,0,0,0,0,0
quick,0,0,1,0,0,0,0,0,0,0
bag,0,0,0,0,0,4,0,0,0,0
neck,0,0,0,0,0,1,0,0,0,0
knife,0,0,0,0,0,2,0,0,0,0
lion,0,0,0,0,0,2,0,0,0,0
join,0,0,0,0,0,0,0,0,2,0
sleepy,2,0,0,0,0,0,0,0,0,0
vegetable,0,0,0,0,0,1,0,0,0,0
tiredly,0,0,1,0,0,0,0,0,0,0
uncomfortable,2,0,0,0,0,0,0,0,0,0
win,0,0,0,0,0,0,0,0,2,0
keep,0,0,0,0,0,0,0,0,2,0
ring,0,0,0,0,0,0,0,0,3,0
die,0,0,0,0,0,0,0,0,1,0
loud,1,0,0,0,0,0,0,0,0,0
armour,0,0,0,0,0,4,0,0,0,0
ride,0,0,0,0,0,0,0,0,4,0
prisoner,0,0,0,0,0,3,0,0,0,0
silently,0,0,1,0,0,0,0,0,0,0
helmet,0,0,0,0,0,4,0,0,0,0
noisily,0,0,1,0,0,0,0,0,0,0
knock,0,0,0,0,0,0,0,0,3,0
safely,0,0,1,0,0,0,0,0,0,0
knight,0,0,0,0,0,12,0,0,0,0
easily,0,0,1,0,0,0,0,0,0,0
uncertainly,0,0,1,0,0,0,0,0,0,0
push,0,0,0,0,0,0,0,0,2,0
gentle,2,0,0,0,0,0,0,0,0,0
sad,5,0,0,0,0,0,0,0,0,0
fit,0,0,0,0,0,0,0,0,1,0
badly,0,0,1,0,0,0,0,0,0,0
wooden,2,0,0,0,0,0,0,0,0,0
box,0,0,0,0,0,3,0,0,0,0
upside,0,0,3,0,0,0,0,0,0,0
invention,0,0,0,0,0,3,0,0,0,0
clothe,0,0,0,0,0,1,0,0,0,0
sandwich,0,0,0,0,0,1,0,0,0,0
unfasten,0,0,0,0,0,0,0,0,1,0
bird,0,0,0,0,0,2,0,0,0,0
carrot,0,0,0,0,0,1,0,0,0,0
start,0,0,0,0,0,0,0,0,3,0
sideways,0,0,1,0,0,0,0,0,0,0
learn,0,0,0,0,0,0,0,0,1,0
wheel,0,0,0,0,0,1,0,0,0,0
seventh,1,0,0,0,0,0,0,0,0,0
seriously,0,0,1,0,0,0,0,0,0,0
button,0,0,0,0,0,2,0,0,0,0
cheer,0,0,0,0,0,0,0,0,1,0
evening,0,0,0,0,0,2,0,0,0,0
grass,0,0,0,0,0,3,0,0,0,0
sunlight,0,0,0,0,0,1,0,0,0,0
shine,0,0,0,0,0,0,0,0,1,0
lost,1,0,0,0,0,0,0,0,0,0
accidentally,0,0,1,0,0,0,0,0,0,0
glue,0,0,0,0,0,1,0,0,0,0
left,1,0,0,0,0,0,0,0,0,0
toe,0,0,0,0,0,1,0,0,0,0
remind,0,0,0,0,0,0,0,0,1,0
snow,0,0,0,0,0,1,0,0,0,0
body,0,0,0,0,0,1,0,0,0,0
fro,0,0,1,0,0,0,0,0,0,0
golden,1,0,0,0,0,0,0,0,0,0
ches,0,0,0,0,0,1,0,0,0,0
lesson,0,0,0,0,0,1,0,0,0,0
sum,0,0,0,0,0,2,0,0,0,0
count,0,0,0,0,0,1,0,0,0,0
clear,1,0,0,0,0,0,0,0,0,0
afternoon,0,0,0,0,0,1,0,0,0,0
shoulder,0,0,0,0,0,1,0,0,0,0
snoring,0,0,0,0,0,1,0,0,0,0
doorway,0,0,0,0,0,1,0,0,0,0
letter,0,0,0,0,0,1,0,0,0,0
hundred,0,0,0,0,0,1,0,0,0,0
rice,0,0,0,0,0,1,0,0,0,0
coffee,0,0,0,0,0,1,0,0,0,0
salt,0,0,0,0,0,1,0,0,0,0
welcome,0,0,0,0,0,0,0,0,1,0
thirty,0,0,0,0,0,0,1,0,0,0
hall,0,0,0,0,0,2,0,0,0,0
seat,0,0,0,0,0,0,0,0,1,0
miss,0,0,0,0,0,0,0,0,1,0
meat,0,0,0,0,0,6,0,0,0,0
waiter,0,0,0,0,0,4,0,0,0,0
joint,0,0,0,0,0,6,0,0,0,0
fork,0,0,0,0,0,2,0,0,0,0
pudding,0,0,0,0,0,8,0,0,0,0
dinner,0,0,0,0,0,1,0,0,0,0
bottle,0,0,0,0,0,1,0,0,0,0
health,0,0,0,0,0,1,0,0,0,0
inside,0,1,0,0,0,0,0,0,0,0
spoon,0,0,0,0,0,1,0,0,0,0
cloth,0,0,0,0,0,1,0,0,0,0
trouble,0,0,0,0,0,1,0,0,0,0
forwards,0,0,1,0,0,0,0,0,0,0
paw,0,0,0,0,0,2,0,0,0,0
