word,ADJ,ADP,ADV,AUX,CCONJ,DET,INTJ,NOUN,NUM,PART,PRON,PUNCT,VERB,X
wild,4,0,0,0,0,0,0,0,0,0,0,0,0,0
sound,0,0,0,0,0,0,0,7,0,0,0,0,8,0
ancient,1,0,0,0,0,0,0,0,0,0,0,0,0,0
predator,0,0,0,0,0,0,0,35,0,0,0,0,0,0
echo,0,0,0,0,0,0,0,0,0,0,0,0,1,0
large,6,0,0,0,0,0,0,0,0,0,0,0,0,0
barn,0,0,0,0,0,0,0,2,0,0,0,0,0,0
young,4,0,0,0,0,0,0,0,0,0,0,0,0,0
bunny,0,0,0,0,0,0,0,35,0,0,0,0,0,0
name,0,0,0,0,0,0,0,0,0,0,0,0,6,0
appear,0,0,0,0,0,0,0,0,0,0,0,0,4,0
makeshift,1,0,0,0,0,0,0,0,0,0,0,0,0,0
stage,0,0,0,0,0,0,0,6,0,0,0,0,0,0
try,0,0,0,0,0,0,0,0,0,0,0,0,47,0
find,0,0,0,0,0,0,0,0,0,0,0,0,35,0
way,0,0,1,0,0,0,0,33,0,0,0,0,0,0
papier,0,0,0,0,0,0,0,0,0,0,0,0,0,1
mâché,0,0,0,0,0,0,0,1,0,0,0,0,0,0
cardboard,0,0,0,0,0,0,0,3,0,0,0,0,0,0
jungle,0,0,0,0,0,0,0,1,0,0,0,0,0,0
voice,0,0,0,0,0,0,0,17,0,0,0,0,0,0
ring,0,0,0,0,0,0,0,1,0,0,0,0,6,0
loud,8,0,1,0,0,0,0,0,0,0,0,0,0,0
clear,2,0,1,0,0,0,0,0,0,0,0,0,2,0
fear,0,0,0,0,0,0,0,4,0,0,0,0,4,0
treachery,0,0,0,0,0,0,0,1,0,0,0,0,0,0
bloodlust,0,0,0,0,0,0,0,1,0,0,0,0,0,0
thousand,0,0,0,0,0,0,0,2,1,0,0,0,0,0
year,0,0,0,0,0,0,0,8,0,0,0,0,0,0
ago,0,0,3,0,0,0,0,0,0,0,0,0,0,0
force,0,0,0,0,0,0,0,3,0,0,0,0,2,0
rule,0,0,0,0,0,0,0,0,0,0,0,0,1,0
world,0,0,0,0,0,0,0,13,0,0,0,0,0,0
prey,0,0,0,0,0,0,0,12,0,0,0,0,0,0
scare,0,0,0,0,0,0,0,0,0,0,0,0,5,0
uncontrollable,1,0,0,0,0,0,0,0,0,0,0,0,0,0
desire,0,0,0,0,0,0,0,1,0,0,0,0,0,0
maim,0,0,0,0,0,0,0,0,0,0,0,0,1,0
maul,0,0,0,0,0,0,0,0,0,0,0,0,1,0
suddenly,0,0,11,0,0,0,0,0,0,0,0,0,0,0
jaguar,0,0,0,0,0,0,0,11,0,0,0,0,0,0
leap,0,0,0,0,0,0,0,0,0,0,0,0,3,0
shadow,0,0,0,0,0,0,0,3,0,0,0,0,0,0
blood,0,0,0,0,0,0,0,7,0,0,0,0,0,0
scream,0,0,0,0,0,0,0,0,0,0,0,0,9,0
crumple,0,0,0,0,0,0,0,0,0,0,0,0,2,0
attack,0,0,0,0,0,0,0,3,0,0,0,0,4,0
death,0,0,0,0,0,0,0,5,0,0,0,0,0,0
long,5,0,5,0,0,0,0,0,0,0,0,0,0,0
draw,0,0,0,0,0,0,0,0,0,0,0,0,1,0
moment,0,0,0,0,0,0,0,13,0,0,0,0,0,0
terrible,2,0,0,0,0,0,0,0,0,0,0,0,0,0
silence,0,0,0,0,0,0,0,2,0,0,0,0,0,0
sit,0,0,0,0,0,0,0,0,0,0,0,0,17,0
face,0,0,0,0,0,0,0,19,0,0,0,0,3,0
confused,5,0,0,0,0,0,0,0,0,0,0,0,0,0
audience,0,0,0,0,0,0,0,3,0,0,0,0,0,0
smile,0,0,0,0,0,0,0,10,0,0,0,0,30,0
continue,0,0,0,0,0,0,0,0,0,0,0,0,20,0
monologue,0,0,0,0,0,0,0,1,0,0,0,0,0,0
banner,0,0,0,0,0,0,0,1,0,0,0,0,0,0
read,0,0,0,0,0,0,0,0,0,0,0,0,9,0
hang,0,0,0,0,0,0,0,0,0,0,0,0,5,0
stun,0,0,0,0,0,0,0,0,0,0,0,0,1,0
crowd,0,0,0,0,0,0,0,5,0,0,0,0,0,0
divide,0,0,0,0,0,0,0,1,0,0,0,0,2,0
vicious,2,0,0,0,0,0,0,0,0,0,0,0,0,0
meek,3,0,0,0,0,0,0,0,0,0,0,0,0,0
box,0,0,0,0,0,0,0,5,0,0,0,0,0,0
drop,0,0,0,0,0,0,0,2,0,0,0,0,4,0
ceiling,0,0,0,0,0,0,0,1,0,0,0,0,0,0
label,0,0,0,0,0,0,0,0,0,0,0,0,3,0
crayon,0,0,0,0,0,0,0,1,0,0,0,0,0,0
land,0,0,0,0,0,0,0,0,0,0,0,0,5,0
second,1,0,1,0,0,0,0,7,0,0,0,0,0,0
settle,0,0,0,0,0,0,0,0,0,0,0,0,4,0
shoulder,0,0,0,0,0,0,0,2,0,0,0,0,0,0
head,0,0,0,0,0,0,0,22,0,0,0,0,9,0
arm,0,0,0,0,0,0,0,9,0,0,0,0,0,0
leg,0,0,0,0,0,0,0,8,0,0,0,0,0,0
stick,0,0,0,0,0,0,0,6,0,0,0,0,4,0
time,0,0,0,0,0,0,0,22,0,0,0,0,0,0
evolve,0,0,0,0,0,0,0,0,0,0,0,0,2,0
move,0,0,0,0,0,0,0,0,0,0,0,0,8,0
primitive,2,0,0,0,0,0,0,0,0,0,0,0,0,0
savage,24,0,0,0,0,0,0,5,0,0,0,0,0,0
sheep,0,0,0,0,0,0,0,17,0,0,0,0,0,0
wear,0,0,0,0,0,0,0,0,0,0,0,0,8,0
white,2,0,0,0,0,0,0,0,0,0,0,0,0,0
robe,0,0,0,0,0,0,0,5,0,0,0,0,0,0
rainbow,0,0,0,0,0,0,0,1,0,0,0,0,0,0
improvisational,1,0,0,0,0,0,0,0,0,0,0,0,0,0
dance,0,0,0,0,0,0,0,2,0,0,0,0,2,0
burst,0,0,0,0,0,0,0,0,0,0,0,0,3,0
live,0,0,0,0,0,0,0,0,0,0,0,0,5,0
harmony,0,0,0,0,0,0,0,2,0,0,0,0,0,0
reveal,0,0,0,0,0,0,0,0,0,0,0,0,5,0
friendly,3,0,0,0,0,0,0,0,0,0,0,0,0,0
youngster,0,0,0,0,0,0,0,1,0,0,0,0,0,0
shake,0,0,0,0,0,0,0,0,0,0,0,0,11,0
hand,0,0,0,0,0,0,0,6,0,0,0,0,11,0
sprinkle,0,0,0,0,0,0,0,0,0,0,0,0,1,0
glitter,0,0,0,0,0,0,0,1,0,0,0,0,0,0
mammal,0,0,0,0,0,0,0,10,0,0,0,0,0,0
multitudinous,1,0,0,0,0,0,0,0,0,0,0,0,0,0
opportunity,0,0,0,0,0,0,0,2,0,0,0,0,0,0
say,0,0,0,0,0,0,0,0,0,0,0,0,369,0
yeah,0,0,0,0,0,0,30,0,0,0,0,0,0,0
cower,0,0,0,0,0,0,0,0,0,0,0,0,2,0
herd,0,0,0,0,0,0,0,1,0,0,0,0,0,0
anymore,0,0,2,0,0,0,0,0,0,0,0,0,0,0
rip,0,0,0,0,0,0,0,0,0,0,0,0,5,0
homemade,1,0,0,0,0,0,0,0,0,0,0,0,0,0
astronaut,0,0,0,0,0,0,0,2,0,0,0,0,0,0
costume,0,0,0,0,0,0,0,5,0,0,0,0,0,0
instead,0,0,1,0,0,0,0,0,0,0,0,0,0,0
grow,0,0,0,0,0,0,0,0,0,0,0,0,10,0
lonely,2,0,0,0,0,0,0,0,0,0,0,0,0,0
hunter,0,0,0,0,0,0,0,1,0,0,0,0,0,0
show,0,0,0,0,0,0,0,0,0,0,0,0,15,0
business,0,0,0,0,0,0,0,3,0,0,0,0,0,0
suit,0,0,0,0,0,0,0,1,0,0,0,0,0,0
today,0,0,0,0,0,0,0,3,0,0,0,0,0,0
hunt,0,0,0,0,0,0,0,0,0,0,0,0,1,0
tax,0,0,0,0,0,0,0,5,0,0,0,0,0,0
exemption,0,0,0,0,0,0,0,1,0,0,0,0,0,0
go,0,0,0,0,0,0,0,0,0,0,0,1,83,0
actuary,0,0,0,0,0,0,0,1,0,0,0,0,0,0
blindly,0,0,2,0,0,0,0,0,0,0,0,0,0,0
serve,0,0,0,0,0,0,0,0,0,0,0,0,3,0
almighty,1,0,0,0,0,0,0,0,0,0,0,0,0,0
carrot,0,0,0,0,0,0,0,22,0,0,0,0,0,0
well,10,0,2,0,0,0,0,0,0,0,0,0,1,0
place,0,0,0,0,0,0,0,15,0,0,0,0,3,0
save,0,0,0,0,0,0,0,0,0,0,0,0,3,0
life,0,0,0,0,0,0,0,13,0,0,0,0,0,0
defend,0,0,0,0,0,0,0,0,0,0,0,0,1,0
defenseless,1,0,0,0,0,0,0,0,0,0,0,0,0,0
stand,0,0,0,0,0,0,0,3,0,0,0,0,20,0
blue,3,0,0,0,0,0,0,0,0,0,0,0,0,0
uniform,0,0,0,0,0,0,0,5,0,0,0,0,0,0
police,0,0,0,0,0,0,0,11,0,0,0,0,0,0
officer,0,0,0,0,0,0,0,11,0,0,0,0,0,0
nasty,1,0,0,0,0,0,0,0,0,0,0,0,0,0
fox,0,0,0,0,0,0,0,50,0,0,0,0,0,0
kid,0,0,0,0,0,0,0,15,0,0,0,0,1,0
snicker,0,0,0,0,0,0,0,0,0,0,0,0,1,0
friend,0,0,0,0,0,0,0,8,0,0,0,0,0,0
cop,0,0,0,0,0,0,0,30,0,0,0,0,0,0
stupid,2,0,0,0,0,0,0,0,0,0,0,0,0,0
thing,0,0,0,0,0,0,0,14,0,0,0,0,0,0
hear,0,0,0,0,0,0,0,0,0,0,0,0,15,0
onstage,0,0,1,0,0,0,0,0,0,0,0,0,0,0
remark,0,0,0,0,0,0,0,1,0,0,0,0,0,0
impossible,2,0,0,0,0,0,0,0,0,0,0,0,0,0
small,14,0,0,0,0,0,0,0,0,0,0,0,0,0
mind,0,0,0,0,0,0,0,6,0,0,0,0,1,0
point,0,0,0,0,0,0,0,3,0,0,0,0,10,0
look,0,0,0,0,0,0,0,5,0,0,0,0,80,0
snap,0,0,0,0,0,0,0,0,0,0,0,0,3,0
finger,0,0,0,0,0,0,0,3,0,0,0,0,0,0
backdrop,0,0,0,0,0,0,0,1,0,0,0,0,0,0
bright,2,0,0,0,0,0,0,0,0,0,0,0,0,0
city,0,0,0,0,0,0,0,18,0,0,0,0,0,0
skyline,0,0,0,0,0,0,0,1,0,0,0,0,0,0
unroll,0,0,0,0,0,0,0,0,0,0,0,0,1,0
mile,0,0,0,0,0,0,0,2,0,0,0,0,0,0
away,0,2,19,0,0,0,0,0,0,0,0,0,0,0
great,15,0,1,0,0,0,0,0,0,0,0,0,0,0
ancestor,0,0,0,0,0,0,0,1,0,0,0,0,0,0
join,0,0,0,0,0,0,0,0,0,0,0,0,4,0
peace,0,0,0,0,0,0,0,2,0,0,0,0,0,0
declare,0,0,0,0,0,0,0,0,0,0,0,0,3,0
thank,0,0,0,0,0,0,0,1,0,0,0,0,18,0
good,14,0,1,0,0,0,0,1,0,0,0,0,0,0
night,0,0,0,0,0,0,0,22,0,0,0,0,0,0
proudly,0,0,4,0,0,0,0,0,0,0,0,0,0,0
bow,0,0,0,0,0,0,0,0,0,0,0,0,1,0
give,0,0,0,0,0,0,0,0,0,0,0,0,11,0
performance,0,0,0,0,0,0,0,1,0,0,0,0,0,0
dutiful,1,0,0,0,0,0,0,0,0,0,0,0,0,0
applause,0,0,0,0,0,0,0,3,0,0,0,0,0,0
come,0,0,0,0,0,0,0,0,0,0,0,0,31,0
include,0,0,0,0,0,0,0,0,0,0,0,0,4,0
parent,0,0,0,0,0,0,0,11,0,0,0,0,0,0
later,0,0,10,0,0,0,0,0,0,0,0,0,0,0
excitedly,0,0,3,0,0,0,0,0,0,0,0,0,0,0
exit,0,0,0,0,0,0,0,1,0,0,0,0,4,0
outside,0,2,5,0,0,0,0,0,0,0,0,0,0,0
swing,0,0,0,0,0,0,0,1,0,0,0,0,1,0
enjoy,0,0,0,0,0,0,0,0,0,0,0,0,1,0
booth,0,0,0,0,0,0,0,1,0,0,0,0,0,0
game,0,0,0,0,0,0,0,1,0,0,0,0,0,0
ride,0,0,0,0,0,0,0,2,0,0,0,0,3,0
wonder,0,0,0,0,0,0,0,1,0,0,0,0,3,0
mom,0,0,0,0,0,0,0,2,0,0,0,0,0,0
get,0,0,0,0,0,0,0,0,0,0,0,0,51,0
darn,0,0,1,0,0,0,1,0,0,0,0,0,1,0
happy,5,0,0,0,0,0,0,0,0,0,0,0,0,0
ask,0,0,0,0,0,0,0,0,0,0,0,0,57,0
nope,0,0,0,0,0,0,2,0,0,0,0,0,0,0
answer,0,0,0,0,0,0,0,1,0,0,0,0,15,0
tell,0,0,0,0,0,0,0,0,0,0,0,0,23,0
dream,0,0,0,0,0,0,0,9,0,0,0,0,0,0
right,11,0,31,0,0,0,3,2,0,0,0,0,0,0
yes,0,0,0,0,0,0,23,0,0,0,0,0,0,0
agree,0,0,0,0,0,0,0,0,0,0,0,0,2,0
hard,1,0,4,0,0,0,0,0,0,0,0,0,0,0
beauty,0,0,0,0,0,0,0,1,0,0,0,0,0,0
complacency,0,0,0,0,0,0,0,1,0,0,0,0,0,0
new,12,0,0,0,0,0,0,0,0,0,0,0,0,0
fail,0,0,0,0,0,0,0,0,0,0,0,0,2,0
like,1,35,0,0,0,0,1,0,0,0,0,0,7,0
actually,0,0,17,0,0,0,0,0,0,0,0,0,0,0
daughter,0,0,0,0,0,0,0,6,0,0,0,0,0,0
father,0,0,0,0,0,0,0,3,0,0,0,0,0,0
mean,0,0,0,0,0,0,0,0,0,0,0,0,15,0
hon,0,0,0,0,0,0,0,1,0,0,0,0,0,0
difficult,1,0,0,0,0,0,0,0,0,0,0,0,0,0
guess,0,0,0,0,0,0,0,0,0,0,0,0,3,0
parkoure,0,0,0,0,0,0,0,0,0,0,0,0,1,0
fence,0,0,0,0,0,0,0,6,0,0,0,0,0,0
heck,0,0,0,0,0,0,1,2,0,0,0,0,0,0
wanna,0,0,0,2,0,0,0,0,0,1,0,0,1,0
talk,0,0,0,0,0,0,0,0,0,0,0,0,20,0
make,0,0,0,0,0,0,0,0,0,0,0,0,8,0
farmer,0,0,0,0,0,0,0,2,0,0,0,0,0,0
dad,0,0,0,0,0,0,0,3,0,0,0,0,0,0
seventy,0,0,0,0,0,0,0,0,1,0,0,0,0,0
brother,0,0,0,0,0,0,0,1,0,0,0,0,0,0
sister,0,0,0,0,0,0,0,1,0,0,0,0,0,0
change,0,0,0,0,0,0,0,2,0,0,0,0,4,0
amen,0,0,0,0,0,0,1,0,0,0,0,0,0,0
farming,0,0,0,0,0,0,0,1,0,0,0,0,0,0
noble,1,0,0,0,0,0,0,0,0,0,0,0,0,0
profession,0,0,0,0,0,0,0,1,0,0,0,0,0,0
stop,0,0,0,0,0,0,0,2,0,0,0,0,21,0
pay,0,0,0,0,0,0,0,0,0,0,0,0,5,0
attention,0,0,0,0,0,0,0,2,0,0,0,0,0,0
spot,0,0,0,0,0,0,0,1,0,0,0,0,8,0
follow,0,0,0,0,0,0,0,0,0,0,0,0,14,0
little,46,0,0,0,0,0,0,0,0,0,0,0,0,0
instantly,0,0,2,0,0,0,0,0,0,0,0,0,0,0
alert,1,0,0,0,0,0,0,0,0,0,0,0,0,0
honey,0,0,0,0,0,0,0,1,0,0,0,0,0,0
believe,0,0,0,0,0,0,0,0,0,0,0,0,12,0
close,0,0,4,0,0,0,0,0,0,0,0,0,6,0
see,0,0,0,0,0,0,0,0,0,0,0,0,31,0
bully,0,0,0,0,0,0,0,2,0,0,0,0,1,0
ticket,0,0,0,0,0,0,0,18,0,0,0,0,2,0
kick,0,0,0,0,0,0,0,0,0,0,0,0,4,0
butt,0,0,0,0,0,0,0,5,0,0,0,0,0,0
shove,0,0,0,0,0,0,0,1,0,0,0,0,2,0
take,0,0,0,0,0,0,0,0,0,0,0,0,27,0
smack,0,0,0,0,0,0,0,0,0,0,0,0,1,0
baa,0,0,0,0,0,0,2,0,0,0,0,0,0,0
mock,1,0,0,0,0,0,0,0,0,0,0,0,2,0
cry,0,0,0,0,0,0,0,1,0,0,0,0,6,0
yelp,0,0,0,0,0,0,0,0,0,0,0,0,1,0
cut,1,0,0,0,0,0,0,0,0,0,0,0,3,0
hey,0,0,0,0,0,0,26,0,0,0,0,0,1,0
firmly,0,0,3,0,0,0,0,0,0,0,0,0,0,0
laugh,0,0,0,0,0,0,0,2,0,0,0,0,3,0
nice,9,0,0,0,0,0,0,0,0,0,0,0,0,0
loser,0,0,0,0,0,0,0,2,0,0,0,0,0,0
snarl,0,0,0,0,0,0,0,0,0,0,0,0,3,0
crazy,6,0,0,0,0,0,0,0,0,0,0,0,0,0
think,0,0,0,0,0,0,0,0,0,0,0,0,44,0
kindly,0,0,1,0,0,0,0,0,0,0,0,0,0,0
return,0,0,0,0,0,0,0,0,0,0,0,0,3,0
calmly,0,0,3,0,0,0,0,0,0,0,0,0,0,0
stuff,0,0,0,0,0,0,0,0,0,0,0,0,2,0
pocket,0,0,0,0,0,0,0,5,0,0,0,0,0,0
watch,0,0,0,0,0,0,0,0,0,0,0,0,23,0
dumb,11,0,0,0,0,0,0,0,0,0,0,0,0,0
play,0,0,0,0,0,0,0,1,0,0,0,0,5,0
eat,0,0,0,0,0,0,0,0,0,0,0,0,5,0
killer,0,0,0,0,0,0,0,1,0,0,0,0,0,0
instinct,0,0,0,0,0,0,0,2,0,0,0,0,0,0
dunnahh,0,0,0,0,0,0,0,1,0,0,0,0,0,0
pretty,0,0,6,0,0,0,0,0,0,0,0,0,0,0
sure,5,0,2,0,0,0,1,0,0,0,0,0,0,0
pronounce,0,0,0,0,0,0,0,0,0,0,0,0,2,0
whisper,0,0,0,0,0,0,0,0,0,0,0,0,8,0
wolf,0,0,0,0,0,0,0,22,0,0,0,0,0,0
pal,0,0,0,0,0,0,0,5,0,0,0,0,0,0
know,0,0,0,0,0,0,0,0,0,0,0,0,64,0
irritated,1,0,0,0,0,0,0,0,0,0,0,0,0,0
fall,0,0,0,0,0,0,0,0,0,0,0,0,4,0
ground,0,0,0,0,0,0,0,3,0,0,0,0,0,0
thud,0,0,0,0,0,0,0,2,0,0,0,0,0,0
eye,0,0,0,0,0,0,0,19,0,0,0,0,1,0
begin,0,0,0,0,0,0,0,0,0,0,0,0,12,0
water,0,0,0,0,0,0,0,2,0,0,0,0,1,0
scared,5,0,0,0,0,0,0,0,0,0,0,0,0,0
cruelly,0,0,1,0,0,0,0,0,0,0,0,0,0,0
animal,0,0,0,0,0,0,0,23,0,0,0,0,0,0
tree,0,0,0,0,0,0,0,2,0,0,0,0,0,0
leave,0,0,0,0,0,0,0,0,0,0,0,0,17,0
nose,0,0,0,0,0,0,0,1,0,0,0,0,0,0
twitch,0,0,0,0,0,0,0,0,0,0,0,0,1,0
mockingly,0,0,1,0,0,0,0,0,0,0,0,0,0,0
baby,0,0,0,0,0,0,0,6,0,0,0,0,0,0
taunt,0,0,0,0,0,0,0,0,0,0,0,0,2,0
bam,0,0,0,0,0,0,6,0,0,0,0,0,1,0
word,0,0,0,0,0,0,0,11,0,0,0,0,0,0
hind,1,0,0,0,0,0,0,0,0,0,0,0,0,0
knock,0,0,0,0,0,0,0,0,0,0,0,0,13,0
spring,0,0,0,0,0,0,0,1,0,0,0,0,2,0
mad,3,0,0,0,0,0,0,0,0,0,0,0,0,0
quit,0,0,0,0,0,0,0,0,0,0,0,0,5,0
unsheathe,0,0,0,0,0,0,0,0,0,0,0,0,1,0
claw,0,0,0,0,0,0,0,5,0,0,0,0,0,0
fist,0,0,0,0,0,0,0,2,0,0,0,0,0,0
knife,0,0,0,0,0,0,0,1,0,0,0,0,0,0
slap,0,0,0,0,0,0,0,0,0,0,0,0,5,0
sharp,1,0,0,0,0,0,0,0,0,0,0,0,0,0
dig,0,0,0,0,0,0,0,0,0,0,0,0,2,0
skin,0,0,0,0,0,0,0,2,0,0,0,0,0,0
bleed,0,0,0,0,0,0,0,0,0,0,0,0,2,0
hold,0,0,0,0,0,0,0,0,0,0,0,0,30,0
dirt,0,0,0,0,0,0,0,2,0,0,0,0,0,0
want,0,0,0,0,0,0,0,0,0,0,0,0,28,0
remember,0,0,0,0,0,0,0,0,0,0,0,0,6,0
coldly,0,0,1,0,0,0,0,0,0,0,0,0,0,0
anytime,0,0,0,0,0,0,0,1,0,0,0,0,0,0
farm,0,0,0,0,0,0,0,2,0,0,0,0,1,0
walk,0,0,0,0,0,0,0,0,0,0,0,0,20,0
wipe,0,0,0,0,0,0,0,0,0,0,0,0,3,0
cheek,0,0,0,0,0,0,0,1,0,0,0,0,0,0
glare,0,0,0,0,0,0,0,0,0,0,0,0,2,0
back,0,0,0,0,0,0,0,1,0,0,0,0,2,0
jeez,0,0,0,0,0,0,1,0,0,0,0,0,0,0
bad,9,0,0,0,0,0,0,0,0,0,0,0,0,0
okay,6,0,0,0,0,0,15,0,0,0,0,0,0,0
breath,0,0,0,0,0,0,0,3,0,0,0,0,0,0
pull,0,0,0,0,0,0,0,0,0,0,0,0,19,0
wide,2,0,1,0,0,0,0,0,0,0,0,0,0,0
steal,0,0,0,0,0,0,0,0,0,0,0,0,8,0
wicked,1,0,0,0,0,0,0,0,0,0,0,0,0,0
awesome,1,0,0,0,0,0,0,0,0,0,0,0,0,0
exclaim,0,0,0,0,0,0,0,0,0,0,0,0,8,0
add,0,0,0,0,0,0,0,0,0,0,0,0,6,0
hat,0,0,0,0,0,0,0,4,0,0,0,0,0,0
determination,0,0,0,0,0,0,0,1,0,0,0,0,0,0
work,0,0,0,0,0,0,0,3,0,0,0,0,10,0
tail,0,0,0,0,0,0,0,5,0,0,0,0,0,0
compare,0,0,0,0,0,0,0,0,0,0,0,0,1,0
rest,0,0,0,0,0,0,0,4,0,0,0,0,0,0
cadet,0,0,0,0,0,0,0,4,0,0,0,0,0,0
elephant,0,0,0,0,0,0,0,20,0,0,0,0,0,0
rhino,0,0,0,0,0,0,0,6,0,0,0,0,0,0
bison,0,0,0,0,0,0,0,1,0,0,0,0,0,0
strong,4,0,0,0,0,0,0,0,0,0,0,0,0,0
willed,1,0,0,0,0,0,0,0,0,0,0,0,0,0
size,0,0,0,0,0,0,0,4,0,0,0,0,0,0
physical,2,0,0,0,0,0,0,0,0,0,0,0,0,0
training,0,0,0,0,0,0,0,2,0,0,0,0,0,0
tough,3,0,0,0,0,0,0,0,0,0,0,0,0,0
obstacle,0,0,0,0,0,0,0,2,0,0,0,0,0,0
simulator,0,0,0,0,0,0,0,1,0,0,0,0,0,0
mimic,0,0,0,0,0,0,0,0,0,0,0,0,1,0
unique,1,0,0,0,0,0,0,0,0,0,0,0,0,0
ecosystem,0,0,0,0,0,0,0,2,0,0,0,0,0,0
freeze,0,0,0,0,0,0,0,0,0,0,0,0,2,0
sweltering,1,0,0,0,0,0,0,0,0,0,0,0,0,0
present,0,0,0,0,0,0,0,0,0,0,0,0,2,0
set,0,0,0,0,0,0,0,1,0,0,0,0,3,0
challenge,0,0,0,0,0,0,0,1,0,0,0,0,0,0
scale,0,0,0,0,0,0,0,0,0,0,0,0,1,0
ice,0,0,0,0,0,0,0,10,0,0,0,0,4,0
wall,0,0,0,0,0,0,0,8,0,0,0,0,0,0
survive,0,0,0,0,0,0,0,0,0,0,0,0,2,0
scorch,0,0,0,0,0,0,0,0,0,0,0,0,1,0
sandstorm,0,0,0,0,0,0,0,1,0,0,0,0,0,0
drill,0,0,0,0,0,0,0,1,0,0,0,0,0,0
instructor,0,0,0,0,0,0,0,2,0,0,0,0,0,0
doubt,0,0,0,0,0,0,0,1,0,0,0,0,2,0
persistence,0,0,0,0,0,0,0,1,0,0,0,0,0,0
perseverance,0,0,0,0,0,0,0,1,0,0,0,0,0,0
manage,0,0,0,0,0,0,0,0,0,0,0,0,3,0
surprise,0,0,0,0,0,0,0,1,0,0,0,0,2,0
final,2,0,0,0,0,0,0,0,0,0,0,0,0,0
week,0,0,0,0,0,0,0,3,0,0,0,0,0,0
skill,0,0,0,0,0,0,0,2,0,0,0,0,0,0
hearing,0,0,0,0,0,0,0,2,0,0,0,0,0,0
help,0,0,0,0,0,0,0,2,0,0,0,0,12,0
prove,0,0,0,0,0,0,0,0,0,0,0,0,2,0
worth,0,0,0,0,0,0,0,2,0,0,0,0,0,0
sail,0,0,0,0,0,0,0,0,0,0,0,0,1,0
pass,0,0,0,0,0,0,0,0,0,0,0,0,7,0
male,1,0,0,0,0,0,0,0,0,0,0,0,0,0
sparring,0,0,0,0,0,0,0,1,0,0,0,0,0,0
session,0,0,0,0,0,0,0,1,0,0,0,0,0,0
graduation,0,0,0,0,0,0,0,1,0,0,0,0,0,0
day,0,0,0,0,0,0,0,29,0,0,0,0,0,0
graduate,0,0,0,0,0,0,0,3,0,0,0,0,0,0
ceremony,0,0,0,0,0,0,0,1,0,0,0,0,0,0
sport,0,0,0,0,0,0,0,2,0,0,0,0,3,0
fat,1,0,0,0,0,0,0,1,0,0,0,0,0,0
lip,0,0,0,0,0,0,0,1,0,0,0,0,0,0
black,3,0,0,0,0,0,0,0,0,0,0,0,0,0
mayor,0,0,0,0,0,0,0,10,0,0,0,0,0,0
lion,0,0,0,0,0,0,0,3,0,0,0,0,0,0
step,0,0,0,0,0,0,0,2,0,0,0,0,8,0
podium,0,0,0,0,0,0,0,2,0,0,0,0,0,0
proud,5,0,0,0,0,0,0,0,0,0,0,0,0,0
announce,0,0,0,0,0,0,0,0,0,0,0,0,1,0
produce,0,0,0,0,0,0,0,2,0,0,0,0,2,0
academy,0,0,0,0,0,0,0,2,0,0,0,0,0,0
valedictorian,0,0,0,0,0,0,0,1,0,0,0,0,0,0
class,0,0,0,0,0,0,0,5,0,0,0,0,0,0
rabbit,0,0,0,0,0,0,0,9,0,0,0,0,0,0
badge,0,0,0,0,0,0,0,14,0,0,0,0,0,0
nearby,0,0,1,0,0,0,0,0,0,0,0,0,0,0
privilege,0,0,0,0,0,0,0,1,0,0,0,0,0,0
officially,0,0,1,0,0,0,0,0,0,0,0,0,0,0
assign,0,0,0,0,0,0,0,0,0,0,0,0,3,0
heart,0,0,0,0,0,0,0,1,0,0,0,0,0,0
deafening,1,0,0,0,0,0,0,0,0,0,0,0,0,0
sob,0,0,0,0,0,0,0,0,0,0,0,0,1,0
diploma,0,0,0,0,0,0,0,1,0,0,0,0,0,0
forward,0,0,4,0,0,0,0,0,0,0,0,0,0,0
pin,0,0,0,0,0,0,0,0,0,0,0,0,3,0
congratulation,0,0,0,0,0,0,0,1,0,0,0,0,0,0
let,0,0,0,0,0,0,0,0,0,0,0,0,27,0
real,16,0,3,0,0,0,0,0,0,0,0,0,0,0
guy,0,0,0,0,0,0,0,17,0,0,0,0,0,0
room,0,0,0,0,0,0,0,14,0,0,0,0,0,0
broadly,0,0,2,0,0,0,0,0,0,0,0,0,0,0
tooth,0,0,0,0,0,0,0,1,0,0,0,0,0,0
photographer,0,0,0,0,0,0,0,1,0,0,0,0,0,0
pose,0,0,0,0,0,0,0,0,0,0,0,0,1,0
edge,0,0,0,0,0,0,0,3,0,0,0,0,1,0
photo,0,0,0,0,0,0,0,5,0,0,0,0,0,0
sibling,0,0,0,0,0,0,0,1,0,0,0,0,0,0
accompany,0,0,0,0,0,0,0,0,0,0,0,0,1,0
train,0,0,0,0,0,0,0,18,0,0,0,0,0,0
station,0,0,0,0,0,0,0,6,0,0,0,0,1,0
combo,0,0,0,0,0,0,0,1,0,0,0,0,0,0
far,1,0,2,0,0,0,0,0,0,0,0,0,0,0
big,20,0,0,0,0,0,0,0,0,0,0,0,0,0
hide,0,0,0,0,0,0,0,0,0,0,0,0,6,0
thrilled,1,0,0,0,0,0,0,0,0,0,0,0,0,0
excited,4,0,0,0,0,0,0,0,0,0,0,0,0,0
terrified,1,0,0,0,0,0,0,0,0,0,0,0,0,0
bear,0,0,0,0,0,0,0,17,0,0,0,0,1,0
perplexed,1,0,0,0,0,0,0,0,0,0,0,0,0,0
weasel,0,0,0,0,0,0,0,20,0,0,0,0,0,0
cribbage,0,0,0,0,0,0,0,1,0,0,0,0,0,0
cheat,0,0,0,0,0,0,0,0,0,0,0,0,1,0
tomorrow,0,0,0,0,0,0,0,4,0,0,0,0,0,0
biology,0,0,0,0,0,0,0,4,0,0,0,0,0,0
happen,0,0,0,0,0,0,0,0,0,0,0,0,15,0
jerk,0,0,0,0,0,0,0,5,0,0,0,0,0,0
plenty,0,0,0,0,0,0,0,3,0,0,0,0,0,0
absolutely,0,0,4,0,0,0,0,0,0,0,0,0,0,0
case,0,0,0,0,0,0,0,29,0,0,0,0,0,0
care,0,0,0,0,0,0,0,3,0,0,0,0,5,0
package,0,0,0,0,0,0,0,1,0,0,0,0,0,0
bag,0,0,0,0,0,0,0,5,0,0,0,0,2,0
snack,0,0,0,0,0,0,0,1,0,0,0,0,0,0
inside,0,17,9,0,0,0,0,1,0,0,0,0,0,0
bunch,0,0,0,0,0,0,0,1,0,0,0,0,0,0
pink,4,0,0,0,0,0,0,0,0,0,0,0,0,0
spray,0,0,0,0,0,0,0,1,0,0,0,0,0,0
canister,0,0,0,0,0,0,0,1,0,0,0,0,0,0
repellent,0,0,0,0,0,0,0,8,0,0,0,0,0,0
explain,0,0,0,0,0,0,0,0,0,0,0,0,4,0
pick,0,0,0,0,0,0,0,0,0,0,0,0,9,0
safe,2,0,0,0,0,0,0,0,0,0,0,0,0,0
deterrent,0,0,0,0,0,0,0,2,0,0,0,0,0,0
air,0,0,0,0,0,0,0,11,0,0,0,0,1,0
horn,0,0,0,0,0,0,0,6,0,0,0,0,0,0
need,0,0,0,0,0,0,0,3,0,0,0,0,18,0
overboard,0,0,1,0,0,0,0,0,0,0,0,0,0,0
check,0,0,0,0,0,0,0,0,0,0,0,0,4,0
turn,0,0,0,0,0,0,0,1,0,0,0,0,37,0
cause,0,0,0,0,0,0,0,1,0,0,0,0,4,0
sizzle,0,0,0,0,0,0,0,0,0,0,0,0,1,0
goodness,0,0,0,0,0,0,0,2,0,0,0,0,0,0
sake,0,0,0,0,0,0,0,2,0,0,0,0,0,0
taser,0,0,0,0,0,0,0,2,0,0,0,0,0,0
grab,0,0,0,0,0,0,0,0,0,0,0,0,10,0
approach,0,0,0,0,0,0,0,0,0,0,0,0,8,0
terrific,1,0,0,0,0,0,0,0,0,0,0,0,0,0
win,0,0,0,0,0,0,0,0,0,0,0,0,1,0
arrive,0,0,0,0,0,0,0,0,0,0,0,0,4,0
zootopia,0,0,0,0,0,0,0,1,0,0,0,0,0,0
express,0,0,0,0,0,0,0,1,0,0,0,0,0,0
call,0,0,0,0,0,0,0,0,0,0,0,0,29,0
conductor,0,0,0,0,0,0,0,2,0,0,0,0,0,0
got,0,0,0,0,0,0,0,0,0,0,0,0,8,0
bye,0,0,0,0,0,0,12,0,0,0,0,0,0,0
tear,0,0,0,0,0,0,0,3,0,0,0,0,2,0
run,0,0,0,0,0,0,0,1,0,0,0,0,25,0
wrap,0,0,0,0,0,0,0,0,0,0,0,0,2,0
love,0,0,0,0,0,0,0,0,0,0,0,0,13,0
hug,0,0,0,0,0,0,0,1,0,0,0,0,5,0
jump,0,0,0,0,0,0,0,0,0,0,0,0,10,0
cripe,0,0,0,0,0,0,0,2,0,0,0,0,0,0
waterworks,0,0,0,0,0,0,0,1,0,0,0,0,0,0
start,0,0,0,0,0,0,0,0,0,0,0,0,22,0
flow,0,0,0,0,0,0,0,0,0,0,0,0,1,0
ahhahoho,0,0,0,0,0,0,1,0,0,0,0,0,0,0
jeesh,0,0,0,0,0,0,1,0,0,0,0,0,0,0
wave,0,0,0,0,0,0,0,0,0,0,0,0,2,0
shout,0,0,0,0,0,0,0,0,0,0,0,0,28,0
goodbye,0,0,0,0,0,0,0,1,0,0,0,0,0,0
everybody,0,0,0,0,0,0,0,0,0,0,5,0,0,0
fade,0,0,0,0,0,0,0,0,0,0,0,0,1,0
distance,0,0,0,0,0,0,0,4,0,0,0,0,0,0
climb,0,0,0,0,0,0,0,0,0,0,0,0,11,0
observation,0,0,0,0,0,0,0,1,0,0,0,0,0,0
deck,0,0,0,0,0,0,0,1,0,0,0,0,0,0
deep,4,0,2,0,0,0,0,0,0,0,0,0,0,0
phone,0,0,0,0,0,0,0,15,0,0,0,0,0,0
click,0,0,0,0,0,0,2,0,0,0,0,0,7,0
music,0,0,0,0,0,0,0,6,0,0,0,0,0,0
feel,0,0,0,0,0,0,0,0,0,0,0,0,13,0
bend,0,0,0,0,0,0,0,1,0,0,0,0,1,0
gaze,0,0,0,0,0,0,0,0,0,0,0,0,3,0
window,0,0,0,0,0,0,0,8,0,0,0,0,0,0
incredible,2,0,0,0,0,0,0,0,0,0,0,0,0,0
sight,0,0,0,0,0,0,0,3,0,0,0,0,0,0
press,0,0,0,0,0,0,0,6,0,0,0,0,4,0
glass,0,0,0,0,0,0,0,6,0,0,0,0,0,0
borough,0,0,0,0,0,0,0,2,0,0,0,0,0,0
downtown,0,0,0,0,0,0,0,1,0,0,0,0,0,0
central,1,0,0,0,0,0,0,0,0,0,0,0,0,0
plaza,0,0,0,0,0,0,0,1,0,0,0,0,0,0
earbud,0,0,0,0,0,0,0,1,0,0,0,0,0,0
chaotic,2,0,0,0,0,0,0,0,0,0,0,0,0,0
wash,0,0,0,0,0,0,0,0,0,0,0,0,2,0
awestruck,1,0,0,0,0,0,0,0,0,0,0,0,0,0
shape,0,0,0,0,0,0,0,1,0,0,0,0,0,0
rush,0,0,0,0,0,0,0,2,0,0,0,0,6,0
hurry,0,0,0,0,0,0,0,1,0,0,0,0,10,0
map,0,0,0,0,0,0,0,5,0,0,0,0,0,0
app,0,0,0,0,0,0,0,2,0,0,0,0,0,0
figure,0,0,0,0,0,0,0,0,0,0,0,0,5,0
apartment,0,0,0,0,0,0,0,7,0,0,0,0,0,0
building,0,0,0,0,0,0,0,6,0,0,0,0,0,0
landlady,0,0,0,0,0,0,0,1,0,0,0,0,0,0
armadillo,0,0,0,0,0,0,0,1,0,0,0,0,0,0
lead,0,0,0,0,0,0,0,3,0,0,0,0,8,0
welcome,1,0,0,0,0,0,0,1,0,0,0,0,2,0
aside,0,0,1,0,0,0,0,0,0,0,0,0,0,0
complimentary,1,0,0,0,0,0,0,0,0,0,0,0,0,0
delousing,0,0,0,0,0,0,0,1,0,0,0,0,0,0
month,0,0,0,0,0,0,0,2,0,0,0,0,0,0
lose,0,0,0,0,0,0,0,0,0,0,0,0,4,0
key,1,0,0,0,0,0,0,6,0,0,0,0,0,0
neighbor,0,0,0,0,0,0,0,3,0,0,0,0,0,0
hallway,0,0,0,0,0,0,0,1,0,0,0,0,0,0
greet,0,0,0,0,0,0,0,0,0,0,0,0,1,0
warmly,0,0,1,0,0,0,0,0,0,0,0,0,0,0
expect,0,0,0,0,0,0,0,0,0,0,0,0,1,0
apologize,0,0,0,0,0,0,0,0,0,0,0,0,1,0
slam,0,0,0,0,0,0,0,0,0,0,0,0,5,0
door,0,0,0,0,0,0,0,36,0,0,0,0,0,0
greasy,1,0,0,0,0,0,0,0,0,0,0,0,0,0
rickety,1,0,0,0,0,0,0,0,0,0,0,0,0,0
bed,0,0,0,0,0,0,0,3,0,0,0,0,0,0
shut,0,0,0,0,0,0,0,0,0,0,0,0,8,0
flop,0,0,0,0,0,0,0,0,0,0,0,0,1,0
beep,0,0,0,0,0,0,2,4,0,0,0,0,0,0
morning,0,0,0,0,0,0,0,2,0,0,0,0,0,0
alarm,0,0,0,0,0,0,0,2,0,0,0,0,0,0
brush,0,0,0,0,0,0,0,1,0,0,0,0,1,0
rinse,0,0,0,0,0,0,0,0,0,0,0,0,1,0
vest,0,0,0,0,0,0,0,7,0,0,0,0,0,0
strap,0,0,0,0,0,0,0,0,0,0,0,0,2,0
belt,0,0,0,0,0,0,0,1,0,0,0,0,0,0
ready,3,0,0,0,0,0,0,0,0,0,0,0,0,0
protect,0,0,0,0,0,0,0,0,0,0,0,0,5,0
glance,0,0,0,0,0,0,0,0,0,0,0,0,3,0
bedside,0,0,0,0,0,0,0,1,0,0,0,0,0,0
table,0,0,0,0,0,0,0,3,0,0,0,0,0,0
reach,0,0,0,0,0,0,0,0,0,0,0,0,6,0
job,0,0,0,0,0,0,0,5,0,0,0,0,0,0
widen,0,0,0,0,0,0,0,0,0,0,0,0,3,0
enter,0,0,0,0,0,0,0,0,0,0,0,0,7,0
burly,1,0,0,0,0,0,0,0,0,0,0,0,0,0
push,0,0,0,0,0,0,0,0,0,0,0,0,9,0
criminal,0,0,0,0,0,0,0,2,0,0,0,0,0,0
lobby,0,0,0,0,0,0,0,5,0,0,0,0,0,0
people,0,0,0,0,0,0,0,1,0,0,0,0,0,0
direction,0,0,0,0,0,0,0,1,0,0,0,0,0,0
dodge,0,0,0,0,0,0,0,0,0,0,0,0,3,0
husky,1,0,0,0,0,0,0,0,0,0,0,0,0,0
finally,0,0,13,0,0,0,0,0,0,0,0,0,0,0
desk,0,0,0,0,0,0,0,12,0,0,0,0,0,0
pudgy,1,0,0,0,0,0,0,0,0,0,0,0,0,0
looking,2,0,0,0,0,0,0,0,0,0,0,0,0,0
cheetah,0,0,0,0,0,0,0,3,0,0,0,0,0,0
chat,0,0,0,0,0,0,0,1,0,0,0,0,2,0
short,2,0,0,0,0,0,0,0,0,0,0,0,0,0
excuse,0,0,0,0,0,0,0,1,0,0,0,0,3,0
lean,0,0,0,0,0,0,0,0,0,0,0,0,3,0
hire,0,0,0,0,0,0,0,0,0,0,0,0,1,0
wince,0,0,0,0,0,0,0,0,0,0,0,0,1,0
cute,5,0,0,0,0,0,0,1,0,0,0,0,0,0
sorry,5,0,0,0,0,0,2,0,0,0,0,0,0,0
flabby,1,0,0,0,0,0,0,0,0,0,0,0,0,0
donut,0,0,0,0,0,0,0,13,0,0,0,0,0,0
stereotype,0,0,0,0,0,0,0,0,0,0,0,0,1,0
apologetically,0,0,1,0,0,0,0,0,0,0,0,0,0,0
stammer,0,0,0,0,0,0,0,0,0,0,0,0,1,0
neck,0,0,0,0,0,0,0,2,0,0,0,0,0,0
fold,0,0,0,0,0,0,0,1,0,0,0,0,0,0
remove,0,0,0,0,0,0,0,0,0,0,0,0,1,0
roll,0,0,0,0,0,0,0,2,0,0,0,0,3,0
dicken,0,0,0,0,0,0,0,2,0,0,0,0,0,0
joyfully,0,0,1,0,0,0,0,0,0,0,0,0,0,0
cram,0,0,0,0,0,0,0,0,0,0,0,0,1,0
mouth,0,0,0,0,0,0,0,5,0,0,0,0,0,0
bullpen,0,0,0,0,0,0,0,3,0,0,0,0,0,0
left,1,0,0,0,0,0,0,0,0,0,0,0,0,0
poor,1,0,0,0,0,0,0,0,0,0,0,0,0,0
alive,1,0,0,0,0,0,0,0,0,0,0,0,0,0
buffalo,0,0,0,0,0,0,0,2,0,0,0,0,0,0
hippo,0,0,0,0,0,0,0,3,0,0,0,0,0,0
prepare,0,0,0,0,0,0,0,0,0,0,0,0,1,0
tower,0,0,0,0,0,0,0,0,0,0,0,0,1,0
massive,1,0,0,0,0,0,0,0,0,0,0,0,0,0
sized,1,0,0,0,0,0,0,0,0,0,0,0,0,0
chair,0,0,0,0,0,0,0,8,0,0,0,0,0,0
extend,0,0,0,0,0,0,0,0,0,0,0,0,1,0
paw,0,0,0,0,0,0,0,7,0,0,0,0,0,0
gigantic,1,0,0,0,0,0,0,0,0,0,0,0,0,0
tag,0,0,0,0,0,0,0,1,0,0,0,0,0,0
sincerely,0,0,1,0,0,0,0,0,0,0,0,0,0,0
snort,0,0,0,0,0,0,0,0,0,0,0,0,2,0
reluctantly,0,0,1,0,0,0,0,0,0,0,0,0,0,0
bump,0,0,0,0,0,0,0,1,0,0,0,0,0,0
nearly,0,0,4,0,0,0,0,0,0,0,0,0,0,0
gruff,1,0,0,0,0,0,0,0,0,0,0,0,0,0
line,0,0,0,0,0,0,0,6,0,0,0,0,0,0
stomp,0,0,0,0,0,0,0,0,0,0,0,0,3,0
floor,0,0,0,0,0,0,0,5,0,0,0,0,0,0
item,0,0,0,0,0,0,0,2,0,0,0,0,0,0
docket,0,0,0,0,0,0,0,1,0,0,0,0,0,0
acknowledge,0,0,0,0,0,0,0,0,0,0,0,0,1,0
nod,0,0,0,0,0,0,0,0,0,0,0,0,7,0
birthday,0,0,0,0,0,0,0,3,0,0,0,0,0,0
shy,1,0,0,0,0,0,0,0,0,0,0,0,0,0
blush,0,0,0,0,0,0,0,0,0,0,0,0,1,0
clap,0,0,0,0,0,0,0,0,0,0,0,0,1,0
hoot,0,0,0,0,0,0,0,0,0,0,0,0,1,0
number,0,0,0,0,0,0,0,6,0,0,0,0,0,0
recruit,0,0,0,0,0,0,0,3,0,0,0,0,0,0
introduce,0,0,0,0,0,0,0,0,0,0,0,0,1,0
fourteen,1,0,0,0,0,0,0,0,6,0,0,0,0,0
miss,0,0,0,0,0,0,0,0,0,0,0,0,13,0
gesture,0,0,0,0,0,0,0,0,0,0,0,0,10,0
pushpin,0,0,0,0,0,0,0,1,0,0,0,0,0,0
cover,0,0,0,0,0,0,0,1,0,0,0,0,4,0
solve,0,0,0,0,0,0,0,0,0,0,0,0,3,0
priority,0,0,0,0,0,0,0,1,0,0,0,0,0,0
assignment,0,0,0,0,0,0,0,4,0,0,0,0,0,0
bark,0,0,0,0,0,0,0,0,0,0,0,0,2,0
file,0,0,0,0,0,0,0,10,0,0,0,0,0,0
team,0,0,0,0,0,0,0,3,0,0,0,0,0,0
wait,0,0,0,0,0,0,0,0,0,0,0,0,21,0
anxiously,0,0,1,0,0,0,0,0,0,0,0,0,0,0
dramatically,0,0,1,0,0,0,0,0,0,0,0,0,0,0
parking,0,0,0,0,0,0,0,8,0,0,0,0,0,0
duty,0,0,0,0,0,0,0,3,0,0,0,0,0,0
dismiss,0,0,0,0,0,0,0,0,0,0,0,0,2,0
quietly,0,0,4,0,0,0,0,0,0,0,0,0,0,0
ankle,0,0,0,0,0,0,0,2,0,0,0,0,0,0
handle,0,0,0,0,0,0,0,0,0,0,0,0,1,0
probably,0,0,3,0,0,0,0,0,0,0,0,0,0,0
forgot,0,0,0,0,0,0,0,0,0,0,0,0,1,0
forget,0,0,0,0,0,0,0,0,0,0,0,0,4,0
sir,0,0,0,0,0,0,0,16,0,0,0,0,0,0
token,1,0,0,0,0,0,0,0,0,0,0,0,0,0
write,0,0,0,0,0,0,0,0,0,0,0,0,8,0
easy,1,0,0,0,0,0,0,0,0,0,0,0,0,0
foot,0,0,0,0,0,0,0,4,0,0,0,0,0,0
noon,0,0,0,0,0,0,0,2,0,0,0,0,0,0
traffic,0,0,0,0,0,0,0,11,0,0,0,0,0,0
enforcement,0,0,0,0,0,0,0,1,0,0,0,0,0,0
orange,2,0,0,0,0,0,0,0,0,0,0,0,0,0
cart,0,0,0,0,0,0,0,8,0,0,0,0,0,0
buckle,0,0,0,0,0,0,0,0,0,0,0,0,1,0
shade,0,0,0,0,0,0,0,1,0,0,0,0,0,0
gas,0,0,0,0,0,0,0,2,0,0,0,0,0,0
pedal,0,0,0,0,0,0,0,1,0,0,0,0,0,0
slowly,0,0,13,0,0,0,0,0,0,0,0,0,0,0
ear,0,0,0,0,0,0,0,7,0,0,0,0,0,0
twist,0,0,0,0,0,0,0,0,0,0,0,0,2,0
excellent,1,0,0,0,0,0,0,0,0,0,0,0,0,0
listen,0,0,0,0,0,0,0,0,0,0,0,0,7,0
expired,2,0,0,0,0,0,0,0,0,0,0,0,0,0
meter,0,0,0,0,0,0,0,17,0,0,0,0,0,0
dinge,0,0,0,0,0,0,0,0,0,0,0,0,2,0
dash,0,0,0,0,0,0,0,1,0,0,0,0,2,0
dozen,0,0,0,0,0,0,0,6,0,0,0,0,0,0
car,0,0,0,0,0,0,0,31,0,0,0,0,0,0
moose,0,0,0,0,0,0,0,2,0,0,0,0,0,0
mouse,0,0,0,0,0,0,0,9,0,0,0,0,0,0
boom,0,0,0,0,0,0,2,0,0,0,0,0,1,0
park,0,0,0,0,0,0,0,0,0,0,0,0,3,0
self,0,0,0,0,0,0,0,2,0,0,0,0,0,0
satisfied,1,0,0,0,0,0,0,0,0,0,0,0,0,0
angry,6,0,0,0,0,0,0,0,0,0,0,0,0,0
yell,0,0,0,0,0,0,0,0,0,0,0,0,25,0
interrupt,0,0,0,0,0,0,0,0,0,0,0,0,6,0
red,6,0,0,0,0,0,0,1,0,0,0,0,0,0
street,0,0,0,0,0,0,0,6,0,0,0,0,0,0
suspiciously,0,0,2,0,0,0,0,0,0,0,0,0,0,0
scold,0,0,0,0,0,0,0,0,0,0,0,0,2,0
suspicious,3,0,0,0,0,0,0,0,0,0,0,0,0,0
reason,0,0,0,0,0,0,0,3,0,0,0,0,0,0
slink,0,0,0,0,0,0,0,0,0,0,0,0,1,0
café,0,0,0,0,0,0,0,2,0,0,0,0,0,0
cross,0,0,0,0,0,0,0,0,0,0,0,0,1,0
road,0,0,0,0,0,0,0,6,0,0,0,0,0,0
peek,0,0,0,0,0,0,0,0,0,0,0,0,2,0
completely,0,0,5,0,0,0,0,0,0,0,0,0,0,0
unsnap,0,0,0,0,0,0,0,0,0,0,0,0,1,0
holster,0,0,0,0,0,0,0,2,0,0,0,0,0,0
cream,0,0,0,0,0,0,0,6,0,0,0,0,0,0
parlor,0,0,0,0,0,0,0,1,0,0,0,0,0,0
trunk,0,0,0,0,0,0,0,5,0,0,0,0,0,0
scoop,0,0,0,0,0,0,0,0,0,0,0,0,2,0
bowl,0,0,0,0,0,0,0,1,0,0,0,0,0,0
decorate,0,0,0,0,0,0,0,0,0,0,0,0,2,0
sundae,0,0,0,0,0,0,0,1,0,0,0,0,0,0
nut,0,0,0,0,0,0,0,2,0,0,0,0,0,0
whip,0,0,0,0,0,0,0,0,0,0,0,0,3,0
cherry,0,0,0,0,0,0,0,1,0,0,0,0,0,0
counter,0,0,0,0,0,0,0,5,0,0,0,0,0,0
skulk,0,0,0,0,0,0,0,0,0,0,0,0,1,0
daylight,0,0,0,0,0,0,0,1,0,0,0,0,0,0
hour,0,0,0,0,0,0,0,10,0,0,0,0,0,0
trouble,0,0,0,0,0,0,0,5,0,0,0,0,0,0
hit,0,0,0,0,0,0,0,0,0,0,0,0,8,0
simply,0,0,1,0,0,0,0,0,0,0,0,0,0,0
buy,0,0,0,0,0,0,0,0,0,0,0,0,4,0
pop,0,0,0,0,0,0,0,9,0,0,0,0,6,0
innocently,0,0,2,0,0,0,0,0,0,0,0,0,0,0
boy,0,0,0,0,0,0,2,6,0,0,0,0,0,0
notice,0,0,0,0,0,0,0,0,0,0,0,0,8,0
toddler,0,0,0,0,0,0,0,4,0,0,0,0,0,0
cling,0,0,0,0,0,0,0,0,0,0,0,0,1,0
awful,1,0,0,0,0,0,0,0,0,0,0,0,0,0
conclusion,0,0,0,0,0,0,0,1,0,0,0,0,0,0
mutter,0,0,0,0,0,0,0,0,0,0,0,0,2,0
buddy,0,0,0,0,0,0,0,6,0,0,0,0,0,0
joint,0,0,0,0,0,0,0,1,0,0,0,0,0,0
town,0,0,0,0,0,0,0,2,0,0,0,0,0,0
tousle,0,0,0,0,0,0,0,0,0,0,0,0,1,0
fur,0,0,0,0,0,0,0,5,0,0,0,0,0,0
goofy,1,0,0,0,0,0,0,0,0,0,0,0,0,0
stinker,0,0,0,0,0,0,0,1,0,0,0,0,0,0
crush,0,0,0,0,0,0,0,0,0,0,0,0,3,0
hood,0,0,0,0,0,0,0,2,0,0,0,0,0,0
toot,1,0,0,0,0,0,2,11,0,0,0,0,1,0
toy,0,0,0,0,0,0,0,2,0,0,0,0,0,0
realize,0,0,0,0,0,0,0,0,0,0,0,0,5,0
quickly,0,0,8,0,0,0,0,0,0,0,0,0,0,0
tuck,0,0,0,0,0,0,0,0,0,0,0,0,1,0
sign,0,0,0,0,0,0,0,4,0,0,0,0,0,0
reserve,0,0,0,0,0,0,0,0,0,0,0,0,1,0
refuse,0,0,0,0,0,0,0,0,0,0,0,0,2,0
service,0,0,0,0,0,0,0,3,0,0,0,0,0,0
beat,0,0,0,0,0,0,0,1,0,0,0,0,4,0
annoyed,4,0,0,0,0,0,0,0,0,0,0,0,0,0
march,0,0,0,0,0,0,0,0,0,0,0,0,1,0
flash,0,0,0,0,0,0,0,0,0,0,0,0,1,0
hello,0,0,0,0,0,0,4,0,0,0,0,0,0,0
maid,0,0,0,0,0,0,0,12,0,0,0,0,1,0
quick,2,0,0,0,0,0,0,0,0,0,0,0,0,0
question,0,0,0,0,0,0,0,16,0,0,0,0,0,0
customer,0,0,0,0,0,0,0,2,0,0,0,0,0,0
aware,1,0,0,0,0,0,0,0,0,0,0,0,0,0
snot,1,0,0,0,0,0,0,0,0,0,0,0,0,0
mucous,1,0,0,0,0,0,0,0,0,0,0,0,0,0
cookie,0,0,0,0,0,0,0,1,0,0,0,0,0,0
ungloved,1,0,0,0,0,0,0,0,0,0,0,0,0,0
health,0,0,0,0,0,0,0,1,0,0,0,0,0,0
code,0,0,0,0,0,0,0,1,0,0,0,0,0,0
violation,0,0,0,0,0,0,0,1,0,0,0,0,0,0
kind,1,0,2,0,0,0,0,4,0,0,0,0,0,0
deal,0,0,0,0,0,0,0,4,0,0,0,0,0,0
course,0,0,3,0,0,0,0,0,0,0,0,0,0,0
warning,0,0,0,0,0,0,0,2,0,0,0,0,0,0
glove,0,0,0,0,0,0,0,1,0,0,0,0,1,0
finish,0,0,0,0,0,0,0,0,0,0,0,0,4,0
sell,0,0,0,0,0,0,0,0,0,0,0,0,10,0
son,0,0,0,0,0,0,0,3,0,0,0,0,0,0
jumbo,0,0,0,0,0,0,0,5,0,0,0,0,0,0
stare,0,0,0,0,0,0,0,0,0,0,0,0,8,0
dollar,0,0,0,0,0,0,0,5,0,0,0,0,0,0
disbelief,0,0,0,0,0,0,0,3,0,0,0,0,0,0
wallet,0,0,0,0,0,0,0,2,0,0,0,0,0,0
kiss,0,0,0,0,0,0,0,2,0,0,0,0,2,0
cash,0,0,0,0,0,0,0,2,0,0,0,0,0,0
treat,0,0,0,0,0,0,0,3,0,0,0,0,1,0
burn,0,0,0,0,0,0,0,0,0,0,0,0,3,0
folk,0,0,0,0,0,0,0,2,0,0,0,0,0,0
backward,1,0,0,0,0,0,0,0,0,0,0,0,0,0
attitude,0,0,0,0,0,0,0,1,0,0,0,0,0,0
articulate,1,0,0,0,0,0,0,0,0,0,0,0,0,0
fellow,0,0,0,0,0,0,0,1,0,0,0,0,0,0
high,1,0,4,0,0,0,0,0,0,0,0,0,0,0
praise,0,0,0,0,0,0,0,1,0,0,0,0,0,0
rare,1,0,0,0,0,0,0,0,0,0,0,0,0,0
non,1,0,0,0,0,0,0,0,0,0,0,0,0,0
patronizing,1,0,0,0,0,0,0,0,0,0,0,0,0,0
catch,0,0,0,0,0,0,0,0,0,0,0,0,10,0
sarcasm,0,0,0,0,0,0,0,1,0,0,0,0,0,0
evident,2,0,0,0,0,0,0,0,0,0,0,0,0,0
tone,0,0,0,0,0,0,0,5,0,0,0,0,0,0
sticker,0,0,0,0,0,0,0,4,0,0,0,0,0,0
chest,0,0,0,0,0,0,0,2,0,0,0,0,0,0
huge,7,0,0,0,0,0,0,0,0,0,0,0,0,0
adorable,2,0,0,0,0,0,0,0,0,0,0,0,0,0
happily,0,0,5,0,0,0,0,0,0,0,0,0,0,0
somebody,0,0,0,0,0,0,0,0,0,0,3,0,0,0
block,0,0,0,0,0,0,0,1,0,0,0,0,1,0
melt,0,0,0,0,0,0,0,0,0,0,0,0,3,0
giant,7,0,0,0,0,0,0,2,0,0,0,0,0,0
hot,2,0,0,0,0,0,0,0,0,0,0,0,0,0
sun,0,0,0,0,0,0,0,1,0,0,0,0,1,0
channel,0,0,0,0,0,0,0,1,0,0,0,0,1,0
juice,0,0,0,0,0,0,0,2,0,0,0,0,0,0
jug,0,0,0,0,0,0,0,2,0,0,0,0,0,0
furrow,0,0,0,0,0,0,0,0,0,0,0,0,1,0
brow,0,0,0,0,0,0,0,1,0,0,0,0,0,0
pack,0,0,0,0,0,0,0,1,0,0,0,0,3,0
van,0,0,0,0,0,0,0,6,0,0,0,0,0,0
driver,0,0,0,0,0,0,0,6,0,0,0,0,0,0
seat,0,0,0,0,0,0,0,3,0,0,0,0,0,0
drive,0,0,0,0,0,0,0,0,0,0,0,0,7,0
shock,0,0,0,0,0,0,0,0,0,0,0,0,1,0
confuse,0,0,0,0,0,0,0,0,0,0,0,0,2,0
hop,0,0,0,0,0,0,0,0,0,0,0,0,3,0
cold,3,0,0,0,0,0,0,0,0,0,0,0,0,0
section,0,0,0,0,0,0,0,1,0,0,0,0,0,0
mold,0,0,0,0,0,0,0,2,0,0,0,0,0,0
snow,0,0,0,0,0,0,0,3,0,0,0,0,0,0
pour,0,0,0,0,0,0,0,0,0,0,0,0,1,0
create,0,0,0,0,0,0,0,0,0,0,0,0,1,0
scandalize,0,0,0,0,0,0,0,0,0,0,0,0,1,0
pawpsicle,0,0,0,0,0,0,0,14,0,0,0,0,0,0
mark,0,0,0,0,0,0,0,4,0,0,0,0,1,0
price,0,0,0,0,0,0,0,1,0,0,0,0,0,0
lemming,0,0,0,0,0,0,0,4,0,0,0,0,0,0
icy,2,0,0,0,0,0,0,0,0,0,0,0,0,0
instant,0,0,0,0,0,0,0,1,0,0,0,0,0,0
frozen,2,0,0,0,0,0,0,0,0,0,0,0,0,0
dessert,0,0,0,0,0,0,0,1,0,0,0,0,0,0
throw,0,0,0,0,0,0,0,0,0,0,0,0,6,0
recycling,0,0,0,0,0,0,0,1,0,0,0,0,0,0
bin,0,0,0,0,0,0,0,2,0,0,0,0,0,0
open,1,3,1,0,0,0,0,0,0,0,0,0,18,0
fully,0,0,1,0,0,0,0,0,0,0,0,0,0,0
bundle,0,0,0,0,0,0,0,2,0,0,0,0,0,0
have,0,0,0,0,0,0,0,0,0,0,0,0,1,0
plop,0,0,0,0,0,0,0,0,0,0,0,0,1,0
construction,0,0,0,0,0,0,0,3,0,0,0,0,0,0
worker,0,0,0,0,0,0,0,3,0,0,0,0,0,0
lumber,0,0,0,0,0,0,0,1,0,0,0,0,1,0
delivery,0,0,0,0,0,0,0,1,0,0,0,0,0,0
color,0,0,0,0,0,0,0,2,0,0,0,0,0,0
wood,0,0,0,0,0,0,0,3,0,0,0,0,0,0
shrug,0,0,0,0,0,0,0,0,0,0,0,0,1,0
accept,0,0,0,0,0,0,0,0,0,0,0,0,1,0
payment,0,0,0,0,0,0,0,1,0,0,0,0,0,0
haul,0,0,0,0,0,0,0,0,0,0,0,0,1,0
awe,0,0,0,0,0,0,0,2,0,0,0,0,0,0
share,0,0,0,0,0,0,0,1,0,0,0,0,3,0
thirty,0,0,0,0,0,0,0,0,3,0,0,0,0,0
diaper,0,0,0,0,0,0,0,1,0,0,0,0,0,0
daddy,0,0,0,0,0,0,0,2,0,0,0,0,0,0
jokingly,0,0,1,0,0,0,0,0,0,0,0,0,0,0
bite,0,0,0,0,0,0,0,1,0,0,0,0,3,0
ciao,0,0,0,0,0,0,1,0,0,0,0,0,0,0
blare,0,0,0,0,0,0,0,0,0,0,0,0,3,0
rap,0,0,0,0,0,0,0,1,0,0,0,0,0,0
anger,0,0,0,0,0,0,0,1,0,0,0,0,0,0
lie,0,0,0,0,0,0,0,1,0,0,0,0,3,0
liar,0,0,0,0,0,0,0,2,0,0,0,0,0,0
hustle,0,0,0,0,0,0,0,3,0,0,0,0,3,0
sweetheart,0,0,0,0,0,0,0,4,0,0,0,0,0,0
coolly,0,0,2,0,0,0,0,0,0,0,0,0,0,0
disappear,0,0,0,0,0,0,0,0,0,0,0,0,5,0
corner,0,0,0,0,0,0,0,5,0,0,0,0,2,0
stroll,0,0,0,0,0,0,0,0,0,0,0,0,1,0
slick,1,0,0,0,0,0,0,0,0,0,0,0,0,0
arrest,0,0,0,0,0,0,0,3,0,0,0,0,0,0
gee,0,0,0,0,0,0,1,0,0,0,0,0,0,0
food,0,0,0,0,0,0,0,1,0,0,0,0,0,0
permit,0,0,0,0,0,0,0,2,0,0,0,0,0,0
transport,0,0,0,0,0,0,0,0,0,0,0,0,1,0
undeclared,1,0,0,0,0,0,0,0,0,0,0,0,0,0
commerce,0,0,0,0,0,0,0,2,0,0,0,0,0,0
false,2,0,0,0,0,0,0,0,0,0,0,0,0,0
advertising,0,0,0,0,0,0,0,1,0,0,0,0,0,0
document,0,0,0,0,0,0,0,1,0,0,0,0,0,0
receipt,0,0,0,0,0,0,0,2,0,0,0,0,0,0
falsely,0,0,2,0,0,0,0,0,0,0,0,0,0,0
advertise,0,0,0,0,0,0,0,0,0,0,0,0,1,0
redwood,0,0,0,0,0,0,0,1,0,0,0,0,0,0
smugly,0,0,2,0,0,0,0,0,0,0,0,0,0,0
space,0,0,0,0,0,0,0,3,0,0,0,0,0,0
middle,0,0,0,0,0,0,0,3,0,0,0,0,0,0
touch,0,0,0,0,0,0,0,0,0,0,0,0,4,0
refrain,0,0,0,0,0,0,0,0,0,0,0,0,1,0
naturally,0,0,1,0,0,0,0,0,0,0,0,0,0,0
assume,0,0,0,0,0,0,0,0,0,0,0,0,1,0
choke,0,0,0,0,0,0,0,0,0,0,0,0,1,0
reply,0,0,0,0,0,0,0,0,0,0,0,0,3,0
obviously,0,0,1,0,0,0,0,0,0,0,0,0,0,0
story,0,0,0,0,0,0,0,2,0,0,0,0,0,0
familiar,2,0,0,0,0,0,0,0,0,0,0,0,0,0
boldly,0,0,1,0,0,0,0,0,0,0,0,0,0,0
naïve,1,0,0,0,0,0,0,0,0,0,0,0,0,0
hick,0,0,0,0,0,0,0,1,0,0,0,0,0,0
grade,0,0,0,0,0,0,0,1,0,0,0,0,0,0
idea,0,0,0,0,0,0,0,2,0,0,0,0,0,0
decide,0,0,0,0,0,0,0,0,0,0,0,0,2,0
sing,0,0,0,0,0,0,0,0,0,0,0,0,3,0
whoopsie,0,0,0,0,0,0,1,2,0,0,0,0,0,0
double,1,0,0,0,0,0,0,0,0,0,0,0,0,0
threesie,0,0,0,0,0,0,0,1,0,0,0,0,0,0
soon,0,0,3,0,0,0,0,0,0,0,0,0,0,0
die,0,0,0,0,0,0,0,0,0,0,0,0,1,0
sink,0,0,0,0,0,0,0,0,0,0,0,0,2,0
emotional,2,0,0,0,0,0,0,0,0,0,0,0,0,0
literal,1,0,0,0,0,0,0,0,0,0,0,0,0,0
squalor,0,0,0,0,0,0,0,1,0,0,0,0,0,0
bridge,0,0,0,0,0,0,0,5,0,0,0,0,0,0
choice,0,0,0,0,0,0,0,1,0,0,0,0,0,0
home,0,0,3,0,0,0,0,3,0,0,0,0,0,0
fuzzy,1,0,0,0,0,0,0,0,0,0,0,0,0,0
wuzzy,1,0,0,0,0,0,0,0,0,0,0,0,0,0
speechless,1,0,0,0,0,0,0,0,0,0,0,0,0,0
thought,0,0,0,0,0,0,0,2,0,0,0,0,0,0
careful,1,0,0,0,0,0,0,0,0,0,0,0,0,0
warn,0,0,0,0,0,0,0,0,0,0,0,0,1,0
especially,0,0,1,0,0,0,0,0,0,0,0,0,0,0
gut,0,0,0,0,0,0,0,1,0,0,0,0,0,0
hustler,0,0,0,0,0,0,0,1,0,0,0,0,0,0
sly,2,0,0,0,0,0,0,0,0,0,0,0,0,0
wet,3,0,0,0,0,0,0,0,0,0,0,0,0,0
cement,0,0,0,0,0,0,0,4,0,0,0,0,0,0
gooey,1,0,0,0,0,0,0,0,0,0,0,0,0,0
sigh,0,0,0,0,0,0,0,0,0,0,0,0,7,0
dismay,0,0,0,0,0,0,0,2,0,0,0,0,0,0
obnoxiously,0,0,1,0,0,0,0,0,0,0,0,0,0,0
maybe,0,0,4,0,0,0,0,0,0,0,0,0,0,0
supervisor,0,0,0,0,0,0,0,1,0,0,0,0,0,0
frustrated,3,0,0,0,0,0,0,0,0,0,0,0,0,0
shhhk,0,0,0,0,0,0,2,0,0,0,0,0,0,0
drag,0,0,0,0,0,0,0,0,0,0,0,0,2,0
mat,0,0,0,0,0,0,0,1,0,0,0,0,0,0
sad,6,0,0,0,0,0,0,0,0,0,0,0,0,0
song,0,0,0,0,0,0,0,4,0,0,0,0,0,0
fill,0,0,0,0,0,0,0,0,0,0,0,0,2,0
radio,0,0,0,0,0,0,0,5,0,0,0,0,0,0
switch,0,0,0,0,0,0,0,1,0,0,0,0,1,0
depressing,2,0,0,0,0,0,0,0,0,0,0,0,0,0
kitchen,0,0,0,0,0,0,0,1,0,0,0,0,0,0
microwave,0,0,0,0,0,0,0,1,0,0,0,0,0,0
dinner,0,0,0,0,0,0,0,2,0,0,0,0,0,0
peel,0,0,0,0,0,0,0,0,0,0,0,0,2,0
single,2,0,0,0,0,0,0,0,0,0,0,0,0,0
shriveled,1,0,0,0,0,0,0,0,0,0,0,0,0,0
droop,0,0,0,0,0,0,0,0,0,0,0,0,2,0
brrring,0,0,0,0,0,0,4,0,0,0,0,0,0,0
cell,0,0,0,0,0,0,0,8,0,0,0,0,0,0
video,0,0,0,0,0,0,0,4,0,0,0,0,0,0
upbeat,1,0,0,0,0,0,0,0,0,0,0,0,0,0
screen,0,0,0,0,0,0,0,4,0,0,0,0,0,0
complete,2,0,0,0,0,0,0,0,0,0,0,0,2,0
hope,0,0,0,0,0,0,0,0,0,0,0,0,5,0
difference,0,0,0,0,0,0,0,3,0,0,0,0,0,0
holy,1,0,0,0,0,0,0,0,0,0,0,0,0,0
peer,0,0,0,0,0,0,0,0,0,0,0,0,1,0
sweet,4,0,0,0,0,0,0,0,0,0,0,0,0,0
heaven,0,0,0,0,0,0,1,0,0,0,0,0,0,0
backpedal,0,0,0,0,0,0,0,0,0,0,0,0,1,0
temporary,1,0,0,0,0,0,0,0,0,0,0,0,0,0
prayer,0,0,0,0,0,0,0,1,0,0,0,0,0,0
overjoyed,1,0,0,0,0,0,0,0,0,0,0,0,0,0
glorious,1,0,0,0,0,0,0,0,0,0,0,0,0,0
chant,0,0,0,0,0,0,0,0,0,0,0,0,2,0
uncomfortable,3,0,0,0,0,0,0,0,0,0,0,0,0,0
end,0,0,0,0,0,0,0,3,0,0,0,0,2,0
conversation,0,0,0,0,0,0,0,3,0,0,0,0,0,0
goodnight,0,0,0,0,0,0,1,0,0,0,0,0,0,0
failure,0,0,0,0,0,0,0,1,0,0,0,0,0,0
bicker,0,0,0,0,0,0,0,0,0,0,0,0,1,0
exhausted,2,0,0,0,0,0,0,0,0,0,0,0,0,0
bring,0,0,0,0,0,0,0,0,0,0,0,0,4,0
expire,0,0,0,0,0,0,0,0,0,0,0,0,1,0
plunk,0,0,0,0,0,0,0,0,0,0,0,0,1,0
scribble,0,0,0,0,0,0,0,0,0,0,0,0,1,0
tiny,12,0,0,0,0,0,0,0,0,0,0,0,0,0
windshield,0,0,0,0,0,0,0,3,0,0,0,0,0,0
hero,0,0,0,0,0,0,0,4,0,0,0,0,0,0
lady,0,0,0,0,0,0,0,2,0,0,0,0,0,0
child,0,0,0,0,0,0,0,4,0,0,0,0,0,0
mommy,0,0,0,0,0,0,0,1,0,0,0,0,0,0
wish,0,0,0,0,0,0,0,0,0,0,0,0,3,0
dead,5,0,0,0,0,0,0,0,0,0,0,0,0,0
uncool,1,0,0,0,0,0,0,0,0,0,0,0,0,0
salary,0,0,0,0,0,0,0,1,0,0,0,0,0,0
engine,0,0,0,0,0,0,0,2,0,0,0,0,0,0
bang,0,0,0,0,0,0,0,0,0,0,0,0,3,0
steering,0,0,0,0,0,0,0,1,0,0,0,0,0,0
wheel,0,0,0,0,0,0,0,3,0,0,0,0,0,0
honk,0,0,0,0,0,0,0,0,0,0,0,0,1,0
weakly,0,0,1,0,0,0,0,0,0,0,0,0,0,0
frantic,1,0,0,0,0,0,0,0,0,0,0,0,0,0
pig,0,0,0,0,0,0,0,4,0,0,0,0,0,0
pound,0,0,0,0,0,0,0,0,0,0,0,0,3,0
grievance,0,0,0,0,0,0,0,1,0,0,0,0,0,0
contest,0,0,0,0,0,0,0,0,0,0,0,0,1,0
citation,0,0,0,0,0,0,0,1,0,0,0,0,0,0
respond,0,0,0,0,0,0,0,0,0,0,0,0,4,0
mechanically,0,0,1,0,0,0,0,0,0,0,0,0,0,0
shop,0,0,0,0,0,0,0,3,0,0,0,0,0,0
rob,0,0,0,0,0,0,0,0,0,0,0,0,1,0
worry,0,0,0,0,0,0,0,1,0,0,0,0,1,0
carry,0,0,0,0,0,0,0,0,0,0,0,0,4,0
chase,0,0,0,0,0,0,0,1,0,0,0,0,4,0
thief,0,0,0,0,0,0,0,1,0,0,0,0,0,0
law,0,0,0,0,0,0,0,1,0,0,0,0,0,0
cottontail,0,0,0,0,0,0,0,1,0,0,0,0,0,0
screech,0,0,0,0,0,0,0,0,0,0,0,0,3,0
patrol,0,0,0,0,0,0,0,1,0,0,0,0,0,0
rhinoceros,0,0,0,0,0,0,0,1,0,0,0,0,0,0
slide,0,0,0,0,0,0,0,0,0,0,0,0,3,0
dib,0,0,0,0,0,0,0,1,0,0,0,0,0,0
pursuit,0,0,0,0,0,0,0,1,0,0,0,0,0,0
duck,0,0,0,0,0,0,0,0,0,0,0,0,3,0
community,0,0,0,0,0,0,0,1,0,0,0,0,0,0
fit,0,0,0,0,0,0,0,0,0,0,0,0,2,0
gate,0,0,0,0,0,0,0,6,0,0,0,0,1,0
forcefully,0,0,1,0,0,0,0,0,0,0,0,0,0,0
rodent,0,0,0,0,0,0,0,3,0,0,0,0,0,0
school,0,0,0,0,0,0,0,1,0,0,0,0,0,0
bus,0,0,0,0,0,0,0,2,0,0,0,0,0,0
swerve,0,0,0,0,0,0,0,0,0,0,0,0,1,0
avoid,0,0,0,0,0,0,0,0,0,0,0,0,2,0
fly,0,0,0,0,0,0,0,3,0,0,0,0,1,0
skyward,0,0,1,0,0,0,0,0,0,0,0,0,0,0
mid,1,0,0,0,0,0,0,1,0,0,0,0,0,0
prevent,0,0,0,0,0,0,0,0,0,0,0,0,3,0
disaster,0,0,0,0,0,0,0,1,0,0,0,0,0,0
cheer,0,0,0,0,0,0,0,0,0,0,0,0,2,0
gently,0,0,3,0,0,0,0,0,0,0,0,0,0,0
tip,0,0,0,0,0,0,0,0,0,0,0,0,1,0
struggle,0,0,0,0,0,0,0,0,0,0,0,0,6,0
bon,0,0,0,0,0,0,0,0,0,0,0,0,0,1
voyage,0,0,0,0,0,0,0,0,0,0,0,0,0,1
flatfoot,0,0,0,0,0,0,0,1,0,0,0,0,0,0
chuckle,0,0,0,0,0,0,0,1,0,0,0,0,3,0
fast,2,0,3,0,0,0,0,0,0,0,0,0,0,0
able,1,0,0,0,0,0,0,0,0,0,0,0,0,0
barrel,0,0,0,0,0,0,0,0,0,0,0,0,1,0
midst,0,0,0,0,0,0,0,1,0,0,0,0,0,0
copper,0,0,0,0,0,0,0,1,0,0,0,0,0,0
yank,0,0,0,0,0,0,0,0,0,0,0,0,4,0
fling,0,0,0,0,0,0,0,0,0,0,0,0,1,0
bounce,0,0,0,0,0,0,0,0,0,0,0,0,2,0
shrew,0,0,0,0,0,0,0,8,0,0,0,0,0,0
department,0,0,0,0,0,0,0,2,0,0,0,0,0,0
store,0,0,0,0,0,0,0,2,0,0,0,0,0,0
leopard,0,0,0,0,0,0,0,1,0,0,0,0,0,0
print,0,0,0,0,0,0,0,1,0,0,0,0,0,0
jegging,0,0,0,0,0,0,0,1,0,0,0,0,0,0
fashionable,1,0,0,0,0,0,0,0,0,0,0,0,0,0
terror,0,0,0,0,0,0,0,1,0,0,0,0,0,0
aaaaaaaaaaagh,0,0,0,0,0,0,1,0,0,0,0,0,0,0
hair,0,0,0,0,0,0,0,1,0,0,0,0,0,0
awww,0,0,0,0,0,0,1,0,0,0,0,0,0,0
gratefully,0,0,2,0,0,0,0,0,0,0,0,0,0,0
body,0,0,0,0,0,0,0,3,0,0,0,0,0,0
trap,0,0,0,0,0,0,0,1,0,0,0,0,3,0
stuck,1,0,0,0,0,0,0,0,0,0,0,0,0,0
hopp,0,0,0,0,0,0,0,8,0,0,0,0,0,0
principal,0,0,0,0,0,0,0,1,0,0,0,0,0,0
office,0,0,0,0,0,0,0,8,0,0,0,0,0,0
review,0,0,0,0,0,0,0,0,0,0,0,0,2,0
report,0,0,0,0,0,0,0,1,0,0,0,0,1,0
abandon,0,0,0,0,0,0,0,0,0,0,0,0,2,0
post,0,0,0,0,0,0,0,2,0,0,0,0,0,0
incite,0,0,0,0,0,0,0,0,0,0,0,0,1,0
scurry,1,0,0,0,0,0,0,0,0,0,0,0,0,0
reckless,1,0,0,0,0,0,0,0,0,0,0,0,0,0
endangerment,0,0,0,0,0,0,0,1,0,0,0,0,0,0
fair,1,0,0,0,0,0,0,0,0,0,0,0,0,0
master,0,0,0,0,0,0,0,1,0,0,0,0,0,0
moldy,2,0,0,0,0,0,0,0,0,0,0,0,0,0
onion,0,0,0,0,0,0,0,3,0,0,0,0,0,0
straight,0,0,3,0,0,0,0,0,0,0,0,0,0,0
confiscate,0,0,0,0,0,0,0,0,0,0,0,0,1,0
crook,0,0,0,0,0,0,0,2,0,0,0,0,0,0
hate,0,0,0,0,0,0,0,0,0,0,0,0,2,0
disagree,0,0,0,0,0,0,0,0,0,0,0,0,1,0
crocus,0,0,0,0,0,0,0,1,0,0,0,0,0,0
varietal,0,0,0,0,0,0,0,1,0,0,0,0,0,0
holicithia,0,0,0,0,0,0,0,2,0,0,0,0,0,0
botanical,0,0,0,0,0,0,0,1,0,0,0,0,0,0
family,0,0,0,0,0,0,0,8,0,0,0,0,0,0
plant,0,0,0,0,0,0,0,2,0,0,0,0,0,0
husbandry,0,0,0,0,0,0,0,1,0,0,0,0,0,0
put,0,0,0,0,0,0,0,0,0,0,0,0,4,0
intercom,0,0,0,0,0,0,0,3,0,0,0,0,0,0
cartoon,0,0,0,0,0,0,0,1,0,0,0,0,0,0
musical,1,0,0,0,0,0,0,0,0,0,0,0,0,0
insipid,1,0,0,0,0,0,0,0,0,0,0,0,0,0
magically,0,0,1,0,0,0,0,0,0,0,0,0,0,0
true,2,0,0,0,0,0,0,0,0,0,0,0,0,0
female,1,0,0,0,0,0,0,0,0,0,0,0,0,0
otter,0,0,0,0,0,0,0,15,0,0,0,0,0,0
barge,0,0,0,0,0,0,0,0,0,0,0,0,1,0
trail,0,0,0,0,0,0,0,0,0,0,0,0,1,0
wheeze,0,0,0,0,0,0,0,0,0,0,0,0,1,0
minute,0,0,0,0,0,0,0,2,0,0,0,0,0,0
plead,0,0,0,0,0,0,0,0,0,0,0,0,1,0
super,1,0,1,0,0,0,0,0,0,0,0,0,0,0
slippery,4,0,0,0,0,0,0,0,0,0,0,0,0,0
pant,0,0,0,0,0,0,0,0,0,0,0,0,1,0
husband,0,0,0,0,0,0,0,2,0,0,0,0,0,0
missing,2,0,0,0,0,0,0,0,0,0,0,0,0,0
florist,0,0,0,0,0,0,0,2,0,0,0,0,0,0
beautiful,1,0,0,0,0,0,0,0,0,0,0,0,0,0
detective,0,0,0,0,0,0,0,1,0,0,0,0,0,0
busy,3,0,0,0,0,0,0,0,0,0,0,0,0,0
calm,0,0,0,0,0,0,0,0,0,0,0,0,1,0
keep,0,0,0,0,0,0,0,0,0,0,0,0,3,0
concern,0,0,0,0,0,0,0,1,0,0,0,0,1,0
disappearance,0,0,0,0,0,0,0,1,0,0,0,0,0,0
explode,0,0,0,0,0,0,0,0,0,0,0,0,2,0
tightly,0,0,3,0,0,0,0,0,0,0,0,0,0,0
bless,0,0,0,0,0,0,0,0,0,0,0,0,2,0
relieved,1,0,0,0,0,0,0,0,0,0,0,0,0,0
grunt,0,0,0,0,0,0,0,0,0,0,0,0,3,0
usher,0,0,0,0,0,0,0,0,0,0,0,0,2,0
furious,1,0,0,0,0,0,0,0,0,0,0,0,0,0
fire,0,0,0,0,0,0,0,0,0,0,0,0,2,0
insubordination,0,0,0,0,0,0,0,1,0,0,0,0,0,0
delusion,0,0,0,0,0,0,0,1,0,0,0,0,0,0
grandeur,0,0,0,0,0,0,0,1,0,0,0,0,0,0
texte,0,0,0,0,0,0,0,0,0,0,0,0,1,0
jazzed,1,0,0,0,0,0,0,0,0,0,0,0,0,0
send,0,0,0,0,0,0,0,0,0,0,0,0,5,0
glue,0,0,0,0,0,0,0,1,0,0,0,0,0,0
hall,0,0,0,0,0,0,0,4,0,0,0,0,0,0
strike,0,0,0,0,0,0,0,0,0,0,0,0,1,0
resign,0,0,0,0,0,0,0,0,0,0,0,0,1,0
suggest,0,0,0,0,0,0,0,0,0,0,0,0,1,0
splendid,1,0,0,0,0,0,0,0,0,0,0,0,0,0
retrieve,0,0,0,0,0,0,0,0,0,0,0,0,1,0
folder,0,0,0,0,0,0,0,2,0,0,0,0,0,0
jaw,0,0,0,0,0,0,0,2,0,0,0,0,0,0
piece,0,0,0,0,0,0,0,6,0,0,0,0,0,0
paper,0,0,0,0,0,0,0,2,0,0,0,0,0,0
yikes,0,0,0,0,0,0,1,0,0,0,0,0,0,0
witness,0,0,0,0,0,0,0,2,0,0,0,0,0,0
computer,0,0,0,0,0,0,0,2,0,0,0,0,0,0
system,0,0,0,0,0,0,0,4,0,0,0,0,0,0
resource,0,0,0,0,0,0,0,1,0,0,0,0,0,0
stake,0,0,0,0,0,0,0,0,0,0,0,0,1,0
career,0,0,0,0,0,0,0,1,0,0,0,0,0,0
crack,0,0,0,0,0,0,0,1,0,0,0,0,3,0
crumb,0,0,0,0,0,0,0,3,0,0,0,0,0,0
picture,0,0,0,0,0,0,0,11,0,0,0,0,0,0
sighting,0,0,0,0,0,0,0,1,0,0,0,0,0,0
camera,0,0,0,0,0,0,0,7,0,0,0,0,0,0
blow,0,0,0,0,0,0,0,0,0,0,0,0,2,0
squint,0,0,0,0,0,0,0,0,0,0,0,0,2,0
unable,3,0,0,0,0,0,0,0,0,0,0,0,0,0
borrow,0,0,0,0,0,0,0,0,0,0,0,0,1,0
soda,0,0,0,0,0,0,0,1,0,0,0,0,0,0
bottle,0,0,0,0,0,0,0,1,0,0,0,0,0,0
magnify,0,0,0,0,0,0,0,0,0,0,0,0,1,0
image,0,0,0,0,0,0,0,2,0,0,0,0,0,0
examine,0,0,0,0,0,0,0,0,0,0,0,0,2,0
thoughtfully,0,0,1,0,0,0,0,0,0,0,0,0,0,0
murder,0,0,0,0,0,0,0,1,0,0,0,0,0,0
weapon,0,0,0,0,0,0,0,3,0,0,0,0,0,0
incident,0,0,0,0,0,0,0,1,0,0,0,0,0,0
stroller,0,0,0,0,0,0,0,6,0,0,0,0,0,0
smirk,0,0,0,0,0,0,0,1,0,0,0,0,0,0
fake,2,0,0,0,0,0,0,0,0,0,0,0,0,0
humor,0,0,0,0,0,0,0,0,0,0,0,0,1,0
cone,0,0,0,0,0,0,0,1,0,0,0,0,0,0
wake,0,0,0,0,0,0,0,0,0,0,0,0,1,0
important,5,0,0,0,0,0,0,0,0,0,0,0,0,0
raise,0,0,0,0,0,0,0,0,0,0,0,0,2,0
eyebrow,0,0,0,0,0,0,0,2,0,0,0,0,0,0
buck,0,0,0,0,0,0,0,2,0,0,0,0,0,0
money,0,0,0,0,0,0,0,2,0,0,0,0,0,0
fine,6,0,0,0,0,0,0,0,0,0,0,0,0,0
boot,0,0,0,0,0,0,0,1,0,0,0,0,1,0
lock,0,0,0,0,0,0,0,3,0,0,0,0,5,0
amuse,0,0,0,0,0,0,0,0,0,0,0,0,1,0
felony,0,0,0,0,0,0,0,1,0,0,0,0,0,0
evasion,0,0,0,0,0,0,0,1,0,0,0,0,0,0
decade,0,0,0,0,0,0,0,1,0,0,0,0,0,0
times,0,0,0,0,1,0,0,0,0,0,0,0,0,0
million,0,0,0,0,0,0,0,0,1,0,0,0,0,0
multiply,0,0,0,0,0,0,0,0,0,0,0,0,1,0
accord,0,0,0,0,0,0,0,0,0,0,0,0,1,0
form,0,0,0,0,0,0,0,4,0,0,0,0,0,0
zero,0,0,0,0,0,0,0,0,1,0,0,0,0,0
unfortunately,0,0,1,0,0,0,0,0,0,0,0,0,0,0
federal,1,0,0,0,0,0,0,0,0,0,0,0,0,0
punishable,1,0,0,0,0,0,0,0,0,0,0,0,0,0
offense,0,0,0,0,0,0,0,1,0,0,0,0,0,0
jail,0,0,0,0,0,0,0,3,0,0,0,0,0,0
shaped,1,0,0,0,0,0,0,0,0,0,0,0,0,0
pen,0,0,0,0,0,0,0,17,0,0,0,0,0,0
button,0,0,0,0,0,0,0,5,0,0,0,0,0,0
recording,0,0,0,0,0,0,0,1,0,0,0,0,0,0
speaker,0,0,0,0,0,0,0,2,0,0,0,0,0,0
cooperate,0,0,0,0,0,0,0,0,0,0,0,0,1,0
investigation,0,0,0,0,0,0,0,3,0,0,0,0,0,0
prison,0,0,0,0,0,0,0,2,0,0,0,0,0,0
cafeteria,0,0,0,0,0,0,0,1,0,0,0,0,0,0
grin,0,0,0,0,0,0,0,0,0,0,0,0,3,0
hysterically,0,0,1,0,0,0,0,0,0,0,0,0,0,0
fun,2,0,0,0,0,0,0,1,0,0,0,0,0,0
fuzz,0,0,0,0,0,0,0,1,0,0,0,0,0,0
pat,0,0,0,0,0,0,0,0,0,0,0,0,1,0
passenger,0,0,0,0,0,0,0,1,0,0,0,0,0,0
exactly,0,0,3,0,0,0,0,0,0,0,0,0,0,0
boss,0,0,0,0,0,0,0,2,0,0,0,0,0,0
scent,0,0,0,0,0,0,0,3,0,0,0,0,0,0
incense,0,0,0,0,0,0,0,1,0,0,0,0,0,0
waft,0,0,0,0,0,0,0,0,0,0,0,0,1,0
yak,0,0,0,0,0,0,0,2,0,0,0,0,0,0
meditation,0,0,0,0,0,0,0,1,0,0,0,0,0,0
buzz,0,0,0,0,0,0,0,0,0,0,0,0,4,0
unshowered,1,0,0,0,0,0,0,0,0,0,0,0,0,0
oooooooohmmmmm,0,0,0,0,0,0,2,0,0,0,0,0,0,0
match,0,0,0,0,0,0,0,0,0,0,0,0,1,0
pause,0,0,0,0,0,0,0,1,0,0,0,0,1,0
frequent,0,0,0,0,0,0,0,0,0,0,0,0,1,0
establishment,0,0,0,0,0,0,0,1,0,0,0,0,0,0
choo,0,0,0,0,0,0,1,0,0,0,0,0,0,0
sneeze,0,0,0,0,0,0,0,0,0,0,0,0,1,0
scatter,0,0,0,0,0,0,0,0,0,0,0,0,2,0
hover,0,0,0,0,0,0,0,0,0,0,0,0,1,0
yep,0,0,0,0,0,0,2,0,0,0,0,0,0,0
couple,0,0,0,0,0,0,0,2,0,0,0,0,0,0
yoga,0,0,0,0,0,0,0,2,0,0,0,0,0,0
different,2,0,0,0,0,0,0,0,0,0,0,0,0,0
area,0,0,0,0,0,0,0,2,0,0,0,0,0,0
club,0,0,0,0,0,0,0,2,0,0,0,0,0,0
sentence,0,0,0,0,0,0,0,2,0,0,0,0,0,0
naked,3,0,0,0,0,0,0,0,0,0,0,0,0,0
huh,0,0,0,0,0,0,2,0,0,0,0,0,0,0
nonchalantly,0,0,1,0,0,0,0,0,0,0,0,0,0,0
pleasure,0,0,0,0,0,0,0,2,0,0,0,0,0,0
pool,0,0,0,0,0,0,0,2,0,0,0,0,0,0
offer,0,0,0,0,0,0,0,0,0,0,0,0,4,0
lounge,0,0,0,0,0,0,0,0,0,0,0,0,1,0
shame,0,0,0,0,0,0,0,1,0,0,0,0,0,0
quits,1,0,0,0,0,0,0,0,0,0,0,0,0,0
determine,0,0,0,0,0,0,0,0,0,0,0,0,1,0
stay,0,0,0,0,0,0,0,0,0,0,0,0,2,0
spirit,0,0,0,0,0,0,0,1,0,0,0,0,0,0
joke,0,0,0,0,0,0,0,3,0,0,0,0,2,0
courtyard,0,0,0,0,0,0,0,1,0,0,0,0,0,0
act,0,0,0,0,0,0,0,0,0,0,0,0,3,0
normal,1,0,0,0,0,0,0,0,0,0,0,0,0,0
dart,0,0,0,0,0,0,0,3,0,0,0,0,5,0
neutral,1,0,0,0,0,0,0,0,0,0,0,0,0,0
naturalist,0,0,0,0,0,0,0,1,0,0,0,0,0,0
weird,2,0,0,0,0,0,0,0,0,0,0,0,0,0
clothe,0,0,0,0,0,0,0,1,0,0,0,0,0,0
totally,0,0,1,0,0,0,0,0,0,0,0,0,0,0
curiously,0,0,1,0,0,0,0,0,0,0,0,0,0,0
newcomer,0,0,0,0,0,0,0,1,0,0,0,0,0,0
dude,0,0,0,0,0,0,0,1,0,0,0,0,0,0
prompt,0,0,0,0,0,0,0,0,0,0,0,0,2,0
memory,0,0,0,0,0,0,0,3,0,0,0,0,0,0
beaver,0,0,0,0,0,0,0,2,0,0,0,0,0,0
state,0,0,0,0,0,0,0,0,0,0,0,0,2,0
correct,0,0,0,0,0,0,0,0,0,0,0,0,1,0
wednesday,0,0,0,0,0,0,0,1,0,0,0,0,0,0
member,0,0,0,0,0,0,0,2,0,0,0,0,0,0
green,1,0,0,0,0,0,0,0,0,0,0,0,0,0
cable,0,0,0,0,0,0,0,1,0,0,0,0,0,0
knit,0,0,0,0,0,0,0,0,0,0,0,0,1,0
sweater,0,0,0,0,0,0,0,1,0,0,0,0,0,0
pair,0,0,0,0,0,0,0,1,0,0,0,0,0,0
corduroy,0,0,0,0,0,0,0,1,0,0,0,0,0,0
slack,0,0,0,0,0,0,0,1,0,0,0,0,0,0
paisley,0,0,0,0,0,0,0,1,0,0,0,0,0,0
tie,0,0,0,0,0,0,0,1,0,0,0,0,0,0
knot,0,0,0,0,0,0,0,1,0,0,0,0,0,0
tight,1,0,1,0,0,0,0,0,0,0,0,0,0,0
luck,0,0,0,0,0,0,0,1,0,0,0,0,0,0
gold,0,0,0,0,0,0,0,1,0,0,0,0,0,0
scramble,0,0,0,0,0,0,0,0,0,0,0,0,3,0
license,0,0,0,0,0,0,0,4,0,0,0,0,0,0
plate,0,0,0,0,0,0,0,12,0,0,0,0,0,0
wow,0,0,0,0,0,0,4,0,0,0,0,0,0,0
lot,0,0,0,0,0,0,0,6,0,0,0,0,0,0
info,0,0,0,0,0,0,0,1,0,0,0,0,0,0
steel,0,0,0,0,0,0,0,1,0,0,0,0,0,0
ball,0,0,0,0,0,0,0,4,0,0,0,0,0,0
clue,0,0,0,0,0,0,0,3,0,0,0,0,0,0
moron,0,0,0,0,0,0,0,3,0,0,0,0,0,0
bid,0,0,0,0,0,0,0,0,0,0,0,0,1,0
adieu,0,0,0,0,0,0,0,1,0,0,0,0,0,0
swipe,0,0,0,0,0,0,0,2,0,0,0,0,1,0
gimme,0,0,0,0,0,0,0,0,0,0,0,0,1,0
gosh,0,0,0,0,0,0,2,0,0,0,0,0,0,0
task,0,0,0,0,0,0,0,1,0,0,0,0,0,0
hook,0,0,0,0,0,0,0,1,0,0,0,0,0,0
forever,0,0,2,0,0,0,0,0,0,0,0,0,0,0
sloth,0,0,0,0,0,0,0,3,0,0,0,0,0,0
employee,0,0,0,0,0,0,0,1,0,0,0,0,0,0
yard,0,0,0,0,0,0,0,1,0,0,0,0,0,0
meet,0,0,0,0,0,0,0,0,0,0,0,0,2,0
response,0,0,0,0,0,0,0,1,0,0,0,0,0,0
repeat,0,0,0,0,0,0,0,0,0,0,0,0,2,0
punch,0,0,0,0,0,0,0,0,0,0,0,0,3,0
digit,0,0,0,0,0,0,0,1,0,0,0,0,0,0
humped,5,0,0,0,0,0,0,0,0,0,0,0,0,0
camel,0,0,0,0,0,0,0,4,0,0,0,0,0,0
pregnant,3,0,0,0,0,0,0,0,0,0,0,0,0,0
reaction,0,0,0,0,0,0,0,1,0,0,0,0,0,0
creep,0,0,0,0,0,0,0,0,0,0,0,0,1,0
impatience,0,0,0,0,0,0,0,1,0,0,0,0,0,0
funny,4,0,0,0,0,0,0,0,0,0,0,0,0,0
focus,0,0,0,0,0,0,0,0,0,0,0,0,1,0
thoroughly,0,0,1,0,0,0,0,0,0,0,0,0,0,0
aaaaaaaaaagh,0,0,0,0,0,0,1,0,0,0,0,0,0,0
dot,0,0,0,0,0,0,0,1,0,0,0,0,0,0
matrix,0,0,0,0,0,0,0,1,0,0,0,0,0,0
printer,0,0,0,0,0,0,0,1,0,0,0,0,0,0
spit,0,0,0,0,0,0,0,0,0,0,0,0,1,0
address,0,0,0,0,0,0,0,2,0,0,0,0,1,0
frantically,0,0,2,0,0,0,0,0,0,0,0,0,0,0
printout,0,0,0,0,0,0,0,1,0,0,0,0,0,0
register,0,0,0,0,0,0,0,0,0,0,0,0,1,0
limo,0,0,0,0,0,0,0,7,0,0,0,0,0,0
owe,0,0,0,0,0,0,0,0,0,0,0,0,1,0
sky,0,0,0,0,0,0,0,1,0,0,0,0,0,0
dark,3,0,0,0,0,0,0,0,0,0,0,0,0,0
frigid,1,0,0,0,0,0,0,0,0,0,0,0,0,0
bet,0,0,0,0,0,0,0,0,0,0,0,0,3,0
warrant,0,0,0,0,0,0,0,3,0,0,0,0,0,0
hmm,0,0,0,0,0,0,1,0,0,0,0,0,0,0
bummer,0,0,0,0,0,0,0,1,0,0,0,0,0,0
waste,0,0,0,0,0,0,0,0,0,0,0,0,1,0
purpose,0,0,0,0,0,0,0,2,0,0,0,0,0,0
madam,0,0,0,0,0,0,0,1,0,0,0,0,0,0
impede,0,0,0,0,0,0,0,0,0,0,0,0,1,0
pretend,2,0,0,0,0,0,0,0,0,0,0,0,1,0
problem,0,0,0,0,0,0,0,1,0,0,0,0,0,0
miserable,1,0,0,0,0,0,0,0,0,0,0,0,0,0
consider,0,0,0,0,0,0,0,0,0,0,0,0,5,0
percent,0,0,0,0,0,0,0,3,0,0,0,0,0,0
sans,0,1,0,0,0,0,0,0,0,0,0,0,0,0
defeated,1,0,0,0,0,0,0,0,0,0,0,0,0,0
puzzled,1,0,0,0,0,0,0,0,0,0,0,0,0,0
sore,1,0,0,0,0,0,0,0,0,0,0,0,0,0
probable,1,0,0,0,0,0,0,0,0,0,0,0,0,0
shifty,2,0,0,0,0,0,0,0,0,0,0,0,0,0
lowlife,0,0,0,0,0,0,0,1,0,0,0,0,0,0
whistle,0,0,0,0,0,0,0,2,0,0,0,0,1,0
merry,1,0,0,0,0,0,0,0,0,0,0,0,0,0
tune,0,0,0,0,0,0,0,1,0,0,0,0,0,0
morsel,0,0,0,0,0,0,0,1,0,0,0,0,0,0
respect,0,0,0,0,0,0,0,2,0,0,0,0,0,0
trick,0,0,0,0,0,0,0,1,0,0,0,0,1,0
bumper,0,0,0,0,0,0,0,2,0,0,0,0,0,0
limousine,0,0,0,0,0,0,0,1,0,0,0,0,0,0
refrigousine,0,0,0,0,0,0,0,1,0,0,0,0,0,0
heavy,1,0,0,0,0,0,0,0,0,0,0,0,0,0
refrigerator,0,0,0,0,0,0,0,1,0,0,0,0,0,0
evidence,0,0,0,0,0,0,0,4,0,0,0,0,0,0
tweezer,0,0,0,0,0,0,0,2,0,0,0,0,0,0
snoop,0,0,0,0,0,0,0,0,0,0,0,0,3,0
chilly,1,0,0,0,0,0,0,0,0,0,0,0,0,0
polar,14,0,0,0,0,0,0,0,0,0,0,0,0,0
god,0,0,0,0,0,0,1,0,0,0,0,0,0,0
whirl,0,0,0,0,0,0,0,0,0,0,0,0,1,0
source,0,0,0,0,0,0,0,2,0,0,0,0,0,0
excitement,0,0,0,0,0,0,0,1,0,0,0,0,0,0
compartment,0,0,0,0,0,0,0,1,0,0,0,0,0,0
pipe,0,0,0,0,0,0,0,3,0,0,0,0,0,0
cd,0,0,0,0,0,0,0,2,0,0,0,0,0,0
use,0,0,0,0,0,0,0,0,0,0,0,0,5,0
collect,0,0,0,0,0,0,0,0,0,0,0,0,2,0
lower,0,0,0,0,0,0,0,0,0,0,0,0,1,0
partition,0,0,0,0,0,0,0,1,0,0,0,0,0,0
shoot,0,0,0,0,0,0,0,0,0,0,0,0,2,0
backseat,0,0,0,0,0,0,0,1,0,0,0,0,0,0
shred,0,0,0,0,0,0,0,0,0,0,0,0,1,0
violent,1,0,0,0,0,0,0,0,0,0,0,0,0,0
scrape,0,0,0,0,0,0,0,0,0,0,0,0,2,0
concerned,1,0,0,0,0,0,0,0,0,0,0,0,0,0
card,0,0,0,0,0,0,0,2,0,0,0,0,0,0
floral,1,0,0,0,0,0,0,0,0,0,0,0,0,0
definitely,0,0,1,0,0,0,0,0,0,0,0,0,0,0
stumped,1,0,0,0,0,0,0,0,0,0,0,0,0,0
drift,0,0,0,0,0,0,0,0,0,0,0,0,1,0
cocktail,0,0,0,0,0,0,0,1,0,0,0,0,0,0
bar,0,0,0,0,0,0,0,2,0,0,0,0,0,0
etch,0,0,0,0,0,0,0,0,0,0,0,0,1,0
letter,0,0,0,0,0,0,0,1,0,0,0,0,0,0
fancy,2,0,0,0,0,0,0,0,0,0,0,0,0,0
cup,0,0,0,0,0,0,0,1,0,0,0,0,0,0
nervously,0,0,2,0,0,0,0,0,0,0,0,0,0,0
dangerous,1,0,0,0,0,0,0,0,0,0,0,0,0,0
crime,0,0,0,0,0,0,0,3,0,0,0,0,0,0
scene,0,0,0,0,0,0,0,4,0,0,0,0,0,0
break,0,0,0,0,0,0,0,1,0,0,0,0,7,0
speak,0,0,0,0,0,0,0,0,0,0,0,0,8,0
old,6,0,0,0,0,0,0,0,0,0,0,0,0,0
sandwich,0,0,0,0,0,0,0,0,0,0,0,0,1,0
expensive,1,0,0,0,0,0,0,0,0,0,0,0,0,0
wool,0,0,0,0,0,0,0,2,0,0,0,0,0,0
rug,0,0,0,0,0,0,0,6,0,0,0,0,0,0
skunk,0,0,0,0,0,0,0,4,0,0,0,0,0,0
cheese,0,0,0,0,0,0,0,1,0,0,0,0,0,0
cracker,0,0,0,0,0,0,0,1,0,0,0,0,0,0
guard,0,0,0,0,0,0,0,3,0,0,0,0,2,0
security,0,0,0,0,0,0,0,2,0,0,0,0,0,0
residential,1,0,0,0,0,0,0,0,0,0,0,0,0,0
compound,0,0,0,0,0,0,0,1,0,0,0,0,0,0
house,0,0,0,0,0,0,0,1,0,0,0,0,0,0
lavishly,0,0,1,0,0,0,0,0,0,0,0,0,0,0
teeny,1,0,0,0,0,0,0,0,0,0,0,0,0,0
simple,2,0,0,0,0,0,0,0,0,0,0,0,0,0
misunder,0,0,0,0,0,0,0,1,0,0,0,0,0,0
eyed,1,0,0,0,0,0,0,0,0,0,0,0,0,0
misunderstanding,0,0,0,0,0,0,0,1,0,0,0,0,0,0
motion,0,0,0,0,0,0,0,0,0,0,0,0,5,0
quiet,2,0,0,0,0,0,0,0,0,0,0,0,0,0
unannounced,1,0,0,0,0,0,0,0,0,0,0,0,0,0
marry,0,0,0,0,0,0,0,0,0,0,0,0,1,0
raspy,1,0,0,0,0,0,0,0,0,0,0,0,0,0
authoritative,1,0,0,0,0,0,0,0,0,0,0,0,0,0
certainly,0,0,1,0,0,0,0,0,0,0,0,0,0,0
wedding,0,0,0,0,0,0,0,4,0,0,0,0,0,0
trust,0,0,0,0,0,0,0,1,0,0,0,0,4,0
bread,0,0,0,0,0,0,0,1,0,0,0,0,0,0
gram,0,0,0,0,0,0,0,2,0,0,0,0,0,0
mama,0,0,0,0,0,0,0,2,0,0,0,0,0,0
cannoli,0,0,0,0,0,0,0,1,0,0,0,0,0,0
frown,0,0,0,0,0,0,0,0,0,0,0,0,2,0
scratch,0,0,0,0,0,0,0,2,0,0,0,0,1,0
chin,0,0,0,0,0,0,0,1,0,0,0,0,0,0
repay,0,0,0,0,0,0,0,0,0,0,0,0,1,0
generosity,0,0,0,0,0,0,0,1,0,0,0,0,0,0
disrespect,0,0,0,0,0,0,0,0,0,0,0,0,2,0
bury,0,0,0,0,0,0,0,0,0,0,0,0,1,0
performer,0,0,0,0,0,0,0,1,0,0,0,0,0,0
mime,0,0,0,0,0,0,0,4,0,0,0,0,0,0
shift,0,0,0,0,0,0,0,0,0,0,0,0,1,0
agitated,1,0,0,0,0,0,0,0,0,0,0,0,0,0
intimidate,0,0,0,0,0,0,0,0,0,0,0,0,1,0
request,0,0,0,0,0,0,0,1,0,0,0,0,0,0
whoa,0,0,0,0,0,0,2,0,0,0,0,0,0,0
squirm,0,0,0,0,0,0,0,0,0,0,0,0,2,0
freezing,1,0,0,0,0,0,0,0,0,0,0,0,0,0
pit,0,0,0,0,0,0,0,5,0,0,0,0,0,0
beg,0,0,0,0,0,0,0,0,0,0,0,0,1,0
gown,0,0,0,0,0,0,0,1,0,0,0,0,0,0
clearly,0,0,2,0,0,0,0,0,0,0,0,0,0,0
yesterday,0,0,0,0,0,0,0,1,0,0,0,0,0,0
stylish,1,0,0,0,0,0,0,0,0,0,0,0,0,0
sweetly,0,0,1,0,0,0,0,0,0,0,0,0,0,0
dress,0,0,0,0,0,0,0,1,0,0,0,0,0,0
kindness,0,0,0,0,0,0,0,1,0,0,0,0,0,0
dumbfounded,1,0,0,0,0,0,0,0,0,0,0,0,0,0
extremely,0,0,1,0,0,0,0,0,0,0,0,0,0,0
arctic,1,0,0,0,0,0,0,0,0,0,0,0,0,0
groom,0,0,0,0,0,0,0,1,0,0,0,0,0,0
feed,0,0,0,0,0,0,0,0,0,0,0,0,1,0
cake,0,0,0,0,0,0,0,1,0,0,0,0,0,0
discuss,0,0,0,0,0,0,0,0,0,0,0,0,1,0
half,0,0,1,0,0,0,0,2,0,0,0,0,0,0
exchange,0,0,0,0,0,0,0,0,0,0,0,0,1,0
worried,1,0,0,0,0,0,0,0,0,0,0,0,0,0
lush,1,0,0,0,0,0,0,0,0,0,0,0,0,0
humid,1,0,0,0,0,0,0,0,0,0,0,0,0,0
search,0,0,0,0,0,0,0,1,0,0,0,0,3,0
steam,0,0,0,0,0,0,0,1,0,0,0,0,0,0
pump,0,0,0,0,0,0,0,0,0,0,0,0,2,0
steady,1,0,0,0,0,0,0,0,0,0,0,0,0,0
stream,0,0,0,0,0,0,0,1,0,0,0,0,0,0
mist,0,0,0,0,0,0,0,1,0,0,0,0,0,0
rainforest,0,0,0,0,0,0,0,2,0,0,0,0,0,0
higher,0,0,2,0,0,0,0,0,0,0,0,0,0,0
wind,0,0,0,0,0,0,0,0,0,0,0,0,1,0
canopy,0,0,0,0,0,0,0,4,0,0,0,0,0,0
steamy,1,0,0,0,0,0,0,0,0,0,0,0,0,0
fog,0,0,0,0,0,0,0,1,0,0,0,0,0,0
moss,0,0,0,0,0,0,0,1,0,0,0,0,0,0
doorbell,0,0,0,0,0,0,0,1,0,0,0,0,0,0
mailbox,0,0,0,0,0,0,0,1,0,0,0,0,0,0
kitty,0,0,0,0,0,0,0,1,0,0,0,0,0,0
issue,0,0,0,0,0,0,0,1,0,0,0,0,0,0
magazine,0,0,0,0,0,0,0,1,0,0,0,0,0,0
tuna,0,0,0,0,0,0,0,3,0,0,0,0,0,0
cat,0,0,0,0,0,0,0,1,0,0,0,0,0,0
yarn,0,0,0,0,0,0,0,1,0,0,0,0,0,0
playfully,0,0,1,0,0,0,0,0,0,0,0,0,0,0
partner,0,0,0,0,0,0,0,4,0,0,0,0,0,0
idiot,0,0,0,0,0,0,0,1,0,0,0,0,0,0
creak,0,0,0,0,0,0,0,0,0,0,0,0,2,0
chain,0,0,0,0,0,0,0,1,0,0,0,0,0,0
badly,0,0,3,0,0,0,0,0,0,0,0,0,0,0
bruise,0,0,0,0,0,0,0,1,0,0,0,0,0,0
teensy,1,0,0,0,0,0,0,0,0,0,0,0,0,0
describe,0,0,0,0,0,0,0,0,0,0,0,0,2,0
haunted,1,0,0,0,0,0,0,0,0,0,0,0,0,0
relive,0,0,0,0,0,0,0,0,0,0,0,0,1,0
four,0,0,0,0,0,0,0,3,0,0,0,0,0,0
howler,0,0,0,0,0,0,0,19,0,0,0,0,0,0
information,0,0,0,0,0,0,0,1,0,0,0,0,0,0
cue,0,0,0,0,0,0,0,1,0,0,0,0,0,0
yup,0,0,0,0,0,0,1,0,0,0,0,0,0,0
persuade,0,0,0,0,0,0,0,0,0,0,0,0,1,0
unlock,0,0,0,0,0,0,0,0,0,0,0,0,1,0
impressed,4,0,0,0,0,0,0,0,0,0,0,0,0,0
strange,1,0,0,0,0,0,0,0,0,0,0,0,0,0
noise,0,0,0,0,0,0,0,1,0,0,0,0,0,0
inch,0,0,0,0,0,0,0,1,0,0,0,0,0,0
hunch,0,0,0,0,0,0,0,0,0,0,0,0,1,0
low,2,0,0,0,0,0,0,0,0,0,0,0,0,0
growl,0,0,0,0,0,0,0,2,0,0,0,0,1,0
race,0,0,0,0,0,0,0,0,0,0,0,0,7,0
primal,1,0,0,0,0,0,0,0,0,0,0,0,0,0
wrong,2,0,0,0,0,0,0,0,0,0,0,0,0,0
suspension,0,0,0,0,0,0,0,1,0,0,0,0,0,0
branch,0,0,0,0,0,0,0,1,0,0,0,0,0,0
hollow,1,0,0,0,0,0,0,0,0,0,0,0,0,0
log,0,0,0,0,0,0,0,3,0,0,0,0,0,0
stalk,0,0,0,0,0,0,0,0,0,0,0,0,3,0
dispatch,0,0,0,0,0,0,0,0,0,0,0,0,1,0
casually,0,0,1,0,0,0,0,0,0,0,0,0,0,0
coworker,0,0,0,0,0,0,0,2,0,0,0,0,0,0
light,0,0,0,0,0,0,0,2,0,0,0,0,0,0
blink,0,0,0,0,0,0,0,0,0,0,0,0,1,0
singer,0,0,0,0,0,0,0,1,0,0,0,0,0,0
lifetime,0,0,0,0,0,0,0,1,0,0,0,0,0,0
angel,0,0,0,0,0,0,0,1,0,0,0,0,0,0
dancer,0,0,0,0,0,0,0,1,0,0,0,0,0,0
robotic,1,0,0,0,0,0,0,0,0,0,0,0,0,0
type,0,0,0,0,0,0,0,2,0,0,0,0,1,0
racket,0,0,0,0,0,0,0,1,0,0,0,0,0,0
gondola,0,0,0,0,0,0,0,6,0,0,0,0,0,0
skytram,0,0,0,0,0,0,0,1,0,0,0,0,0,0
slip,0,0,0,0,0,0,0,0,0,0,0,0,1,0
separate,0,0,0,0,0,0,0,0,0,0,0,0,1,0
regain,0,0,0,0,0,0,0,0,0,0,0,0,1,0
footing,0,0,0,0,0,0,0,1,0,0,0,0,0,0
surface,0,0,0,0,0,0,0,1,0,0,0,0,0,0
offend,0,0,0,0,0,0,0,0,0,0,0,0,1,0
disrespe,0,0,0,0,0,0,0,1,0,0,0,0,0,0
charge,0,0,0,0,0,0,0,0,0,0,0,0,1,0
speed,0,0,0,0,0,0,0,2,0,0,0,0,3,0
split,2,0,0,0,0,0,0,0,0,0,0,0,0,0
clank,0,0,0,0,0,0,0,1,0,0,0,0,0,0
handcuff,0,0,0,0,0,0,0,2,0,0,0,0,1,0
cuff,0,0,0,0,0,0,0,0,0,0,0,0,2,0
metal,0,0,0,0,0,0,0,2,0,0,0,0,0,0
tense,1,0,0,0,0,0,0,0,0,0,0,0,0,0
personal,1,0,0,0,0,0,0,0,0,0,0,0,0,0
angrily,0,0,2,0,0,0,0,0,0,0,0,0,0,0
walkway,0,0,0,0,0,0,0,1,0,0,0,0,0,0
vine,0,0,0,0,0,0,0,5,0,0,0,0,0,0
dangle,0,0,0,0,0,0,0,0,0,0,0,0,2,0
bottomless,1,0,0,0,0,0,0,0,0,0,0,0,0,0
abyss,0,0,0,0,0,0,0,1,0,0,0,0,0,0
misunderstand,0,0,0,0,0,0,0,0,0,0,0,0,1,0
count,0,0,0,0,0,0,0,0,0,0,0,0,2,0
swinge,0,0,0,0,0,0,0,0,0,0,0,0,1,0
net,0,0,0,0,0,0,0,2,0,0,0,0,0,0
support,0,0,0,0,0,0,0,0,0,0,0,0,1,0
weight,0,0,0,0,0,0,0,1,0,0,0,0,0,0
plummet,0,0,0,0,0,0,0,0,0,0,0,0,1,0
luckily,0,0,1,0,0,0,0,0,0,0,0,0,0,0
cluster,0,0,0,0,0,0,0,1,0,0,0,0,0,0
tangle,0,0,0,0,0,0,0,0,0,0,0,0,1,0
siren,0,0,0,0,0,0,0,2,0,0,0,0,0,0
convoy,0,0,0,0,0,0,0,1,0,0,0,0,0,0
halt,0,0,0,0,0,0,0,1,0,0,0,0,0,0
cavalry,0,0,0,0,0,0,0,1,0,0,0,0,0,0
upside,0,0,1,0,0,0,0,0,0,0,0,0,0,0
suspend,0,0,0,0,0,0,0,0,0,0,0,0,1,0
confidently,0,0,1,0,0,0,0,0,0,0,0,0,0,0
scoff,0,0,0,0,0,0,0,0,0,0,0,0,2,0
vanish,0,0,0,0,0,0,0,0,0,0,0,0,1,0
kill,0,0,0,0,0,0,0,0,0,0,0,0,3,0
aggressive,2,0,0,0,0,0,0,0,0,0,0,0,0,0
enlist,0,0,0,0,0,0,0,0,0,0,0,0,1,0
annoy,0,0,0,0,0,0,0,0,0,0,0,0,1,0
outstretched,1,0,0,0,0,0,0,0,0,0,0,0,0,0
clown,0,0,0,0,0,0,0,1,0,0,0,0,0,0
mobile,0,0,0,0,0,0,0,1,0,0,0,0,0,0
silently,0,0,1,0,0,0,0,0,0,0,0,0,0,0
technically,0,0,1,0,0,0,0,0,0,0,0,0,0,0
guide,0,0,0,0,0,0,0,0,0,0,0,0,1,0
stunned,1,0,0,0,0,0,0,0,0,0,0,0,0,0
soar,0,0,0,0,0,0,0,0,0,0,0,0,1,0
surprised,3,0,0,0,0,0,0,0,0,0,0,0,0,0
emotionally,0,0,1,0,0,0,0,0,0,0,0,0,0,0
unbalanced,1,0,0,0,0,0,0,0,0,0,0,0,0,0
har,0,0,0,0,0,0,1,0,0,0,0,0,0,0
brand,0,0,1,0,0,0,0,0,0,0,0,0,0,0
troop,0,0,0,0,0,0,0,1,0,0,0,0,0,0
oath,0,0,0,0,0,0,0,1,0,0,0,0,0,0
scout,0,0,0,0,0,0,0,1,0,0,0,0,0,0
tackle,0,0,0,0,0,0,0,0,0,0,0,0,2,0
pred,0,0,0,0,0,0,0,2,0,0,0,0,0,0
muzzle,0,0,0,0,0,0,0,3,0,0,0,0,2,0
snout,0,0,0,0,0,0,0,1,0,0,0,0,0,0
limp,0,0,0,0,0,0,0,0,0,0,0,0,2,0
learn,0,0,0,0,0,0,0,0,0,0,0,0,1,0
prod,0,0,0,0,0,0,0,0,0,0,0,0,1,0
untrustworthy,1,0,0,0,0,0,0,0,0,0,0,0,0,0
pierce,0,0,0,0,0,0,0,0,0,0,0,0,1,0
cloud,0,0,0,0,0,0,0,1,0,0,0,0,0,0
subject,0,0,0,0,0,0,0,1,0,0,0,0,0,0
cheesy,1,0,0,0,0,0,0,0,0,0,0,0,0,0
announcer,0,0,0,0,0,0,0,1,0,0,0,0,0,0
glad,1,0,0,0,0,0,0,0,0,0,0,0,0,0
urgently,0,0,1,0,0,0,0,0,0,0,0,0,0,0
seriously,0,0,1,0,0,0,0,0,0,0,0,0,0,0
shh,0,0,0,0,0,0,1,0,0,0,0,0,0,0
shush,0,0,0,0,0,0,1,0,0,0,0,0,1,0
bingo,0,0,0,0,0,0,0,1,0,0,0,0,0,0
chuck,0,0,0,0,0,0,0,0,0,0,0,0,1,0
sneaky,1,0,0,0,0,0,0,0,0,0,0,0,0,0
access,0,0,0,0,0,0,0,1,0,0,0,0,0,0
hopeful,1,0,0,0,0,0,0,0,0,0,0,0,0,0
stack,0,0,0,0,0,0,0,2,0,0,0,0,0,0
impatiently,0,0,1,0,0,0,0,0,0,0,0,0,0,0
afternoon,0,0,0,0,0,0,0,2,0,0,0,0,0,0
meeting,0,0,0,0,0,0,0,1,0,0,0,0,0,0
mutton,0,0,0,0,0,0,0,1,0,0,0,0,0,0
chop,0,0,0,0,0,0,0,1,0,0,0,0,0,0
cramped,1,0,0,0,0,0,0,0,0,0,0,0,0,0
janitor,0,0,0,0,0,0,0,1,0,0,0,0,0,0
closet,0,0,0,0,0,0,0,1,0,0,0,0,0,0
database,0,0,0,0,0,0,0,1,0,0,0,0,0,0
keyboard,0,0,0,0,0,0,0,1,0,0,0,0,0,0
barely,0,0,1,0,0,0,0,0,0,0,0,0,0,0
puff,0,0,0,0,0,0,0,1,0,0,0,0,0,0
sooo,0,0,1,0,0,0,0,0,0,0,0,0,0,0
fluffy,2,0,0,0,0,0,0,0,0,0,0,0,0,0
mesmerize,0,0,0,0,0,0,0,0,0,0,0,0,1,0
cotton,0,0,0,0,0,0,0,1,0,0,0,0,0,0
candy,0,0,0,0,0,0,0,1,0,0,0,0,0,0
swat,0,0,0,0,0,0,0,1,0,0,0,0,1,0
smiled,0,0,0,0,0,0,0,1,0,0,0,0,0,0
correctly,0,0,1,0,0,0,0,0,0,0,0,0,0,0
exciting,1,0,0,0,0,0,0,0,0,0,0,0,0,0
assistant,2,0,0,0,0,0,0,0,0,0,0,0,0,0
glorified,1,0,0,0,0,0,0,0,0,0,0,0,0,0
secretary,0,0,0,0,0,0,0,1,0,0,0,0,0,0
vote,0,0,0,0,0,0,0,1,0,0,0,0,0,0
mug,0,0,0,0,0,0,0,2,0,0,0,0,0,0
cringe,0,0,0,0,0,0,0,0,0,0,0,0,1,0
cancel,0,0,0,0,0,0,0,0,0,0,0,0,1,0
dear,0,0,0,0,0,0,0,1,0,0,0,0,0,0
lint,0,0,0,0,0,0,0,1,0,0,0,0,0,0
footage,0,0,0,0,0,0,0,5,0,0,0,0,0,0
onscreen,0,1,0,0,0,0,0,0,0,0,0,0,0,0
mancha,0,0,0,0,0,0,0,1,0,0,0,0,0,0
skid,0,0,0,0,0,0,0,0,0,0,0,0,1,0
timber,0,0,0,0,0,0,0,1,0,0,0,0,0,0
dum,0,0,0,0,0,0,0,2,0,0,0,0,0,0
gasp,0,0,0,0,0,0,0,1,0,0,0,0,1,0
nickel,0,0,0,0,0,0,0,1,0,0,0,0,0,0
howl,0,0,0,0,0,0,0,2,0,0,0,0,6,0
afraid,1,0,0,0,0,0,0,0,0,0,0,0,0,0
tunnel,0,0,0,0,0,0,0,2,0,0,0,0,0,0
surveillance,0,0,0,0,0,0,0,2,0,0,0,0,0,0
illegal,1,0,0,0,0,0,0,0,0,0,0,0,0,0
maintenance,0,0,0,0,0,0,0,1,0,0,0,0,0,0
emerge,0,0,0,0,0,0,0,0,0,0,0,0,5,0
dare,0,0,0,0,0,0,0,0,0,0,0,0,1,0
horror,0,0,0,0,0,0,0,1,0,0,0,0,0,0
track,0,0,0,0,0,0,0,4,0,0,0,0,1,0
alley,0,0,0,0,0,0,0,1,0,0,0,0,0,0
scary,1,0,0,0,0,0,0,0,0,0,0,0,0,0
mysterious,1,0,0,0,0,0,0,0,0,0,0,0,0,0
past,0,3,1,0,0,0,0,0,0,0,0,0,0,0
checkpoint,0,0,0,0,0,0,0,1,0,0,0,0,0,0
creepy,1,0,0,0,0,0,0,0,0,0,0,0,0,0
perch,0,0,0,0,0,0,0,0,0,0,0,0,1,0
cliff,0,0,0,0,0,0,0,2,0,0,0,0,0,0
ocean,0,0,0,0,0,0,0,1,0,0,0,0,0,0
venture,0,0,0,0,0,0,0,0,0,0,0,0,1,0
asylum,0,0,0,0,0,0,0,3,0,0,0,0,0,0
sneak,0,0,0,0,0,0,0,0,0,0,0,0,2,0
tiptoe,0,0,0,0,0,0,0,0,0,0,0,0,1,0
sniff,0,0,0,0,0,0,0,0,0,0,0,0,1,0
driftwood,0,0,0,0,0,0,0,1,0,0,0,0,0,0
ooooooooo,0,0,0,0,0,0,2,0,0,0,0,0,0,0
beneath,0,1,0,0,0,0,0,0,0,0,0,0,0,0
sharply,0,0,1,0,0,0,0,0,0,0,0,0,0,0
control,0,0,0,0,0,0,0,0,0,0,0,0,1,0
distraction,0,0,0,0,0,0,0,1,0,0,0,0,0,0
clever,1,0,0,0,0,0,0,0,0,0,0,0,0,0
rock,0,0,0,0,0,0,0,1,0,0,0,0,0,0
waterfall,0,0,0,0,0,0,0,2,0,0,0,0,0,0
cavernous,1,0,0,0,0,0,0,0,0,0,0,0,0,0
rusty,1,0,0,0,0,0,0,0,0,0,0,0,0,0
medical,2,0,0,0,0,0,0,0,0,0,0,0,0,0
equipment,0,0,0,0,0,0,0,2,0,0,0,0,0,0
hospital,0,0,0,0,0,0,0,3,0,0,0,0,0,0
shine,0,0,0,0,0,0,0,0,0,0,0,0,1,0
corridor,0,0,0,0,0,0,0,3,0,0,0,0,0,0
shiny,1,0,0,0,0,0,0,0,0,0,0,0,0,0
modern,1,0,0,0,0,0,0,0,0,0,0,0,0,0
cautiously,0,0,1,0,0,0,0,0,0,0,0,0,0,0
crisscross,0,0,0,0,0,0,0,0,0,0,0,0,1,0
groove,0,0,0,0,0,0,0,1,0,0,0,0,0,0
intimidated,1,0,0,0,0,0,0,0,0,0,0,0,0,0
anima,0,0,0,0,0,0,0,1,0,0,0,0,0,0
tiger,0,0,0,0,0,0,0,2,0,0,0,0,0,0
free,0,0,1,0,0,0,0,0,0,0,0,0,1,0
grip,0,0,0,0,0,0,0,2,0,0,0,0,0,0
flashlight,0,0,0,0,0,0,0,1,0,0,0,0,0,0
swivel,0,0,0,0,0,0,0,0,0,0,0,0,1,0
pace,0,0,0,0,0,0,0,0,0,0,0,0,1,0
feral,1,0,0,0,0,0,0,0,0,0,0,0,0,0
wife,0,0,0,0,0,0,0,2,0,0,0,0,0,0
lunge,0,0,0,0,0,0,0,0,0,0,0,0,3,0
thirteen,0,0,0,0,0,0,0,0,1,0,0,0,0,0
plus,0,0,0,0,1,0,0,0,0,0,0,0,0,0
footstep,0,0,0,0,0,0,0,1,0,0,0,0,0,0
intense,1,0,0,0,0,0,0,0,0,0,0,0,0,0
tired,1,0,0,0,0,0,0,0,0,0,0,0,0,0
record,0,0,0,0,0,0,0,0,0,0,0,0,1,0
badger,0,0,0,0,0,0,0,1,0,0,0,0,0,0
doctor,0,0,0,0,0,0,0,8,0,0,0,0,0,0
freaking,1,0,0,0,0,0,0,0,0,0,0,0,0,0
rail,0,0,0,0,0,0,0,1,0,0,0,0,0,0
awfully,0,0,1,0,0,0,0,0,0,0,0,0,0,0
cage,0,0,0,0,0,0,0,1,0,0,0,0,0,0
spare,0,0,0,0,0,0,0,0,0,0,0,0,1,0
common,3,0,0,0,0,0,0,0,0,0,0,0,0,0
secret,0,0,0,0,0,0,0,1,0,0,0,0,0,0
ahold,0,0,0,0,0,0,0,1,0,0,0,0,0,0
startled,1,0,0,0,0,0,0,0,0,0,0,0,0,0
sweep,0,0,0,0,0,0,0,0,0,0,0,0,1,0
swarm,0,0,0,0,0,0,0,0,0,0,0,0,1,0
swim,0,0,0,0,0,0,0,0,0,0,0,0,3,0
dive,0,0,0,0,0,0,0,0,0,0,0,0,2,0
toilet,0,0,0,0,0,0,0,1,0,0,0,0,0,0
cascade,0,0,0,0,0,0,0,0,0,0,0,0,1,0
riverbank,0,0,0,0,0,0,0,1,0,0,0,0,0,0
kidnapping,0,0,0,0,0,0,0,1,0,0,0,0,0,0
imprisonment,0,0,0,0,0,0,0,1,0,0,0,0,0,0
innocent,2,0,0,0,0,0,0,0,0,0,0,0,0,0
citizen,0,0,0,0,0,0,0,1,0,0,0,0,0,0
understand,0,0,0,0,0,0,0,0,0,0,0,0,3,0
remain,0,0,0,0,0,0,0,0,0,0,0,0,1,0
silent,1,0,0,0,0,0,0,0,0,0,0,0,0,0
poster,0,0,0,0,0,0,0,2,0,0,0,0,0,0
gentlemammal,0,0,0,0,0,0,0,1,0,0,0,0,0,0
nervous,1,0,0,0,0,0,0,0,0,0,0,0,0,0
smart,1,0,0,0,0,0,0,0,0,0,0,0,0,0
rhetorical,1,0,0,0,0,0,0,0,0,0,0,0,0,0
application,0,0,0,0,0,0,0,3,0,0,0,0,0,0
salute,0,0,0,0,0,0,0,0,0,0,0,0,2,0
reporter,0,0,0,0,0,0,0,9,0,0,0,0,0,0
specie,0,0,0,0,0,0,0,1,0,0,0,0,0,0
thumb,0,0,0,0,0,0,0,1,0,0,0,0,0,0
connection,0,0,0,0,0,0,0,1,0,0,0,0,0,0
react,0,0,0,0,0,0,0,0,0,0,0,0,1,0
one,0,0,0,0,0,0,0,2,0,0,0,0,0,0
demand,0,0,0,0,0,0,0,0,0,0,0,0,1,0
accurate,1,0,0,0,0,0,0,0,0,0,0,0,0,0
hesitate,0,0,0,0,0,0,0,0,0,0,0,0,1,0
rumble,0,0,0,0,0,0,0,0,0,0,0,0,1,0
disappointment,0,0,0,0,0,0,0,2,0,0,0,0,0,0
escalate,0,0,0,0,0,0,0,0,0,0,0,0,1,0
tension,0,0,0,0,0,0,0,1,0,0,0,0,0,0
murmur,0,0,0,0,0,0,0,1,0,0,0,0,0,0
ripple,0,0,0,0,0,0,0,0,0,0,0,0,1,0
biological,2,0,0,0,0,0,0,0,0,0,0,0,0,0
component,0,0,0,0,0,0,0,2,0,0,0,0,0,0
elaborate,0,0,0,0,0,0,0,0,0,0,0,0,1,0
hunting,0,0,0,0,0,0,0,1,0,0,0,0,0,0
revert,0,0,0,0,0,0,0,0,0,0,0,0,2,0
comment,0,0,0,0,0,0,0,1,0,0,0,0,0,0
hubbub,0,0,0,0,0,0,0,1,0,0,0,0,0,0
possible,1,0,0,0,0,0,0,0,0,0,0,0,0,0
vigilant,1,0,0,0,0,0,0,0,0,0,0,0,0,0
prepared,1,0,0,0,0,0,0,0,0,0,0,0,0,0
absolute,1,0,0,0,0,0,0,0,0,0,0,0,0,0
frenzy,0,0,0,0,0,0,0,1,0,0,0,0,0,0
quarantine,0,0,0,0,0,0,0,0,0,0,0,0,1,0
eager,1,0,0,0,0,0,0,0,0,0,0,0,0,0
unsure,1,0,0,0,0,0,0,0,0,0,0,0,0,0
chance,0,0,0,0,0,0,0,1,0,0,0,0,0,0
mention,0,0,0,0,0,0,0,0,0,0,0,0,1,0
sarcastically,0,0,2,0,0,0,0,0,0,0,0,0,0,0
incredulously,0,0,1,0,0,0,0,0,0,0,0,0,0,0
fact,0,0,0,0,0,0,0,1,0,0,0,0,0,0
flinch,0,0,0,0,0,0,0,0,0,0,0,0,1,0
automatically,0,0,1,0,0,0,0,0,0,0,0,0,0,0
toss,0,0,0,0,0,0,0,0,0,0,0,0,2,0
trash,0,0,0,0,0,0,0,1,0,0,0,0,0,0
friendship,0,0,0,0,0,0,0,1,0,0,0,0,0,0
fix,0,0,0,0,0,0,0,0,0,0,0,0,2,0
conference,0,0,0,0,0,0,0,1,0,0,0,0,0,0
wedge,0,0,0,0,0,0,0,1,0,0,0,0,0,0
conflict,0,0,0,0,0,0,0,1,0,0,0,0,0,0
protest,0,0,0,0,0,0,0,2,0,0,0,0,0,0
differently,0,0,1,0,0,0,0,0,0,0,0,0,0,0
oppose,0,0,0,0,0,0,0,0,0,0,0,0,1,0
side,0,0,0,0,0,0,0,1,0,0,0,0,0,0
argue,0,0,0,0,0,0,0,0,0,0,0,0,1,0
forest,0,0,0,0,0,0,0,1,0,0,0,0,0,0
savanna,0,0,0,0,0,0,0,1,0,0,0,0,0,0
news,0,0,0,0,0,0,0,5,0,0,0,0,0,0
star,0,0,0,0,0,0,0,1,0,0,0,0,0,0
rally,0,0,0,0,0,0,0,0,0,0,0,0,1,0
blame,0,0,0,0,0,0,0,1,0,0,0,0,1,0
irresponsible,2,0,0,0,0,0,0,0,0,0,0,0,0,0
fighting,0,0,0,0,0,0,0,1,0,0,0,0,0,0
responsible,1,0,0,0,0,0,0,0,0,0,0,0,0,0
subway,0,0,0,0,0,0,0,7,0,0,0,0,0,0
mother,0,0,0,0,0,0,0,2,0,0,0,0,0,0
board,0,0,0,0,0,0,0,0,0,0,0,0,1,0
flail,0,0,0,0,0,0,0,0,0,0,0,0,1,0
madman,0,0,0,0,0,0,0,1,0,0,0,0,0,0
padded,1,0,0,0,0,0,0,0,0,0,0,0,0,0
downstairs,0,0,1,0,0,0,0,0,0,0,0,0,0,0
boiler,0,0,0,0,0,0,0,1,0,0,0,0,0,0
command,0,0,0,0,0,0,0,0,0,0,0,0,1,0
pamphlet,0,0,0,0,0,0,0,1,0,0,0,0,0,0
ninety,0,0,0,0,0,0,0,0,2,0,0,0,0,0
public,1,0,0,0,0,0,0,0,0,0,0,0,0,0
sadly,0,0,1,0,0,0,0,0,0,0,0,0,0,0
credit,0,0,0,0,0,0,0,1,0,0,0,0,0,0
suppose,0,0,0,0,0,0,0,0,0,0,0,0,1,0
apart,0,0,1,0,0,0,0,0,0,0,0,0,0,0
deserve,0,0,0,0,0,0,0,0,0,0,0,0,1,0
vegetable,0,0,0,0,0,0,0,1,0,0,0,0,0,0
robotically,0,0,1,0,0,0,0,0,0,0,0,0,0,0
droopy,1,0,0,0,0,0,0,0,0,0,0,0,0,0
trier,0,0,0,0,0,0,0,2,0,0,0,0,0,0
devil,0,0,0,0,0,0,0,1,0,0,0,0,0,0
bakery,0,0,0,0,0,0,0,1,0,0,0,0,0,0
truck,0,0,0,0,0,0,0,5,0,0,0,0,0,0
epicurean,0,0,0,0,0,0,0,1,0,0,0,0,0,0
bake,0,0,0,0,0,0,0,0,0,0,0,0,1,0
delight,0,0,0,0,0,0,0,1,0,0,0,0,0,0
pastry,0,0,0,0,0,0,0,1,0,0,0,0,0,0
chef,0,0,0,0,0,0,0,1,0,0,0,0,0,0
triborough,0,0,0,0,0,0,0,1,0,0,0,0,0,0
behave,0,0,0,0,0,0,0,0,0,0,0,0,1,0
youth,0,0,0,0,0,0,0,1,0,0,0,0,0,0
manifest,0,0,0,0,0,0,0,0,0,0,0,0,1,0
unchecked,1,0,0,0,0,0,0,0,0,0,0,0,0,0
rage,0,0,0,0,0,0,0,1,0,0,0,0,0,0
aggression,0,0,0,0,0,0,0,1,0,0,0,0,0,0
major,1,0,0,0,0,0,0,0,0,0,0,0,0,0
pie,0,0,0,0,0,0,0,2,0,0,0,0,0,0
field,0,0,0,0,0,0,0,1,0,0,0,0,0,0
beeline,0,0,0,0,0,0,0,0,0,0,0,0,1,0
prick,0,0,0,0,0,0,0,0,0,0,0,0,1,0
flower,0,0,0,0,0,0,0,6,0,0,0,0,1,0
crop,0,0,0,0,0,0,0,1,0,0,0,0,0,0
bug,0,0,0,0,0,0,0,1,0,0,0,0,0,0
near,0,1,0,0,0,0,0,0,0,0,0,0,0,0
account,0,0,0,0,0,0,0,1,0,0,0,0,0,0
nuts,1,0,0,0,0,0,0,0,0,0,0,0,0,0
sizable,1,0,0,0,0,0,0,0,0,0,0,0,0,0
divot,0,0,0,0,0,0,0,1,0,0,0,0,0,0
pickup,0,0,0,0,0,0,0,2,0,0,0,0,0,0
lawn,0,0,0,0,0,0,0,1,0,0,0,0,0,0
toxic,1,0,0,0,0,0,0,0,0,0,0,0,0,0
target,0,0,0,0,0,0,0,1,0,0,0,0,1,0
interesting,1,0,0,0,0,0,0,0,0,0,0,0,0,0
forgive,0,0,0,0,0,0,0,0,0,0,0,0,2,0
ignorant,1,0,0,0,0,0,0,0,0,0,0,0,0,0
minded,1,0,0,0,0,0,0,0,0,0,0,0,0,0
suffer,0,0,0,0,0,0,0,0,0,0,0,0,1,0
mistake,0,0,0,0,0,0,0,2,0,0,0,0,0,0
horrible,1,0,0,0,0,0,0,0,0,0,0,0,0,0
hurt,0,0,0,0,0,0,0,0,0,0,0,0,1,0
awkwardly,0,0,1,0,0,0,0,0,0,0,0,0,0,0
recorder,0,0,0,0,0,0,0,1,0,0,0,0,0,0
erase,0,0,0,0,0,0,0,0,0,0,0,0,1,0
basket,0,0,0,0,0,0,0,1,0,0,0,0,0,0
blueberry,0,0,0,0,0,0,0,5,0,0,0,0,0,0
plan,0,0,0,0,0,0,0,1,0,0,0,0,0,0
bust,0,0,0,0,0,0,0,0,0,0,0,0,2,0
bulb,0,0,0,0,0,0,0,1,0,0,0,0,0,0
random,1,0,0,0,0,0,0,0,0,0,0,0,0,0
junk,0,0,0,0,0,0,0,1,0,0,0,0,0,0
favorite,1,0,0,0,0,0,0,0,0,0,0,0,0,0
movie,0,0,0,0,0,0,0,3,0,0,0,0,0,0
release,0,0,0,0,0,0,0,0,0,0,0,0,1,0
knockoff,0,0,0,0,0,0,0,1,0,0,0,0,0,0
bootleg,0,0,0,0,0,0,0,1,0,0,0,0,0,0
recognize,0,0,0,0,0,0,0,0,0,0,0,0,2,0
flick,0,0,0,0,0,0,0,0,0,0,0,0,1,0
toothpick,0,0,0,0,0,0,0,1,0,0,0,0,0,0
exact,1,0,0,0,0,0,0,0,0,0,0,0,0,0
dirty,1,0,0,0,0,0,0,0,0,0,0,0,0,0
rat,0,0,0,0,0,0,0,1,0,0,0,0,0,0
godmother,0,0,0,0,0,0,0,1,0,0,0,0,0,0
future,1,0,0,0,0,0,0,0,0,0,0,0,0,0
granddaughter,0,0,0,0,0,0,0,1,0,0,0,0,0,0
belly,0,0,0,0,0,0,0,1,0,0,0,0,0,0
order,0,0,0,0,0,0,0,1,0,0,0,0,1,0
dough,0,0,0,0,0,0,0,1,0,0,0,0,0,0
ram,0,0,0,0,0,0,0,13,0,0,0,0,0,0
underground,0,0,1,0,0,0,0,0,0,0,0,0,0,0
instruction,0,0,0,0,0,0,0,1,0,0,0,0,0,0
lift,0,0,0,0,0,0,0,0,0,0,0,0,1,0
interior,0,0,0,0,0,0,0,1,0,0,0,0,0,0
transform,0,0,0,0,0,0,0,0,0,0,0,0,1,0
greenhouse,0,0,0,0,0,0,0,1,0,0,0,0,0,0
row,0,0,0,0,0,0,0,2,0,0,0,0,0,0
market,0,0,0,0,0,0,0,1,0,0,0,0,0,0
lab,0,0,0,0,0,0,0,1,0,0,0,0,0,0
coat,0,0,0,0,0,0,0,1,0,0,0,0,0,0
carefully,0,0,1,0,0,0,0,0,0,0,0,0,0,0
harvest,0,0,0,0,0,0,0,0,0,0,0,0,1,0
pollen,0,0,0,0,0,0,0,1,0,0,0,0,0,0
paint,0,0,0,0,0,0,0,1,0,0,0,0,0,0
pellet,0,0,0,0,0,0,0,3,0,0,0,0,0,0
serum,0,0,0,0,0,0,0,5,0,0,0,0,0,0
load,0,0,0,0,0,0,0,0,0,0,0,0,1,0
gun,0,0,0,0,0,0,0,5,0,0,0,0,0,0
cock,0,0,0,0,0,0,0,0,0,0,0,0,1,0
contain,0,0,0,0,0,0,0,0,0,0,0,0,2,0
whichever,0,0,0,0,0,1,0,0,0,0,0,0,0,0
wham,0,0,0,0,0,0,1,0,0,0,0,0,0,0
surround,0,0,0,0,0,0,0,0,0,0,0,0,1,0
miracle,0,0,0,0,0,0,0,1,0,0,0,0,0,0
rust,0,0,0,0,0,0,0,1,0,0,0,0,0,0
bucket,0,0,0,0,0,0,0,1,0,0,0,0,0,0
hallelujah,0,0,0,0,0,0,1,0,0,0,0,0,0,0
defeat,0,0,0,0,0,0,0,1,0,0,0,0,0,0
gain,0,0,0,0,0,0,0,0,0,0,0,0,1,0
allow,0,0,0,0,0,0,0,0,0,0,0,0,1,0
mission,0,0,0,0,0,0,0,1,0,0,0,0,0,0
accomplish,0,0,0,0,0,0,0,0,0,0,0,0,1,0
premature,1,0,0,0,0,0,0,0,0,0,0,0,0,0
victory,0,0,0,0,0,0,0,1,0,0,0,0,0,0
slow,0,0,0,0,0,0,0,0,0,0,0,0,1,0
headbutt,0,0,0,0,0,0,0,0,0,0,0,0,1,0
hail,0,0,0,0,0,0,0,1,0,0,0,0,0,0
chug,0,0,0,0,0,0,0,0,0,0,0,0,1,0
crash,0,0,0,0,0,0,0,0,0,0,0,0,1,0
lever,0,0,0,0,0,0,0,1,0,0,0,0,0,0
derail,0,0,0,0,0,0,0,0,0,0,0,0,1,0
platform,0,0,0,0,0,0,0,1,0,0,0,0,0,0
content,0,0,0,0,0,0,0,1,0,0,0,0,0,0
crisp,0,0,0,0,0,0,0,1,0,0,0,0,0,0
stair,0,0,0,0,0,0,0,1,0,0,0,0,0,0
statue,0,0,0,0,0,0,0,1,0,0,0,0,0,0
exhibit,0,0,0,0,0,0,0,1,0,0,0,0,0,0
history,0,0,0,0,0,0,0,1,0,0,0,0,0,0
evolution,0,0,0,0,0,0,0,1,0,0,0,0,0,0
museum,0,0,0,0,0,0,0,1,0,0,0,0,0,0
applaud,0,0,0,0,0,0,0,0,0,0,0,0,1,0
ahead,0,0,1,0,0,0,0,0,0,0,0,0,0,0
sudden,0,0,1,0,0,0,0,0,0,0,0,0,0,0
crystal,0,0,1,0,0,0,0,0,0,0,0,0,0,0
beginning,0,0,0,0,0,0,0,1,0,0,0,0,0,0
signal,0,0,0,0,0,0,0,0,0,0,0,0,1,0
woolly,1,0,0,0,0,0,0,0,0,0,0,0,0,0
mammoth,0,0,0,0,0,0,0,1,0,0,0,0,0,0
tusk,0,0,0,0,0,0,0,2,0,0,0,0,0,0
pain,0,0,0,0,0,0,0,1,0,0,0,0,0,0
slash,0,0,0,0,0,0,0,0,0,0,0,0,1,0
pillar,0,0,0,0,0,0,0,1,0,0,0,0,0,0
relax,0,0,0,0,0,0,0,0,0,0,0,0,1,0
surrender,0,0,0,0,0,0,0,0,0,0,0,0,1,0
underestimate,0,0,0,0,0,0,0,0,0,0,0,0,1,0
underappreciate,0,0,0,0,0,0,0,0,0,0,0,0,1,0
sick,1,0,0,0,0,0,0,0,0,0,0,0,0,0
outnumber,0,0,0,0,0,0,0,0,0,0,0,0,1,0
population,0,0,0,0,0,0,0,1,0,0,0,0,0,0
unite,0,0,0,0,0,0,0,0,0,0,0,0,1,0
enemy,0,0,0,0,0,0,0,1,0,0,0,0,0,0
unstoppable,1,0,0,0,0,0,0,0,0,0,0,0,0,0
pounce,0,0,0,0,0,0,0,0,0,0,0,0,1,0
mummified,1,0,0,0,0,0,0,0,0,0,0,0,0,0
jackalope,0,0,0,0,0,0,0,1,0,0,0,0,0,0
whack,0,0,0,0,0,0,0,0,0,0,0,0,1,0
sunken,1,0,0,0,0,0,0,0,0,0,0,0,0,0
diorama,0,0,0,0,0,0,0,2,0,0,0,0,0,0
aim,0,0,0,0,0,0,0,0,0,0,0,0,1,0
crouch,0,0,0,0,0,0,0,0,0,0,0,0,1,0
dial,0,0,0,0,0,0,0,0,0,0,0,0,1,0
fight,0,0,0,0,0,0,0,0,0,0,0,0,1,0
biologically,0,0,1,0,0,0,0,0,0,0,0,0,0,0
predispose,0,0,0,0,0,0,0,0,0,0,0,0,1,0
helplessly,0,0,1,0,0,0,0,0,0,0,0,0,0,0
headline,0,0,0,0,0,0,0,1,0,0,0,0,0,0
pleased,1,0,0,0,0,0,0,0,0,0,0,0,0,0
power,0,0,0,0,0,0,0,1,0,0,0,0,0,0
milk,0,0,0,0,0,0,0,0,0,0,0,0,1,0
yakety,0,0,0,0,0,0,1,0,0,0,0,0,0,0
lay,0,0,0,0,0,0,0,0,0,0,0,0,1,0
beautifully,0,0,1,0,0,0,0,0,0,0,0,0,0,0
delicious,1,0,0,0,0,0,0,0,0,0,0,0,0,0
lick,0,0,0,0,0,0,0,0,0,0,0,0,1,0
chamber,0,0,0,0,0,0,0,1,0,0,0,0,0,0
frame,0,0,0,0,0,0,0,0,0,0,0,0,2,0
jumpsuit,0,0,0,0,0,0,0,1,0,0,0,0,0,0
guilty,1,0,0,0,0,0,0,0,0,0,0,0,0,0
mastermind,0,0,0,0,0,0,0,0,0,0,0,0,1,0
plague,0,0,0,0,0,0,0,0,0,0,0,0,1,0
late,0,0,1,0,0,0,0,0,0,0,0,0,0,0
newscaster,0,0,0,0,0,0,0,3,0,0,0,0,0,0
predecessor,0,0,0,0,0,0,0,1,0,0,0,0,0,0
deny,0,0,0,0,0,0,0,0,0,0,0,0,1,0
knowledge,0,0,0,0,0,0,0,1,0,0,0,0,0,0
plot,0,0,0,0,0,0,0,1,0,0,0,0,0,0
claim,0,0,0,0,0,0,0,0,0,0,0,0,1,0
interview,0,0,0,0,0,0,0,0,0,0,0,0,1,0
imprison,0,0,0,0,0,0,0,0,0,0,0,0,1,0
classic,1,0,0,0,0,0,0,0,0,0,0,0,0,0
scenario,0,0,0,0,0,0,0,1,0,0,0,0,0,0
deadpan,1,0,0,0,0,0,0,0,0,0,0,0,0,0
studio,0,0,0,0,0,0,0,1,0,0,0,0,0,0
related,1,0,0,0,0,0,0,0,0,0,0,0,0,0
antivenom,0,0,0,0,0,0,0,1,0,0,0,0,0,0
effective,1,0,0,0,0,0,0,0,0,0,0,0,0,0
rehabilitate,0,0,0,0,0,0,0,0,0,0,0,0,1,0
victim,0,0,0,0,0,0,0,1,0,0,0,0,0,0
awake,0,0,0,0,0,0,0,0,0,0,0,0,1,0
lectern,0,0,0,0,0,0,0,1,0,0,0,0,0,0
commencement,0,0,0,0,0,0,0,1,0,0,0,0,0,0
perfect,1,0,0,0,0,0,0,0,0,0,0,0,0,0
bit,0,0,0,0,0,0,0,1,0,0,0,0,0,0
complicated,1,0,0,0,0,0,0,0,0,0,0,0,0,0
slogan,0,0,0,0,0,0,0,1,0,0,0,0,0,0
messy,1,0,0,0,0,0,0,0,0,0,0,0,0,0
limitation,0,0,0,0,0,0,0,1,0,0,0,0,0,0
exceptional,1,0,0,0,0,0,0,0,0,0,0,0,0,0
matter,0,0,1,0,0,0,0,0,0,0,0,0,0,0
implore,0,0,0,0,0,0,0,0,0,0,0,0,1,0
tall,1,0,0,0,0,0,0,0,0,0,0,0,0,0
cap,0,0,0,0,0,0,0,1,0,0,0,0,0,0
inspirational,1,0,0,0,0,0,0,0,0,0,0,0,0,0
greeting,0,0,0,0,0,0,0,1,0,0,0,0,0,0
eagerly,0,0,1,0,0,0,0,0,0,0,0,0,0,0
parade,0,0,0,0,0,0,0,1,0,0,0,0,0,0
detail,0,0,0,0,0,0,0,1,0,0,0,0,0,0
brake,0,0,0,0,0,0,0,1,0,0,0,0,0,0
lurch,0,0,0,0,0,0,0,0,0,0,0,0,1,0
accidentally,0,0,1,0,0,0,0,0,0,0,0,0,0,0
jam,0,0,0,0,0,0,0,0,0,0,0,0,1,0
oops,0,0,0,0,0,0,1,0,0,0,0,0,0,0
blast,0,0,0,0,0,0,0,0,0,0,0,0,1,0
bwoop,0,0,0,0,0,0,2,0,0,0,0,0,0,0
