word,ADJ,ADP,ADV,AUX,DET,NOUN,NUM,PRON,SCONJ,VERB,X
introduction,0,0,0,0,0,4,0,0,0,0,0
flash,0,0,0,0,0,2,0,0,0,2,0
light,4,0,0,0,0,15,0,0,0,0,0
streak,0,0,0,0,0,4,0,0,0,3,0
night,0,0,0,0,0,5,0,0,0,0,0
sky,0,0,0,0,0,18,0,0,0,0,0
disappear,0,0,0,0,0,0,0,0,0,4,0
commonly,0,0,1,0,0,0,0,0,0,0,0
call,0,0,0,0,0,0,0,0,0,30,0
shooti,0,0,0,0,0,0,0,0,0,0,1
star,0,0,0,0,0,21,0,0,0,0,0
small,51,0,0,0,0,0,0,0,0,0,0
chunk,0,0,0,0,0,5,0,0,0,0,0
stone,0,0,0,0,0,4,0,0,0,0,0
metal,0,0,0,0,0,9,0,0,0,0,0
material,0,0,0,0,0,43,0,0,0,0,0
orbit,0,0,0,0,0,91,0,0,0,10,0
enter,0,0,0,0,0,0,0,0,0,14,0
atmosphere,0,0,0,0,0,35,0,0,0,0,0
friction,0,0,0,0,0,2,0,0,0,0,0
generate,0,0,0,0,0,0,0,0,0,1,0
great,20,0,0,0,0,0,0,0,0,0,0
speed,0,0,0,0,0,3,0,0,0,0,0
cause,0,0,0,0,0,1,0,0,0,10,0
burn,0,0,0,0,0,0,0,0,0,7,0
fragment,0,0,0,0,0,16,0,0,0,0,0
vaporize,0,0,0,0,0,0,0,0,0,9,0
travel,0,0,0,0,0,0,0,0,0,8,0
far,4,0,10,0,0,0,0,0,0,0,0
actually,0,0,6,0,0,0,0,0,0,0,0
hit,0,0,0,0,0,0,0,0,0,5,0
ground,0,0,0,0,0,11,0,0,0,0,0
object,0,0,0,0,0,71,0,0,0,0,0
different,15,0,0,0,0,0,0,0,0,0,0
name,0,0,0,0,0,5,0,0,0,12,0
depend,0,0,0,0,0,0,0,0,0,2,0
location,0,0,0,0,0,4,0,0,0,0,0
meteoroid,0,0,0,0,0,66,0,0,0,0,0
meteor,0,0,0,0,0,59,0,0,0,0,0
land,0,0,0,0,0,1,0,0,0,4,0
surface,0,0,0,0,0,45,0,0,0,0,0
meteorite,1,0,0,0,0,118,0,0,0,0,0
sturdy,1,0,0,0,0,0,0,0,0,0,0
reach,0,0,0,0,0,1,0,0,0,7,0
piece,0,0,0,0,0,8,0,0,0,0,0
asteroid,2,0,0,0,0,211,0,0,0,0,0
huge,3,0,0,0,0,0,0,0,0,0,0
rock,0,0,0,0,0,18,0,0,0,0,0
comet,0,0,0,0,0,149,0,0,0,0,0
hand,0,0,0,0,0,7,0,0,0,0,0
flimsy,1,0,0,0,0,0,0,0,0,0,0
frozen,2,0,0,0,0,0,0,0,0,0,0
water,0,0,0,0,0,8,0,0,0,0,0
gas,0,0,0,0,0,20,0,0,0,0,0
gritty,1,0,0,0,0,0,0,0,0,0,0
vary,0,0,0,0,0,0,0,0,0,11,0
boulder,0,0,0,0,0,1,0,0,0,0,0
weigh,0,0,0,0,0,0,0,0,0,2,0
ton,0,0,0,0,0,5,0,0,0,0,0
relative,6,0,0,0,0,0,0,0,0,0,0
bring,0,0,0,0,0,0,0,0,0,5,0
collect,0,0,0,0,0,0,0,0,0,12,0
probably,0,0,11,0,0,0,0,0,0,0,0
identify,0,0,0,0,0,0,0,0,0,14,0
caption,0,0,0,0,0,24,0,0,0,0,6
appear,0,0,0,0,0,0,0,0,0,17,0
like,0,15,0,0,0,0,0,0,0,0,0
superhero,0,0,0,0,0,1,0,0,0,0,0
infrared,3,0,0,0,0,0,0,0,0,0,0
image,0,0,0,0,0,12,0,0,0,5,0
heat,0,0,0,0,0,14,0,0,0,7,0
sufficiently,0,0,3,0,0,0,0,0,0,0,0
glow,0,0,0,0,0,0,0,0,0,4,0
majority,0,0,0,0,0,3,0,0,0,0,0
completely,0,0,8,0,0,0,0,0,0,0,0
break,0,0,0,0,0,0,0,0,0,5,0
contain,0,0,0,0,0,0,0,0,0,15,0
microscopic,2,0,0,0,0,0,0,0,0,0,0
crystal,0,0,0,0,0,5,0,0,0,0,0
isotopic,2,0,0,0,0,0,0,0,0,0,0
proportion,0,0,0,0,0,6,0,0,0,0,0
unique,2,0,0,0,0,0,0,0,0,0,0
dust,0,0,0,0,0,55,0,0,0,0,0
grain,0,0,0,0,0,31,0,0,0,0,0
form,0,0,0,0,0,8,0,0,0,55,0
tiny,5,0,0,0,0,0,0,0,0,0,0
dustlike,1,0,0,0,0,0,0,0,0,0,0
particle,0,0,0,0,0,29,0,0,0,0,0
remain,0,0,0,0,0,1,0,0,0,15,0
disintegrate,0,0,0,0,0,0,0,0,0,1,0
swarm,0,0,0,0,0,2,0,0,0,0,0
shower,0,0,0,0,0,31,0,0,0,0,0
ten,0,0,0,0,0,3,0,0,0,0,0
hundred,0,0,0,0,0,3,0,0,0,0,0
shoot,0,0,0,0,0,0,0,0,0,4,0
hour,0,0,0,0,0,12,0,0,0,0,0
virtually,0,0,1,0,0,0,0,0,0,0,0
upper,4,0,0,0,0,0,0,0,0,0,0
establish,0,0,0,0,0,0,0,0,0,11,0
know,0,0,0,0,0,0,0,0,0,34,0
thousand,0,0,0,0,0,3,2,0,0,0,0
additional,2,0,0,0,0,0,0,0,0,0,0
discover,0,0,0,0,0,0,0,0,0,24,0
year,0,0,0,0,0,58,0,0,0,0,0
see,0,0,0,0,0,0,0,0,0,14,0
determine,0,0,0,0,0,0,0,0,0,22,0
estimate,0,0,0,0,0,2,0,0,0,14,0
million,0,0,0,0,0,5,24,0,0,0,0
exist,0,0,0,0,0,0,0,0,0,9,0
combine,0,0,0,0,0,0,0,0,0,1,0
mass,0,0,0,0,0,25,0,0,0,0,0
thousandth,1,0,0,0,0,0,0,0,0,0,0
observe,0,0,0,0,0,0,0,0,0,37,0
century,0,0,0,0,0,21,0,0,0,0,0
consider,0,0,0,0,0,0,0,0,0,10,0
come,0,0,0,0,0,0,0,0,0,29,0
vast,3,0,0,0,0,0,0,0,0,0,0
reservoir,0,0,0,0,0,2,0,0,0,0,0
cloud,0,0,0,0,0,30,0,0,0,0,0
trillion,0,0,0,0,0,1,0,0,0,0,0
icy,5,0,0,0,0,0,0,0,0,0,0
potential,3,0,0,0,0,2,0,0,0,0,0
active,6,0,0,0,0,0,0,0,0,0,0
single,4,0,0,0,0,0,0,0,0,0,0
pass,0,0,0,0,0,2,0,0,0,12,0
inner,13,0,0,0,0,0,0,0,0,0,0
solar,88,0,0,0,0,0,0,0,0,0,0
system,0,0,0,0,0,65,0,0,0,0,0
deflect,0,0,0,0,0,0,0,0,0,1,0
allow,0,0,0,0,0,0,0,0,0,5,0
return,0,0,0,0,0,4,0,0,0,7,0
predictable,1,0,0,0,0,0,0,0,0,0,0
time,0,0,0,0,0,43,0,0,0,0,0
well,0,0,6,0,0,0,0,0,0,0,0
periodic,4,0,0,0,0,0,0,0,0,0,0
predict,0,0,0,0,0,0,0,0,0,16,0
short,17,0,10,0,0,0,0,0,0,0,0
period,0,0,0,0,0,27,0,0,0,0,0
think,0,0,0,0,0,0,0,0,0,14,0
belt,0,0,0,0,0,21,0,0,0,0,0
region,0,0,0,0,0,29,0,0,0,0,0
lie,0,0,0,0,0,0,0,0,0,8,0
include,0,0,0,0,0,0,0,0,0,14,0
house,0,0,0,0,0,2,0,0,0,1,0
nucleus,0,0,0,0,0,54,0,0,0,0,0
masse,0,0,0,0,0,6,0,0,0,0,0
billionth,0,0,0,0,0,1,0,0,0,0,0
scientist,0,0,0,0,0,12,0,0,0,0,0
develop,0,0,0,0,0,0,0,0,0,17,0
new,12,0,0,0,0,0,0,0,0,0,0
technology,0,0,0,0,0,3,0,0,0,0,0
closely,0,0,3,0,0,0,0,0,0,0,0
study,0,0,0,0,0,8,0,0,0,10,0
celestial,3,0,0,0,0,0,0,0,0,0,0
body,0,0,0,0,0,66,0,0,0,0,0
gain,0,0,0,0,0,0,0,0,0,2,0
insight,0,0,0,0,0,3,0,0,0,0,0
formation,0,0,0,0,0,18,0,0,0,0,0
understand,0,0,0,0,0,0,0,0,0,7,0
compose,0,0,0,0,0,0,0,0,0,11,0
researcher,0,0,0,0,0,5,0,0,0,0,0
originate,0,0,0,0,0,0,0,0,0,4,0
evolve,0,0,0,0,0,0,0,0,0,3,0
amazing,1,0,0,0,0,0,0,0,0,0,0
steroid,0,0,0,0,0,1,0,0,0,0,0
rocky,11,0,0,0,0,0,0,0,0,0,0
general,5,0,0,0,0,0,0,0,0,0,0
leave,0,0,0,0,0,0,0,0,0,7,0
planet,0,0,0,0,0,55,0,0,0,0,0
create,0,0,0,0,0,0,0,0,0,1,0
space,0,0,0,0,0,27,0,0,0,0,0
collide,0,0,0,0,0,0,0,0,0,8,0
apart,0,0,2,0,0,0,0,0,0,0,0
elliptical,2,0,0,0,0,0,0,0,0,0,0
direction,0,0,0,0,0,8,0,0,0,0,0
rotation,0,0,0,0,0,17,0,0,0,0,0
motion,0,0,0,0,0,4,0,0,0,0,0
term,0,0,0,0,0,9,0,0,0,2,0
prograde,2,0,0,0,0,1,0,0,0,0,0
look,0,0,0,0,0,0,0,0,0,4,0
vantage,0,0,0,0,0,1,0,0,0,0,0
point,0,0,0,0,0,10,0,0,0,1,0
observer,0,0,0,0,0,4,0,0,0,0,0
find,0,0,0,0,0,0,0,0,0,24,0
counterclockwise,1,0,0,0,0,0,0,0,0,0,0
clockwise,1,0,0,0,0,0,0,0,0,0,0
retrograde,1,0,0,0,0,1,0,0,0,0,0
host,0,0,0,0,0,1,0,0,0,0,0
mile,0,0,0,0,0,50,0,0,0,0,0
diameter,0,0,0,0,0,29,0,0,0,0,0
nearby,1,0,0,0,0,0,0,0,0,0,0
ring,0,0,0,0,0,4,0,0,0,0,0
astronomer,0,0,0,0,0,26,0,0,0,0,0
demarcation,0,0,0,0,0,1,0,0,0,0,0
consist,0,0,0,0,0,0,0,0,0,5,0
mainly,0,0,2,0,0,0,0,0,0,0,0
terrestrial,12,0,0,0,0,0,0,0,0,0,0
outer,8,0,0,0,0,0,0,0,0,0,0
size,0,0,0,0,0,35,0,0,0,0,0
large,79,0,0,0,0,0,0,0,0,0,0
number,0,0,0,0,0,22,0,0,0,5,0
major,11,0,0,0,0,0,0,0,0,0,0
minor,6,0,0,0,0,0,0,0,0,0,0
designation,0,0,0,0,0,6,0,0,0,0,0
interchangeably,0,0,1,0,0,0,0,0,0,0,0
widely,0,0,3,0,0,0,0,0,0,0,0
recognize,0,0,0,0,0,0,0,0,0,12,0
public,0,0,0,0,0,1,0,0,0,0,0
individual,2,0,0,0,0,0,0,0,0,0,0
dynamically,0,0,1,0,0,0,0,0,0,0,0
interesting,1,0,0,0,0,0,0,0,0,0,0
group,0,0,0,0,0,20,0,0,0,1,0
similar,18,0,0,0,0,0,0,0,0,0,0
orbital,14,0,0,0,0,0,0,0,0,0,0
characteristic,0,0,0,0,0,7,0,0,0,0,0
generally,0,0,9,0,0,0,0,0,0,0,0
use,0,0,0,0,0,0,0,0,0,1,0
physical,6,0,0,0,0,0,0,0,0,0,0
property,0,0,0,0,0,5,0,0,0,0,0
usually,0,0,11,0,0,0,0,0,0,0,0
refer,0,0,0,0,0,0,0,0,0,4,0
early,18,0,4,0,0,0,0,0,0,0,0
element,0,0,0,0,0,14,0,0,0,0,0
compute,0,0,0,0,0,0,0,0,0,4,0
clear,3,0,0,0,0,0,0,0,0,0,0
move,0,0,0,0,0,0,0,0,0,7,0
planetlike,1,0,0,0,0,0,0,0,0,0,0
owe,0,0,0,0,0,0,0,0,0,2,0
illness,0,0,0,0,0,1,0,0,0,0,0
able,2,0,0,0,0,0,0,0,0,0,0
discovery,0,0,0,0,0,18,0,0,0,0,0
report,0,0,0,0,0,0,0,0,0,3,0
press,0,0,0,0,0,1,0,0,0,0,0
share,0,0,0,0,0,0,0,0,0,2,0
detail,0,0,0,0,0,5,0,0,0,0,0
observation,0,0,0,0,0,23,0,0,0,0,0
publish,0,0,0,0,0,0,0,0,0,2,0
complete,2,0,0,0,0,0,0,0,0,0,0
set,0,0,0,0,0,2,0,0,0,2,0
month,0,0,0,0,0,4,0,0,0,0,0
later,1,0,14,0,0,0,0,0,0,0,0
arc,0,0,0,0,0,1,0,0,0,0,0
computation,0,0,0,0,0,1,0,0,0,0,0
sufficient,7,0,0,0,0,0,0,0,0,0,0
accuracy,0,0,0,0,0,2,0,0,0,0,0
reappear,0,0,0,0,0,0,0,0,0,1,0
matter,0,0,0,0,0,9,0,0,0,0,0
stand,0,0,0,0,0,0,0,0,0,1,0
search,0,0,0,0,0,3,0,0,0,1,0
miss,0,0,0,0,0,0,0,0,0,4,0
astronomical,3,0,0,0,0,0,0,0,0,0,0
conference,0,0,0,0,0,1,0,0,0,0,0
unfortunately,0,0,2,0,0,0,0,0,0,0,0
party,0,0,0,0,0,1,0,0,0,0,0
attempt,0,0,0,0,0,1,0,0,0,0,0
locate,0,0,0,0,0,0,0,0,0,2,0
german,6,0,0,0,0,0,0,0,0,0,0
mathematician,0,0,0,0,0,2,0,0,0,0,0
method,0,0,0,0,0,4,0,0,0,0,0
prediction,0,0,0,0,0,1,0,0,0,0,0
hungarian,1,0,0,0,0,0,0,0,0,0,0
rediscover,0,0,0,0,0,0,0,0,0,2,0
lost,2,0,0,0,0,0,0,0,0,0,0
ancient,8,0,0,0,0,0,0,0,0,0,0
roman,4,0,0,0,0,0,0,0,0,0,0
goddess,0,0,0,0,0,2,0,0,0,0,0
patron,0,0,0,0,0,1,0,0,0,0,0
initiate,0,0,0,0,0,0,0,0,0,3,0
tradition,0,0,0,0,0,1,0,0,0,0,0
continue,0,0,0,0,0,0,0,0,0,5,0
present,15,0,0,0,0,0,0,0,0,0,0
day,0,0,0,0,0,14,0,0,0,0,0
discoverer,0,0,0,0,0,3,0,0,0,0,0
faint,5,0,1,0,0,0,0,0,0,0,0
compare,0,0,0,0,0,0,0,0,0,5,0
complicate,0,0,0,0,0,0,0,0,0,1,0
elegant,1,0,0,0,0,0,0,0,0,0,0
solution,0,0,0,0,0,1,0,0,0,0,0
problem,0,0,0,0,0,2,0,0,0,0,0
give,0,0,0,0,0,0,0,0,0,13,0
rise,0,0,0,0,0,2,0,0,0,2,0
surprisingly,0,0,1,0,0,0,0,0,0,0,0
long,14,0,6,0,0,0,0,0,0,0,0
live,0,0,0,0,0,0,0,0,0,4,0
accept,0,0,0,0,0,0,0,0,0,1,0
idea,0,0,0,0,0,12,0,0,0,0,0
remnant,0,0,0,0,0,5,0,0,0,0,0
explode,0,0,0,0,0,0,0,0,0,2,0
follow,0,0,0,0,0,0,0,0,0,8,0
flurry,0,0,0,0,0,1,0,0,0,0,0
activity,0,0,0,0,0,9,0,0,0,0,0
abandon,0,0,0,0,0,0,0,0,0,1,0
renew,0,0,0,0,0,0,0,0,0,1,0
fifth,1,0,0,0,0,0,0,0,0,0,0
american,4,0,0,0,0,0,0,0,0,0,0
note,0,0,0,0,0,0,0,0,0,6,0
gap,0,0,0,0,0,3,0,0,0,0,0
distribution,0,0,0,0,0,7,0,0,0,0,0
distance,0,0,0,0,0,33,0,0,0,0,0
photography,0,0,0,0,0,3,0,0,0,0,0
accelerate,0,0,0,0,0,0,0,0,0,3,0
rate,0,0,0,0,0,12,0,0,0,0,0
designate,0,0,0,0,0,0,0,0,0,3,0
detect,0,0,0,0,0,0,0,0,0,8,0
mean,8,0,0,0,0,2,0,0,0,6,0
end,0,0,0,0,0,7,0,0,0,6,0
grow,0,0,0,0,0,0,0,0,0,6,0
seven,0,0,0,0,0,0,3,0,0,0,0
explosive,3,0,0,0,0,1,0,0,0,0,0
growth,0,0,0,0,0,1,0,0,0,0,0
spin,0,0,0,0,0,1,0,0,0,0,0
survey,0,0,0,0,0,4,0,0,0,0,0
design,0,0,0,0,0,0,0,0,0,3,0
percent,0,0,0,0,0,29,0,0,0,0,0
cross,0,0,0,0,0,0,0,0,0,16,0
late,3,0,1,0,0,0,0,0,0,0,0
advance,0,0,0,0,0,2,0,0,0,0,0
concern,0,0,0,0,0,0,0,0,0,4,0
base,0,0,0,0,0,0,0,0,0,15,0
knowledge,0,0,0,0,0,4,0,0,0,0,0
example,0,0,0,0,0,11,0,0,0,0,0
shape,0,0,0,0,0,11,0,0,0,1,0
composition,0,0,0,0,0,21,0,0,0,0,0
density,0,0,0,0,0,17,0,0,0,0,0
learn,0,0,0,0,0,0,0,0,0,1,0
begin,0,0,0,0,0,0,0,0,0,11,0
particular,5,0,0,0,0,0,0,0,0,0,0
result,0,0,0,0,0,13,0,0,0,7,0
go,0,0,0,0,0,0,0,0,0,4,0
merely,0,0,2,0,0,0,0,0,0,0,0
world,0,0,0,0,0,3,0,0,0,0,0
right,0,0,2,0,0,2,0,0,0,0,0
artist,0,0,0,0,0,2,0,0,0,0,0
concept,0,0,0,0,0,3,0,0,0,0,0
illustrate,0,0,0,0,0,0,0,0,0,2,0
catastrophic,4,0,0,0,0,0,0,0,0,0,0
collision,0,0,0,0,0,22,0,0,0,0,0
family,0,0,0,0,0,3,0,0,0,0,0
japanese,2,0,0,0,0,0,0,0,0,0,0
clustering,0,0,0,0,0,1,0,0,0,0,0
semimajor,1,0,0,0,0,0,0,0,0,0,0
axis,0,0,0,0,0,3,0,0,0,0,0
eccentricity,0,0,0,0,0,3,0,0,0,0,0
inclination,0,0,0,0,0,1,0,0,0,0,0
speculate,0,0,0,0,0,0,0,0,0,1,0
explosion,0,0,0,0,0,9,0,0,0,0,0
parent,1,0,0,0,0,21,0,0,0,0,0
calculation,0,0,0,0,0,4,0,0,0,0,0
lifetime,0,0,0,0,0,3,0,0,0,0,0
close,27,0,13,0,0,0,0,0,0,0,0
show,0,0,0,0,0,0,0,0,0,13,0
destine,0,0,0,0,0,0,0,0,0,1,0
eject,0,0,0,0,0,0,0,0,0,5,0
timescale,0,0,0,0,0,5,0,0,0,0,0
age,0,0,0,0,0,6,0,0,0,0,0
approximately,0,0,4,0,0,0,0,0,0,0,0
billion,0,0,0,0,0,1,8,0,0,0,0
today,0,0,0,0,0,11,0,0,0,0,0
recently,0,0,5,0,0,0,0,0,0,0,0
imply,0,0,0,0,0,0,0,0,0,3,0
source,0,0,0,0,0,18,0,0,0,0,0
capture,0,0,0,0,0,0,0,0,0,5,0
lose,0,0,0,0,0,0,0,0,0,16,0
volatile,14,0,0,0,0,1,0,0,0,0,0
repeat,0,0,0,0,0,0,0,0,0,2,0
passage,0,0,0,0,0,13,0,0,0,0,0
inside,0,5,0,0,0,0,0,0,0,0,0
main,7,0,0,0,0,0,0,0,0,0,0
near,3,19,0,0,0,0,0,0,0,0,0
resonance,0,0,0,0,0,2,0,0,0,0,0
widespread,2,0,0,0,0,0,0,0,0,0,0
occurrence,0,0,0,0,0,2,0,0,0,0,0
assign,0,0,0,0,0,0,0,0,0,4,0
consecutively,0,0,1,0,0,0,0,0,0,0,0
accurate,2,0,0,0,0,0,0,0,0,0,0
officially,0,0,1,0,0,0,0,0,0,0,0
forth,0,1,2,0,0,0,0,0,0,0,0
choose,0,0,0,0,0,0,0,0,0,2,0
soon,0,0,3,0,0,0,0,0,0,0,0
select,0,0,0,0,0,0,0,0,0,1,0
submit,0,0,0,0,0,0,0,0,0,1,0
approval,0,0,0,0,0,1,0,0,0,0,0
prior,0,0,2,0,0,0,0,0,0,0,0
final,8,0,0,0,0,0,0,0,0,0,0
recover,0,0,0,0,0,0,0,0,0,5,0
lapse,0,0,0,0,0,1,0,0,0,0,0
newly,0,0,2,0,0,0,0,0,0,0,0
insufficiently,0,0,1,0,0,0,0,0,0,0,0
span,0,0,0,0,0,1,0,0,0,0,0
reliably,0,0,1,0,0,0,0,0,0,0,0
maintain,0,0,0,0,0,0,0,0,0,2,0
computer,0,0,0,0,0,3,0,0,0,0,0
measurement,0,0,0,0,0,5,0,0,0,0,0
position,0,0,0,0,0,7,0,0,0,0,0
database,0,0,0,0,0,1,0,0,0,0,0
earth,0,0,0,0,0,5,0,0,0,0,0
nea,0,0,0,0,0,4,0,0,0,0,0
divide,0,0,0,0,0,0,0,0,0,4,0
class,0,0,0,0,0,57,0,0,0,0,0
belong,0,0,0,0,0,0,0,0,0,6,0
distant,5,0,0,0,0,0,0,0,0,0,0
perihelion,0,0,0,0,0,11,0,0,0,0,0
dub,0,0,0,0,0,0,0,0,0,2,0
crosser,0,0,0,0,0,5,0,0,0,0,0
subdivide,0,0,0,0,0,0,0,0,0,3,0
shallow,3,0,0,0,0,0,0,0,0,0,0
deep,9,0,2,0,0,0,0,0,0,0,0
hunt,0,0,0,0,0,0,0,0,0,1,0
portion,0,0,0,0,0,3,0,0,0,0,0
mission,0,0,0,0,0,10,0,0,0,0,0
difference,0,0,0,0,0,7,0,0,0,0,0
typical,3,0,0,0,0,0,0,0,0,0,0
blue,1,0,0,0,0,0,0,0,0,0,0
potentially,0,0,1,0,0,0,0,0,0,0,0
hazardous,1,0,0,0,0,0,0,0,0,0,0
orange,0,0,0,0,0,1,0,0,0,0,0
member,0,0,0,0,0,4,0,0,0,0,0
aphelion,0,0,0,0,0,4,0,0,0,0,0
strong,1,0,0,0,0,0,0,0,0,0,0
gravitational,11,0,0,0,0,0,0,0,0,0,0
perturbation,0,0,0,0,0,5,0,0,0,0,0
produce,0,0,0,0,0,0,0,0,0,32,0
approach,0,0,0,0,0,4,0,0,0,6,0
change,0,0,0,0,0,6,0,0,0,3,0
appreciably,0,0,2,0,0,0,0,0,0,0,0
decade,0,0,0,0,0,4,0,0,0,0,0
reason,0,0,0,0,0,7,0,0,0,0,0
half,6,0,0,0,2,1,0,0,0,0,0
namesake,0,0,0,0,0,1,0,0,0,0,0
idiosyncratic,1,0,0,0,0,0,0,0,0,0,0
suffer,0,0,0,0,0,0,0,0,0,1,0
significant,2,0,0,0,0,0,0,0,0,0,0
deeply,0,0,1,0,0,0,0,0,0,0,0
continuous,1,0,0,0,0,0,0,0,0,0,0
basis,0,0,0,0,0,2,0,0,0,0,0
shortly,0,0,1,0,0,0,0,0,0,0,0
equal,7,0,0,0,0,0,0,0,0,0,0
farth,1,0,0,0,0,0,0,0,0,0,0
entirely,0,0,3,0,0,0,0,0,0,0,0
respectively,0,0,4,0,0,0,0,0,0,0,0
steadily,0,0,4,0,0,0,0,0,0,0,0
increase,0,0,0,0,0,0,0,0,0,9,0
program,0,0,0,0,0,1,0,0,0,0,0
progress,0,0,0,0,0,0,0,0,0,1,0
dedicated,1,0,0,0,0,0,0,0,0,0,0
type,0,0,0,0,0,11,0,0,0,0,0
roughly,0,0,6,0,0,0,0,0,0,0,0
good,5,0,0,0,0,0,0,0,0,0,0
information,0,0,0,0,0,6,0,0,0,0,0
available,4,0,0,0,0,0,0,0,0,0,0
radar,0,0,0,0,0,10,0,0,0,0,0
improvement,0,0,0,0,0,1,0,0,0,0,0
process,0,0,0,0,0,25,0,0,0,3,0
datum,0,0,0,0,0,10,0,0,0,0,0
provide,0,0,0,0,0,0,0,0,0,8,0
technique,0,0,0,0,0,3,0,0,0,0,0
dramatically,0,0,2,0,0,0,0,0,0,0,0
obtain,0,0,0,0,0,0,0,0,0,4,0
spacecraft,0,0,0,0,0,34,0,0,0,0,0
flyby,0,0,0,0,0,11,0,0,0,0,0
evidence,0,0,0,0,0,18,0,0,0,0,0
double,1,0,0,0,0,0,0,0,0,0,0
lobed,1,0,0,0,0,0,0,0,0,0,0
interpret,0,0,0,0,0,0,0,0,0,4,0
sized,7,0,0,0,0,0,0,0,0,0,0
contact,0,0,0,0,0,3,0,0,0,0,0
reveal,0,0,0,0,0,0,0,0,0,9,0
kilometre,0,0,0,0,0,5,0,0,0,0,0
peanut,0,0,0,0,0,2,0,0,0,0,0
shell,0,0,0,0,0,1,0,0,0,0,0
predominantly,0,0,3,0,0,0,0,0,0,0,0
component,0,0,0,0,0,9,0,0,0,0,0
twice,0,0,2,0,0,0,0,0,0,0,0
high,21,0,0,0,0,0,0,0,0,0,0
resolution,0,0,0,0,0,2,0,0,0,0,0
crater,0,0,0,0,0,24,0,0,0,0,0
have,0,0,0,0,0,0,0,0,0,7,0
metre,0,0,0,0,0,21,0,0,0,0,0
foot,0,0,0,0,0,17,0,0,0,0,0
numerous,5,0,0,0,0,0,0,0,0,0,0
quality,0,0,0,0,0,1,0,0,0,0,0
animation,0,0,0,0,0,1,0,0,0,0,0
rotate,0,0,0,0,0,0,0,0,0,2,0
occasionally,0,0,1,0,0,0,0,0,0,0,0
alternative,2,0,0,0,0,0,0,0,0,0,0
description,0,0,0,0,0,1,0,0,0,0,0
especially,0,0,1,0,0,0,0,0,0,0,0
unusual,7,0,1,0,0,0,0,0,0,0,0
crash,0,0,0,0,0,0,0,0,0,1,0
nubian,1,0,0,0,0,0,0,0,0,0,0
desert,0,0,0,0,0,2,0,0,0,0,0
pose,0,0,0,0,0,0,0,0,0,1,0
danger,0,0,0,0,0,1,0,0,0,0,0
human,3,0,0,0,0,1,0,0,0,0,0
being,0,0,0,0,0,2,0,0,0,0,0
possibly,0,0,6,0,0,0,0,0,0,0,0
life,0,0,0,0,0,12,0,0,0,0,0
spend,0,0,0,0,0,0,0,0,0,3,0
lead,1,0,0,0,0,0,0,0,0,3,0
communication,0,0,0,0,0,1,0,0,0,0,0
satellite,0,0,0,0,0,11,0,0,0,0,0
geostationary,1,0,0,0,0,0,0,0,0,0,0
probability,0,0,0,0,0,1,0,0,0,0,0
zero,0,0,0,0,0,0,1,0,0,0,0
chance,0,0,0,0,0,2,0,0,0,1,0
traditionally,0,0,3,0,0,0,0,0,0,0,0
distinguish,0,0,0,0,0,0,0,0,0,3,0
classify,0,0,0,0,0,0,0,0,0,11,0
display,0,0,0,0,0,1,0,0,0,3,0
cometary,40,0,0,0,0,0,0,0,0,0,0
coma,0,0,0,0,0,15,0,0,0,0,0
tail,1,0,0,0,0,38,0,0,0,0,0
addition,0,0,0,0,0,4,0,0,0,0,0
nonreturning,2,0,0,0,0,0,0,0,0,0,0
parabolic,3,0,0,0,0,0,0,0,0,0,0
hyperbolic,2,0,0,0,0,0,0,0,0,0,0
distinction,0,0,0,0,0,2,0,0,0,0,0
apply,0,0,0,0,0,0,0,0,0,7,0
recede,0,0,0,0,0,0,0,0,0,1,0
encounter,0,0,0,0,0,4,0,0,0,1,0
likely,17,0,3,0,0,0,0,0,0,0,0
way,0,0,0,0,0,10,0,0,0,0,0
origin,0,0,0,0,0,15,0,0,0,0,0
unequivocally,0,0,1,0,0,0,0,0,0,0,0
series,0,0,0,0,0,1,0,0,0,0,0
presently,0,0,1,0,0,0,0,0,0,0,0
common,5,0,0,0,0,1,0,0,0,0,0
gather,0,0,0,0,0,0,0,0,0,1,0
colour,0,0,0,0,0,2,0,0,0,0,0
spectral,4,0,0,0,0,0,0,0,0,0,0
reflectance,0,0,0,0,0,5,0,0,0,0,0
albedo,0,0,0,0,0,12,0,0,0,0,0
fraction,0,0,0,0,0,7,0,0,0,0,0
incident,0,0,0,0,0,1,0,0,0,0,0
radiation,0,0,0,0,0,9,0,0,0,0,0
reflect,0,0,0,0,0,0,0,0,0,6,0
broad,3,0,0,0,0,0,0,0,0,0,0
taxonomic,3,0,0,0,0,0,0,0,0,0,0
unclassifiable,1,0,0,0,0,0,0,0,0,0,0
poor,4,0,0,0,0,0,0,0,0,0,0
genuinely,0,0,1,0,0,0,0,0,0,0,0
furthermore,0,0,1,0,0,0,0,0,0,0,0
dominate,0,0,0,0,0,0,0,0,0,4,0
population,0,0,0,0,0,3,0,0,0,0,0
edge,0,0,0,0,0,3,0,0,0,0,0
dominant,3,0,0,0,0,0,0,0,0,0,0
middle,1,0,0,0,0,0,0,0,0,0,0
expand,0,0,0,0,0,0,0,0,0,1,0
comprise,0,0,0,0,0,0,0,0,0,1,0
overlap,0,0,0,0,0,0,0,0,0,1,0
differ,0,0,0,0,0,0,0,0,0,1,0
primarily,0,0,6,0,0,0,0,0,0,0,0
monitor,0,0,0,0,0,0,0,0,0,2,0
brightness,0,0,0,0,0,7,0,0,0,0,0
minute,0,0,0,0,0,3,0,0,0,0,0
fluctuation,0,0,0,0,0,2,0,0,0,0,0
irregularly,0,0,2,0,0,0,0,0,0,0,0
spherical,4,0,0,0,0,0,0,0,0,0,0
spotted,1,0,0,0,0,0,0,0,0,0,0
curve,0,0,0,0,0,1,0,0,0,1,0
graph,0,0,0,0,0,1,0,0,0,0,0
versus,0,1,0,0,0,0,0,0,0,0,0
regular,1,0,0,0,0,0,0,0,0,0,0
interval,0,0,0,0,0,2,0,0,0,0,0
correspond,0,0,0,0,0,0,0,0,0,3,0
range,0,0,0,0,0,7,0,0,0,10,0
variation,0,0,0,0,0,3,0,0,0,0,0
related,3,0,0,0,0,0,0,0,0,0,0
spottedness,0,0,0,0,0,1,0,0,0,0,0
difficult,2,0,0,0,0,0,0,0,0,0,0
second,2,0,1,0,0,14,0,0,0,0,0
case,0,0,0,0,0,10,0,0,0,0,0
precession,0,0,0,0,0,1,0,0,0,0,0
smooth,2,0,0,0,0,0,0,0,0,0,0
slow,3,0,0,0,0,0,0,0,0,3,0
circling,0,0,0,0,0,1,0,0,0,0,0
unseen,2,0,0,0,0,0,0,0,0,0,0
order,0,0,0,0,0,12,0,0,0,0,0
value,0,0,0,0,0,4,0,0,0,0,0
decrease,0,0,0,0,0,0,0,0,0,2,0
preserve,0,0,0,0,0,0,0,0,0,9,0
one,0,0,0,0,0,5,0,0,0,0,0
certainly,0,0,5,0,0,0,0,0,0,0,0
theirs,0,0,0,0,0,0,0,1,0,0,0
modify,0,0,0,0,0,0,0,0,0,2,0
subsequent,2,0,0,0,0,0,0,0,0,0,0
effect,0,0,0,0,0,5,0,0,0,0,0
rendezvous,0,0,0,0,0,0,0,0,0,2,0
rename,0,0,0,0,0,0,0,0,0,1,0
launch,0,0,0,0,0,0,0,0,0,3,0
touch,0,0,0,0,0,0,0,0,0,3,0
primary,2,0,0,0,0,0,0,0,0,0,0
target,0,0,0,0,0,1,0,0,0,0,0
overall,3,0,1,0,0,0,0,0,0,0,0
resolve,0,0,0,0,0,0,0,0,0,2,0
illuminate,0,0,0,0,0,0,0,0,0,1,0
opposite,3,1,0,0,0,0,0,0,0,0,0
hemisphere,0,0,0,0,0,2,0,0,0,0,0
pair,0,0,0,0,0,1,0,0,0,0,0
mosaic,0,0,0,0,0,1,0,0,0,0,0
take,0,0,0,0,0,0,0,0,0,15,0
route,0,0,0,0,0,1,0,0,0,0,0
irregular,6,0,0,0,0,0,0,0,0,0,0
dimension,0,0,0,0,0,5,0,0,0,0,0
pock,0,0,0,0,0,0,0,0,0,1,0
groovelike,1,0,0,0,0,0,0,0,0,0,0
linear,2,0,0,0,0,0,0,0,0,0,0
marking,0,0,0,0,0,1,0,0,0,0,0
suggest,0,0,0,0,0,0,0,0,0,10,0
experience,0,0,0,0,0,0,0,0,0,5,0
shatter,0,0,0,0,0,0,0,0,0,2,0
photo,0,0,0,0,0,1,0,0,0,0,0
montage,0,0,0,0,0,1,0,0,0,0,0
lower,0,0,2,0,0,0,0,0,0,0,0
left,0,0,2,0,0,0,0,0,0,0,0
moon,0,0,0,0,0,10,0,0,0,0,0
nearly,0,0,8,0,0,0,0,0,0,0,0
fly,0,0,0,0,0,0,0,0,0,6,0
somewhat,0,0,8,0,0,0,0,0,0,0,0
crescent,1,0,0,0,0,0,0,0,0,0,0
shaped,2,0,0,0,0,0,0,0,0,0,0
view,0,0,0,0,0,2,0,0,0,2,0
pole,0,0,0,0,0,1,0,0,0,0,0
examination,0,0,0,0,0,1,0,0,0,0,0
indirect,2,0,0,0,0,0,0,0,0,0,0
existence,0,0,0,0,0,6,0,0,0,0,0
natural,5,0,0,0,0,0,0,0,0,0,0
confirm,0,0,0,0,0,0,0,0,0,7,0
instance,0,0,0,0,0,4,0,0,0,0,0
greek,2,0,0,0,0,0,0,0,0,0,0
mythology,0,0,0,0,0,2,0,0,0,0,0
photograph,0,0,0,0,0,4,0,0,0,3,0
telescope,0,0,0,0,0,6,0,0,0,0,0
equip,0,0,0,0,0,0,0,0,0,1,0
adaptive,1,0,0,0,0,0,0,0,0,0,0
optic,0,0,0,0,0,1,0,0,0,0,0
likewise,0,0,3,0,0,0,0,0,0,0,0
derive,0,0,0,0,0,0,0,0,0,7,0
turn,0,0,0,0,0,3,0,0,0,2,0
void,0,0,0,0,0,1,0,0,0,0,0
interior,0,0,0,0,0,6,0,0,0,0,0
pay,0,0,0,0,0,0,0,0,0,1,0
brief,1,0,0,0,0,0,0,0,0,0,0
visit,0,0,0,0,0,1,0,0,0,2,0
porous,1,0,0,0,0,0,0,0,0,0,0
test,0,0,0,0,0,0,0,0,0,1,0
advanced,1,0,0,0,0,0,0,0,0,0,0
bind,0,0,0,0,0,0,0,0,0,3,0
comparatively,0,0,3,0,0,0,0,0,0,0,0
asteroidal,11,0,0,0,0,0,0,0,0,0,0
probe,0,0,0,0,0,5,0,0,0,0,0
chain,0,0,0,0,0,1,0,0,0,0,0
arrive,0,0,0,0,0,0,0,0,0,2,0
lander,0,0,0,0,0,3,0,0,0,0,0
module,0,0,0,0,0,1,0,0,0,0,0
successfully,0,0,1,0,0,0,0,0,0,0,0
ambitious,1,0,0,0,0,0,0,0,0,0,0
indicate,0,0,0,0,0,0,0,0,0,8,0
stillborn,1,0,0,0,0,0,0,0,0,0,0
low,17,0,0,0,0,0,0,0,0,0,0
velocity,0,0,0,0,0,20,0,0,0,0,0
planetesimal,0,0,0,0,0,9,0,0,0,0,0
stage,0,0,0,0,0,2,0,0,0,0,0
gravitationally,0,0,3,0,0,0,0,0,0,0,0
scatter,0,0,0,0,0,0,0,0,0,6,0
massive,4,0,0,0,0,0,0,0,0,0,0
eventually,0,0,5,0,0,0,0,0,0,0,0
giant,9,0,0,0,0,1,0,0,0,0,0
strongly,0,0,2,0,0,0,0,0,0,0,0
perturb,0,0,0,0,0,0,0,0,0,2,0
raise,0,0,0,0,0,0,0,0,0,1,0
mutual,1,0,0,0,0,0,0,0,0,0,0
average,3,0,0,0,0,0,0,0,0,0,0
exhibit,0,0,0,0,0,0,0,0,0,3,0
accretionary,2,0,0,0,0,0,0,0,0,0,0
transform,0,0,0,0,0,0,0,0,0,3,0
disruption,0,0,0,0,0,1,0,0,0,0,0
survive,0,0,0,0,0,0,0,0,0,9,0
comparable,1,0,0,0,0,0,0,0,0,0,0
collisionally,0,0,1,0,0,0,0,0,0,0,0
exception,0,0,0,0,0,3,0,0,0,0,0
past,2,0,0,0,0,3,0,0,0,0,0
impact,0,0,0,0,0,32,0,0,0,2,0
ago,0,0,7,0,0,0,0,0,0,0,0
depict,0,0,0,0,0,0,0,0,0,1,0
conception,0,0,0,0,0,1,0,0,0,0,0
expose,0,0,0,0,0,0,0,0,0,3,0
layer,0,0,0,0,0,6,0,0,0,0,0
compositionally,0,0,1,0,0,0,0,0,0,0,0
homogeneous,1,0,0,0,0,0,0,0,0,0,0
noticeable,1,0,0,0,0,0,0,0,0,0,0
differentiated,2,0,0,0,0,0,0,0,0,0,0
originally,0,0,3,0,0,0,0,0,0,0,0
primitive,4,0,0,0,0,0,0,0,0,0,0
remove,0,0,0,0,0,0,0,0,0,2,0
lived,10,0,0,0,0,0,0,0,0,0,0
radionuclide,0,0,0,0,0,14,0,0,0,0,0
magnetic,7,0,0,0,0,0,0,0,0,0,0
induction,0,0,0,0,0,1,0,0,0,0,0
melt,0,0,0,0,0,3,0,0,0,10,0
geochemical,3,0,0,0,0,0,0,0,0,0,0
occur,0,0,0,0,0,0,0,0,0,18,0
certain,5,0,0,0,0,0,0,0,0,0,0
temperature,0,0,0,0,0,7,0,0,0,0,0
metallic,5,0,0,0,0,0,0,0,0,0,0
iron,0,0,0,0,0,30,0,0,0,0,0
separate,0,0,0,0,0,0,0,0,0,6,0
dense,11,0,0,0,0,0,0,0,0,0,0
sink,0,0,0,0,0,0,0,0,0,2,0
centre,0,0,0,0,0,5,0,0,0,0,0
core,0,0,0,0,0,10,0,0,0,1,0
force,0,0,0,0,0,11,0,0,0,1,0
basaltic,4,0,0,0,0,0,0,0,0,0,0
lava,0,0,0,0,0,1,0,0,0,0,0
differentiate,0,0,0,0,0,0,0,0,0,2,0
disrupt,0,0,0,0,0,0,0,0,0,1,0
strip,0,0,0,0,0,0,0,0,0,2,0
away,0,3,13,0,0,0,0,0,0,0,0
crust,0,0,0,0,0,9,0,0,0,0,0
mantle,0,0,0,0,0,5,0,0,0,0,0
partially,0,0,5,0,0,0,0,0,0,0,0
visible,8,0,0,0,0,0,0,0,0,0,0
responsible,8,0,0,0,0,0,0,0,0,0,0
calculate,0,0,0,0,0,0,0,0,0,4,0
measurably,0,0,1,0,0,0,0,0,0,0,0
question,0,0,0,0,0,1,0,0,0,0,0
radio,0,0,0,0,0,1,0,0,0,0,0
transmit,0,0,0,0,0,0,0,0,0,1,0
delay,0,0,0,0,0,1,0,0,0,0,0
possible,7,0,0,0,0,0,0,0,0,0,0
departure,0,0,0,0,0,2,0,0,0,0,0
excess,0,0,0,0,0,1,0,0,0,0,0
measure,0,0,0,0,0,0,0,0,0,7,0
regularly,0,0,1,0,0,0,0,0,0,0,0
ellipsoidal,1,0,0,0,0,0,0,0,0,0,0
volume,0,0,0,0,0,3,0,0,0,0,0
easily,0,0,1,0,0,0,0,0,0,0,0
directly,0,0,5,0,0,0,0,0,0,0,0
science,0,0,0,0,0,3,0,0,0,0,0
flame,0,0,0,0,0,0,0,0,0,1,0
rare,5,0,0,0,0,0,0,0,0,0,0
occasion,0,0,0,0,0,2,0,0,0,0,0
plunge,0,0,0,0,0,1,0,0,0,1,0
boom,0,0,0,0,0,2,0,0,0,0,0
thundering,0,0,0,0,0,1,0,0,0,0,0
gun,0,0,0,0,0,2,0,0,0,0,0
people,0,0,0,0,0,3,0,0,0,0,0
witness,0,0,0,0,0,1,0,0,0,2,0
believe,0,0,0,0,0,0,0,0,0,7,0
fall,0,0,0,0,0,5,0,0,0,11,0
modern,3,0,0,0,0,0,0,0,0,0,0
usage,0,0,0,0,0,3,0,0,0,0,0
restrict,0,0,0,0,0,0,0,0,0,2,0
nature,0,0,0,0,0,9,0,0,0,0,0
minimum,1,0,0,0,0,1,0,0,0,0,0
fast,1,0,3,0,0,0,0,0,0,0,0
bullet,0,0,0,0,0,1,0,0,0,0,0
barrel,0,0,0,0,0,1,0,0,0,0,0
frictional,1,0,0,0,0,0,0,0,0,0,0
heating,0,0,0,0,0,5,0,0,0,0,0
energetic,3,0,0,0,0,0,0,0,0,0,0
atmospheric,8,0,0,0,0,0,0,0,0,0,0
atom,0,0,0,0,0,4,0,0,0,0,0
molecule,0,0,0,0,0,16,0,0,0,0,0
air,0,0,0,0,0,5,0,0,0,0,0
luminous,6,0,0,0,0,0,0,0,0,0,0
phenomenon,0,0,0,0,0,7,0,0,0,0,0
fiery,3,0,0,0,0,0,0,0,0,0,0
reserve,0,0,0,0,0,0,0,0,0,1,0
place,0,0,0,0,0,5,0,0,0,2,0
category,0,0,0,0,0,7,0,0,0,0,0
micrometre,1,0,0,0,0,4,0,0,0,0,0
print,0,0,0,0,0,0,0,0,0,1,0
page,0,0,0,0,0,1,0,0,0,0,0
interplanetary,7,0,0,0,0,0,0,0,0,0,0
micrometeoroid,0,0,0,0,0,1,0,0,0,0,0
confusingly,0,0,1,0,0,0,0,0,0,0,0
interchange,0,0,0,0,0,0,0,0,0,1,0
hurtle,0,0,0,0,0,0,0,0,0,1,0
incandescent,1,0,0,0,0,0,0,0,0,0,0
man,0,0,0,0,0,2,0,0,0,0,0
structure,0,0,0,0,0,7,0,0,0,0,0
feature,0,0,0,0,0,13,0,0,0,0,0
bright,8,0,0,0,0,0,0,0,0,0,0
city,0,0,0,0,0,1,0,0,0,0,0
naked,4,0,0,0,0,0,0,0,0,0,0
eye,0,0,0,0,0,5,0,0,0,0,0
emit,0,0,0,0,0,0,0,0,0,1,0
spark,0,0,0,0,0,1,0,0,0,0,0
flare,0,0,0,0,0,1,0,0,0,0,0
train,0,0,0,0,0,1,0,0,0,0,0
linger,0,0,0,0,0,0,0,0,0,1,0
flight,0,0,0,0,0,4,0,0,0,0,0
unusually,0,0,1,0,0,0,0,0,0,0,0
fireball,0,0,0,0,0,1,0,0,0,0,0
bolide,0,0,0,0,0,1,0,0,0,0,0
significantly,0,0,1,0,0,0,0,0,0,0,0
normal,1,0,0,0,0,0,0,0,0,0,0
sporadic,1,0,0,0,0,0,0,0,0,0,0
trail,0,0,0,0,0,1,0,0,0,1,0
stretch,0,0,0,0,0,0,0,0,0,1,0
sand,0,0,0,0,0,5,0,0,0,0,0
start,0,0,0,0,0,0,0,0,0,3,0
altitude,0,0,0,0,0,10,0,0,0,0,0
inch,0,0,0,0,0,9,0,0,0,0,0
observable,2,0,0,0,0,0,0,0,0,0,0
binocular,0,0,0,0,0,1,0,0,0,0,0
brilliance,0,0,0,0,0,1,0,0,0,0,0
gram,0,0,0,0,0,5,0,0,0,0,0
centimetreto,0,0,0,0,0,1,0,0,0,0,0
draw,0,0,0,0,0,0,0,0,0,2,0
field,0,0,0,0,0,5,0,0,0,0,0
escape,0,0,0,0,0,1,0,0,0,0,0
kinetic,6,0,0,0,0,0,0,0,0,0,0
energy,0,0,0,0,0,8,0,0,0,0,0
chemical,8,0,0,0,0,0,0,0,0,0,0
convert,0,0,0,0,0,0,0,0,0,1,0
ionize,0,0,0,0,0,0,0,0,0,3,0
dissociate,0,0,0,0,0,0,0,0,0,1,0
surround,0,0,0,0,0,0,0,0,0,5,0
excitation,0,0,0,0,0,1,0,0,0,0,0
meteoroidal,2,0,0,0,0,0,0,0,0,0,0
greatly,0,0,2,0,0,0,0,0,0,0,0
exceed,0,0,0,0,0,0,0,0,0,2,0
original,2,0,0,0,0,0,0,0,0,0,0
remainder,0,0,0,0,0,1,0,0,0,0,0
push,0,0,0,0,0,0,0,0,0,3,0
aside,0,0,1,0,0,0,0,0,0,0,0
level,0,0,0,0,0,3,0,0,0,0,0
shock,0,0,0,0,0,7,0,0,0,0,0
wave,0,0,0,0,0,4,0,0,0,0,0
ahead,0,0,1,0,0,0,0,0,0,0,0
interact,0,0,0,0,0,0,0,0,0,1,0
solid,9,0,0,0,0,2,0,0,0,0,0
vapour,0,0,0,0,0,5,0,0,0,0,0
complex,2,0,0,0,0,0,0,0,0,0,0
penetration,0,0,0,0,0,2,0,0,0,0,0
kilogram,0,0,0,0,0,2,0,0,0,0,0
sound,0,0,0,0,0,3,0,0,0,0,0
sonic,1,0,0,0,0,0,0,0,0,0,0
thunder,0,0,0,0,0,1,0,0,0,0,0
intense,3,0,0,0,0,0,0,0,0,0,0
shake,0,0,0,0,0,0,0,0,0,1,0
record,0,0,0,0,0,2,0,0,0,4,0
seismometer,0,0,0,0,0,1,0,0,0,0,0
earthquake,0,0,0,0,0,1,0,0,0,0,0
release,0,0,0,0,0,3,0,0,0,3,0
quickly,0,0,3,0,0,0,0,0,0,0,0
destroy,0,0,0,0,0,0,0,0,0,3,0
particularly,0,0,5,0,0,0,0,0,0,0,0
relatively,0,0,13,0,0,0,0,0,0,0,0
destruction,0,0,0,0,0,3,0,0,0,0,0
ablation,0,0,0,0,0,1,0,0,0,0,0
loss,0,0,0,0,0,2,0,0,0,0,0
vaporization,0,0,0,0,0,7,0,0,0,0,0
molten,6,0,0,0,0,0,0,0,0,0,0
droplet,0,0,0,0,0,3,0,0,0,0,0
fragmentation,0,0,0,0,0,4,0,0,0,0,0
aerodynamic,2,0,0,0,0,0,0,0,0,0,0
pressure,0,0,0,0,0,6,0,0,0,0,0
crush,0,0,0,0,0,0,0,0,0,2,0
strength,0,0,0,0,0,4,0,0,0,0,0
stress,0,0,0,0,0,1,0,0,0,0,0
entry,0,0,0,0,0,4,0,0,0,0,0
equivalent,3,0,0,0,0,0,0,0,0,0,0
kiloton,0,0,0,0,0,2,0,0,0,0,0
typically,0,0,4,0,0,0,0,0,0,0,0
initially,0,0,1,0,0,0,0,0,0,0,0
comparison,0,0,0,0,0,2,0,0,0,0,0
atomic,3,0,0,0,0,0,0,0,0,0,0
bomb,0,0,0,0,0,1,0,0,0,0,0
drop,0,0,0,0,0,0,0,0,0,2,0
yield,0,0,0,0,0,1,0,0,0,2,0
spectacular,4,0,0,0,0,0,0,0,0,0,0
megaton,0,0,0,0,0,2,0,0,0,0,0
flatten,0,0,0,0,0,0,0,0,0,1,0
tree,0,0,0,0,0,1,0,0,0,0,0
area,0,0,0,0,0,3,0,0,0,0,0
square,3,0,0,0,0,3,0,0,0,0,0
acre,0,0,0,0,0,1,0,0,0,0,0
rival,0,0,0,0,0,0,0,0,0,1,0
despite,0,0,0,0,0,0,0,0,3,0,0
store,0,0,0,0,0,1,0,0,0,0,0
angle,0,0,0,0,0,2,0,0,0,0,0
initial,1,0,0,0,0,1,0,0,0,0,0
pound,0,0,0,0,0,3,0,0,0,0,0
fairly,0,0,3,0,0,0,0,0,0,0,0
effectively,0,0,2,0,0,0,0,0,0,0,0
stop,0,0,0,0,0,0,0,0,0,2,0
considerable,3,0,0,0,0,0,0,0,0,0,0
height,0,0,0,0,0,1,0,0,0,0,0
week,0,0,0,0,0,1,0,0,0,0,0
settle,0,0,0,0,0,0,0,0,0,1,0
tend,0,0,0,0,0,0,0,0,0,3,0
mention,0,0,0,0,0,0,0,0,0,3,0
millimetre,0,0,0,0,0,3,0,0,0,0,0
resolidify,0,0,0,0,0,0,0,0,0,1,0
unheated,1,0,0,0,0,0,0,0,0,0,0
braking,0,0,0,0,0,1,0,0,0,0,0
cool,1,0,0,0,0,0,0,0,0,3,0
luminosity,0,0,0,0,0,1,0,0,0,0,0
fade,0,0,0,0,0,0,0,0,0,1,0
dark,4,0,0,0,0,0,0,0,0,0,0
contrast,0,0,0,0,0,3,0,0,0,0,0
immediately,0,0,1,0,0,0,0,0,0,0,0
bare,1,0,0,0,0,0,0,0,0,0,0
obvious,2,0,0,0,0,0,0,0,0,0,0
sign,0,0,0,0,0,3,0,0,0,0,0
glassy,1,0,0,0,0,0,0,0,0,0,0
fusion,0,0,0,0,0,1,0,0,0,0,0
melting,0,0,0,0,0,7,0,0,0,0,0
flow,0,0,0,0,0,3,0,0,0,0,0
orientation,0,0,0,0,0,1,0,0,0,0,0
manned,2,0,0,0,0,0,0,0,0,0,0
tumble,0,0,0,0,0,0,0,0,0,2,0
sighting,0,0,0,0,0,2,0,0,0,0,0
temporarily,0,0,1,0,0,0,0,0,0,0,0
dramatic,1,0,0,0,0,0,0,0,0,0,0
usual,3,0,0,0,0,0,0,0,0,0,0
hourly,1,0,0,0,0,0,0,0,0,0,0
outburst,0,0,0,0,0,1,0,0,0,0,0
yellow,1,0,0,0,0,0,0,0,0,0,0
characteristically,0,0,1,0,0,0,0,0,0,0,0
consequence,0,0,0,0,0,2,0,0,0,0,0
plot,0,0,0,0,0,2,0,0,0,1,0
trajectory,0,0,0,0,0,1,0,0,0,0,0
map,0,0,0,0,0,1,0,0,0,0,0
converge,0,0,0,0,0,0,0,0,0,2,0
radiant,2,0,0,0,0,3,0,0,0,0,0
parallel,1,0,0,0,0,0,0,0,0,0,0
railroad,0,0,0,0,0,1,0,0,0,0,0
track,0,0,0,0,0,1,0,0,0,0,0
constellation,0,0,0,0,0,2,0,0,0,0,0
theory,0,0,0,0,0,5,0,0,0,0,0
word,0,0,0,0,0,1,0,0,0,0,0
confine,0,0,0,0,0,0,0,0,0,1,0
stream,0,0,0,0,0,10,0,0,0,0,0
invisible,1,0,0,0,0,0,0,0,0,0,0
camera,0,0,0,0,0,1,0,0,0,0,0
daytime,0,0,0,0,0,1,0,0,0,0,0
tell,0,0,0,0,0,0,0,0,0,1,0
importance,0,0,0,0,0,3,0,0,0,0,0
fully,0,0,2,0,0,0,0,0,0,0,0
photographic,2,0,0,0,0,0,0,0,0,0,0
association,0,0,0,0,0,8,0,0,0,0,0
abundant,5,0,0,0,0,0,0,0,0,0,0
ice,0,0,0,0,0,18,0,0,0,0,0
freeze,0,0,0,0,0,0,0,0,0,1,0
associate,0,0,0,0,0,0,0,0,0,5,0
represent,0,0,0,0,0,0,0,0,0,9,0
debris,0,0,0,0,0,7,0,0,0,0,0
shed,0,0,0,0,0,0,0,0,0,2,0
intersect,0,0,0,0,0,0,0,0,0,2,0
annually,0,0,1,0,0,0,0,0,0,0,0
leonid,2,0,0,0,0,0,0,0,0,0,0
french,2,0,0,0,0,0,0,0,0,0,0
aeronaut,0,0,0,0,0,1,0,0,0,0,0
trip,0,0,0,0,0,1,0,0,0,0,0
hot,3,0,0,0,0,0,0,0,0,0,0
balloon,0,0,0,0,0,1,0,0,0,0,0
visual,3,0,0,0,0,0,0,0,0,0,0
behaviour,0,0,0,0,0,2,0,0,0,0,0
fact,0,0,0,0,0,7,0,0,0,0,0
cluster,0,0,0,0,0,2,0,0,0,1,0
compact,1,0,0,0,0,0,0,0,0,0,0
slightly,0,0,5,0,0,0,0,0,0,0,0
disperse,0,0,0,0,0,0,0,0,0,2,0
uniformly,0,0,2,0,0,0,0,0,0,0,0
weak,3,0,0,0,0,0,0,0,0,0,0
consistent,4,0,0,0,0,0,0,0,0,0,0
extent,0,0,0,0,0,1,0,0,0,0,0
identity,0,0,0,0,0,2,0,0,0,0,0
strange,1,0,0,0,0,0,0,0,0,0,0
clearly,0,0,4,0,0,0,0,0,0,0,0
glance,0,0,0,0,0,1,0,0,0,0,0
resemble,0,0,0,0,0,0,0,0,0,5,0
geminid,1,0,0,0,0,0,0,0,0,0,0
appearance,0,0,0,0,0,8,0,0,0,0,0
nebulous,5,0,0,0,0,0,0,0,0,0,0
head,0,0,0,0,0,5,0,0,0,0,0
anticlimax,0,0,0,0,0,1,0,0,0,0,0
unnoticed,1,0,0,0,0,0,0,0,0,0,0
site,0,0,0,0,0,2,0,0,0,0,0
signal,0,0,0,0,0,0,0,0,0,1,0
whistle,0,0,0,0,0,0,0,0,0,1,0
thud,0,0,0,0,0,1,0,0,0,0,0
strike,0,0,0,0,0,0,0,0,0,2,0
car,0,0,0,0,0,1,0,0,0,0,0
attention,0,0,0,0,0,1,0,0,0,0,0
local,2,0,0,0,0,0,0,0,0,0,0
event,0,0,0,0,0,5,0,0,0,0,0
stony,11,0,0,0,0,1,0,0,0,0,0
chiefly,0,0,1,0,0,0,0,0,0,0,0
silicate,4,0,0,0,0,9,0,0,0,0,0
nickel,0,0,0,0,0,12,0,0,0,0,0
alloy,0,0,0,0,0,4,0,0,0,0,0
percentage,0,0,0,0,0,2,0,0,0,0,0
intermix,0,0,0,0,0,0,0,0,0,1,0
filter,0,0,0,0,0,1,0,0,0,1,0
attach,0,0,0,0,0,0,0,0,0,1,0
aircraft,0,0,0,0,0,3,0,0,0,0,0
stratosphere,0,0,0,0,0,1,0,0,0,0,0
concentration,0,0,0,0,0,1,0,0,0,0,0
micrometeorite,0,0,0,0,0,2,0,0,0,0,0
weathering,0,0,0,0,0,7,0,0,0,0,0
sediment,0,0,0,0,0,2,0,0,0,0,0
ocean,0,0,0,0,0,5,0,0,0,0,0
pool,0,0,0,0,0,1,0,0,0,1,0
cap,0,0,0,0,0,1,0,0,0,0,0
antarctic,1,0,0,0,0,0,0,0,0,0,0
amount,0,0,0,0,0,2,0,0,0,0,0
outside,0,4,0,0,0,0,0,0,0,0,0
special,1,0,0,0,0,0,0,0,0,0,0
apparatus,0,0,0,0,0,1,0,0,0,0,0
trap,0,0,0,0,0,0,0,0,0,2,0
vicinity,0,0,0,0,0,5,0,0,0,0,0
violent,1,0,0,0,0,0,0,0,0,0,0
nuclear,4,0,0,0,0,0,0,0,0,0,0
research,0,0,0,0,0,4,0,0,0,0,0
electron,0,0,0,0,0,2,0,0,0,0,0
microscope,0,0,0,0,0,1,0,0,0,0,0
geologic,4,0,0,0,0,0,0,0,0,0,0
cratering,0,0,0,0,0,1,0,0,0,0,0
attest,0,0,0,0,0,0,0,0,0,2,0
power,0,0,0,0,0,1,0,0,0,0,0
fortunately,0,0,2,0,0,0,0,0,0,0,0
magnitude,0,0,0,0,0,5,0,0,0,0,0
history,0,0,0,0,0,5,0,0,0,0,0
wind,0,0,0,0,0,14,0,0,0,1,0
sweep,0,0,0,0,0,0,0,0,0,1,0
intensity,0,0,0,0,0,1,0,0,0,0,0
bombardment,0,0,0,0,0,6,0,0,0,0,0
heavy,2,0,0,0,0,0,0,0,0,0,0
heavily,0,0,2,0,0,0,0,0,0,0,0
cratered,1,0,0,0,0,0,0,0,0,0,0
terrain,0,0,0,0,0,2,0,0,0,0,0
play,0,0,0,0,0,0,0,0,0,1,0
role,0,0,0,0,0,2,0,0,0,0,0
course,0,0,1,0,0,3,0,0,0,0,0
biological,1,0,0,0,0,0,0,0,0,0,0
evolution,0,0,0,0,0,8,0,0,0,0,0
young,5,0,0,0,0,0,0,0,0,0,0
repeatedly,0,0,1,0,0,0,0,0,0,0,0
wipe,0,0,0,0,0,0,0,0,0,1,0
boil,0,0,0,0,0,0,0,0,0,1,0
finally,0,0,7,0,0,0,0,0,0,0,0
foothold,0,0,0,0,0,1,0,0,0,0,0
protect,0,0,0,0,0,0,0,0,0,1,0
alter,0,0,0,0,0,0,0,0,0,3,0
simultaneous,2,0,0,0,0,0,0,0,0,0,0
extinction,0,0,0,0,0,2,0,0,0,0,0
specie,0,0,0,0,0,2,0,0,0,0,0
excavate,0,0,0,0,0,0,0,0,0,1,0
northwestern,1,0,0,0,0,0,0,0,0,0,0
trigger,0,0,0,0,0,0,0,0,0,2,0
cretaceous,1,0,0,0,0,0,0,0,0,0,0
cite,0,0,0,0,0,0,0,0,0,1,0
victim,0,0,0,0,0,1,0,0,0,0,0
dinosaur,0,0,0,0,0,1,0,0,0,0,0
demise,0,0,0,0,0,1,0,0,0,0,0
replacement,0,0,0,0,0,1,0,0,0,0,0
reptile,0,0,0,0,0,1,0,0,0,0,0
mammal,0,0,0,0,0,1,0,0,0,0,0
animal,0,0,0,0,0,1,0,0,0,0,0
bury,0,0,0,0,0,0,0,0,0,1,0
rimmed,1,0,0,0,0,0,0,0,0,0,0
bowl,0,0,0,0,0,1,0,0,0,0,0
pit,0,0,0,0,0,2,0,0,0,0,0
rolling,1,0,0,0,0,0,0,0,0,0,0
plain,0,0,0,0,0,2,0,0,0,0,0
west,0,0,1,0,0,0,0,0,0,0,0
rim,0,0,0,0,0,2,0,0,0,0,0
drilling,0,0,0,0,0,1,0,0,0,0,0
undisturbed,1,0,0,0,0,0,0,0,0,0,0
beneath,0,2,0,0,0,0,0,0,0,0,0
fill,0,0,0,0,0,1,0,0,0,2,0
strata,0,0,0,0,0,1,0,0,0,0,0
upturned,1,0,0,0,0,0,0,0,0,0,0
cover,0,0,0,0,0,0,0,0,0,9,0
bedrock,0,0,0,0,0,2,0,0,0,0,0
inverted,1,0,0,0,0,0,0,0,0,0,0
stratigraphy,0,0,0,0,0,1,0,0,0,0,0
variously,0,0,2,0,0,0,0,0,0,0,0
gravel,0,0,0,0,0,1,0,0,0,0,0
condense,0,0,0,0,0,0,0,0,0,1,0
coesite,0,0,0,0,0,1,0,0,0,0,0
stishovite,0,0,0,0,0,1,0,0,0,0,0
modification,0,0,0,0,0,1,0,0,0,0,0
silica,0,0,0,0,0,1,0,0,0,0,0
help,0,0,0,0,0,1,0,0,0,1,0
meteoritic,3,0,0,0,0,2,0,0,0,0,0
argue,0,0,0,0,0,0,0,0,0,3,0
mining,0,0,0,0,0,1,0,0,0,0,0
engineer,0,0,0,0,0,1,0,0,0,0,0
broadly,0,0,1,0,0,0,0,0,0,0,0
sample,0,0,0,0,0,8,0,0,0,1,0
robotic,2,0,0,0,0,0,0,0,0,0,0
rover,0,0,0,0,0,1,0,0,0,0,0
principal,1,0,0,0,0,0,0,0,0,0,0
drive,0,0,0,0,0,0,0,0,0,1,0
expect,0,0,0,0,0,0,0,0,0,8,0
fine,5,0,1,0,0,0,0,0,0,0,0
grained,1,0,0,0,0,0,0,0,0,0,0
assembly,0,0,0,0,0,1,0,0,0,0,0
involve,0,0,0,0,0,0,0,0,0,4,0
successively,0,0,1,0,0,0,0,0,0,0,0
ball,0,0,0,0,0,1,0,0,0,0,0
simple,1,0,0,0,0,0,0,0,0,0,0
aggregation,0,0,0,0,0,3,0,0,0,0,0
basic,2,0,0,0,0,0,0,0,0,0,0
mechanism,0,0,0,0,0,5,0,0,0,0,0
leftover,0,0,0,0,0,1,0,0,0,0,0
intermediate,1,0,0,0,0,0,0,0,0,0,0
representative,2,0,0,0,0,0,0,0,0,0,0
operation,0,0,0,0,0,1,0,0,0,0,0
decay,0,0,0,0,0,4,0,0,0,4,0
radioactive,2,0,0,0,0,0,0,0,0,0,0
isotope,0,0,0,0,0,2,0,0,0,0,0
substantial,3,0,0,0,0,0,0,0,0,0,0
consequent,1,0,0,0,0,0,0,0,0,0,0
constituent,0,0,0,0,0,1,0,0,0,0,0
radiate,0,0,0,0,0,0,0,0,0,1,0
efficiently,0,0,1,0,0,0,0,0,0,0,0
consequently,0,0,2,0,0,0,0,0,0,0,0
degree,0,0,0,0,0,1,0,0,0,0,0
predate,0,0,0,0,0,0,0,0,0,1,0
team,0,0,0,0,0,1,0,0,0,0,0
log,0,0,0,0,0,0,0,0,0,1,0
geographic,1,0,0,0,0,0,0,0,0,0,0
systematic,2,0,0,0,0,0,0,0,0,0,0
effort,0,0,0,0,0,1,0,0,0,0,0
largely,0,0,2,0,0,0,0,0,0,0,0
person,0,0,0,0,0,2,0,0,0,0,0
specimen,0,0,0,0,0,2,0,0,0,0,0
simply,0,0,1,0,0,0,0,0,0,0,0
museum,0,0,0,0,0,3,0,0,0,0,0
private,1,0,0,0,0,0,0,0,0,0,0
collector,0,0,0,0,0,1,0,0,0,0,0
mineral,0,0,0,0,0,9,0,0,0,0,0
diversity,0,0,0,0,0,2,0,0,0,0,0
subdivision,0,0,0,0,0,3,0,0,0,0,0
etc,0,0,0,0,0,0,0,0,0,0,1
chemistry,0,0,0,0,0,4,0,0,0,0,0
mineralogy,0,0,0,0,0,5,0,0,0,0,0
important,6,0,0,0,0,0,0,0,0,0,0
realize,0,0,0,0,0,0,0,0,0,1,0
classification,0,0,0,0,0,2,0,0,0,0,0
necessarily,0,0,2,0,0,0,0,0,0,0,0
unrelated,3,0,0,0,0,0,0,0,0,0,0
conversely,0,0,1,0,0,0,0,0,0,0,0
happen,0,0,0,0,0,0,0,0,0,2,0
separation,0,0,0,0,0,1,0,0,0,0,0
differentiation,0,0,0,0,0,1,0,0,0,0,0
interface,0,0,0,0,0,1,0,0,0,0,0
challenge,0,0,0,0,0,1,0,0,0,1,0
tremendous,1,0,0,0,0,0,0,0,0,0,0
chondrite,0,0,0,0,0,33,0,0,0,0,0
fundamental,2,0,0,0,0,0,0,0,0,0,0
achondrite,0,0,0,0,0,11,0,0,0,0,0
ordinary,11,0,0,0,0,0,0,0,0,0,0
carbonaceous,7,0,0,0,0,0,0,0,0,0,0
enstatite,2,0,0,0,0,2,0,0,0,0,0
southwestern,1,0,0,0,0,0,0,0,0,0,0
collection,0,0,0,0,0,3,0,0,0,0,0
arguably,0,0,2,0,0,0,0,0,0,0,0
akin,1,0,0,0,0,0,0,0,0,0,0
sedimentary,1,0,0,0,0,0,0,0,0,0,0
conglomerate,0,0,0,0,0,3,0,0,0,0,0
preexisting,1,0,0,0,0,0,0,0,0,0,0
cement,0,0,0,0,0,0,0,0,0,5,0
mechanical,1,0,0,0,0,0,0,0,0,0,0
mixture,0,0,0,0,0,2,0,0,0,0,0
nebula,0,0,0,0,0,10,0,0,0,0,0
remarkably,0,0,3,0,0,0,0,0,0,0,0
absence,0,0,0,0,0,2,0,0,0,0,0
hydrogen,0,0,0,0,0,8,0,0,0,0,0
helium,0,0,0,0,0,1,0,0,0,0,0
serve,0,0,0,0,0,0,0,0,0,2,0
reference,0,0,0,0,0,2,0,0,0,0,0
deviation,0,0,0,0,0,3,0,0,0,0,0
clue,0,0,0,0,0,3,0,0,0,0,0
influence,0,0,0,0,0,1,0,0,0,2,0
chondrule,0,0,0,0,0,15,0,0,0,0,0
presence,0,0,0,0,0,7,0,0,0,0,0
texture,0,0,0,0,0,1,0,0,0,0,0
free,0,0,1,0,0,0,0,0,0,0,0
float,0,0,0,0,0,0,0,0,0,1,0
simulation,0,0,0,0,0,3,0,0,0,0,0
experiment,0,0,0,0,0,1,0,0,0,0,0
ash,0,0,0,0,0,1,0,0,0,0,0
peak,0,0,0,0,0,1,0,0,0,2,0
rapid,3,0,0,0,0,0,0,0,0,0,0
cooling,0,0,0,0,0,1,0,0,0,0,0
localized,1,0,0,0,0,0,0,0,0,0,0
abundance,0,0,0,0,0,7,0,0,0,0,0
guide,0,0,0,0,0,1,0,0,0,0,0
speculation,0,0,0,0,0,2,0,0,0,0,0
definitively,0,0,1,0,0,0,0,0,0,0,0
diverse,1,0,0,0,0,0,0,0,0,0,0
wide,3,0,1,0,0,0,0,0,0,0,0
spread,0,0,0,0,0,0,0,0,0,1,0
igneous,1,0,0,0,0,0,0,0,0,0,0
volcanic,8,0,0,0,0,0,0,0,0,0,0
segregation,0,0,0,0,0,3,0,0,0,0,0
magma,0,0,0,0,0,2,0,0,0,0,0
magmatic,1,0,0,0,0,0,0,0,0,0,0
hypersthene,0,0,0,0,0,1,0,0,0,0,0
embed,0,0,0,0,0,0,0,0,0,1,0
brecciated,1,0,0,0,0,0,0,0,0,0,0
diogenite,0,0,0,0,0,6,0,0,0,0,0
aubrite,0,0,0,0,0,3,0,0,0,0,0
howardite,0,0,0,0,0,4,0,0,0,0,0
eucrite,0,0,0,0,0,9,0,0,0,0,0
ureilite,0,0,0,0,0,2,0,0,0,0,0
highly,0,0,1,0,0,0,0,0,0,0,0
chemically,0,0,2,0,0,0,0,0,0,0,0
reduce,0,0,0,0,0,0,0,0,0,2,0
condition,0,0,0,0,0,3,0,0,0,0,0
compound,0,0,0,0,0,5,0,0,0,0,0
calcium,0,0,0,0,0,1,0,0,0,0,0
sulfide,0,0,0,0,0,2,0,0,0,0,0
oldhamite,0,0,0,0,0,1,0,0,0,0,0
carbonate,0,0,0,0,0,1,0,0,0,0,0
relate,0,0,0,0,0,0,0,0,0,2,0
tentatively,0,0,1,0,0,0,0,0,0,0,0
link,0,0,0,0,0,2,0,0,0,3,0
mesosiderite,0,0,0,0,0,3,0,0,0,0,0
crystallization,0,0,0,0,0,1,0,0,0,0,0
metamorphism,0,0,0,0,0,1,0,0,0,0,0
brecciation,0,0,0,0,0,1,0,0,0,0,0
cumulate,2,0,0,0,0,0,0,0,0,0,0
gabbro,0,0,0,0,0,1,0,0,0,0,0
depth,0,0,0,0,0,4,0,0,0,0,0
crystallize,0,0,0,0,0,0,0,0,0,3,0
slowly,0,0,1,0,0,0,0,0,0,0,0
basalt,0,0,0,0,0,2,0,0,0,0,0
apparently,0,0,3,0,0,0,0,0,0,0,0
pyroxene,0,0,0,0,0,4,0,0,0,0,0
breccia,0,0,0,0,0,3,0,0,0,0,0
carbon,0,0,0,0,0,20,0,0,0,0,0
bear,0,0,0,0,0,0,0,0,0,4,0
olivine,0,0,0,0,0,3,0,0,0,0,0
vein,0,0,0,0,0,3,0,0,0,0,0
run,0,0,0,0,0,0,0,0,0,1,0
constitute,0,0,0,0,0,0,0,0,0,2,0
graphite,0,0,0,0,0,2,0,0,0,0,0
diamond,0,0,0,0,0,1,0,0,0,0,0
debate,0,0,0,0,0,1,0,0,0,0,0
rich,5,0,0,0,0,0,0,0,0,0,0
induce,0,0,0,0,0,0,0,0,0,2,0
redistribution,0,0,0,0,0,1,0,0,0,0,0
variability,0,0,0,0,0,1,0,0,0,0,0
shergottite,0,0,0,0,0,2,0,0,0,0,0
chassignite,0,0,0,0,0,1,0,0,0,0,0
martian,2,0,0,0,0,0,0,0,0,0,0
suspect,0,0,0,0,0,0,0,0,0,1,0
collectively,0,0,2,0,0,0,0,0,0,0,0
planetary,7,0,0,0,0,0,0,0,0,0,0
retain,0,0,0,0,0,0,0,0,0,1,0
let,0,0,0,0,0,0,0,0,0,1,0
require,0,0,0,0,0,0,0,0,0,3,0
candidate,0,0,0,0,0,2,0,0,0,0,0
recent,2,0,0,0,0,0,0,0,0,0,0
lunar,3,0,0,0,0,0,0,0,0,0,0
blast,0,0,0,0,0,0,0,0,0,1,0
mare,0,0,0,0,0,1,0,0,0,0,0
highland,0,0,0,0,0,2,0,0,0,0,0
regolith,0,0,0,0,0,5,0,0,0,0,0
analysis,0,0,0,0,0,4,0,0,0,0,0
segregate,0,0,0,0,0,0,0,0,0,1,0
repository,0,0,0,0,0,1,0,0,0,0,0
locally,0,0,1,0,0,0,0,0,0,0,0
raisin,0,0,0,0,0,2,0,0,0,0,0
bread,0,0,0,0,0,1,0,0,0,0,0
undergo,0,0,0,0,0,0,0,0,0,1,0
localize,0,0,0,0,0,0,0,0,0,1,0
entire,5,0,0,0,0,0,0,0,0,0,0
principally,0,0,1,0,0,0,0,0,0,0,0
kamacite,0,0,0,0,0,3,0,0,0,0,0
taenite,0,0,0,0,0,3,0,0,0,0,0
extreme,0,0,0,0,0,2,0,0,0,0,0
hexahedrite,0,0,0,0,0,2,0,0,0,0,0
essentially,0,0,3,0,0,0,0,0,0,0,0
structureless,1,0,0,0,0,0,0,0,0,0,0
ataxite,0,0,0,0,0,2,0,0,0,0,0
weight,0,0,0,0,0,1,0,0,0,0,0
monomineralic,1,0,0,0,0,0,0,0,0,0,0
featureless,4,0,0,0,0,0,0,0,0,0,0
structurally,0,0,1,0,0,0,0,0,0,0,0
octahedrite,0,0,0,0,0,3,0,0,0,0,0
interlock,0,0,0,0,0,0,0,0,0,2,0
plate,0,0,0,0,0,1,0,0,0,0,0
octahedral,1,0,0,0,0,0,0,0,0,0,0
arrangement,0,0,0,0,0,2,0,0,0,0,0
interstice,0,0,0,0,0,1,0,0,0,0,0
pattern,0,0,0,0,0,4,0,0,0,0,0
cut,0,0,0,0,0,0,0,0,0,1,0
polished,1,0,0,0,0,0,0,0,0,0,0
etch,0,0,0,0,0,0,0,0,0,1,0
dilute,1,0,0,0,0,0,0,0,0,0,0
acid,0,0,0,0,0,2,0,0,0,0,0
indication,0,0,0,0,0,1,0,0,0,0,0
specific,2,0,0,0,0,0,0,0,0,0,0
mineralogical,2,0,0,0,0,0,0,0,0,0,0
principle,0,0,0,0,0,1,0,0,0,0,0
spectrum,0,0,0,0,0,6,0,0,0,0,0
conspire,0,0,0,0,0,0,0,0,0,1,0
exactly,0,0,3,0,0,0,0,0,0,0,0
alike,1,0,0,0,0,0,0,0,0,0,0
moderate,3,0,0,0,0,0,0,0,0,0,0
absorb,0,0,0,0,0,0,0,0,0,2,0
hydrous,2,0,0,0,0,0,0,0,0,0,0
plausible,1,0,0,0,0,0,0,0,0,0,0
unlikely,1,0,0,0,0,0,0,0,0,0,0
difficulty,0,0,0,0,0,1,0,0,0,0,0
apparent,6,0,0,0,0,0,0,0,0,0,0
specifically,0,0,3,0,0,0,0,0,0,0,0
ratio,0,0,0,0,0,5,0,0,0,0,0
subclass,0,0,0,0,0,2,0,0,0,0,0
explain,0,0,0,0,0,0,0,0,0,9,0
uncommon,1,0,0,0,0,0,0,0,0,0,0
unidentified,1,0,0,0,0,0,0,0,0,0,0
supply,0,0,0,0,0,0,0,0,0,1,0
match,0,0,0,0,0,0,0,0,0,2,0
support,0,0,0,0,0,1,0,0,0,4,0
elemental,3,0,0,0,0,0,0,0,0,0,0
notable,2,0,0,0,0,0,0,0,0,0,0
sulfur,0,0,0,0,0,7,0,0,0,0,0
content,0,0,0,0,0,2,0,0,0,0,0
spectra,0,0,0,0,0,2,0,0,0,0,0
poorly,0,0,1,0,0,0,0,0,0,0,0
micro,0,0,0,0,0,1,0,0,0,0,0
impingement,0,0,0,0,0,1,0,0,0,0,0
act,0,0,0,0,0,0,0,0,0,3,0
airless,1,0,0,0,0,0,0,0,0,0,0
old,7,0,0,0,0,0,0,0,0,0,0
pulverize,0,0,0,0,0,0,0,0,0,1,0
need,0,0,0,1,0,0,0,0,0,2,0
thin,1,0,0,0,0,0,0,0,0,0,0
sheet,0,0,0,0,0,2,0,0,0,0,0
paper,0,0,0,0,0,2,0,0,0,0,0
mask,0,0,0,0,0,0,0,0,0,1,0
underlie,0,0,0,0,0,0,0,0,0,1,0
spectroscopy,0,0,0,0,0,3,0,0,0,0,0
thick,2,0,0,0,0,0,0,0,0,0,0
loosely,0,0,1,0,0,0,0,0,0,0,0
analyze,0,0,0,0,0,0,0,0,0,2,0
collisional,1,0,0,0,0,0,0,0,0,0,0
grinding,0,0,0,0,0,1,0,0,0,0,0
make,0,0,0,0,0,0,0,0,0,2,0
cult,0,0,0,0,0,0,0,0,0,0,1
certainty,0,0,0,0,0,1,0,0,0,0,0
grossly,0,0,2,0,0,0,0,0,0,0,0
cratere,0,0,0,0,0,0,0,0,0,1,0
astronaut,0,0,0,0,0,1,0,0,0,0,0
affect,0,0,0,0,0,0,0,0,0,1,0
convincing,1,0,0,0,0,0,0,0,0,0,0
propose,0,0,0,0,0,0,0,0,0,6,0
line,0,0,0,0,0,5,0,0,0,0,0
pallasite,0,0,0,0,0,1,0,0,0,0,0
birth,0,0,0,0,0,1,0,0,0,0,0
collapse,0,0,0,0,0,7,0,0,0,5,0
interstellar,13,0,0,0,0,0,0,0,0,0,0
molecular,16,0,0,0,0,0,0,0,0,0,0
circumstellar,1,0,0,0,0,0,0,0,0,0,0
precipitate,0,0,0,0,0,0,0,0,0,1,0
spontaneously,0,0,2,0,0,0,0,0,0,0,0
random,1,0,0,0,0,0,0,0,0,0,0
possibility,0,0,0,0,0,3,0,0,0,0,0
finding,0,0,0,0,0,2,0,0,0,0,0
refractory,9,0,0,0,0,0,0,0,0,0,0
inclusion,0,0,0,0,0,9,0,0,0,0,0
oppose,0,0,0,0,0,0,0,0,0,2,0
production,0,0,0,0,0,2,0,0,0,0,0
cosmic,1,0,0,0,0,0,0,0,0,0,0
ray,0,0,0,0,0,1,0,0,0,0,0
irradiation,0,0,0,0,0,1,0,0,0,0,0
shortest,0,0,1,0,0,0,0,0,0,0,0
date,0,0,0,0,0,3,0,0,0,1,0
incorporate,0,0,0,0,0,0,0,0,0,2,0
standard,0,0,0,0,0,1,0,0,0,0,0
stringent,1,0,0,0,0,0,0,0,0,0,0
constraint,0,0,0,0,0,1,0,0,0,0,0
synthesis,0,0,0,0,0,2,0,0,0,0,0
absolute,3,0,0,0,0,0,0,0,0,0,0
nucleosynthesis,0,0,0,0,0,1,0,0,0,0,0
supernova,0,0,0,0,0,2,0,0,0,0,0
die,0,0,0,0,0,0,0,0,0,1,0
asymptotic,1,0,0,0,0,0,0,0,0,0,0
branch,0,0,0,0,0,1,0,0,0,0,0
numerical,1,0,0,0,0,0,0,0,0,0,0
compress,0,0,0,0,0,0,0,0,0,1,0
unstable,2,0,0,0,0,0,0,0,0,0,0
complement,0,0,0,0,0,1,0,0,0,0,0
mix,0,0,0,0,0,0,0,0,0,2,0
scenario,0,0,0,0,0,4,0,0,0,0,0
fingerprint,0,0,0,0,0,1,0,0,0,0,0
stellar,3,0,0,0,0,0,0,0,0,0,0
explanation,0,0,0,0,0,2,0,0,0,0,0
rule,0,0,0,0,0,1,0,0,0,1,0
prove,0,0,0,0,0,0,0,0,0,2,0
successful,3,0,0,0,0,0,0,0,0,0,0
model,0,0,0,0,0,13,0,0,0,0,0
regard,0,0,0,0,0,1,0,0,0,4,0
gradation,0,0,0,0,0,1,0,0,0,0,0
dry,1,0,0,0,0,0,0,0,0,0,0
gradient,0,0,0,0,0,3,0,0,0,0,0
astrophysical,2,0,0,0,0,0,0,0,0,0,0
assume,0,0,0,0,0,0,0,0,0,6,0
convection,0,0,0,0,0,1,0,0,0,0,0
current,1,0,0,0,0,3,0,0,0,0,0
circulate,0,0,0,0,0,0,0,0,0,1,0
ambient,1,0,0,0,0,0,0,0,0,0,0
environment,0,0,0,0,0,1,0,0,0,0,0
assemble,0,0,0,0,0,0,0,0,0,1,0
thermally,0,0,1,0,0,0,0,0,0,0,0
tranquil,1,0,0,0,0,0,0,0,0,0,0
presolar,1,0,0,0,0,0,0,0,0,0,0
chondritic,3,0,0,0,0,0,0,0,0,0,0
transient,5,0,0,0,0,0,0,0,0,0,0
episode,0,0,0,0,0,1,0,0,0,0,0
secondary,1,0,0,0,0,0,0,0,0,0,0
central,3,0,0,0,0,0,0,0,0,0,0
restricted,1,0,0,0,0,0,0,0,0,0,0
adjacent,1,0,0,0,0,0,0,0,0,0,0
abound,0,0,0,0,0,0,0,0,0,1,0
electrical,1,0,0,0,0,0,0,0,0,0,0
discharge,0,0,0,0,0,1,0,0,0,0,0
outflow,0,0,0,0,0,1,0,0,0,0,0
acceptance,0,0,0,0,0,1,0,0,0,0,0
crucial,1,0,0,0,0,0,0,0,0,0,0
problematic,1,0,0,0,0,0,0,0,0,0,0
few,1,0,0,0,0,0,0,0,0,0,0
arise,0,0,0,0,0,0,0,0,0,1,0
reheat,0,0,0,0,0,0,0,0,0,1,0
aqueously,0,0,1,0,0,0,0,0,0,0,0
presumably,0,0,3,0,0,0,0,0,0,0,0
electric,1,0,0,0,0,0,0,0,0,0,0
contribute,0,0,0,0,0,0,0,0,0,1,0
concurrently,0,0,1,0,0,0,0,0,0,0,0
aggregate,0,0,0,0,0,1,0,0,0,1,0
similarly,0,0,1,0,0,0,0,0,0,0,0
little,3,0,0,0,0,0,0,0,0,0,0
theoretical,1,0,0,0,0,0,0,0,0,0,0
occupy,0,0,0,0,0,0,0,0,0,1,0
quantity,0,0,0,0,0,1,0,0,0,0,0
evacuation,0,0,0,0,0,1,0,0,0,0,0
forego,0,0,0,0,0,0,0,0,0,1,0
wrong,1,0,0,0,0,0,0,0,0,0,0
observational,2,0,0,0,0,0,0,0,0,0,0
formulate,0,0,0,0,0,0,0,0,0,2,0
kind,0,0,0,0,0,3,0,0,0,0,0
variety,0,0,0,0,0,1,0,0,0,0,0
precise,1,0,0,0,0,0,0,0,0,0,0
detailed,1,0,0,0,0,0,0,0,0,0,0
scientific,4,0,0,0,0,0,0,0,0,0,0
discipline,0,0,0,0,0,1,0,0,0,0,0
awe,0,0,0,0,0,2,0,0,0,1,0
inspire,0,0,0,0,0,0,0,0,0,2,0
noise,0,0,0,0,0,1,0,0,0,0,0
accompany,0,0,0,0,0,0,0,0,0,1,0
meteoric,1,0,0,0,0,0,0,0,0,0,0
convince,0,0,0,0,0,0,0,0,0,3,0
god,0,0,0,0,0,1,0,0,0,0,0
accordingly,0,0,1,0,0,0,0,0,0,0,0
veneration,0,0,0,0,0,1,0,0,0,0,0
miraculous,1,0,0,0,0,0,0,0,0,0,0
religious,1,0,0,0,0,0,0,0,0,0,0
suspicious,1,0,0,0,0,0,0,0,0,0,0
reality,0,0,0,0,0,2,0,0,0,0,0
authority,0,0,0,0,0,1,0,0,0,0,0
heaven,0,0,0,0,0,3,0,0,0,0,0
impossible,1,0,0,0,0,0,0,0,0,0,0
keeper,0,0,0,0,0,1,0,0,0,0,0
european,1,0,0,0,0,0,0,0,0,0,0
discard,0,0,0,0,0,0,0,0,0,1,0
genuine,1,0,0,0,0,0,0,0,0,0,0
shameful,1,0,0,0,0,0,0,0,0,0,0
relic,0,0,0,0,0,1,0,0,0,0,0
superstitious,1,0,0,0,0,0,0,0,0,0,0
background,0,0,0,0,0,1,0,0,0,0,0
physicist,0,0,0,0,0,3,0,0,0,0,0
defend,0,0,0,0,0,0,0,0,0,1,0
trustworthiness,0,0,0,0,0,1,0,0,0,0,0
account,0,0,0,0,0,1,0,0,0,1,0
interest,0,0,0,0,0,1,0,0,0,0,0
intensify,0,0,0,0,0,0,0,0,0,1,0
path,0,0,0,0,0,4,0,0,0,0,0
chart,0,0,0,0,0,1,0,0,0,0,0
permit,0,0,0,0,0,0,0,0,0,1,0
rough,1,0,0,0,0,0,0,0,0,0,0
true,3,0,0,0,0,0,0,0,0,0,0
data,0,0,0,0,0,1,0,0,0,0,0
accurately,0,0,1,0,0,0,0,0,0,0,0
check,0,0,0,0,0,1,0,0,0,1,0
instrumental,1,0,0,0,0,0,0,0,0,0,0
depression,0,0,0,0,0,2,0,0,0,0,0
discussion,0,0,0,0,0,1,0,0,0,0,0
synonymous,1,0,0,0,0,0,0,0,0,0,0
countless,1,0,0,0,0,0,0,0,0,0,0
interaction,0,0,0,0,0,2,0,0,0,0,0
routinely,0,0,1,0,0,0,0,0,0,0,0
send,0,0,0,0,0,0,0,0,0,1,0
substantially,0,0,2,0,0,0,0,0,0,0,0
sustain,0,0,0,0,0,0,0,0,0,2,0
sparseness,0,0,0,0,0,1,0,0,0,0,0
indicator,0,0,0,0,0,1,0,0,0,0,0
erosion,0,0,0,0,0,1,0,0,0,0,0
eliminate,0,0,0,0,0,0,0,0,0,1,0
hazy,2,0,0,0,0,0,0,0,0,0,0
describe,0,0,0,0,0,0,0,0,0,2,0
dirty,4,0,0,0,0,0,0,0,0,0,0
snowball,0,0,0,0,0,3,0,0,0,0,0
nebulosity,0,0,0,0,0,2,0,0,0,0,0
permanent,4,0,0,0,0,0,0,0,0,0,0
eccentric,1,0,0,0,0,0,0,0,0,0,0
considerably,0,0,1,0,0,0,0,0,0,0,0
pristine,4,0,0,0,0,0,0,0,0,0,0
state,0,0,0,0,0,3,0,0,0,0,0
eon,0,0,0,0,0,1,0,0,0,0,0
cold,0,0,0,0,0,1,0,0,0,0,0
multiple,1,0,0,0,0,0,0,0,0,0,0
southern,1,0,0,0,0,0,0,0,0,0,0
drag,0,0,0,0,0,0,0,0,0,4,0
sublimate,0,0,0,0,0,0,0,0,0,1,0
dusty,4,0,0,0,0,0,0,0,0,0,0
blow,0,0,0,0,0,0,0,0,0,2,0
yellowish,2,0,0,0,0,0,0,0,0,0,0
plasma,0,0,0,0,0,9,0,0,0,0,0
narrow,2,0,0,0,0,0,0,0,0,0,0
nod,0,0,0,0,0,2,0,0,0,0,0
twist,0,0,0,0,0,2,0,0,0,0,0
bluish,2,0,0,0,0,0,0,0,0,0,0
chronological,2,0,0,0,0,0,0,0,0,0,0
introduce,0,0,0,0,0,0,0,0,0,2,0
preliminary,4,0,0,0,0,0,0,0,0,0,0
accord,0,0,0,0,0,0,0,0,0,4,0
lowercase,0,0,0,0,0,1,0,0,0,0,0
letter,0,0,0,0,0,3,0,0,0,0,0
alphabetical,1,0,0,0,0,0,0,0,0,0,0
reclassify,0,0,0,0,0,0,0,0,0,1,0
numeral,0,0,0,0,0,2,0,0,0,0,0
iii,0,0,0,0,0,0,2,0,0,0,0
simplify,0,0,0,0,0,0,0,0,0,1,0
chronology,0,0,0,0,0,1,0,0,0,0,0
redesignate,0,0,0,0,0,0,0,0,0,1,0
confusing,1,0,0,0,0,0,0,0,0,0,0
denote,0,0,0,0,0,0,0,0,0,1,0
official,1,0,0,0,0,0,0,0,0,0,0
maximum,0,0,0,0,0,1,0,0,0,0,0
precede,0,0,0,0,0,0,0,0,0,2,0
strictly,0,0,1,0,0,0,0,0,0,0,0
character,0,0,0,0,0,1,0,0,0,0,0
arbitrary,1,0,0,0,0,0,0,0,0,0,0
impersonal,1,0,0,0,0,0,0,0,0,0,0
instrument,0,0,0,0,0,1,0,0,0,0,0
direct,2,0,0,0,0,0,0,0,0,3,0
intervention,0,0,0,0,0,1,0,0,0,0,0
interference,0,0,0,0,0,1,0,0,0,0,0
streetlight,0,0,0,0,0,1,0,0,0,0,0
urban,1,0,0,0,0,0,0,0,0,0,0
pollution,0,0,0,0,0,1,0,0,0,0,0
sudden,2,0,0,0,0,0,0,0,0,0,0
omen,0,0,0,0,0,1,0,0,0,0,0
astrologer,0,0,0,0,0,1,0,0,0,0,0
flood,0,0,0,0,0,1,0,0,0,0,0
famine,0,0,0,0,0,1,0,0,0,0,0
pestilence,0,0,0,0,0,1,0,0,0,0,0
death,0,0,0,0,0,1,0,0,0,0,0
king,0,0,0,0,0,1,0,0,0,0,0
philosopher,0,0,0,0,0,2,0,0,0,0,0
bce,0,0,0,0,0,2,0,0,0,0,0
perfect,1,0,0,0,0,0,0,0,0,0,0
incorruptible,1,0,0,0,0,0,0,0,0,0,0
earthly,1,0,0,0,0,0,0,0,0,0,0
exhalation,0,0,0,0,0,1,0,0,0,0,0
ignite,0,0,0,0,0,0,0,0,0,1,0
transport,0,0,0,0,0,0,0,0,0,1,0
heavenly,4,0,0,0,0,0,0,0,0,0,0
prevail,0,0,0,0,0,0,0,0,0,2,0
danish,1,0,0,0,0,0,0,0,0,0,0
nobleman,0,0,0,0,0,1,0,0,0,0,0
critical,1,0,0,0,0,0,0,0,0,0,0
proof,0,0,0,0,0,2,0,0,0,0,0
lack,0,0,0,0,0,1,0,0,0,0,0
diurnal,2,0,0,0,0,0,0,0,0,0,0
parallax,0,0,0,0,0,3,0,0,0,0,0
deduce,0,0,0,0,0,0,0,0,0,4,0
straight,2,0,0,0,0,0,0,0,0,0,0
english,2,0,0,0,0,0,0,0,0,0,0
demonstrate,0,0,0,0,0,0,0,0,0,1,0
attract,0,0,0,0,0,0,0,0,0,1,0
inverse,2,0,0,0,0,0,0,0,0,0,0
conic,2,0,0,0,0,0,0,0,0,0,0
section,0,0,0,0,0,2,0,0,0,0,0
circle,0,0,0,0,0,1,0,0,0,0,0
ellipse,0,0,0,0,0,1,0,0,0,0,0
parabola,0,0,0,0,0,1,0,0,0,0,0
hyperbola,0,0,0,0,0,1,0,0,0,0,0
spatial,1,0,0,0,0,0,0,0,0,0,0
coincide,0,0,0,0,0,0,0,0,0,1,0
relationship,0,0,0,0,0,1,0,0,0,0,0
cohesion,0,0,0,0,0,1,0,0,0,0,0
bank,0,0,0,0,0,1,0,0,0,0,0
spontaneous,1,0,0,0,0,0,0,0,0,0,0
scattering,0,0,0,0,0,1,0,0,0,0,0
beginning,0,0,0,0,0,3,0,0,0,0,0
reflection,0,0,0,0,0,1,0,0,0,0,0
sunlight,0,0,0,0,0,4,0,0,0,0,0
discontinuous,2,0,0,0,0,0,0,0,0,0,0
emission,0,0,0,0,0,4,0,0,0,0,0
signature,0,0,0,0,0,2,0,0,0,0,0
gaseous,3,0,0,0,0,0,0,0,0,0,0
radical,0,0,0,0,0,3,0,0,0,0,0
cyanogen,0,0,0,0,0,1,0,0,0,0,0
laboratory,0,0,0,0,0,1,0,0,0,0,0
reactive,1,0,0,0,0,0,0,0,0,0,0
enable,0,0,0,0,0,0,0,0,0,1,0
investigator,0,0,0,0,0,1,0,0,0,0,0
ion,0,0,0,0,0,7,0,0,0,0,0
monoxide,0,0,0,0,0,3,0,0,0,0,0
nitrogen,0,0,0,0,0,6,0,0,0,0,0
dioxide,0,0,0,0,0,2,0,0,0,0,0
build,0,0,0,0,0,0,0,0,0,4,0
oxygen,0,0,0,0,0,5,0,0,0,0,0
add,0,0,0,0,0,0,0,0,0,1,0
belatedly,0,0,1,0,0,0,0,0,0,0,0
spectrogram,0,0,0,0,0,1,0,0,0,0,0
identification,0,0,0,0,0,2,0,0,0,0,0
belgian,1,0,0,0,0,0,0,0,0,0,0
coworker,0,0,0,0,0,1,0,0,0,0,0
ultraviolet,1,0,0,0,0,0,0,0,0,0,0
explore,0,0,0,0,0,0,0,0,0,2,0
rocket,0,0,0,0,0,1,0,0,0,0,0
halo,0,0,0,0,0,1,0,0,0,0,0
alpha,0,0,0,0,0,1,0,0,0,0,0
sandbank,0,0,0,0,0,1,0,0,0,0,0
seriously,0,0,1,0,0,0,0,0,0,0,0
minority,0,0,0,0,0,1,0,0,0,0,0
notably,0,0,1,0,0,0,0,0,0,0,0
british,1,0,0,0,0,0,0,0,0,0,0
bulk,0,0,0,0,0,3,0,0,0,0,0
unobserved,1,0,0,0,0,0,0,0,0,0,0
ammonia,0,0,0,0,0,2,0,0,0,0,0
lumpy,1,0,0,0,0,0,0,0,0,0,0
revolution,0,0,0,0,0,5,0,0,0,0,0
graze,0,0,0,0,0,0,0,0,0,2,0
total,4,0,0,0,0,0,0,0,0,0,0
unharmed,1,0,0,0,0,0,0,0,0,0,0
split,0,0,0,0,0,0,0,0,0,2,0
tidal,1,0,0,0,0,0,0,0,0,0,0
asymmetric,1,0,0,0,0,0,0,0,0,0,0
sunward,1,0,4,0,0,0,0,0,0,0,0
jet,0,0,0,0,0,6,0,0,0,0,0
action,0,0,0,0,0,3,0,0,0,0,0
radial,1,0,0,0,0,0,0,0,0,0,0
theretofore,0,0,1,0,0,0,0,0,0,0,0
mysterious,2,0,0,0,0,0,0,0,0,0,0
nongravitational,4,0,0,0,0,0,0,0,0,0,0
mysteriously,0,0,1,0,0,0,0,0,0,0,0
duration,0,0,0,0,0,1,0,0,0,0,0
millennium,0,0,0,0,0,2,0,0,0,0,0
constantly,0,0,2,0,0,0,0,0,0,0,0
replenish,0,0,0,0,0,0,0,0,0,2,0
exclusively,0,0,1,0,0,0,0,0,0,0,0
visually,0,0,2,0,0,0,0,0,0,0,0
amateur,1,0,0,0,0,1,0,0,0,0,0
western,1,0,0,0,0,0,0,0,0,0,0
horizon,0,0,0,0,0,2,0,0,0,0,0
sunset,0,0,0,0,0,1,0,0,0,0,0
eastern,1,0,0,0,0,0,0,0,0,0,0
sunrise,0,0,0,0,0,2,0,0,0,0,0
statistic,0,0,0,0,0,1,0,0,0,0,0
globular,1,0,0,0,0,0,0,0,0,0,0
galaxy,0,0,0,0,0,1,0,0,0,0,0
famous,1,0,0,0,0,0,0,0,0,0,0
hunter,0,0,0,0,0,1,0,0,0,0,0
nickname,0,0,0,0,0,0,0,0,0,1,0
ferret,0,0,0,0,0,1,0,0,0,0,0
compile,0,0,0,0,0,0,0,0,0,1,0
catalog,0,0,0,0,0,2,0,0,0,0,0
mistake,0,0,0,0,0,0,0,0,0,1,0
criterion,0,0,0,0,0,1,0,0,0,0,0
displacement,0,0,0,0,0,2,0,0,0,0,0
respect,0,0,0,0,0,1,0,0,0,0,0
indisputably,0,0,1,0,0,0,0,0,0,0,0
wish,0,0,0,0,0,0,0,0,0,1,0
claim,0,0,0,0,0,1,0,0,0,0,0
observatory,0,0,0,0,0,2,0,0,0,0,0
extremely,0,0,3,0,0,0,0,0,0,0,0
fortuitously,0,0,1,0,0,0,0,0,0,0,0
professional,1,0,0,0,0,0,0,0,0,0,0
engage,0,0,0,0,0,0,0,0,0,1,0
project,0,0,0,0,0,1,0,0,0,0,0
limit,0,0,0,0,0,3,0,0,0,0,0
detection,0,0,0,0,0,2,0,0,0,0,0
successive,1,0,0,0,0,0,0,0,0,0,0
necessary,2,0,0,0,0,0,0,0,0,0,0
ensure,0,0,0,0,0,0,0,0,0,2,0
instant,0,0,0,0,0,2,0,0,0,0,0
osculate,0,0,0,0,0,0,0,0,0,2,0
tangent,1,0,0,0,0,0,0,0,0,0,0
instantaneous,1,0,0,0,0,0,0,0,0,0,0
nowadays,0,0,1,0,0,0,0,0,0,0,0
ephemeris,0,0,0,0,0,1,0,0,0,0,0
table,0,0,0,0,0,1,0,0,0,0,0
definitive,1,0,0,0,0,0,0,0,0,0,0
spite,0,0,0,0,0,1,0,0,0,0,0
imperceptibly,0,0,1,0,0,0,0,0,0,0,0
neglected,1,0,0,0,0,0,0,0,0,0,0
acceleration,0,0,0,0,0,3,0,0,0,0,0
formula,0,0,0,0,0,2,0,0,0,0,0
heliocentric,2,0,0,0,0,0,0,0,0,0,0
control,0,0,0,0,0,0,0,0,0,1,0
previously,0,0,1,0,0,0,0,0,0,0,0
traditional,2,0,0,0,0,0,0,0,0,0,0
picture,0,0,0,0,0,1,0,0,0,0,0
starlike,1,0,0,0,0,0,0,0,0,0,0
essential,1,0,0,0,0,0,0,0,0,0,0
enormous,1,0,0,0,0,0,0,0,0,0,0
extend,0,0,0,0,0,0,0,0,0,2,0
length,0,0,0,0,0,2,0,0,0,0,0
continuously,0,0,1,0,0,0,0,0,0,0,0
dissipate,0,0,0,0,0,0,0,0,0,1,0
rebuild,0,0,0,0,0,0,0,0,0,1,0
circumstantial,2,0,0,0,0,0,0,0,0,0,0
monolithic,1,0,0,0,0,0,0,0,0,0,0
deduction,0,0,0,0,0,1,0,0,0,0,0
universal,1,0,0,0,0,0,0,0,0,0,0
composite,2,0,0,0,0,0,0,0,0,0,0
surprise,0,0,0,0,0,1,0,0,0,0,0
potato,0,0,0,0,0,1,0,0,0,0,0
gravity,0,0,0,0,0,4,0,0,0,0,0
black,3,0,0,0,0,0,0,0,0,0,0
snow,0,0,0,0,0,2,0,0,0,0,0
sootlike,1,0,0,0,0,0,0,0,0,0,0
tar,0,0,0,0,0,1,0,0,0,0,0
geometric,1,0,0,0,0,0,0,0,0,0,0
put,0,0,0,0,0,0,0,0,0,1,0
anticipate,0,0,0,0,0,0,0,0,0,1,0
elongated,2,0,0,0,0,0,0,0,0,0,0
cubic,2,0,0,0,0,0,0,0,0,0,0
uncertain,2,0,0,0,0,0,0,0,0,0,0
spectrometer,0,0,0,0,0,1,0,0,0,0,0
board,0,0,0,0,0,2,0,0,0,0,0
soviet,3,0,0,0,0,0,0,0,0,0,0
inactive,1,0,0,0,0,0,0,0,0,0,0
warm,1,0,0,0,0,0,0,0,0,0,0
outgas,0,0,0,0,0,0,0,0,0,2,0
fuse,0,0,0,0,0,0,0,0,0,1,0
vacuum,0,0,0,0,0,1,0,0,0,0,0
welding,0,0,0,0,0,1,0,0,0,0,0
open,2,0,0,0,0,0,0,0,0,0,0
circular,3,0,0,0,0,0,0,0,0,0,0
vent,0,0,0,0,0,4,0,0,0,0,0
sublimation,0,0,0,0,0,1,0,0,0,0,0
dissociation,0,0,0,0,0,1,0,0,0,0,0
formaldehyde,0,0,0,0,0,2,0,0,0,0,0
methane,0,0,0,0,0,1,0,0,0,0,0
disulfide,0,0,0,0,0,1,0,0,0,0,0
unsaturated,1,0,0,0,0,0,0,0,0,0,0
hydrocarbon,0,0,0,0,0,1,0,0,0,0,0
amino,2,0,0,0,0,0,0,0,0,0,0
identical,2,0,0,0,0,0,0,0,0,0,0
definitely,0,0,1,0,0,0,0,0,0,0,0
reminiscent,1,0,0,0,0,0,0,0,0,0,0
oxidize,0,0,0,0,0,0,0,0,0,1,0
stem,0,0,0,0,0,0,0,0,0,1,0
volcano,0,0,0,0,0,1,0,0,0,0,0
thermodynamic,1,0,0,0,0,0,0,0,0,0,0
equilibrium,0,0,0,0,0,1,0,0,0,0,0
spectrometric,1,0,0,0,0,0,0,0,0,0,0
organic,5,0,0,0,0,0,0,0,0,0,0
uncertainty,0,0,0,0,0,1,0,0,0,0,0
nutation,0,0,0,0,0,1,0,0,0,0,0
moment,0,0,0,0,0,1,0,0,0,0,0
inertia,0,0,0,0,0,1,0,0,0,0,0
perpendicular,1,0,0,0,0,0,0,0,0,0,0
internal,2,0,0,0,0,0,0,0,0,0,0
enhance,0,0,0,0,0,0,0,0,0,1,0
rest,0,0,0,0,0,0,0,0,0,1,0
investigation,0,0,0,0,0,1,0,0,0,0,0
thickness,0,0,0,0,0,1,0,0,0,0,0
radially,0,0,1,0,0,0,0,0,0,0,0
argument,0,0,0,0,0,2,0,0,0,0,0
increasingly,0,0,1,0,0,0,0,0,0,0,0
splitting,0,0,0,0,0,1,0,0,0,0,0
optically,0,0,2,0,0,0,0,0,0,0,0
artificially,0,0,1,0,0,0,0,0,0,0,0
steady,2,0,0,0,0,0,0,0,0,0,0
diminish,0,0,0,0,0,0,0,0,0,1,0
aging,0,0,0,0,0,1,0,0,0,0,0
constant,1,0,0,0,0,0,0,0,0,0,0
effective,2,0,0,0,0,0,0,0,0,0,0
opaque,1,0,0,0,0,0,0,0,0,0,0
activate,0,0,0,0,0,0,0,0,0,1,0
sunlit,1,0,0,0,0,0,0,0,0,0,0
fountain,0,0,0,0,0,2,0,0,0,0,0
displace,0,0,0,0,0,0,0,0,0,1,0
rarely,0,0,1,0,0,0,0,0,0,0,0
rapidly,0,0,2,0,0,0,0,0,0,0,0
onset,0,0,0,0,0,3,0,0,0,0,0
backward,0,0,1,0,0,0,0,0,0,0,0
emanate,0,0,0,0,0,0,0,0,0,2,0
kinematic,0,0,0,0,0,1,0,0,0,0,0
precisely,0,0,1,0,0,0,0,0,0,0,0
repulsive,3,0,0,0,0,0,0,0,0,0,0
scheme,0,0,0,0,0,1,0,0,0,0,0
attributable,1,0,0,0,0,0,0,0,0,0,0
viable,1,0,0,0,0,0,0,0,0,0,0
seldom,0,0,1,0,0,0,0,0,0,0,0
simultaneously,0,0,1,0,0,0,0,0,0,0,0
curved,1,0,0,0,0,0,0,0,0,0,0
zone,0,0,0,0,0,2,0,0,0,0,0
charge,0,0,0,0,0,1,0,0,0,0,0
exchange,0,0,0,0,0,1,0,0,0,0,0
reaction,0,0,0,0,0,1,0,0,0,0,0
compete,0,0,0,0,0,0,0,0,0,1,0
photoionization,0,0,0,0,0,1,0,0,0,0,0
quantitatively,0,0,1,0,0,0,0,0,0,0,0
aberration,0,0,0,0,0,1,0,0,0,0,0
postulate,0,0,0,0,0,0,0,0,0,1,0
disconnection,0,0,0,0,0,1,0,0,0,0,0
sector,0,0,0,0,0,1,0,0,0,0,0
boundary,0,0,0,0,0,1,0,0,0,0,0
swedish,1,0,0,0,0,0,0,0,0,0,0
draping,0,0,0,0,0,1,0,0,0,0,0
ionosphere,0,0,0,0,0,1,0,0,0,0,0
lobe,0,0,0,0,0,1,0,0,0,0,0
carry,0,0,0,0,0,0,0,0,0,1,0
neutral,4,0,0,0,0,0,0,0,0,0,0
ionopause,0,0,0,0,0,3,0,0,0,0,0
cavity,0,0,0,0,0,1,0,0,0,0,0
sharp,1,0,0,0,0,0,0,0,0,0,0
discontinuity,0,0,0,0,0,1,0,0,0,0,0
understanding,0,0,0,0,0,1,0,0,0,0,0
achieve,0,0,0,0,0,0,0,0,0,1,0
practically,0,0,2,0,0,0,0,0,0,0,0
rarefied,1,0,0,0,0,0,0,0,0,0,0
electrically,0,0,1,0,0,0,0,0,0,0,0
feel,0,0,0,0,0,0,0,0,0,2,0
progressively,0,0,1,0,0,0,0,0,0,0,0
part,0,0,0,0,0,1,0,0,0,0,0
isophote,0,0,0,0,0,1,0,0,0,0,0
neglect,0,0,0,0,0,0,0,0,0,1,0
wavelength,0,0,0,0,0,2,0,0,0,0,0
indefinitely,0,0,1,0,0,0,0,0,0,0,0
slope,0,0,0,0,0,1,0,0,0,0,0
analyzer,0,0,0,0,0,1,0,0,0,0,0
polymer,0,0,0,0,0,1,0,0,0,0,0
analogous,1,0,0,0,0,0,0,0,0,0,0
enriched,2,0,0,0,0,0,0,0,0,0,0
excellent,1,0,0,0,0,0,0,0,0,0,0
ambiguity,0,0,0,0,0,1,0,0,0,0,0
extraterrestrial,1,0,0,0,0,0,0,0,0,0,0
pebble,0,0,0,0,0,1,0,0,0,0,0
define,0,0,0,0,0,0,0,0,0,1,0
dozen,0,0,0,0,0,2,0,0,0,0,0
micrometreor,0,0,0,0,0,1,0,0,0,0,0
sub,1,0,0,0,0,0,0,0,0,0,0
cigarette,0,0,0,0,0,1,0,0,0,0,0
smoke,0,0,0,0,0,1,0,0,0,0,0
centimetre,0,0,0,0,0,1,0,0,0,0,0
plane,0,0,0,0,0,3,0,0,0,0,0
immediate,1,0,0,0,0,0,0,0,0,0,0
anti,0,0,0,0,0,1,0,0,0,0,0
spike,0,0,0,0,0,1,0,0,0,0,0
geometry,0,0,0,0,0,1,0,0,0,0,0
accumulate,0,0,0,0,0,0,0,0,0,1,0
calendar,0,0,0,0,0,1,0,0,0,0,0
penetrate,0,0,0,0,0,0,0,0,0,1,0
gently,0,0,1,0,0,0,0,0,0,0,0
exploration,0,0,0,0,0,1,0,0,0,0,0
margin,0,0,0,0,0,1,0,0,0,0,0
unobservable,1,0,0,0,0,0,0,0,0,0,0
probable,1,0,0,0,0,0,0,0,0,0,0
hypothesis,0,0,0,0,0,1,0,0,0,0,0
accrete,0,0,0,0,0,0,0,0,0,8,0
mathematically,0,0,1,0,0,0,0,0,0,0,0
disk,0,0,0,0,0,6,0,0,0,0,0
primordial,1,0,0,0,0,0,0,0,0,0,0
building,0,0,0,0,0,1,0,0,0,0,0
block,0,0,0,0,0,1,0,0,0,0,0
correct,1,0,0,0,0,0,0,0,0,0,0
embryo,0,0,0,0,0,1,0,0,0,0,0
thrust,0,0,0,0,0,0,0,0,0,1,0
product,0,0,0,0,0,1,0,0,0,0,0
accretion,0,0,0,0,0,5,0,0,0,0,0
protostar,1,0,0,0,0,0,0,0,0,0,0
primeval,2,0,0,0,0,0,0,0,0,0,0
ellipsis,0,0,0,0,0,1,0,0,0,0,0
plausibility,0,0,0,0,0,1,0,0,0,0,0
periodically,0,0,1,0,0,0,0,0,0,0,0
reexamine,0,0,0,0,0,0,0,0,0,1,0
efficiency,0,0,0,0,0,1,0,0,0,0,0
capital,0,0,0,0,0,1,0,0,0,0,0
suit,0,0,0,0,0,1,0,0,0,0,0
conspicuous,1,0,0,0,0,0,0,0,0,0,0
anomaly,0,0,0,0,0,1,0,0,0,0,0
attribute,0,0,0,0,0,0,0,0,0,1,0
favour,0,0,0,0,0,0,0,0,0,1,0
stuff,0,0,0,0,0,1,0,0,0,0,0
telltale,0,0,0,0,0,1,0,0,0,0,0
constitution,0,0,0,0,0,1,0,0,0,0,0
likeli,1,0,0,0,0,0,0,0,0,0,0
agglomeration,0,0,0,0,0,1,0,0,0,0,0
frost,0,0,0,0,0,2,0,0,0,0,0
frosty,2,0,0,0,0,0,0,0,0,0,0
future,1,0,0,0,0,0,0,0,0,0,0
proto,0,0,0,0,0,1,0,0,0,0,0
processing,0,0,0,0,0,1,0,0,0,0,0
hope,0,0,0,0,0,0,0,0,0,1,0
secure,0,0,0,0,0,0,0,0,0,1,0
unaltered,1,0,0,0,0,0,0,0,0,0,0
intact,1,0,0,0,0,0,0,0,0,0,0
biosphere,0,0,0,0,0,1,0,0,0,0,0
prebiotic,2,0,0,0,0,0,0,0,0,0,0
cyanide,0,0,0,0,0,2,0,0,0,0,0
methyl,0,0,0,0,0,1,0,0,0,0,0
purine,0,0,0,0,0,1,0,0,0,0,0
pyrimidine,0,0,0,0,0,1,0,0,0,0,0
veneer,0,0,0,0,0,1,0,0,0,0,0
work,0,0,0,0,0,1,0,0,0,0,0
sight,0,0,0,0,0,0,0,0,0,1,0
honour,0,0,0,0,0,1,0,0,0,0,0
historical,1,0,0,0,0,0,0,0,0,0,0
chinese,1,0,0,0,0,0,0,0,0,0,0
italian,1,0,0,0,0,0,0,0,0,0,0
painter,0,0,0,0,0,1,0,0,0,0,0
reappearance,0,0,0,0,0,1,0,0,0,0,0
oblong,1,0,0,0,0,0,0,0,0,0,0
disintegration,0,0,0,0,0,1,0,0,0,0,0
distribute,0,0,0,0,0,0,0,0,0,1,0
orionid,1,0,0,0,0,0,0,0,0,0,0
aquarid,1,0,0,0,0,0,0,0,0,0,0
conclusion,0,0,0,0,0,1,0,0,0,0,0
scorch,0,0,0,0,0,0,0,0,0,1,0
enshroud,0,0,0,0,0,0,0,0,0,1,0
frigid,1,0,0,0,0,0,0,0,0,0,0
incandescence,0,0,0,0,0,1,0,0,0,0,0
regularity,0,0,0,0,0,1,0,0,0,0,0
stability,0,0,0,0,0,1,0,0,0,0,0
harsh,1,0,0,0,0,0,0,0,0,0,0
zodiac,0,0,0,0,0,1,0,0,0,0,0
frightening,1,0,0,0,0,0,0,0,0,0,0
wonder,0,0,0,0,0,1,0,0,0,0,0
curiosity,0,0,0,0,0,1,0,0,0,0,0
messenger,0,0,0,0,0,1,0,0,0,0,0
