word,ADJ,ADP,ADV,DET,NOUN,NUM,SCONJ,VERB,X
chapter,0,0,0,0,6,0,0,0,0
energy,0,0,0,0,158,0,0,0,0
hot,5,0,0,0,0,0,0,0,0
issue,0,0,0,0,4,0,0,0,0
understand,0,0,0,0,0,0,0,4,0
important,8,0,0,0,0,0,0,0,0
think,0,0,0,0,0,0,0,14,0
single,2,0,0,0,0,0,0,0,0
day,0,0,0,0,9,0,0,0,0
wake,0,0,0,0,0,0,0,1,0
sound,0,0,0,0,1,0,0,2,0
alarm,0,0,0,0,2,0,0,0,0
clock,0,0,0,0,1,0,0,0,0
switch,0,0,0,0,0,0,0,3,0
light,3,0,0,0,9,0,0,2,0
shower,0,0,0,0,1,0,0,0,0
maybe,0,0,2,0,0,0,0,0,0
walk,0,0,0,0,0,0,0,6,0
school,0,0,0,0,10,0,0,0,0
drive,0,0,0,0,0,0,0,8,0
catch,0,0,0,0,0,0,0,1,0
bus,0,0,0,0,7,0,0,0,0
weather,0,0,0,0,10,0,0,0,0
cold,3,0,0,0,0,0,0,0,0
heated,4,0,0,0,0,0,0,0,0
come,0,0,0,0,0,0,0,18,0
home,0,0,1,0,27,0,0,0,0
heat,0,0,0,0,25,0,0,12,0
snack,0,0,0,0,1,0,0,0,0
microwave,0,0,0,0,1,0,0,0,0
watch,0,0,0,0,0,0,0,1,0
thing,0,0,0,0,9,0,0,0,0
use,0,0,0,0,15,0,0,34,0
need,0,0,0,0,5,0,0,33,0
like,0,7,0,0,0,0,0,1,0
live,0,0,0,0,0,0,0,18,0
human,3,0,0,0,6,0,0,0,0
survive,0,0,0,0,0,0,0,1,0
plant,0,0,0,0,21,0,0,0,0
animal,0,0,0,0,11,0,0,0,0
eat,0,0,0,0,0,0,0,6,0
enable,0,0,0,0,0,0,0,2,0
grow,0,0,0,0,0,0,0,20,0
jump,0,0,0,0,0,0,0,1,0
run,0,0,0,0,1,0,0,13,0
dance,0,0,0,0,0,0,0,1,0
learn,0,0,0,0,0,0,0,5,0
harness,0,0,0,0,0,0,0,5,0
sun,0,0,0,0,17,0,0,0,0
work,0,0,0,0,3,0,0,9,0
electricity,0,0,0,0,32,0,0,0,0
cool,3,0,0,0,0,0,0,3,0
allow,0,0,0,0,0,0,0,2,0
car,0,0,0,0,33,0,0,0,0
truck,0,0,0,0,2,0,0,0,0
train,0,0,0,0,5,0,0,0,0
plane,0,0,0,0,4,0,0,0,0
kind,0,0,0,0,2,0,0,0,0
sunglass,0,0,0,0,1,0,0,0,0
sneaker,0,0,0,0,1,0,0,0,0
cell,0,0,0,0,12,0,0,0,0
phone,0,0,0,0,3,0,0,0,0
computer,0,0,0,0,6,0,0,0,0
know,0,0,0,0,0,0,0,6,0
gas,0,0,0,0,44,0,0,0,0
decay,0,0,0,0,1,0,0,1,0
million,0,0,0,0,5,4,0,0,0
year,0,0,0,0,49,0,0,0,0
ago,0,0,8,0,0,0,0,0,0
long,5,0,8,0,0,0,0,0,0
dinosaur,0,0,0,0,1,0,0,0,0
roam,0,0,0,0,0,0,0,1,0
earth,0,0,0,0,32,0,0,0,0
derive,0,0,0,0,0,0,0,1,0
fossil,18,0,0,0,7,0,0,0,0
fuel,0,0,0,0,60,0,0,5,0
take,0,0,0,0,0,0,0,9,0
time,0,0,0,0,12,0,0,0,0
form,0,0,0,0,9,0,0,7,0
show,0,0,0,0,0,0,0,6,0
night,0,0,0,0,3,0,0,0,0
famous,1,0,0,0,0,0,0,0,0
street,0,0,0,0,2,0,0,0,0
world,0,0,0,0,58,0,0,0,0
city,0,0,0,0,8,0,0,0,0
demand,0,0,0,0,6,0,0,0,0
increase,0,0,0,0,7,0,0,14,0
way,0,0,0,0,24,0,0,0,0
produce,0,0,0,0,0,0,0,50,0
distribute,0,0,0,0,0,0,0,5,0
damage,0,0,0,0,1,0,0,3,0
environment,0,0,0,0,9,0,0,0,0
oil,0,0,0,0,31,0,0,0,0
create,0,0,0,0,0,0,0,13,0
remain,0,0,0,0,3,0,0,6,0
tiny,2,0,0,0,0,0,0,0,0
marine,2,0,0,0,0,0,0,0,0
bury,0,0,0,0,0,0,0,2,0
ocean,0,0,0,0,9,0,0,0,0
prehistoric,1,0,0,0,0,0,0,0,0
sea,0,0,0,0,10,0,0,0,0
vanish,0,0,0,0,0,0,0,1,0
compress,0,0,0,0,0,0,0,2,0
pressure,0,0,0,0,1,0,0,0,0
deep,2,0,0,0,0,0,0,0,0
area,0,0,0,0,16,0,0,0,0
cooking,0,0,0,0,5,0,0,0,0
process,0,0,0,0,9,0,0,0,0
continue,0,0,0,0,0,0,0,2,0
natural,14,0,0,0,0,0,0,0,0
coal,0,0,0,0,24,0,0,0,0
tree,0,0,0,0,7,0,0,0,0
fern,0,0,0,0,1,0,0,0,0
someday,0,0,0,0,1,0,0,0,0
percent,0,0,0,0,22,0,0,0,0
renewable,14,0,0,0,3,0,0,0,0
resource,0,0,0,0,11,0,0,0,0
change,0,0,0,0,26,0,0,21,0
today,0,0,0,0,10,0,0,0,0
provide,0,0,0,0,0,0,0,12,0
recently,0,0,3,0,0,0,0,0,0
cheap,5,0,0,0,0,0,0,0,0
source,0,0,0,0,32,0,0,0,0
power,0,0,0,0,62,0,0,19,0
transportation,0,0,0,0,12,0,0,0,0
popular,6,0,0,0,0,0,0,0,0
generate,0,0,0,0,0,0,0,11,0
mainly,0,0,5,0,0,0,0,0,0
heating,0,0,0,0,9,0,0,0,0
huge,7,0,0,0,0,0,0,0,0
problem,0,0,0,0,15,0,0,0,0
nonrenewable,2,0,0,0,0,0,0,0,0
nearly,0,0,5,0,0,0,0,0,0
exist,0,0,0,0,0,0,0,3,0
reserve,0,0,0,0,10,0,0,0,0
go,0,0,0,0,0,0,0,7,0
end,0,0,0,0,3,0,0,1,0
second,2,0,1,0,1,0,0,0,0
century,0,0,0,0,9,0,0,0,0
burn,0,0,0,0,0,0,0,8,0
pollute,0,0,0,0,0,0,0,7,0
contribute,0,0,0,0,0,0,0,3,0
warm,10,0,0,0,0,0,0,7,0
temperature,0,0,0,0,17,0,0,0,0
find,0,0,0,0,0,0,0,12,0
alternative,2,0,0,0,3,0,0,0,0
old,7,0,0,0,0,0,0,0,0
farmer,0,0,0,0,3,0,0,0,0
stone,0,0,0,0,1,0,0,0,0
house,0,0,0,0,11,0,0,0,0
remote,2,0,0,0,0,0,0,0,0
village,0,0,0,0,7,0,0,0,0
candle,0,0,0,0,1,0,0,0,0
butter,0,0,0,0,2,0,0,0,0
new,18,0,0,0,0,0,0,0,0
solar,16,0,0,0,0,0,0,0,0
start,0,0,0,0,0,0,0,6,0
supply,0,0,0,0,7,0,0,2,0
family,0,0,0,0,5,0,0,0,0
electric,6,0,0,0,0,0,0,0,0
television,0,0,0,0,1,0,0,0,0
machine,0,0,0,0,4,0,0,0,0
tea,0,0,0,0,1,0,0,0,0
hour,0,0,0,0,4,0,0,0,0
high,4,0,0,0,0,0,0,0,0
potential,2,0,0,0,4,0,0,0,0
desert,0,0,0,0,2,0,0,0,0
access,0,0,0,0,4,0,0,0,0
help,0,0,0,0,2,0,0,9,0
improve,0,0,0,0,0,0,0,3,0
villager,0,0,0,0,1,0,0,0,0
standard,0,0,0,0,2,0,0,0,0
living,0,0,0,0,3,0,0,0,0
nuclear,31,0,0,0,0,0,0,0,0
country,0,0,0,0,41,0,0,0,0
rely,0,0,0,0,0,0,0,7,0
partly,0,0,1,0,0,0,0,0,0
fission,0,0,0,0,1,0,0,0,0
involve,0,0,0,0,0,0,0,2,0
split,0,0,0,0,0,0,0,5,0
particle,0,0,0,0,1,0,0,0,0
call,0,0,0,0,0,0,0,5,0
atom,0,0,0,0,8,0,0,0,0
object,0,0,0,0,1,0,0,0,0
universe,0,0,0,0,1,0,0,0,0
bond,0,0,0,0,1,0,0,0,0
hold,0,0,0,0,0,0,0,3,0
enormous,2,0,0,0,0,0,0,0,0
release,0,0,0,0,0,0,0,7,0
currently,0,0,3,0,0,0,0,0,0
widely,0,0,2,0,0,0,0,0,0
uranium,0,0,0,0,6,0,0,0,0
extract,0,0,0,0,0,0,0,7,0
people,0,0,0,0,42,0,0,0,0
production,0,0,0,0,21,0,0,0,0
highly,0,0,1,0,0,0,0,0,0
toxic,1,0,0,0,0,0,0,0,0
waste,0,0,0,0,12,0,0,1,0
word,0,0,0,0,2,0,0,0,0
replace,0,0,0,0,0,0,0,3,0
shine,0,0,0,0,0,0,0,3,0
wind,0,0,0,0,25,0,0,0,0
blow,0,0,0,0,0,0,0,2,0
water,0,0,0,0,34,0,0,0,0
flow,0,0,0,0,1,0,0,5,0
small,12,0,0,0,0,0,0,0,0
scale,0,0,0,0,7,0,0,0,0
hundred,0,0,0,0,5,0,0,0,0
design,0,0,0,0,2,0,0,7,0
building,0,0,0,0,11,0,0,0,0
capture,0,0,0,0,0,0,0,4,0
mill,0,0,0,0,3,0,0,1,0
flour,0,0,0,0,1,0,0,0,0
transport,0,0,0,0,1,0,0,6,0
good,5,0,0,0,5,0,0,0,0
wood,0,0,0,0,7,0,0,0,0
large,21,0,0,0,0,0,0,0,0
cost,0,0,0,0,2,0,0,2,0
mean,0,0,0,0,0,0,0,11,0
far,0,0,7,0,0,0,0,0,0
favor,0,0,0,0,0,0,0,1,0
option,0,0,0,0,3,0,0,0,0
place,0,0,0,0,5,0,0,1,0
hydropower,0,0,0,0,3,0,0,0,0
mountain,0,0,0,0,2,0,0,0,0
fast,0,0,13,0,0,0,0,0,0
river,0,0,0,0,6,0,0,0,0
right,2,0,0,0,0,0,0,0,0
geography,0,0,0,0,1,0,0,0,0
fall,0,0,0,0,0,0,0,1,0
move,0,0,0,0,0,0,0,4,0
dam,0,0,0,0,1,0,0,1,0
reservoir,0,0,0,0,3,0,0,0,0
regulate,0,0,0,0,0,0,0,2,0
flood,0,0,0,0,1,0,0,3,0
relocate,0,0,0,0,0,0,0,2,0
expert,0,0,0,0,4,0,0,0,0
agree,0,0,0,0,0,0,0,5,0
limit,0,0,0,0,0,0,0,2,0
look,0,0,0,0,0,0,0,7,0
future,3,0,0,0,14,0,0,0,0
worth,0,0,0,0,3,0,0,0,0
current,1,0,0,0,2,0,0,0,0
rate,0,0,0,0,2,0,0,0,0
estimate,0,0,0,0,1,0,0,0,0
seriously,0,0,1,0,0,0,0,0,0
explore,0,0,0,0,0,0,0,2,0
director,0,0,0,0,2,0,0,0,0
speak,0,0,0,0,0,0,0,2,0
own,0,0,0,0,0,0,0,3,0
ownership,0,0,0,0,1,0,0,0,0
depend,0,0,0,0,0,0,0,3,0
luck,0,0,0,0,1,0,0,0,0
spread,0,0,0,0,0,0,0,4,0
unevenly,0,0,1,0,0,0,0,0,0
quarter,0,0,0,0,3,0,0,0,0
half,1,0,0,2,0,1,0,0,0
main,4,0,0,0,0,0,0,0,0
plentiful,1,0,0,0,0,0,0,0,0
strong,3,0,0,0,0,0,0,0,0
position,0,0,0,0,1,0,0,0,0
system,0,0,0,0,10,0,0,0,0
hydroelectric,1,0,0,0,0,0,0,0,0
station,0,0,0,0,10,0,0,0,0
build,0,0,0,0,0,0,0,8,0
argument,0,0,0,0,2,0,0,0,0
sell,0,0,0,0,0,0,0,2,0
import,0,0,0,0,0,0,0,3,0
quest,0,0,0,0,1,0,0,0,0
conflict,0,0,0,0,2,0,0,0,0
example,0,0,0,0,12,0,0,0,0
believe,0,0,0,0,0,0,0,9,0
dependence,0,0,0,0,1,0,0,0,0
mideastern,2,0,0,0,0,0,0,0,0
war,0,0,0,0,1,0,0,0,0
discover,0,0,0,0,0,0,0,5,0
cause,0,0,0,0,4,0,0,5,0
rise,0,0,0,0,0,0,0,9,0
burning,0,0,0,0,2,0,0,0,0
route,0,0,0,0,3,0,0,0,0
open,0,0,0,0,0,0,0,2,0
connect,0,0,0,0,0,0,0,2,0
freeze,0,0,0,0,0,0,0,2,0
solid,1,0,0,0,0,0,0,0,0
ice,0,0,0,0,8,0,0,0,0
melt,0,0,0,0,0,0,0,3,0
waterway,0,0,0,0,1,0,0,0,0
navigable,1,0,0,0,0,0,0,0,0
rush,0,0,0,0,0,0,0,2,0
claim,0,0,0,0,1,0,0,4,0
possible,6,0,0,0,0,0,0,0,0
mineral,0,0,0,0,1,0,0,0,0
begin,0,0,0,0,0,0,0,4,0
lay,0,0,0,0,0,0,0,1,0
worker,0,0,0,0,2,0,0,0,0
weld,0,0,0,0,0,0,0,1,0
pipeline,0,0,0,0,1,0,0,0,0
carry,0,0,0,0,0,0,0,4,0
forum,0,0,0,0,0,0,0,0,1
different,15,0,0,0,0,0,0,0,0
view,0,0,0,0,4,0,0,0,0
essential,3,0,0,0,0,0,0,0,0
development,0,0,0,0,5,0,0,0,0
billion,0,0,0,0,1,4,0,0,0
condemn,0,0,0,0,0,0,0,1,0
poverty,0,0,0,0,1,0,0,0,0
trap,0,0,0,0,1,0,0,4,0
clean,11,0,0,0,0,0,0,0,0
accessible,1,0,0,0,0,0,0,0,0
affordable,5,0,0,0,0,0,0,0,0
secretary,0,0,0,0,1,0,0,0,0
general,1,0,0,0,1,0,0,0,0
harm,0,0,0,0,0,0,0,1,0
economy,0,0,0,0,4,0,0,0,0
priority,0,0,0,0,2,0,0,0,0
amount,0,0,0,0,10,0,0,0,0
population,0,0,0,0,5,0,0,0,0
consume,0,0,0,0,0,0,0,2,0
person,0,0,0,0,6,0,0,0,0
invention,0,0,0,0,4,0,0,0,0
lightbulb,0,0,0,0,6,0,0,0,0
rural,1,0,0,0,0,0,0,0,0
lighting,0,0,0,0,6,0,0,0,0
type,0,0,0,0,6,0,0,0,0
woman,0,0,0,0,3,0,0,0,0
return,0,0,0,0,3,0,0,3,0
collect,0,0,0,0,0,0,0,2,0
firewood,0,0,0,0,1,0,0,0,0
south,1,0,0,0,0,0,0,0,0
coast,0,0,0,0,3,0,0,0,0
cook,0,0,0,0,0,0,0,2,0
hit,0,0,0,0,0,0,0,3,0
news,0,0,0,0,4,0,0,0,0
headline,0,0,0,0,1,0,0,0,0
variety,0,0,0,0,2,0,0,0,0
reason,0,0,0,0,4,0,0,0,0
rapidly,0,0,3,0,0,0,0,0,0
traffic,0,0,0,0,1,0,0,0,0
jam,0,0,0,0,1,0,0,0,0
unheard,1,0,0,0,0,0,0,0,0
chinese,3,0,0,0,0,0,0,0,0
capital,0,0,0,0,2,0,0,0,0
travel,0,0,0,0,2,0,0,5,0
distance,0,0,0,0,4,0,0,0,0
reach,0,0,0,0,0,0,0,6,0
finally,0,0,2,0,0,0,0,0,0
harmful,1,0,0,0,0,0,0,0,0
story,0,0,0,0,2,0,0,0,0
spill,0,0,0,0,1,0,0,0,0
threat,0,0,0,0,2,0,0,0,0
affect,0,0,0,0,0,0,0,8,0
fact,0,0,0,0,2,0,0,0,0
dangerous,2,0,0,0,0,0,0,0,0
level,0,0,0,0,11,0,0,0,0
major,5,0,0,0,0,0,0,0,0
climate,0,0,0,0,29,0,0,0,0
early,3,0,1,0,0,0,0,0,0
fire,0,0,0,0,4,0,0,0,0
rub,0,0,0,0,0,0,0,1,0
piece,0,0,0,0,1,0,0,0,0
flint,0,0,0,0,1,0,0,0,0
beginning,0,0,0,0,2,0,0,0,0
incredible,2,0,0,0,0,0,0,0,0
journey,0,0,0,0,2,0,0,0,0
discovery,0,0,0,0,4,0,0,0,0
meet,0,0,0,0,0,0,0,6,0
sailing,0,0,0,0,2,0,0,0,0
boat,0,0,0,0,3,0,0,0,0
windmill,0,0,0,0,1,0,0,0,0
crush,0,0,0,0,0,0,0,2,0
grain,0,0,0,0,3,0,0,0,0
advantage,0,0,0,0,3,0,0,0,0
warmth,0,0,0,0,1,0,0,0,0
pipe,0,0,0,0,0,0,0,2,0
spring,0,0,0,0,2,0,0,1,0
roman,1,0,0,0,0,0,0,0,0
era,0,0,0,0,1,0,0,0,0
waterwheel,0,0,0,0,1,0,0,0,0
shape,0,0,0,0,1,0,0,1,0
iron,0,0,0,0,3,0,0,0,0
saw,0,0,0,0,1,0,0,0,0
ancient,2,0,0,0,0,0,0,0,0
civilization,0,0,0,0,1,0,0,0,0
float,0,0,0,0,0,0,0,1,0
surface,0,0,0,0,4,0,0,0,0
lake,0,0,0,0,1,0,0,0,0
medicine,0,0,0,0,1,0,0,0,0
pump,0,0,0,0,4,0,0,9,0
shallow,1,0,0,0,0,0,0,0,0
well,3,0,1,0,1,0,0,0,0
seawater,0,0,0,0,1,0,0,0,0
salt,0,0,0,0,2,0,0,0,0
channel,0,0,0,0,0,0,0,2,0
turn,0,0,0,0,0,0,0,4,0
wooden,1,0,0,0,0,0,0,0,0
wheel,0,0,0,0,1,0,0,0,0
grind,0,0,0,0,0,0,0,1,0
engineer,0,0,0,0,2,0,0,0,0
bridge,0,0,0,0,1,0,0,1,0
industrial,2,0,0,0,0,0,0,0,0
sixteenth,1,0,0,0,0,0,0,0,0
seventeenth,1,0,0,0,0,0,0,0,0
european,1,0,0,0,0,0,0,0,0
explorer,0,0,0,0,1,0,0,0,0
propel,0,0,0,0,0,0,0,1,0
ship,0,0,0,0,2,0,0,0,0
land,0,0,0,0,6,0,0,0,0
sail,0,0,0,0,0,0,0,1,0
age,0,0,0,0,4,0,0,0,0
significantly,0,0,1,0,0,0,0,0,0
eighteenth,1,0,0,0,0,0,0,0,0
nineteenth,2,0,0,0,0,0,0,0,0
textile,0,0,0,0,3,0,0,0,0
pottery,0,0,0,0,1,0,0,0,0
steel,0,0,0,0,1,0,0,0,0
traditionally,0,0,1,0,0,0,0,0,0
workshop,0,0,0,0,1,0,0,0,0
factory,0,0,0,0,7,0,0,0,0
mass,1,0,0,0,1,0,0,0,0
forest,0,0,0,0,23,0,0,0,0
cut,0,0,0,0,0,0,0,6,0
hard,1,0,1,0,0,0,0,0,0
mine,0,0,0,0,3,0,0,0,0
constantly,0,0,1,0,0,0,0,0,0
fill,0,0,0,0,0,0,0,2,0
groundwater,0,0,0,0,1,0,0,0,0
engraving,0,0,0,0,1,0,0,0,0
boy,0,0,0,0,1,0,0,0,0
describe,0,0,0,0,0,0,0,2,0
daily,1,0,0,0,0,0,0,0,0
life,0,0,0,0,7,0,0,0,0
pit,0,0,0,0,1,0,0,0,0
man,0,0,0,0,2,0,0,0,0
dry,1,0,0,0,0,0,0,2,0
oblige,0,0,0,0,0,0,0,1,0
cover,0,0,0,0,0,0,0,2,0
frequently,0,0,2,0,0,0,0,0,0
leg,0,0,0,0,1,0,0,0,0
pay,0,0,0,0,0,0,0,1,0
penny,0,0,0,0,1,0,0,0,0
holiday,0,0,0,0,1,0,0,0,0
morning,0,0,0,0,1,0,0,0,0
seven,0,0,0,0,0,1,0,0,0
steam,0,0,0,0,10,0,0,0,0
ahead,0,0,2,0,0,0,0,0,0
invent,0,0,0,0,0,0,0,1,0
engine,0,0,0,0,5,0,0,0,0
technological,3,0,0,0,0,0,0,0,0
wonder,0,0,0,0,2,0,0,0,0
develop,0,0,0,0,0,0,0,9,0
solution,0,0,0,0,6,0,0,0,0
attach,0,0,0,0,0,0,0,1,0
miner,0,0,0,0,1,0,0,0,0
dig,0,0,0,0,0,0,0,1,0
deeply,0,0,1,0,0,0,0,0,0
search,0,0,0,0,2,0,0,0,0
quickly,0,0,3,0,0,0,0,0,0
locomotive,0,0,0,0,3,0,0,0,0
steamboat,0,0,0,0,1,0,0,0,0
railway,0,0,0,0,2,0,0,0,0
method,0,0,0,0,1,0,0,0,0
raw,1,0,0,0,0,0,0,0,0
material,0,0,0,0,2,0,0,0,0
cheaply,0,0,1,0,0,0,0,0,0
industry,0,0,0,0,8,0,0,0,0
forge,0,0,0,0,0,0,0,1,0
popularity,0,0,0,0,1,0,0,0,0
pull,0,0,0,0,0,0,0,2,0
railroad,0,0,0,0,1,0,0,0,0
stand,0,0,0,0,0,0,0,3,0
ready,1,0,0,0,0,0,0,0,0
leave,0,0,0,0,0,0,0,3,0
official,1,0,0,0,0,0,0,0,0
darkness,0,0,0,0,1,0,0,0,0
near,0,4,0,0,0,0,0,0,0
found,0,0,0,0,0,0,0,1,0
distribution,0,0,0,0,3,0,0,0,0
send,0,0,0,0,0,0,0,3,0
dramatically,0,0,1,0,0,0,0,0,0
twentieth,3,0,0,0,0,0,0,0,0
motor,0,0,0,0,2,0,0,0,0
away,0,0,1,0,0,0,0,0,0
draw,0,0,0,0,0,0,0,2,0
horse,0,0,0,0,2,0,0,0,0
past,1,0,0,0,3,0,0,0,0
streetcar,0,0,0,0,2,0,0,0,0
kerosene,0,0,0,0,2,0,0,0,0
drawback,0,0,0,0,1,0,0,0,0
conductor,0,0,0,0,1,0,0,0,0
name,0,0,0,0,0,0,0,1,0
extraordinary,1,0,0,0,0,0,0,0,0
drill,0,0,0,0,1,0,0,3,0
crude,2,0,0,0,0,0,0,0,0
ground,0,0,0,0,5,0,0,0,0
manage,0,0,0,0,0,0,0,2,0
study,0,0,0,0,1,0,0,2,0
reveal,0,0,0,0,0,0,0,2,0
useful,1,0,0,0,0,0,0,0,0
product,0,0,0,0,3,0,0,0,0
gasoline,0,0,0,0,3,0,0,0,0
hugely,0,0,1,0,0,0,0,0,0
automobile,0,0,0,0,1,0,0,0,0
gradually,0,0,2,0,0,0,0,0,0
panic,0,0,0,0,1,0,0,0,0
rich,3,0,0,0,0,0,0,0,0
export,0,0,0,0,1,0,0,0,0
angry,1,0,0,0,0,0,0,0,0
involvement,0,0,0,0,1,0,0,0,0
arab,1,0,0,0,0,0,0,0,0
result,0,0,0,0,4,0,0,4,0
company,0,0,0,0,10,0,0,0,0
price,0,0,0,0,2,0,0,0,0
massively,0,0,1,0,0,0,0,0,0
invasion,0,0,0,0,1,0,0,0,0
event,0,0,0,0,4,0,0,0,0
prompt,0,0,0,0,0,0,0,1,0
government,0,0,0,0,13,0,0,0,0
conceive,0,0,0,0,0,0,0,1,0
idea,0,0,0,0,5,0,0,0,0
wear,0,0,0,0,0,0,0,1,0
hat,0,0,0,0,1,0,0,0,0
original,1,0,0,0,0,0,0,0,0
rig,0,0,0,0,1,0,0,0,0
inventor,0,0,0,0,3,0,0,0,0
entrepreneur,0,0,0,0,1,0,0,0,0
interested,1,0,0,0,0,0,0,0,0
fruit,0,0,0,0,5,0,0,0,0
sumach,0,0,0,0,1,0,0,0,0
road,0,0,0,0,4,0,0,0,0
apple,0,0,0,0,1,0,0,0,0
weed,0,0,0,0,1,0,0,0,0
sawdust,0,0,0,0,1,0,0,0,0
bit,0,0,0,0,1,0,0,0,0
vegetable,0,0,0,0,3,0,0,0,0
matter,0,0,0,0,4,0,0,0,0
ferment,0,0,0,0,0,0,0,1,0
alcohol,0,0,0,0,1,0,0,0,0
acre,0,0,0,0,2,0,0,0,0
potato,0,0,0,0,5,0,0,0,0
machinery,0,0,0,0,1,0,0,0,0
necessary,1,0,0,0,0,0,0,0,0
cultivate,0,0,0,0,0,0,0,1,0
field,0,0,0,0,5,0,0,0,0
founder,0,0,0,0,1,0,0,0,0
quote,0,0,0,0,0,0,0,1,0
scientist,0,0,0,0,19,0,0,0,0
destroy,0,0,0,0,0,0,0,4,0
amazing,1,0,0,0,0,0,0,0,0
finding,0,0,0,0,1,0,0,0,0
physicist,0,0,0,0,2,0,0,0,0
structure,0,0,0,0,1,0,0,0,0
lead,0,0,0,0,1,0,0,5,0
late,1,0,1,0,0,0,0,0,0
enter,0,0,0,0,0,0,0,3,0
conduct,0,0,0,0,0,0,0,1,0
test,0,0,0,0,1,0,0,0,0
atomic,1,0,0,0,0,0,0,0,0
bomb,0,0,0,0,1,0,0,0,0
commercial,1,0,0,0,0,0,0,0,0
operation,0,0,0,0,1,0,0,0,0
accident,0,0,0,0,2,0,0,0,0
occur,0,0,0,0,0,0,0,3,0
disaster,0,0,0,0,2,0,0,0,0
reactor,0,0,0,0,4,0,0,0,0
explode,0,0,0,0,0,0,0,1,0
radiation,0,0,0,0,1,0,0,0,0
plume,0,0,0,0,1,0,0,0,0
cloud,0,0,0,0,2,0,0,0,0
include,0,0,0,0,0,0,0,11,0
stop,0,0,0,0,0,0,0,6,0
strengthen,0,0,0,0,0,0,0,1,0
safety,0,0,0,0,1,0,0,0,0
hazard,0,0,0,0,1,0,0,0,0
disposal,0,0,0,0,2,0,0,0,0
radioactive,2,0,0,0,0,0,0,0,0
environmentalist,0,0,0,0,6,0,0,0,0
relatively,0,0,1,0,0,0,0,0,0
forward,0,0,1,0,0,0,0,0,0
research,0,0,0,0,0,0,0,2,0
internal,2,0,0,0,0,0,0,0,0
french,1,0,0,0,0,0,0,0,0
mathematic,0,0,0,0,1,0,0,0,0
teacher,0,0,0,0,2,0,0,0,0
concerned,1,0,0,0,0,0,0,0,0
deplete,0,0,0,0,0,0,0,1,0
thousand,0,0,0,0,2,0,0,0,0
tidal,4,0,0,0,0,0,0,0,0
dot,0,0,0,0,0,0,0,1,0
peanut,0,0,0,0,1,0,0,0,0
bio,1,0,0,0,0,0,0,0,0
diesel,1,0,0,0,2,0,0,0,0
great,3,0,0,0,0,0,0,0,0
ignore,0,0,0,0,0,0,0,1,0
delay,0,0,0,0,0,0,0,2,0
readily,0,0,2,0,0,0,0,0,0
available,3,0,0,0,0,0,0,0,0
crisis,0,0,0,0,3,0,0,0,0
businesspeople,0,0,0,0,1,0,0,0,0
eventually,0,0,3,0,0,0,0,0,0
satisfy,0,0,0,0,0,0,0,1,0
prodigious,1,0,0,0,0,0,0,0,0
expansion,0,0,0,0,1,0,0,0,0
undoubtedly,0,0,1,0,0,0,0,0,0
american,4,0,0,0,0,0,0,0,0
flourish,0,0,0,0,0,0,0,1,0
put,0,0,0,0,0,0,0,1,0
air,0,0,0,0,8,0,0,1,0
record,1,0,0,0,2,0,0,0,0
business,0,0,0,0,6,0,0,0,0
opinion,0,0,0,0,4,0,0,0,0
depletion,0,0,0,0,1,0,0,0,0
pollution,0,0,0,0,7,0,0,0,0
try,0,0,0,0,0,0,0,7,0
technology,0,0,0,0,10,0,0,0,0
efficient,6,0,0,0,0,0,0,0,0
reliable,3,0,0,0,0,0,0,0,0
reliance,0,0,0,0,1,0,0,0,0
feature,0,0,0,0,0,0,0,1,0
short,3,0,0,0,0,0,0,0,0
blip,0,0,0,0,1,0,0,0,0
history,0,0,0,0,1,0,0,0,0
humanity,0,0,0,0,1,0,0,0,0
atmosphere,0,0,0,0,15,0,0,0,0
massive,4,0,0,0,0,0,0,0,0
carbon,0,0,0,0,50,0,0,0,0
dioxide,0,0,0,0,14,0,0,0,0
activity,0,0,0,0,6,0,0,0,0
set,0,0,0,0,0,0,0,2,0
employ,0,0,0,0,0,0,0,1,0
global,25,0,0,0,0,0,0,0,0
warming,0,0,0,0,19,0,0,0,0
conclude,0,0,0,0,0,0,0,1,0
certain,1,0,0,0,0,0,0,0,0
impact,0,0,0,0,13,0,0,0,0
refugee,0,0,0,0,2,0,0,0,0
inhabitant,0,0,0,0,1,0,0,0,0
battle,0,0,0,0,0,0,0,1,0
wave,0,0,0,0,3,0,0,0,0
crash,0,0,0,0,0,0,0,1,0
struggle,0,0,0,0,0,0,0,2,0
protect,0,0,0,0,0,0,0,4,0
coconut,0,0,0,0,1,0,0,0,0
palm,0,0,0,0,2,0,0,0,0
destruction,0,0,0,0,2,0,0,0,0
surge,0,0,0,0,1,0,0,0,0
frequent,3,0,0,0,0,0,0,0,0
evacuate,0,0,0,0,0,0,0,1,0
island,0,0,0,0,3,0,0,0,0
nearby,0,0,1,0,0,0,0,0,0
likely,4,0,0,0,0,0,0,0,0
completely,0,0,3,0,0,0,0,0,0
submerge,0,0,0,0,0,0,0,3,0
beneath,0,2,0,0,0,0,0,0,0
vapor,0,0,0,0,1,0,0,0,0
rainfall,0,0,0,0,5,0,0,0,0
evenly,0,0,1,0,0,0,0,0,0
experience,0,0,0,0,0,0,0,3,0
heavy,1,0,0,0,0,0,0,0,0
rain,0,0,0,0,13,0,0,0,0
southern,1,0,0,0,0,0,0,0,0
part,0,0,0,0,4,0,0,0,0
suffer,0,0,0,0,0,0,0,1,0
drought,0,0,0,0,7,0,0,0,0
extreme,4,0,0,0,0,0,0,0,0
hurricane,0,0,0,0,3,0,0,0,0
tropical,5,0,0,0,0,0,0,0,0
storm,0,0,0,0,5,0,0,0,0
pole,0,0,0,0,1,0,0,0,0
twice,0,0,1,2,0,0,0,0,0
rest,0,0,0,0,2,0,0,0,0
sheet,0,0,0,0,1,0,0,0,0
slowly,0,0,1,0,0,0,0,0,0
disappear,0,0,0,0,0,0,0,2,0
lose,0,0,0,0,0,0,0,6,0
satellite,0,0,0,0,2,0,0,0,0
measurement,0,0,0,0,1,0,0,0,0
snow,0,0,0,0,1,0,0,0,0
recede,0,0,0,0,0,0,0,1,0
outside,0,1,0,0,0,0,0,0,0
indian,2,0,0,0,0,0,0,0,0
bank,0,0,0,0,1,0,0,0,0
flooding,0,0,0,0,4,0,0,0,0
inch,0,0,0,0,1,0,0,0,0
low,0,0,1,0,0,0,0,0,0
lie,0,0,0,0,0,0,0,1,0
wildlife,0,0,0,0,1,0,0,0,0
habitat,0,0,0,0,4,0,0,0,0
polar,2,0,0,0,0,0,0,0,0
bear,0,0,0,0,2,0,0,0,0
face,0,0,0,0,0,0,0,3,0
loss,0,0,0,0,2,0,0,0,0
icy,1,0,0,0,0,0,0,0,0
wilderness,0,0,0,0,1,0,0,0,0
force,0,0,0,0,0,0,0,2,0
swim,0,0,0,0,0,0,0,1,0
hunt,0,0,0,0,1,0,0,2,0
seal,0,0,0,0,2,0,0,0,0
penguin,0,0,0,0,3,0,0,0,0
decline,0,0,0,0,1,0,0,2,0
krill,0,0,0,0,1,0,0,0,0
scarce,1,0,0,0,0,0,0,0,0
arrive,0,0,0,0,0,0,0,1,0
mosquito,0,0,0,0,2,0,0,0,0
bird,0,0,0,0,2,0,0,0,0
creature,0,0,0,0,1,0,0,0,0
broaden,0,0,0,0,0,0,0,1,0
territory,0,0,0,0,1,0,0,0,0
specie,0,0,0,0,2,0,0,0,0
fish,0,0,0,0,2,0,0,2,0
north,1,0,1,0,0,0,0,0,0
migration,0,0,0,0,1,0,0,0,0
turtle,0,0,0,0,1,0,0,0,0
nest,0,0,0,0,0,0,0,1,0
breeding,0,0,0,0,1,0,0,0,0
greenhouse,0,0,0,0,25,0,0,0,0
effect,0,0,0,0,8,0,0,0,0
sunlight,1,0,0,0,2,0,0,0,0
absorb,0,0,0,0,0,0,0,4,0
reflect,0,0,0,0,0,0,0,1,0
methane,0,0,0,0,8,0,0,0,0
nitrous,1,0,0,0,0,0,0,0,0
oxide,0,0,0,0,1,0,0,0,0
stay,0,0,0,0,0,0,0,2,0
escape,0,0,0,0,0,0,0,1,0
space,0,0,0,0,4,0,0,0,0
concentration,0,0,0,0,1,0,0,0,0
double,0,0,1,1,0,0,0,1,0
measure,0,0,0,0,0,0,0,4,0
bubble,0,0,0,0,1,0,0,0,0
ring,0,0,0,0,1,0,0,0,0
deforestation,0,0,0,0,1,0,0,0,0
contributor,0,0,0,0,1,0,0,0,0
meal,0,0,0,0,1,0,0,0,0
buy,0,0,0,0,0,0,0,11,0
farming,0,0,0,0,4,0,0,0,0
counteract,0,0,0,0,0,0,0,1,0
convert,0,0,0,0,0,0,0,4,0
oxygen,0,0,0,0,1,0,0,0,0
photosynthesis,0,0,0,0,1,0,0,0,0
garbage,0,0,0,0,2,0,0,0,0
landfill,0,0,0,0,1,0,0,0,0
site,0,0,0,0,1,0,0,0,0
extraction,0,0,0,0,1,0,0,0,0
cattle,0,0,0,0,6,0,0,0,0
ranching,0,0,0,0,2,0,0,0,0
especially,0,0,1,0,0,0,0,0,0
digestive,1,0,0,0,0,0,0,0,0
emit,0,0,0,0,0,0,0,3,0
cow,0,0,0,0,1,0,0,0,0
raise,0,0,0,0,0,0,0,2,0
food,0,0,0,0,10,0,0,0,0
emission,0,0,0,0,22,0,0,0,0
globally,0,0,1,0,0,0,0,0,0
close,0,0,1,0,0,0,0,0,0
nature,0,0,0,0,3,0,0,0,0
see,0,0,0,0,0,0,0,1,0
town,0,0,0,0,5,0,0,0,0
northeastern,1,0,0,0,0,0,0,0,0
subsistence,0,0,0,0,1,0,0,0,0
condition,0,0,0,0,2,0,0,0,0
break,0,0,0,0,0,0,0,2,0
hungry,1,0,0,0,0,0,0,0,0
canadian,3,0,0,0,0,0,0,0,0
pattern,0,0,0,0,1,0,0,0,0
recent,2,0,0,0,0,0,0,0,0
mangrove,0,0,0,0,1,0,0,0,0
fisherwoman,0,0,0,0,1,0,0,0,0
housewife,0,0,0,0,1,0,0,0,0
glacier,0,0,0,0,1,0,0,0,0
shrink,0,0,0,0,0,0,0,1,0
shortage,0,0,0,0,3,0,0,0,0
monastery,0,0,0,0,1,0,0,0,0
decade,0,0,0,0,4,0,0,0,0
act,0,0,0,0,0,0,0,2,0
slow,0,0,0,0,0,0,0,1,0
severe,4,0,0,0,0,0,0,0,0
bad,2,0,0,0,0,0,0,0,0
predict,0,0,0,0,0,0,0,2,0
term,0,0,0,0,2,0,0,0,0
difficult,1,0,0,0,0,0,0,0,0
task,0,0,0,0,1,0,0,0,0
factor,0,0,0,0,1,0,0,0,0
prevail,0,0,0,0,0,0,0,1,0
happen,0,0,0,0,0,0,0,2,0
model,0,0,0,0,2,0,0,0,0
scenario,0,0,0,0,1,0,0,0,0
average,5,0,0,0,0,0,0,0,0
appear,0,0,0,0,0,0,0,3,0
attractive,1,0,0,0,0,0,0,0,0
prospect,0,0,0,0,1,0,0,0,0
northern,2,0,0,0,0,0,0,0,0
extremely,0,0,2,0,0,0,0,0,0
significant,1,0,0,0,0,0,0,0,0
planet,0,0,0,0,3,0,0,0,0
radically,0,0,1,0,0,0,0,0,0
alter,0,0,0,0,0,0,0,1,0
big,8,0,0,0,0,0,0,0,0
influence,0,0,0,0,1,0,0,0,0
bring,0,0,0,0,0,0,0,4,0
tropic,0,0,0,0,1,0,0,0,0
give,0,0,0,0,0,0,0,1,0
temperate,1,0,0,0,0,0,0,0,0
suggest,0,0,0,0,0,0,0,4,0
dramatic,1,0,0,0,0,0,0,0,0
coastal,1,0,0,0,0,0,0,0,0
intense,1,0,0,0,0,0,0,0,0
worldwide,1,0,2,0,0,0,0,0,0
expose,0,0,0,0,0,0,0,1,0
image,0,0,0,0,1,0,0,0,0
cartwheel,0,0,0,0,0,0,0,1,0
reduction,0,0,0,0,3,0,0,0,0
wheat,0,0,0,0,2,0,0,0,0
polluter,0,0,0,0,2,0,0,0,0
poor,2,0,0,0,0,0,0,0,0
equator,0,0,0,0,1,0,0,0,0
afford,0,0,0,0,0,0,0,1,0
adapt,0,0,0,0,0,0,0,2,0
circumstance,0,0,0,0,1,0,0,0,0
riverbed,0,0,0,0,1,0,0,0,0
sizzle,0,0,0,0,0,0,0,1,0
southwestern,1,0,0,0,0,0,0,0,0
focus,0,0,0,0,1,0,0,0,0
message,0,0,0,0,1,0,0,0,0
livelihood,0,0,0,0,1,0,0,0,0
community,0,0,0,0,10,0,0,0,0
herd,0,0,0,0,0,0,0,1,0
little,4,0,0,0,0,0,0,0,0
mother,0,0,0,0,1,0,0,0,0
child,0,0,0,0,1,0,0,0,0
carcass,0,0,0,0,1,0,0,0,0
litter,0,0,0,0,0,0,0,1,0
parched,1,0,0,0,0,0,0,0,0
concert,0,0,0,0,2,0,0,0,0
artist,0,0,0,0,1,0,0,0,0
awareness,0,0,0,0,1,0,0,0,0
address,0,0,0,0,0,0,0,1,0
excessive,1,0,0,0,0,0,0,0,0
talk,0,0,0,0,3,0,0,1,0
save,0,0,0,0,0,0,0,9,0
action,0,0,0,0,12,0,0,0,0
threaten,0,0,0,0,0,0,0,3,0
extinction,0,0,0,0,1,0,0,0,0
frog,0,0,0,0,1,0,0,0,0
butterfly,0,0,0,0,1,0,0,0,0
particularly,0,0,1,0,0,0,0,0,0
sensitive,1,0,0,0,0,0,0,0,0
pace,0,0,0,0,1,0,0,0,0
coral,1,0,0,0,0,0,0,0,0
reef,0,0,0,0,1,0,0,0,0
fly,0,0,0,0,0,0,0,1,0
afield,0,0,1,0,0,0,0,0,0
disease,0,0,0,0,1,0,0,0,0
malaria,0,0,0,0,1,0,0,0,0
fragile,1,0,0,0,0,0,0,0,0
leader,0,0,0,0,4,0,0,0,0
blame,0,0,0,0,0,0,0,1,0
despite,0,0,0,0,0,0,1,0,0
scientific,3,0,0,0,0,0,0,0,0
evidence,0,0,0,0,2,0,0,0,0
number,0,0,0,0,5,0,0,0,0
influential,1,0,0,0,0,0,0,0,0
politician,0,0,0,0,3,0,0,0,0
unconvinced,1,0,0,0,0,0,0,0,0
science,0,0,0,0,1,0,0,0,0
uncertain,1,0,0,0,0,0,0,0,0
argue,0,0,0,0,0,0,0,3,0
swing,0,0,0,0,1,0,0,0,0
period,0,0,0,0,1,0,0,0,0
slightly,0,0,1,0,0,0,0,0,0
true,1,0,0,0,0,0,0,0,0
cycle,0,0,0,0,1,0,0,0,0
link,0,0,0,0,1,0,0,1,0
orbit,0,0,0,0,2,0,0,1,0
receive,0,0,0,0,0,0,0,3,0
push,0,0,0,0,0,0,0,1,0
vested,3,0,0,0,0,0,0,0,0
interest,0,0,0,0,3,0,0,0,0
play,0,0,0,0,0,0,0,1,0
individual,0,0,0,0,2,0,0,0,0
reluctant,1,0,0,0,0,0,0,0,0
join,0,0,0,0,0,0,0,4,0
international,4,0,0,0,0,0,0,0,0
agreement,0,0,0,0,3,0,0,0,0
reduce,0,0,0,0,0,0,0,20,0
base,0,0,0,0,0,0,0,1,0
heavily,0,0,2,0,0,0,0,0,0
consumption,0,0,0,0,2,0,0,0,0
movie,0,0,0,0,1,0,0,0,0
star,0,0,0,0,3,0,0,0,0
governor,0,0,0,0,1,0,0,0,0
group,0,0,0,0,2,0,0,0,0
japanese,2,0,0,0,0,0,0,0,0
manufacturer,0,0,0,0,2,0,0,0,0
oppose,0,0,0,0,0,0,0,1,0
policy,0,0,0,0,2,0,0,0,0
doubt,0,0,0,0,1,0,0,0,0
medium,0,0,0,0,1,0,0,0,0
political,1,0,0,0,0,0,0,0,0
circle,0,0,0,0,1,0,0,0,0
combat,0,0,0,0,0,0,0,4,0
british,3,0,0,0,0,0,0,0,0
economist,0,0,0,0,1,0,0,0,0
convince,0,0,0,0,0,0,0,1,0
doubter,0,0,0,0,1,0,0,0,0
demonstrate,0,0,0,0,0,0,0,1,0
dollar,0,0,0,0,2,0,0,0,0
semi,1,0,0,0,0,0,0,0,0
submersible,1,0,0,0,0,0,0,0,0
platform,0,0,0,0,1,0,0,0,0
pose,0,0,0,0,0,0,0,1,0
chief,2,0,0,0,0,0,0,0,0
adviser,0,0,0,0,1,0,0,0,0
terrible,1,0,0,0,0,0,0,0,0
mistake,0,0,0,0,1,0,0,0,0
consequence,0,0,0,0,1,0,0,0,0
fully,0,0,1,0,0,0,0,0,0
executive,0,0,0,0,1,0,0,0,0
make,0,0,0,0,0,0,0,5,0
difference,0,0,0,0,3,0,0,0,0
overheat,0,0,0,0,0,0,0,1,0
industrialize,0,0,0,0,0,0,0,4,0
discuss,0,0,0,0,0,0,0,1,0
compare,0,0,0,0,0,0,0,3,0
formally,0,0,1,0,0,0,0,0,0
adopt,0,0,0,0,0,0,0,2,0
drastic,1,0,0,0,0,0,0,0,0
protocol,0,0,0,0,2,0,0,0,0
historically,0,0,1,0,0,0,0,0,0
contribution,0,0,0,0,2,0,0,0,0
brickyard,0,0,0,0,3,0,0,0,0
northeast,1,0,0,0,0,0,0,0,0
expand,0,0,0,0,0,0,0,1,0
kiln,0,0,0,0,1,0,0,0,0
ton,0,0,0,0,8,0,0,0,0
metric,4,0,0,0,0,0,0,0,0
funding,0,0,0,0,1,0,0,0,0
soon,0,0,2,0,0,0,0,0,0
border,0,0,0,0,0,0,0,1,0
brick,0,0,0,0,1,0,0,0,0
say,0,0,0,0,0,0,0,1,0
deal,0,0,0,0,1,0,0,0,0
fair,1,0,0,0,0,0,0,0,0
principle,0,0,0,0,2,0,0,0,0
industrialized,1,0,0,0,0,0,0,0,0
gain,0,0,0,0,0,0,0,1,0
trade,0,0,0,0,0,0,0,1,0
credit,0,0,0,0,1,0,0,0,0
instead,0,0,5,0,0,0,0,0,0
offset,0,0,0,0,0,0,0,1,0
balance,0,0,0,0,0,0,0,1,0
invest,0,0,0,0,0,0,0,2,0
abroad,0,0,2,0,0,0,0,0,0
fund,0,0,0,0,0,0,0,1,0
state,0,0,0,0,0,0,0,2,0
target,0,0,0,0,2,0,0,0,0
step,0,0,0,0,1,0,0,0,0
cooperation,0,0,0,0,1,0,0,0,0
concern,0,0,0,0,0,0,0,2,0
control,0,0,0,0,1,0,0,0,0
treaty,0,0,0,0,1,0,0,0,0
additional,1,0,0,0,0,0,0,0,0
get,0,0,0,0,0,0,0,3,0
choose,0,0,0,0,0,0,0,3,0
opt,0,0,0,0,0,0,0,1,0
complete,0,0,0,0,0,0,0,1,0
roughly,0,0,1,0,0,0,0,0,0
size,0,0,0,0,2,0,0,0,0
football,0,0,0,0,2,0,0,0,0
investigate,0,0,0,0,0,0,0,2,0
project,0,0,0,0,1,0,0,0,0
pioneer,0,0,0,0,0,0,0,1,0
warn,0,0,0,0,0,0,0,1,0
require,0,0,0,0,0,0,0,3,0
lot,0,0,0,0,2,0,0,0,0
danger,0,0,0,0,1,0,0,0,0
leak,0,0,0,0,1,0,0,0,0
vehicle,0,0,0,0,3,0,0,0,0
efficiently,0,0,1,0,0,0,0,0,0
eco,3,0,0,0,1,0,0,0,0
friendly,4,0,0,0,0,0,0,0,0
rechargeable,1,0,0,0,0,0,0,0,0
battery,0,0,0,0,2,0,0,0,0
hybrid,1,0,0,0,0,0,0,0,0
few,1,0,0,0,0,0,0,0,0
biofuel,0,0,0,0,7,0,0,0,0
corn,0,0,0,0,3,0,0,0,0
sugarcane,0,0,0,0,1,0,0,0,0
rapeseed,0,0,0,0,1,0,0,0,0
theory,0,0,0,0,1,0,0,0,0
equivalent,1,0,0,0,1,0,0,0,0
neutral,3,0,0,0,0,0,0,0,0
bioga,0,0,0,0,2,0,0,0,0
slurry,0,0,0,0,1,0,0,0,0
digest,0,0,0,0,0,0,0,1,0
bacteria,0,0,0,0,1,0,0,0,0
ryegrass,0,0,0,0,1,0,0,0,0
filling,0,0,0,0,1,0,0,0,0
entire,2,0,0,0,0,0,0,0,0
crop,0,0,0,0,6,0,0,0,0
tractor,0,0,0,0,1,0,0,0,0
distillery,0,0,0,0,1,0,0,0,0
destination,0,0,0,0,1,0,0,0,0
catastrophic,2,0,0,0,0,0,0,0,0
clear,1,0,0,0,0,0,0,3,0
stubble,0,0,0,0,1,0,0,0,0
green,6,0,0,0,0,0,0,0,0
thinking,0,0,0,0,1,0,0,0,0
aviation,0,0,0,0,1,0,0,0,0
aircraft,0,0,0,0,2,0,0,0,0
experiment,0,0,0,0,0,0,0,1,0
radical,2,0,0,0,0,0,0,0,0
remove,0,0,0,0,0,0,0,1,0
giant,2,0,0,0,0,0,0,0,0
mirror,0,0,0,0,1,0,0,0,0
prevent,0,0,0,0,0,0,0,1,0
plastic,0,0,0,0,1,0,0,0,0
tube,0,0,0,0,1,0,0,0,0
nutrient,0,0,0,0,1,0,0,0,0
encourage,0,0,0,0,0,0,0,5,0
algae,0,0,0,0,1,0,0,0,0
bloom,0,0,0,0,0,0,0,1,0
artificial,1,0,0,0,0,0,0,0,0
organism,0,0,0,0,1,0,0,0,0
gobble,0,0,0,0,0,0,0,1,0
key,0,0,0,0,1,0,0,0,0
sufficient,1,0,0,0,0,0,0,0,0
practical,1,0,0,0,0,0,0,0,0
solve,0,0,0,0,0,0,0,2,0
debate,0,0,0,0,2,0,0,0,0
chance,0,0,0,0,1,0,0,0,0
prove,0,0,0,0,0,0,0,1,0
gap,0,0,0,0,1,0,0,0,0
hardly,0,0,1,0,0,0,0,0,0
shut,0,0,0,0,0,0,0,1,0
obtain,0,0,0,0,0,0,0,2,0
pie,0,0,0,0,3,0,0,0,0
chart,0,0,0,0,3,0,0,0,0
plan,0,0,0,0,1,0,0,4,0
store,0,0,0,0,1,0,0,3,0
possibility,0,0,0,0,1,0,0,0,0
manufacture,0,0,0,0,1,0,0,2,0
weapon,0,0,0,0,1,0,0,0,0
fusion,0,0,0,0,5,0,0,0,0
pound,0,0,0,0,7,0,0,0,0
kilogram,0,0,0,0,2,0,0,0,0
hydrogen,0,0,0,0,22,0,0,0,0
degree,0,0,0,0,2,0,0,0,0
celsius,0,0,0,0,1,0,0,0,0
expensive,5,0,0,0,0,0,0,0,0
researcher,0,0,0,0,3,0,0,0,0
experimental,1,0,0,0,0,0,0,0,0
eastern,1,0,0,0,0,0,0,0,0
version,0,0,0,0,1,0,0,0,0
logging,0,0,0,0,1,0,0,0,0
room,0,0,0,0,1,0,0,0,0
soybean,0,0,0,0,1,0,0,0,0
pasture,0,0,0,0,1,0,0,0,0
account,0,0,0,0,0,0,0,2,0
sector,0,0,0,0,2,0,0,0,0
attention,0,0,0,0,1,0,0,0,0
effective,1,0,0,0,0,0,0,0,0
stability,0,0,0,0,1,0,0,0,0
ask,0,0,0,0,0,0,0,2,0
benefit,0,0,0,0,1,0,0,0,0
alliance,0,0,0,0,1,0,0,0,0
sure,3,0,0,0,0,0,0,0,0
conservation,0,0,0,0,2,0,0,0,0
financial,1,0,0,0,0,0,0,0,0
nation,0,0,0,0,1,0,0,0,0
fight,0,0,0,0,1,0,0,0,0
utility,0,0,0,0,1,0,0,0,0
lung,0,0,0,0,1,0,0,0,0
thermostat,0,0,0,0,2,0,0,0,0
conditioning,0,0,0,0,2,0,0,0,0
prime,1,0,0,0,0,0,0,0,0
minister,0,0,0,0,1,0,0,0,0
modern,1,0,0,0,0,0,0,0,0
turbine,0,0,0,0,5,0,0,0,0
farm,0,0,0,0,5,0,0,0,0
ugly,1,0,0,0,0,0,0,0,0
noisy,1,0,0,0,0,0,0,0,0
occupy,0,0,0,0,0,0,0,1,0
unreliably,0,0,1,0,0,0,0,0,0
gusty,1,0,0,0,0,0,0,0,0
supplement,0,0,0,0,0,0,0,1,0
offshore,1,0,0,0,0,0,0,0,0
increasingly,0,0,1,0,0,0,0,0,0
panel,0,0,0,0,5,0,0,0,0
install,0,0,0,0,0,0,0,1,0
roof,0,0,0,0,3,0,0,0,0
sunshine,0,0,0,0,1,0,0,0,0
californian,1,0,0,0,0,0,0,0,0
cloudy,1,0,0,0,0,0,0,0,0
inefficient,2,0,0,0,0,0,0,0,0
keep,0,0,0,0,0,0,0,1,0
competitive,1,0,0,0,0,0,0,0,0
addict,0,0,0,0,0,0,0,1,0
unstable,1,0,0,0,0,0,0,0,0
addiction,0,0,0,0,1,0,0,0,0
substitute,0,0,0,0,1,0,0,0,0
culture,0,0,0,0,1,0,0,0,0
substantially,0,0,1,0,0,0,0,0,0
volcanic,2,0,0,0,0,0,0,0,0
landscape,0,0,0,0,1,0,0,0,0
geothermal,4,0,0,0,0,0,0,0,0
tide,0,0,0,0,2,0,0,0,0
operate,0,0,0,0,0,0,0,1,0
swirl,0,0,0,0,0,0,0,1,0
sluice,0,0,0,0,1,0,0,0,0
gate,0,0,0,0,1,0,0,0,0
barrage,0,0,0,0,1,0,0,0,0
biomass,0,0,0,0,3,0,0,0,0
straw,0,0,0,0,1,0,0,0,0
manure,0,0,0,0,1,0,0,0,0
launch,0,0,0,0,0,0,0,2,0
program,0,0,0,0,3,0,0,0,0
dog,0,0,0,0,1,0,0,0,0
combination,0,0,0,0,2,0,0,0,0
safe,2,0,0,0,0,0,0,0,0
imagine,0,0,0,0,0,0,0,1,0
have,0,0,0,0,0,0,0,1,0
mile,0,0,0,0,4,0,0,0,0
garage,0,0,0,0,1,0,0,0,0
friend,0,0,0,0,4,0,0,0,0
borrow,0,0,0,0,0,0,0,1,0
generator,0,0,0,0,2,0,0,0,0
refuel,0,0,0,0,0,0,0,1,0
abundant,2,0,0,0,0,0,0,0,0
element,0,0,0,0,3,0,0,0,0
ball,0,0,0,0,1,0,0,0,0
vivid,1,0,0,0,0,0,0,0,0
directly,0,0,1,0,0,0,0,0,0
unlike,0,2,0,0,0,0,0,0,0
metal,0,0,0,0,1,0,0,0,0
refining,0,0,0,0,1,0,0,0,0
processing,0,0,0,0,1,0,0,0,0
shuttle,0,0,0,0,2,0,0,0,0
astronaut,0,0,0,0,1,0,0,0,0
pure,1,0,0,0,0,0,0,0,0
exhaust,0,0,0,0,1,0,0,0,0
drinking,0,0,0,0,1,0,0,0,0
portable,1,0,0,0,0,0,0,0,0
last,0,0,0,0,0,0,0,1,0
laptop,0,0,0,0,2,0,0,0,0
military,1,0,0,0,0,0,0,0,0
maneuver,0,0,0,0,1,0,0,0,0
line,0,0,0,0,1,0,0,0,0
sport,0,0,0,0,1,0,0,0,0
aerodynamic,1,0,0,0,0,0,0,0,0
aluminum,0,0,0,0,1,0,0,0,0
body,0,0,0,0,1,0,0,0,0
entirely,0,0,1,0,0,0,0,0,0
liquid,0,0,0,0,1,0,0,0,0
combustion,0,0,0,0,1,0,0,0,0
speed,0,0,0,0,1,0,0,0,0
want,0,0,0,0,0,0,0,3,0
refrigerator,0,0,0,0,2,0,0,0,0
minimum,1,0,0,0,0,0,0,0,0
widespread,1,0,0,0,0,0,0,0,0
obvious,2,0,0,0,0,0,0,0,0
peak,0,0,0,0,1,0,0,0,0
transition,0,0,0,0,1,0,0,0,0
messy,1,0,0,0,0,0,0,0,0
path,0,0,0,0,1,0,0,0,0
multinational,1,0,0,0,0,0,0,0,0
local,11,0,0,0,0,0,0,0,0
secret,0,0,0,0,1,0,0,0,0
lock,0,0,0,0,0,0,0,1,0
instal,0,0,0,0,0,0,0,2,0
miniature,1,0,0,0,0,0,0,0,0
underground,1,0,0,0,0,0,0,0,0
doorstep,0,0,0,0,1,0,0,0,0
responsible,1,0,0,0,0,0,0,0,0
network,0,0,0,0,1,0,0,0,0
embark,0,0,0,0,0,0,0,1,0
generation,0,0,0,0,1,0,0,0,0
office,0,0,0,0,2,0,0,0,0
national,1,0,0,0,0,0,0,0,0
grid,0,0,0,0,1,0,0,0,0
backup,0,0,0,0,1,0,0,0,0
answer,0,0,0,0,0,0,0,1,0
personal,1,0,0,0,0,0,0,0,0
responsibility,0,0,0,0,2,0,0,0,0
requirement,0,0,0,0,1,0,0,0,0
vast,1,0,0,0,0,0,0,0,0
biologist,0,0,0,0,1,0,0,0,0
wait,0,0,0,0,0,0,0,1,0
deliver,0,0,0,0,0,0,0,2,0
decentralized,1,0,0,0,0,0,0,0,0
grand,1,0,0,0,0,0,0,0,0
tall,1,0,0,0,0,0,0,0,0
densely,0,0,1,0,0,0,0,0,0
populate,0,0,0,0,0,0,0,1,0
rethink,0,0,0,0,0,0,0,2,0
tap,0,0,0,0,0,0,0,1,0
construct,0,0,0,0,0,0,0,1,0
ensure,0,0,0,0,0,0,0,1,0
alteration,0,0,0,0,1,0,0,0,0
one,0,0,0,0,1,0,0,0,0
sustainable,1,0,0,0,0,0,0,0,0
skyscraper,0,0,0,0,1,0,0,0,0
date,0,0,0,0,1,0,0,0,0
facade,0,0,0,0,1,0,0,0,0
funnel,0,0,0,0,0,0,0,1,0
ventilation,0,0,0,0,2,0,0,0,0
tower,0,0,0,0,1,0,0,0,0
normal,1,0,0,0,0,0,0,0,0
architect,0,0,0,0,1,0,0,0,0
imitate,0,0,0,0,0,0,0,1,0
termite,0,0,0,0,1,0,0,0,0
mound,0,0,0,0,1,0,0,0,0
rooftop,0,0,0,0,1,0,0,0,0
avoid,0,0,0,0,0,0,0,1,0
addition,0,0,0,0,1,0,0,0,0
environmentally,0,0,1,0,0,0,0,0,0
commute,0,0,0,0,0,0,0,1,0
public,2,0,0,0,0,0,0,0,0
schedule,0,0,0,0,0,0,0,1,0
bicycle,0,0,0,0,3,0,0,1,0
free,1,0,0,0,0,0,0,0,0
charge,0,0,0,0,1,0,0,0,0
continuous,1,0,0,0,0,0,0,0,0
lane,0,0,0,0,1,0,0,0,0
stretch,0,0,0,0,0,0,0,1,0
humble,1,0,0,0,0,0,0,0,0
trash,0,0,0,0,3,0,0,0,0
cart,0,0,0,0,1,0,0,0,0
calculate,0,0,0,0,0,0,0,2,0
footprint,0,0,0,0,21,0,0,0,0
unit,0,0,0,0,1,0,0,0,0
throw,0,0,0,0,0,0,0,1,0
bin,0,0,0,0,1,0,0,0,0
strawberry,0,0,0,0,1,0,0,0,0
driving,0,0,0,0,1,0,0,0,0
bag,0,0,0,0,3,0,0,0,0
vary,0,0,0,0,0,0,0,1,0
balloon,0,0,0,0,2,0,0,0,0
australian,1,0,0,0,0,0,0,0,0
internet,0,0,0,0,1,0,0,0,0
calculator,0,0,0,0,2,0,0,0,0
harvest,0,0,0,0,0,0,0,1,0
rainwater,0,0,0,0,1,0,0,0,0
domestic,1,0,0,0,0,0,0,0,0
burner,0,0,0,0,1,0,0,0,0
insulate,0,0,0,0,0,0,0,1,0
wall,0,0,0,0,1,0,0,0,0
loft,0,0,0,0,1,0,0,0,0
glaze,0,0,0,0,0,0,0,1,0
window,0,0,0,0,1,0,0,0,0
log,0,0,0,0,1,0,0,0,0
timber,0,0,0,0,1,0,0,0,0
organic,2,0,0,0,0,0,0,0,0
unrecycled,1,0,0,0,0,0,0,0,0
combine,0,0,0,0,0,0,0,1,0
fifth,0,0,0,0,1,0,0,0,0
household,0,0,0,0,1,0,0,0,0
insulated,1,0,0,0,0,0,0,0,0
guzzler,0,0,0,0,1,0,0,0,0
clothe,0,0,0,0,2,0,0,0,0
dryer,0,0,0,0,1,0,0,0,0
tell,0,0,0,0,0,0,0,1,0
fraction,0,0,0,0,1,0,0,0,0
ordinary,1,0,0,0,0,0,0,0,0
ban,0,0,0,0,0,0,0,1,0
hang,0,0,0,0,0,0,0,1,0
wash,0,0,0,0,1,0,0,0,0
clothesline,0,0,0,0,1,0,0,0,0
tumble,0,0,0,0,1,0,0,0,0
charger,0,0,0,0,1,0,0,0,0
player,0,0,0,0,1,0,0,0,0
tip,0,0,0,0,1,0,0,0,0
appliance,0,0,0,0,1,0,0,0,0
range,0,0,0,0,1,0,0,0,0
bill,0,0,0,0,1,0,0,0,0
trip,0,0,0,0,1,0,0,0,0
roller,0,0,0,0,1,0,0,0,0
skate,0,0,0,0,0,0,0,1,0
share,0,0,0,0,0,0,0,1,0
consider,0,0,0,0,0,0,0,1,0
kilometer,0,0,0,0,1,0,0,0,0
upper,1,0,0,0,0,0,0,0,0
flight,0,0,0,0,1,0,0,0,0
represent,0,0,0,0,0,0,0,1,0
cent,0,0,0,0,1,0,0,0,0
cooling,0,0,0,0,1,0,0,0,0
consumer,0,0,0,0,2,0,0,0,0
simple,2,0,0,0,0,0,0,0,0
decision,0,0,0,0,1,0,0,0,0
bottle,0,0,0,0,2,0,0,0,0
bean,0,0,0,0,1,0,0,0,0
item,0,0,0,0,1,0,0,0,0
wide,1,0,0,0,0,0,0,0,0
chip,0,0,0,0,3,0,0,0,0
choice,0,0,0,0,2,0,0,0,0
indicate,0,0,0,0,0,0,0,1,0
chocolate,0,0,0,0,1,0,0,0,0
toilet,0,0,0,0,1,0,0,0,0
paper,0,0,0,0,1,0,0,0,0
label,0,0,0,0,1,0,0,0,0
labeling,0,0,0,0,1,0,0,0,0
case,0,0,0,0,1,0,0,0,0
cheese,0,0,0,0,1,0,0,0,0
onion,0,0,0,0,1,0,0,0,0
ounce,0,0,0,0,1,0,0,0,0
point,0,0,0,0,1,0,0,0,0
sunflower,0,0,0,0,1,0,0,0,0
seed,0,0,0,0,1,0,0,0,0
sow,0,0,0,0,0,0,0,1,0
final,1,0,0,0,0,0,0,0,0
shop,0,0,0,0,0,0,0,1,0
locally,0,0,2,0,0,0,0,0,0
rule,0,0,0,0,1,0,0,0,0
health,0,0,0,0,1,0,0,0,0
season,0,0,0,0,2,0,0,0,0
fertilizer,0,0,0,0,1,0,0,0,0
healthy,1,0,0,0,0,0,0,0,0
tomato,0,0,0,0,3,0,0,0,0
swedish,1,0,0,0,0,0,0,0,0
eating,0,0,0,0,1,0,0,0,0
habit,0,0,0,0,1,0,0,0,0
winter,0,0,0,0,1,0,0,0,0
market,0,0,0,0,1,0,0,0,0
delivery,0,0,0,0,1,0,0,0,0
meat,0,0,0,0,2,0,0,0,0
intensive,1,0,0,0,0,0,0,0,0
beefburger,0,0,0,0,1,0,0,0,0
growing,0,0,0,0,1,0,0,0,0
feed,0,0,0,0,1,0,0,0,0
slaughtering,0,0,0,0,1,0,0,0,0
storing,0,0,0,0,1,0,0,0,0
mention,0,0,0,0,0,0,0,1,0
burger,0,0,0,0,2,0,0,0,0
bun,0,0,0,0,1,0,0,0,0
add,0,0,0,0,0,0,0,1,0
naturally,0,0,1,0,0,0,0,0,0
dwindle,0,0,0,0,0,0,0,1,0
voice,0,0,0,0,1,0,0,0,0
hear,0,0,0,0,0,0,0,1,0
retailer,0,0,0,0,1,0,0,0,0
neighbor,0,0,0,0,1,0,0,0,0
environmental,1,0,0,0,0,0,0,0,0
campaign,0,0,0,0,1,0,0,0,0
everyday,1,0,0,0,0,0,0,0,0
simply,0,0,1,0,0,0,0,0,0
imaginative,1,0,0,0,0,0,0,0,0
movement,0,0,0,0,1,0,0,0,0
decide,0,0,0,0,0,0,0,1,0
resident,0,0,0,0,2,0,0,0,0
volunteer,0,0,0,0,0,0,0,1,0
week,0,0,0,0,1,0,0,0,0
safeguard,0,0,0,0,0,0,0,1,0
conserve,0,0,0,0,0,0,0,1,0
hand,0,0,0,0,1,0,0,0,0
determination,0,0,0,0,1,0,0,0,0
vice,0,0,0,0,1,0,0,0,0
president,0,0,0,0,1,0,0,0,0
manmade,1,0,0,0,0,0,0,0,0
restrain,0,0,0,0,0,0,0,1,0
persuade,0,0,0,0,0,0,0,1,0
journalist,0,0,0,0,1,0,0,0,0
