word,ADJ,ADP,ADV,AUX,NOUN,NUM,PRON,SCONJ,VERB,X
leader,0,0,0,0,4,0,0,0,0,0
set,0,0,0,0,0,0,0,0,5,0
queen,0,0,0,0,2,0,0,0,0,0
succeed,0,0,0,0,0,0,0,0,2,0
year,0,0,0,0,25,0,0,0,0,0
rule,0,0,0,0,12,0,0,0,3,0
bring,0,0,0,0,0,0,0,0,6,0
great,40,0,0,0,0,0,0,0,0,0
glory,0,0,0,0,3,0,0,0,0,0
make,0,0,0,0,0,0,0,0,4,0
beautiful,9,0,0,0,0,0,0,0,0,0
brilliant,6,0,0,0,0,0,0,0,0,0
powerful,12,0,0,0,0,0,0,0,0,0
city,0,0,0,0,56,0,0,0,0,0
greek,76,0,0,0,0,0,0,0,0,0
world,0,0,0,0,21,0,0,0,0,0
rebuild,0,0,0,0,0,0,0,0,2,0
gleam,0,0,0,0,0,0,0,0,1,0
marble,0,0,0,0,3,0,0,0,0,0
temple,0,0,0,0,17,0,0,0,0,0
replace,0,0,0,0,0,0,0,0,2,0
destroy,0,0,0,0,0,0,0,0,6,0
war,0,0,0,0,13,0,0,0,0,0
importantly,0,0,1,0,0,0,0,0,0,0
unrivaled,1,0,0,0,0,0,0,0,0,0
center,0,0,0,0,4,0,0,0,1,0
art,0,0,0,0,19,0,0,0,0,0
mathematics,0,0,0,0,2,0,0,0,0,0
science,0,0,0,0,11,0,0,0,0,0
political,8,0,0,0,0,0,0,0,0,0
thought,0,0,0,0,7,0,0,0,0,0
philosophy,0,0,0,0,8,0,0,0,0,0
mind,0,0,0,0,3,0,0,0,0,0
live,0,0,0,0,0,0,0,0,11,0
playwright,0,0,0,0,1,0,0,0,0,0
sculptor,0,0,0,0,4,0,0,0,0,0
philosopher,0,0,0,0,9,0,0,0,0,0
gather,0,0,0,0,0,0,0,0,1,0
place,0,0,0,0,6,0,0,0,1,0
reach,0,0,0,0,0,0,0,0,10,0
high,2,0,0,0,0,0,0,0,0,0
level,0,0,0,0,2,0,0,0,0,0
achievement,0,0,0,0,5,0,0,0,0,0
say,0,0,0,0,0,0,0,0,4,0
love,0,0,0,0,3,0,0,0,0,0
lead,1,0,0,0,0,0,0,0,8,0
extravagance,0,0,0,0,1,0,0,0,0,0
thing,0,0,0,0,4,0,0,0,0,0
soft,1,0,0,0,0,0,0,0,0,0
stubborn,1,0,0,0,0,0,0,0,0,0
inventive,1,0,0,0,0,0,0,0,0,0
experimental,1,0,0,0,0,0,0,0,0,0
help,0,0,0,0,0,0,0,0,3,0
lay,0,0,0,0,0,0,0,0,4,0
foundation,0,0,0,0,4,0,0,0,0,0
western,9,0,0,0,0,0,0,0,0,0
civilization,0,0,0,0,13,0,0,0,0,0
goddess,0,0,0,0,3,0,0,0,0,0
stand,0,0,0,0,0,0,0,0,5,0
atop,0,1,0,0,0,0,0,0,0,0
female,2,0,0,0,0,0,0,0,0,0
figure,0,0,0,0,6,0,0,0,0,0
call,0,0,0,0,0,0,0,0,21,0
caryatid,0,0,0,0,1,0,0,0,0,0
serve,0,0,0,0,0,0,0,0,5,0
pillar,0,0,0,0,1,0,0,0,0,0
famous,11,0,0,0,0,0,0,0,0,0
ancient,24,0,0,0,1,0,0,0,0,0
state,0,0,0,0,44,0,0,0,0,0
occupy,0,0,0,0,0,0,0,0,4,0
mainland,0,0,0,0,3,0,0,0,0,0
peninsula,0,0,0,0,3,0,0,0,0,0
spread,0,0,0,0,0,0,0,0,5,0
vast,2,0,0,0,0,0,0,0,0,0
collection,0,0,0,0,2,0,0,0,0,0
island,0,0,0,0,14,0,0,0,0,0
colony,0,0,0,0,7,0,0,0,0,0
coast,0,0,0,0,5,0,0,0,0,0
sea,0,0,0,0,5,0,0,0,0,0
unlike,0,1,0,0,0,0,0,0,0,0
hold,0,0,0,0,0,0,0,0,6,0
independent,5,0,0,0,0,0,0,0,0,0
system,0,0,0,0,4,0,0,0,0,0
government,0,0,0,0,9,0,0,0,0,0
likely,1,0,0,0,0,0,0,0,0,0
compete,0,0,0,0,0,0,0,0,3,0
cooperate,0,0,0,0,0,0,0,0,1,0
long,8,0,4,0,0,0,0,0,0,0
history,0,0,0,0,14,0,0,0,0,0
age,0,0,0,0,17,0,0,0,0,0
volume,0,0,0,0,2,0,0,0,0,0
discover,0,0,0,0,0,0,0,0,2,0
minoan,7,0,0,0,0,0,0,0,0,0
leave,0,0,0,0,0,0,0,0,6,0
palace,0,0,0,0,6,0,0,0,0,0
mycenaean,5,0,0,0,0,0,0,0,0,0
kingdom,0,0,0,0,1,0,0,0,0,0
fight,0,0,0,0,0,0,0,0,3,0
later,1,0,12,0,0,0,0,0,0,0
immortalize,0,0,0,0,0,0,0,0,1,0
learn,0,0,0,0,0,0,0,0,4,0
fierce,1,0,0,0,0,0,0,0,0,0
militarized,1,0,0,0,0,0,0,0,0,0
unite,0,0,0,0,0,0,0,0,5,0
defeat,0,0,0,0,4,0,0,0,11,0
early,10,0,2,0,0,0,0,0,0,0
century,0,0,0,0,38,0,0,0,0,0
contentious,2,0,0,0,0,0,0,0,0,0
golden,8,0,0,0,0,0,0,0,0,0
undo,0,0,0,0,0,0,0,0,1,0
hubris,0,0,0,0,1,0,0,0,0,0
word,0,0,0,0,6,0,0,0,0,0
exaggerated,1,0,0,0,0,0,0,0,0,0
pride,0,0,0,0,2,0,0,0,0,0
combine,0,0,0,0,0,0,0,0,2,0
jealousy,0,0,0,0,4,0,0,0,0,0
inspire,0,0,0,0,0,0,0,0,2,0
momentous,2,0,0,0,0,0,0,0,0,0
power,0,0,0,0,21,0,0,0,0,0
alliance,0,0,0,0,2,0,0,0,0,0
include,0,0,0,0,0,0,0,0,6,0
nearly,0,0,7,0,0,0,0,0,0,0
fighting,0,0,0,0,1,0,0,0,0,0
last,0,0,0,0,0,0,0,0,4,0
end,0,0,0,0,7,0,0,0,9,0
demise,0,0,0,0,1,0,0,0,0,0
empire,0,0,0,0,9,0,0,0,0,0
range,0,0,0,0,3,0,0,0,1,0
result,0,0,0,0,2,0,0,0,0,0
weakening,0,0,0,0,1,0,0,0,0,0
influence,0,0,0,0,7,0,0,0,5,0
revive,0,0,0,0,0,0,0,0,1,0
young,6,0,0,0,0,0,0,0,0,0
macedonian,2,0,0,0,0,0,0,0,0,0
king,0,0,0,0,14,0,0,0,0,0
establish,0,0,0,0,0,0,0,0,7,0
domination,0,0,0,0,3,0,0,0,0,0
conquer,0,0,0,0,0,0,0,0,8,0
land,0,0,0,0,9,0,0,0,1,0
far,0,0,9,0,0,0,0,0,0,0
away,0,0,2,0,0,0,0,0,0,0
conquest,0,0,0,0,7,0,0,0,0,0
culture,0,0,0,0,9,0,0,0,0,0
wide,1,0,1,0,0,0,0,0,0,0
process,0,0,0,0,1,0,0,0,0,0
continue,0,0,0,0,0,0,0,0,2,0
death,0,0,0,0,4,0,0,0,0,0
era,0,0,0,0,4,0,0,0,0,0
know,0,0,0,0,0,0,0,0,30,0
time,0,0,0,0,22,0,0,0,0,0
fine,5,0,0,0,0,0,0,0,0,0
sophisticated,1,0,0,0,0,0,0,0,0,0
regain,0,0,0,0,0,0,0,0,2,0
plentiful,1,0,0,0,0,0,0,0,0,0
gift,0,0,0,0,1,0,0,0,0,0
democracy,0,0,0,0,10,0,0,0,0,0
geometry,0,0,0,0,3,0,0,0,0,0
drama,0,0,0,0,6,0,0,0,0,0
lyric,2,0,0,0,2,0,0,0,0,0
poetry,0,0,0,0,4,0,0,0,0,0
creative,2,0,0,0,0,0,0,0,0,0
develop,0,0,0,0,0,0,0,0,10,0
way,0,0,0,0,6,0,0,0,0,0
thinking,0,0,0,0,1,0,0,0,0,0
shape,0,0,0,0,0,0,0,0,2,0
today,0,0,0,0,10,0,0,0,0,0
american,1,0,0,0,0,0,0,0,0,0
writer,0,0,0,0,9,0,0,0,0,0
short,2,0,2,0,0,0,0,0,0,0
confine,0,0,0,0,0,0,0,0,1,0
small,7,0,0,0,0,0,0,0,0,0
geographic,1,0,0,0,0,0,0,0,0,0
area,0,0,0,0,3,0,0,0,0,0
growth,0,0,0,0,3,0,0,0,0,0
proportion,0,0,0,0,5,0,0,0,0,0
size,0,0,0,0,3,0,0,0,0,0
duration,0,0,0,0,1,0,0,0,0,0
praise,0,0,0,0,1,0,0,0,1,0
primarily,0,0,1,0,0,0,0,0,0,0
strictly,0,0,1,0,0,0,0,0,0,0
speak,0,0,0,0,0,0,0,0,3,0
heart,0,0,0,0,1,0,0,0,0,0
english,1,0,0,0,0,0,0,0,0,0
poet,0,0,0,0,10,0,0,0,0,0
eye,0,0,0,0,1,0,0,0,1,0
mother,0,0,0,0,2,0,0,0,0,0
eloquence,0,0,0,0,1,0,0,0,0,0
flourish,0,0,0,0,0,0,0,0,7,0
attract,0,0,0,0,0,0,0,0,1,0
want,0,0,0,0,0,0,0,0,2,0
work,0,0,0,0,24,0,0,0,4,0
think,0,0,0,0,0,0,0,0,2,0
environment,0,0,0,0,1,0,0,0,0,0
freedom,0,0,0,0,5,0,0,0,0,0
rarefied,1,0,0,0,0,0,0,0,0,0
atmosphere,0,0,0,0,1,0,0,0,0,0
bear,0,0,0,0,0,0,0,0,6,0
idea,0,0,0,0,8,0,0,0,0,0
human,10,0,0,0,0,0,0,0,0,0
nature,0,0,0,0,4,0,0,0,0,0
society,0,0,0,0,3,0,0,0,0,0
fundamental,1,0,0,0,0,0,0,0,0,0
exist,0,0,0,0,0,0,0,0,7,0
rocky,1,0,0,0,0,0,0,0,0,0
mountainous,1,0,0,0,0,0,0,0,0,0
southern,5,0,0,0,0,0,0,0,0,0
unit,0,0,0,0,3,0,0,0,0,0
vie,0,0,0,0,0,0,0,0,2,0
wealth,0,0,0,0,7,0,0,0,0,0
plant,0,0,0,0,0,0,0,0,2,0
northern,2,0,0,0,0,0,0,0,0,0
chief,1,0,0,0,0,0,0,0,0,0
prominent,1,0,0,0,0,0,0,0,0,0
building,0,0,0,0,8,0,0,0,0,0
site,0,0,0,0,3,0,0,0,0,0
aegean,6,0,0,0,0,0,0,0,0,0
name,0,0,0,0,2,0,0,0,4,0
border,0,0,0,0,0,0,0,0,1,0
begin,0,0,0,0,0,0,0,0,14,0
origin,0,0,0,0,2,0,0,0,0,0
unknown,1,0,0,0,0,0,0,0,0,0
dominate,0,0,0,0,0,0,0,0,2,0
region,0,0,0,0,3,0,0,0,0,0
prosperity,0,0,0,0,2,0,0,0,0,0
depend,0,0,0,0,0,0,0,0,3,0
seafaring,0,0,0,0,1,0,0,0,0,0
trade,0,0,0,0,3,0,0,0,0,0
especially,0,0,3,0,0,0,0,0,0,0
fresco,0,0,0,0,1,0,0,0,0,0
depict,0,0,0,0,0,0,0,0,2,0
man,0,0,0,0,14,0,0,0,0,0
leap,0,0,0,0,0,0,0,0,1,0
bull,0,0,0,0,1,0,0,0,0,0
adorn,0,0,0,0,0,0,0,0,2,0
wall,0,0,0,0,4,0,0,0,0,0
legendary,4,0,0,0,0,0,0,0,0,0
accord,0,0,0,0,0,0,0,0,2,0
mythology,0,0,0,0,1,0,0,0,0,0
son,0,0,0,0,4,0,0,0,0,0
god,0,0,0,0,10,0,0,0,0,0
phoenician,1,0,0,0,0,0,0,0,0,0
princess,0,0,0,0,1,0,0,0,0,0
capital,0,0,0,0,6,0,0,0,0,0
cover,0,0,0,0,0,0,0,0,3,0
acre,0,0,0,0,1,0,0,0,0,0
hectare,0,0,0,0,1,0,0,0,0,0
ruin,0,0,0,0,3,0,0,0,0,0
evidence,0,0,0,0,1,0,0,0,0,0
paved,1,0,0,0,0,0,0,0,0,0
street,0,0,0,0,4,0,0,0,0,0
piped,1,0,0,0,0,0,0,0,0,0
water,0,0,0,0,1,0,0,0,0,0
protect,0,0,0,0,0,0,0,0,1,0
navy,0,0,0,0,1,0,0,0,0,0
notable,1,0,0,0,0,0,0,0,0,0
use,0,0,0,0,4,0,0,0,0,0
writing,0,0,0,0,6,0,0,0,0,0
pottery,0,0,0,0,2,0,0,0,0,0
invade,0,0,0,0,0,0,0,0,2,0
north,0,0,0,0,3,0,0,0,0,0
important,4,0,0,0,0,0,0,0,0,0
engage,0,0,0,0,0,0,0,0,3,0
agriculture,0,0,0,0,2,0,0,0,0,0
industry,0,0,0,0,1,0,0,0,0,0
commerce,0,0,0,0,3,0,0,0,0,0
route,0,0,0,0,1,0,0,0,0,0
extend,0,0,0,0,0,0,0,0,1,0
heavily,0,0,1,0,0,0,0,0,0,0
build,0,0,0,0,0,0,0,0,8,0
massive,1,0,0,0,0,0,0,0,0,0
walled,1,0,0,0,0,0,0,0,0,0
goldwork,0,0,0,0,1,0,0,0,0,0
vase,0,0,0,0,5,0,0,0,0,0
adapt,0,0,0,0,0,0,0,0,1,0
create,0,0,0,0,0,0,0,0,6,0
language,0,0,0,0,4,0,0,0,0,0
believe,0,0,0,0,0,0,0,0,4,0
form,0,0,0,0,10,0,0,0,2,0
myth,0,0,0,0,2,0,0,0,0,0
legend,0,0,0,0,5,0,0,0,0,0
oral,1,0,0,0,0,0,0,0,0,0
transmission,0,0,0,0,1,0,0,0,0,0
stage,0,0,0,0,5,0,0,0,1,0
gold,0,0,0,0,3,0,0,0,0,0
funeral,0,0,0,0,1,0,0,0,0,0
mask,0,0,0,0,1,0,0,0,0,0
heroic,3,0,0,0,0,0,0,0,0,0
nearby,1,0,0,0,0,0,0,0,0,0
display,0,0,0,0,0,0,0,0,1,0
conflict,0,0,0,0,2,0,0,0,0,0
battle,0,0,0,0,15,0,0,0,0,0
take,0,0,0,0,0,0,0,0,4,0
stir,0,0,0,0,0,0,0,0,1,0
imagination,0,0,0,0,1,0,0,0,0,0
event,0,0,0,0,8,0,0,0,0,0
celebrate,0,0,0,0,0,0,0,0,3,0
truth,0,0,0,0,5,0,0,0,0,0
story,0,0,0,0,6,0,0,0,0,0
base,0,0,0,0,3,0,0,0,3,0
struggle,0,0,0,0,4,0,0,0,0,0
control,0,0,0,0,3,0,0,0,0,0
strait,0,0,0,0,2,0,0,0,0,0
procession,0,0,0,0,1,0,0,0,0,0
traditional,2,0,0,0,0,0,0,0,0,0
account,0,0,0,0,3,0,0,0,0,0
trojan,1,0,0,0,0,0,0,0,0,0
run,0,0,0,0,0,0,0,0,2,0
wife,0,0,0,0,3,0,0,0,0,0
brother,0,0,0,0,3,0,0,0,0,0
expedition,0,0,0,0,3,0,0,0,0,0
ensue,0,0,0,0,0,0,0,0,1,0
finally,0,0,3,0,0,0,0,0,0,0
pretend,0,0,0,0,0,0,0,0,1,0
withdraw,0,0,0,0,0,0,0,0,1,0
large,10,0,0,0,0,0,0,0,0,0
wooden,1,0,0,0,0,0,0,0,0,0
horse,0,0,0,0,2,0,0,0,0,0
raiding,0,0,0,0,1,0,0,0,0,0
party,0,0,0,0,2,0,0,0,0,0
conceal,0,0,0,0,0,0,0,0,1,0
inside,0,1,1,0,0,0,0,0,0,0
hide,0,0,0,0,0,0,0,0,1,0
open,2,0,0,0,0,0,0,0,2,0
gate,0,0,0,0,1,0,0,0,0,0
comrade,0,0,0,0,2,0,0,0,0,0
sack,0,0,0,0,0,0,0,0,1,0
massacre,0,0,0,0,0,0,0,0,1,0
carry,0,0,0,0,0,0,0,0,5,0
woman,0,0,0,0,6,0,0,0,0,0
certain,5,0,0,0,0,0,0,0,0,0
closely,0,0,1,0,0,0,0,0,0,0
reflect,0,0,0,0,0,0,0,0,2,0
actual,1,0,0,0,0,0,0,0,0,0
historical,2,0,0,0,0,0,0,0,0,0
overrun,0,0,0,0,0,0,0,0,2,0
invasion,0,0,0,0,5,0,0,0,0,0
tribe,0,0,0,0,2,0,0,0,0,0
dorian,1,0,0,0,0,0,0,0,0,0
sweep,0,0,0,0,0,0,0,0,1,0
decline,0,0,0,0,0,0,0,0,1,0
plunge,0,0,0,0,0,0,0,0,1,0
chaotic,1,0,0,0,0,0,0,0,0,0
movement,0,0,0,0,1,0,0,0,0,0
emerge,0,0,0,0,0,0,0,0,3,0
divide,0,0,0,0,0,0,0,0,2,0
nation,0,0,0,0,2,0,0,0,0,0
term,0,0,0,0,3,0,0,0,0,0
modern,4,0,0,0,0,0,0,0,0,0
coin,0,0,0,0,0,0,0,0,2,0
probably,0,0,5,0,0,0,0,0,0,0
historian,0,0,0,0,6,0,0,0,0,0
book,0,0,0,0,5,0,0,0,0,0
polis,0,0,0,0,1,0,0,0,0,2
mean,0,0,0,0,1,0,0,0,4,0
sovereignty,0,0,0,0,2,0,0,0,0,0
politic,0,0,0,0,5,0,0,0,0,0
derive,0,0,0,0,0,0,0,0,2,0
write,0,0,0,0,0,0,0,0,16,0
entitle,0,0,0,0,0,0,0,0,2,0
entirely,0,0,1,0,0,0,0,0,0,0
governing,0,0,0,0,1,0,0,0,0,0
imagine,0,0,0,0,0,0,0,0,1,0
type,0,0,0,0,5,0,0,0,0,0
self,0,0,0,0,4,0,0,0,0,0
govern,0,0,0,0,0,0,0,0,1,0
village,0,0,0,0,2,0,0,0,0,0
moderate,1,0,0,0,0,0,0,0,0,0
strongly,0,0,1,0,0,0,0,0,0,0
course,0,0,0,0,2,0,0,0,0,0
development,0,0,0,0,1,0,0,0,0,0
country,0,0,0,0,4,0,0,0,0,0
mountain,0,0,0,0,2,0,0,0,0,0
valley,0,0,0,0,2,0,0,0,0,0
communication,0,0,0,0,1,0,0,0,0,0
difficult,3,0,0,0,0,0,0,0,0,0
ideal,2,0,0,0,3,0,0,0,0,0
locale,0,0,0,0,1,0,0,0,0,0
completely,0,0,2,0,0,0,0,0,0,0
geographically,0,0,1,0,0,0,0,0,0,0
separate,1,0,0,0,0,0,0,0,3,0
community,0,0,0,0,1,0,0,0,0,0
single,3,0,0,0,0,0,0,0,0,0
plain,0,0,0,0,8,0,0,0,0,0
contain,0,0,0,0,0,0,0,0,4,0
surround,0,0,0,0,0,0,0,0,2,0
acropolis,0,0,0,0,1,0,0,0,0,0
hilltop,0,0,0,0,1,0,0,0,0,0
fortress,0,0,0,0,1,0,0,0,0,0
flattopped,1,0,0,0,0,0,0,0,0,0
inaccessible,1,0,0,0,0,0,0,0,0,0
rock,0,0,0,0,3,0,0,0,0,0
mound,0,0,0,0,2,0,0,0,0,0
characteristic,2,0,0,0,1,0,0,0,0,0
refuge,0,0,0,0,1,0,0,0,0,0
corinthian,2,0,0,0,0,0,0,0,0,0
isthmus,0,0,0,0,1,0,0,0,0,0
rise,0,0,0,0,1,0,0,0,3,0
lofty,1,0,0,0,0,0,0,0,0,0
loftier,0,0,1,0,0,0,0,0,0,0
house,0,0,0,0,6,0,0,0,0,0
cluster,0,0,0,0,0,0,0,0,2,0
natural,1,0,0,0,0,0,0,0,0,0
barrier,0,0,0,0,1,0,0,0,0,0
local,1,0,0,0,0,0,0,0,0,0
conceive,0,0,0,0,0,0,0,0,1,0
embark,0,0,0,0,0,0,0,0,1,0
career,0,0,0,0,2,0,0,0,0,0
attempt,0,0,0,0,0,0,0,0,2,0
mistress,0,0,0,0,1,0,0,0,0,0
rest,0,0,0,0,7,0,0,0,2,0
unity,0,0,0,0,1,0,0,0,0,0
common,4,0,0,0,0,0,0,0,0,0
religion,0,0,0,0,1,0,0,0,0,0
literature,0,0,0,0,7,0,0,0,0,0
similar,3,0,0,0,0,0,0,0,0,0
custom,0,0,0,0,3,0,0,0,0,0
religious,4,0,0,0,0,0,0,0,0,0
league,0,0,0,0,1,0,0,0,0,0
festival,0,0,0,0,7,0,0,0,0,0
foreign,2,0,0,0,0,0,0,0,0,0
induce,0,0,0,0,0,0,0,0,1,0
act,0,0,0,0,1,0,0,0,3,0
consider,0,0,0,0,0,0,0,0,4,0
winner,0,0,0,0,2,0,0,0,0,0
record,0,0,0,0,0,0,0,0,5,0
popularity,0,0,0,0,1,0,0,0,0,0
game,0,0,0,0,10,0,0,0,0,0
period,0,0,0,0,13,0,0,0,0,0
means,0,0,0,0,1,0,0,0,0,0
wooded,1,0,0,0,0,0,0,0,0,0
renowne,0,0,0,0,0,0,0,0,2,0
spiritual,1,0,0,0,0,0,0,0,0,0
gathering,0,0,0,0,1,0,0,0,0,0
dedicate,0,0,0,0,0,0,0,0,1,0
credit,0,0,0,0,0,0,0,0,2,0
start,0,0,0,0,3,0,0,0,3,0
poem,0,0,0,0,7,0,0,0,0,0
order,0,0,0,0,6,0,0,0,2,0
victory,0,0,0,0,6,0,0,0,0,0
date,0,0,0,0,1,0,0,0,2,0
olympic,3,0,0,0,0,0,0,0,0,0
runner,0,0,0,0,1,0,0,0,0,0
stade,0,0,0,0,2,0,0,0,0,0
footrace,0,0,0,0,1,0,0,0,0,0
yard,0,0,0,0,1,0,0,0,0,0
meter,0,0,0,0,1,0,0,0,0,0
eventually,0,0,1,0,0,0,0,0,0,0
race,0,0,0,0,1,0,0,0,0,0
twice,0,0,1,0,0,0,0,0,0,0
add,0,0,0,0,0,0,0,0,2,0
racing,0,0,0,0,2,0,0,0,0,0
wrestling,0,0,0,0,2,0,0,0,0,0
pentathlon,0,0,0,0,1,0,0,0,0,0
jump,0,0,0,0,0,0,0,0,1,0
throw,0,0,0,0,0,0,0,0,2,0
discus,0,0,0,0,1,0,0,0,0,0
javelin,0,0,0,0,1,0,0,0,0,0
boxing,0,0,0,0,1,0,0,0,0,0
chariot,0,0,0,0,1,0,0,0,0,0
crown,0,0,0,0,0,0,0,0,2,0
wreath,0,0,0,0,1,0,0,0,0,0
wild,1,0,0,0,0,0,0,0,0,0
olive,2,0,0,0,1,0,0,0,0,0
branch,0,0,0,0,1,0,0,0,0,0
allow,0,0,0,0,0,0,0,0,4,0
priestess,0,0,0,0,1,0,0,0,0,0
watch,0,0,0,0,0,0,0,0,1,0
competition,0,0,0,0,1,0,0,0,0,0
sporting,1,0,0,0,0,0,0,0,0,0
athlete,0,0,0,0,2,0,0,0,0,0
original,1,0,0,0,0,0,0,0,0,0
stadium,0,0,0,0,1,0,0,0,0,0
seat,0,0,0,0,1,0,0,0,1,0
spectator,0,0,0,0,2,0,0,0,0,0
popular,3,0,0,0,0,0,0,0,0,0
ekecheiria,0,0,0,0,0,0,0,0,0,1
truce,0,0,0,0,2,0,0,0,0,0
announce,0,0,0,0,0,0,0,0,1,0
require,0,0,0,0,0,0,0,0,1,0
warfare,0,0,0,0,1,0,0,0,0,0
cease,0,0,0,0,0,0,0,0,1,0
safe,1,0,0,0,0,0,0,0,0,0
passage,0,0,0,0,1,0,0,0,0,0
roman,2,0,0,0,0,0,0,0,0,0
pagan,1,0,0,0,0,0,0,0,0,0
abolish,0,0,0,0,0,0,0,0,1,0
case,0,0,0,0,3,0,0,0,0,0
push,0,0,0,0,0,0,0,0,2,0
holding,0,0,0,0,1,0,0,0,0,0
narrow,4,0,0,0,0,0,0,0,0,0
limit,0,0,0,0,2,0,0,0,0,0
attic,2,0,0,0,0,0,0,0,0,0
villager,0,0,0,0,1,0,0,0,0,0
athenian,17,0,0,0,0,0,0,0,0,0
citizen,0,0,0,0,9,0,0,0,0,0
fertile,1,0,0,0,0,0,0,0,0,0
people,0,0,0,0,9,0,0,0,0,0
subject,1,0,0,0,3,0,0,0,0,0
find,0,0,0,0,0,0,0,0,4,0
fling,0,0,0,0,0,0,0,0,1,0
outpost,0,0,0,0,1,0,0,0,0,0
mine,0,0,0,0,3,0,0,0,0,0
colonist,0,0,0,0,1,0,0,0,0,0
inhabit,0,0,0,0,0,0,0,0,1,0
home,0,0,2,0,4,0,0,0,0,0
settle,0,0,0,0,0,0,0,0,1,0
near,0,3,1,0,0,0,0,0,0,0
lie,0,0,0,0,0,0,0,0,2,0
circle,0,0,0,0,1,0,0,0,0,0
encircle,0,0,0,0,0,0,0,0,1,0
sacred,2,0,0,0,0,0,0,0,0,0
theater,0,0,0,0,3,0,0,0,0,0
shore,0,0,0,0,4,0,0,0,0,0
fringe,0,0,0,0,0,0,0,0,1,0
past,1,1,0,0,1,0,0,0,0,0
town,0,0,0,0,3,0,0,0,0,0
trading,0,0,0,0,1,0,0,0,0,0
post,0,0,0,0,1,0,0,0,0,0
colonize,0,0,0,0,0,0,0,0,1,0
come,0,0,0,0,0,0,0,0,8,0
press,0,0,0,0,0,0,0,0,2,0
found,0,0,0,0,0,0,0,0,2,0
notably,0,0,1,0,0,0,0,0,0,0
pass,0,0,0,0,0,0,0,0,2,0
disappear,0,0,0,0,0,0,0,0,3,0
monarchy,0,0,0,0,1,0,0,0,0,0
give,0,0,0,0,0,0,0,0,8,0
oligarchy,0,0,0,0,1,0,0,0,0,0
oligarchic,1,0,0,0,0,0,0,0,0,0
successor,0,0,0,0,1,0,0,0,0,0
wealthy,3,0,0,0,0,0,0,0,0,0
landowne,0,0,0,0,0,0,0,0,1,0
noble,0,0,0,0,4,0,0,0,0,0
eupatridae,0,0,0,0,1,0,0,0,0,1
wellborn,1,0,0,0,0,0,0,0,0,0
rivalry,0,0,0,0,1,0,0,0,0,0
discontent,0,0,0,0,2,0,0,0,0,0
oppressed,2,0,0,0,0,0,0,0,0,0
masse,0,0,0,0,1,0,0,0,0,0
soon,0,0,4,0,0,0,0,0,0,0
appear,0,0,0,0,0,0,0,0,3,0
tyranny,0,0,0,0,1,0,0,0,0,0
eupatrid,0,0,0,0,0,0,0,0,0,1
seize,0,0,0,0,0,0,0,0,3,0
absolute,1,0,0,0,0,0,0,0,0,0
usually,0,0,3,0,0,0,0,0,0,0
promise,0,0,0,0,0,0,0,0,1,0
right,1,0,0,0,1,0,0,0,1,0
wrong,1,0,0,0,1,0,0,0,0,0
inflict,0,0,0,0,0,0,0,0,1,0
landholding,0,0,0,0,1,0,0,0,0,0
tyrant,0,0,0,0,5,0,0,0,0,0
reproach,0,0,0,0,1,0,0,0,0,0
merely,0,0,1,0,0,0,0,0,0,0
kingly,1,0,0,0,0,0,0,0,0,0
qualification,0,0,0,0,1,0,0,0,0,0
royal,1,0,0,0,0,0,0,0,0,0
descent,0,0,0,0,1,0,0,0,0,0
stepping,0,0,0,0,1,0,0,0,0,0
stone,0,0,0,0,3,0,0,0,0,0
teach,0,0,0,0,0,0,0,0,1,0
beginning,0,0,0,0,4,0,0,0,0,0
go,0,0,0,0,0,0,0,0,5,0
official,1,0,0,0,1,0,0,0,0,0
archon,0,0,0,0,1,0,0,0,0,0
elect,0,0,0,0,0,0,0,0,3,0
aristocratic,2,0,0,0,0,0,0,0,0,0
statesman,0,0,0,0,6,0,0,0,0,0
explain,0,0,0,0,0,0,0,0,1,0
law,0,0,0,0,6,0,0,0,0,0
step,0,0,0,0,1,0,0,0,0,0
direction,0,0,0,0,2,0,0,0,0,0
compile,0,0,0,0,0,0,0,0,1,0
reform,0,0,0,0,4,0,0,0,0,0
force,0,0,0,0,6,0,0,0,2,0
peasant,0,0,0,0,2,0,0,0,0,0
relieve,0,0,0,0,0,0,0,0,1,0
oppression,0,0,0,0,1,0,0,0,0,0
new,4,0,0,0,0,0,0,0,0,0
code,0,0,0,0,2,0,0,0,0,0
severe,1,0,0,0,0,0,0,0,0,0
adjective,0,0,0,0,1,0,0,0,0,0
draconic,1,0,0,0,0,0,0,0,0,0
compiler,0,0,0,0,1,0,0,0,0,0
synonym,0,0,0,0,1,0,0,0,0,0
harsh,1,0,0,0,0,0,0,0,0,0
unfortunately,0,0,2,0,0,0,0,0,0,0
sufficient,1,0,0,0,0,0,0,0,0,0
relief,0,0,0,0,1,0,0,0,0,0
revolution,0,0,0,0,1,0,0,0,0,0
avert,0,0,0,0,0,0,0,0,1,0
wise,3,0,0,0,0,0,0,0,0,0
generation,0,0,0,0,3,0,0,0,0,0
delay,0,0,0,0,0,0,0,0,1,0
overthrow,0,0,0,0,1,0,0,0,0,0
aristocracy,0,0,0,0,1,0,0,0,0,0
support,0,0,0,0,1,0,0,0,1,0
discontented,1,0,0,0,0,0,0,0,0,0
populace,0,0,0,0,1,0,0,0,0,0
interruption,0,0,0,0,1,0,0,0,0,0
foster,0,0,0,0,0,0,0,0,1,0
future,2,0,0,0,1,0,0,0,0,0
greatness,0,0,0,0,1,0,0,0,0,0
different,1,0,0,0,0,0,0,0,0,0
military,6,0,0,0,0,0,0,0,0,0
strict,1,0,0,0,0,0,0,0,0,0
maintain,0,0,0,0,0,0,0,0,2,0
primitive,1,0,0,0,0,0,0,0,0,0
monarchical,1,0,0,0,0,0,0,0,0,0
little,3,0,0,0,0,0,0,0,0,0
change,0,0,0,0,1,0,0,0,0,0
iron,1,0,0,0,0,0,0,0,0,0
heel,0,0,0,0,1,0,0,0,0,0
jealously,0,0,1,0,0,0,0,0,0,0
democratic,4,0,0,0,0,0,0,0,0,0
rival,0,0,0,0,2,0,0,0,1,0
central,4,0,0,0,0,0,0,0,0,0
classical,10,0,0,0,0,0,0,0,0,0
correspond,0,0,0,0,0,0,0,0,2,0
roughly,0,0,1,0,0,0,0,0,0,0
somewhat,0,0,1,0,0,0,0,0,0,0
introduce,0,0,0,0,0,0,0,0,1,0
fledgling,0,0,0,0,1,0,0,0,0,0
fully,0,0,1,0,0,0,0,0,0,0
leadership,0,0,0,0,5,0,0,0,0,0
represent,0,0,0,0,0,0,0,0,5,0
pinnacle,0,0,0,0,1,0,0,0,0,0
rarely,0,0,2,0,0,0,0,0,0,0
promising,1,0,0,0,0,0,0,0,0,0
structure,0,0,0,0,1,0,0,0,0,0
threaten,0,0,0,0,0,0,0,0,2,0
asian,2,0,0,0,0,0,0,0,0,0
day,0,0,0,0,7,0,0,0,0,0
awaken,0,0,0,0,0,0,0,0,2,0
existence,0,0,0,0,1,0,0,0,0,0
free,6,0,0,0,0,0,0,0,2,0
aid,0,0,0,0,1,0,0,0,1,0
send,0,0,0,0,0,0,0,0,4,0
kinsman,0,0,0,0,1,0,0,0,0,0
persian,12,0,0,0,0,0,0,0,0,0
mobilize,0,0,0,0,0,0,0,0,1,0
gigantic,1,0,0,0,0,0,0,0,0,0
resource,0,0,0,0,1,0,0,0,0,0
effort,0,0,0,0,1,0,0,0,0,0
survival,0,0,0,0,1,0,0,0,0,0
ability,0,0,0,0,1,0,0,0,0,0
disunited,2,0,0,0,0,0,0,0,0,0
band,0,0,0,0,0,0,0,0,1,0
defend,0,0,0,0,0,0,0,0,1,0
overwhelming,1,0,0,0,0,0,0,0,0,0
strength,0,0,0,0,3,0,0,0,0,0
number,0,0,0,0,4,0,0,0,1,0
revolt,0,0,0,0,1,0,0,0,2,0
fleet,0,0,0,0,10,0,0,0,0,0
crush,0,0,0,0,0,0,0,0,1,0
determine,0,0,0,0,0,0,0,0,1,0
revenge,0,0,0,0,1,0,0,0,0,0
rebel,0,0,0,0,1,0,0,0,0,0
warrior,0,0,0,0,2,0,0,0,0,0
vastly,0,0,1,0,0,0,0,0,0,0
superior,1,0,0,0,0,0,0,0,0,0
storm,0,0,0,0,2,0,0,0,0,0
wreck,0,0,0,0,0,0,0,0,1,0
ship,0,0,0,0,6,0,0,0,0,0
dispatch,0,0,0,0,0,0,0,0,1,0
army,0,0,0,0,7,0,0,0,0,0
mile,0,0,0,0,1,0,0,0,0,0
kilometer,0,0,0,0,1,0,0,0,0,0
greatly,0,0,2,0,0,0,0,0,0,0
outnumber,0,0,0,0,0,0,0,0,3,0
daring,1,0,0,0,0,0,0,0,0,0
general,0,0,0,0,4,0,0,0,0,0
attack,0,0,0,0,2,0,0,0,2,0
decisive,2,0,0,0,0,0,0,0,0,0
lose,0,0,0,0,0,0,0,0,5,0
plan,0,0,0,0,4,0,0,0,2,0
die,0,0,0,0,0,0,0,0,4,0
preparation,0,0,0,0,1,0,0,0,0,0
complete,1,0,0,0,0,0,0,0,1,0
prepare,0,0,0,0,0,0,0,0,2,0
naval,5,0,0,0,0,0,0,0,0,0
supremacy,0,0,0,0,2,0,0,0,0,0
guidance,0,0,0,0,1,0,0,0,0,0
shrewd,1,0,0,0,0,0,0,0,0,0
see,0,0,0,0,0,0,0,0,9,0
key,0,0,0,0,1,0,0,0,0,0
persuade,0,0,0,0,0,0,0,0,2,0
fellow,1,0,0,0,0,0,0,0,0,0
strong,3,0,0,0,0,0,0,0,0,0
fortify,0,0,0,0,0,0,0,0,1,0
harbor,0,0,0,0,2,0,0,0,0,0
return,0,0,0,0,0,0,0,0,1,0
expect,0,0,0,0,0,0,0,0,1,0
easy,2,0,0,0,0,0,0,0,0,0
sink,0,0,0,0,0,0,0,0,2,0
cripple,0,0,0,0,0,0,0,0,1,0
capture,0,0,0,0,0,0,0,0,2,0
flee,0,0,0,0,0,0,0,0,4,0
hasten,0,0,0,0,0,0,0,0,1,0
scatter,0,0,0,0,0,0,0,0,2,0
treaty,0,0,0,0,1,0,0,0,0,0
sign,0,0,0,0,0,0,0,0,1,0
threat,0,0,0,0,1,0,0,0,0,0
blacken,0,0,0,0,0,0,0,0,1,0
rich,1,0,0,0,0,0,0,0,0,0
enable,0,0,0,0,0,0,0,0,1,0
confederacy,0,0,0,0,2,0,0,0,0,0
treasury,0,0,0,0,2,0,0,0,0,0
defense,0,0,0,0,1,0,0,0,0,0
stride,0,0,0,0,2,0,0,0,0,0
transform,0,0,0,0,0,0,0,0,1,0
provincial,1,0,0,0,0,0,0,0,0,0
imperial,1,0,0,0,0,0,0,0,0,0
dream,0,0,0,0,1,0,0,0,0,0
flow,0,0,0,0,0,0,0,0,1,0
coffer,0,0,0,0,1,0,0,0,0,0
tribute,0,0,0,0,1,0,0,0,0,0
ally,0,0,0,0,2,0,0,0,3,0
duty,0,0,0,0,3,0,0,0,0,0
flood,0,0,0,0,1,0,0,0,0,0
pour,0,0,0,0,0,0,0,0,1,0
revenue,0,0,0,0,1,0,0,0,0,0
silver,0,0,0,0,2,0,0,0,0,0
population,0,0,0,0,4,0,0,0,0,0
increase,0,0,0,0,0,0,0,0,1,0
fourfold,0,0,1,0,0,0,0,0,0,0
foreigner,0,0,0,0,1,0,0,0,0,0
stream,0,0,0,0,0,0,0,0,1,0
share,0,0,0,0,0,0,0,0,1,0
learning,0,0,0,0,4,0,0,0,0,0
creation,0,0,0,0,2,0,0,0,0,0
fashionable,1,0,0,0,0,0,0,0,0,0
painter,0,0,0,0,3,0,0,0,0,0
beautify,0,0,0,0,0,0,0,0,1,0
genius,0,0,0,0,6,0,0,0,0,0
treasure,0,0,0,0,1,0,0,0,0,0
remain,0,0,0,0,1,0,0,0,7,0
survive,0,0,0,0,0,0,0,0,9,0
skill,0,0,0,0,2,0,0,0,0,0
remarkable,2,0,0,0,0,0,0,0,0,0
culmination,0,0,0,0,1,0,0,0,0,0
stimulus,0,0,0,0,1,0,0,0,0,0
abundant,1,0,0,0,0,0,0,0,0,0
leisure,0,0,0,0,1,0,0,0,0,0
institution,0,0,0,0,2,0,0,0,0,0
body,0,0,0,0,6,0,0,0,0,0
attain,0,0,0,0,0,0,0,0,2,0
average,0,0,0,0,1,0,0,0,0,0
intellectual,1,0,0,0,0,0,0,0,0,0
interest,0,0,0,0,2,0,0,0,0,0
height,0,0,0,0,1,0,0,0,0,0
ordinary,1,0,0,0,0,0,0,0,0,0
magnificent,1,0,0,0,0,0,0,0,0,0
statue,0,0,0,0,8,0,0,0,0,0
family,0,0,0,0,4,0,0,0,0,0
position,0,0,0,0,3,0,0,0,0,0
father,0,0,0,0,6,0,0,0,0,0
member,0,0,0,0,1,0,0,0,0,0
politically,0,0,2,0,0,0,0,0,0,0
gain,0,0,0,0,0,0,0,0,1,0
fame,0,0,0,0,2,0,0,0,0,0
spring,0,0,0,0,2,0,0,0,1,0
provide,0,0,0,0,0,0,0,0,3,0
train,0,0,0,0,0,0,0,0,3,0
chorus,0,0,0,0,3,0,0,0,0,0
play,0,0,0,0,13,0,0,0,1,0
stratego,0,0,0,0,1,0,0,0,0,0
yearly,0,0,1,0,0,0,0,0,0,0
devise,0,0,0,0,0,0,0,0,1,0
strategy,0,0,0,0,1,0,0,0,0,0
necessary,1,0,0,0,0,0,0,0,0,0
manage,0,0,0,0,0,0,0,0,1,0
affair,0,0,0,0,1,0,0,0,0,0
abroad,0,0,1,0,0,0,0,0,0,0
win,0,0,0,0,0,0,0,0,2,0
reelection,0,0,0,0,1,0,0,0,0,0
ruler,0,0,0,0,2,0,0,0,0,0
policy,0,0,0,0,1,0,0,0,0,0
hand,0,0,0,0,3,0,0,0,0,0
execute,0,0,0,0,0,0,0,0,2,0
court,0,0,0,0,3,0,0,0,0,0
judge,0,0,0,0,1,0,0,0,1,0
break,0,0,0,0,0,0,0,0,2,0
assert,0,0,0,0,0,0,0,0,1,0
newly,0,0,1,0,0,0,0,0,0,0
realize,0,0,0,0,0,0,0,0,1,0
ambition,0,0,0,0,1,0,0,0,0,0
overgrown,1,0,0,0,0,0,0,0,0,0
close,0,0,0,0,1,0,0,0,1,0
life,0,0,0,0,11,0,0,0,0,0
trouble,0,0,0,0,2,0,0,0,0,0
besiege,0,0,0,0,0,0,0,0,3,0
enemy,0,0,0,0,4,0,0,0,0,0
outside,0,1,0,0,0,0,0,0,0,0
terrible,1,0,0,0,0,0,0,0,0,0
plague,0,0,0,0,3,0,0,0,0,0
rage,0,0,0,0,0,0,0,0,1,0
fall,0,0,0,0,0,0,0,0,2,0
favor,0,0,0,0,1,0,0,0,0,0
depose,0,0,0,0,0,0,0,0,1,0
office,0,0,0,0,1,0,0,0,0,0
week,0,0,0,0,1,0,0,0,0,0
repent,0,0,0,0,0,0,0,0,1,0
reinstate,0,0,0,0,0,0,0,0,1,0
weakness,0,0,0,0,2,0,0,0,0,0
kill,0,0,0,0,0,0,0,0,4,0
follow,0,0,0,0,0,0,0,0,5,0
autumn,0,0,0,0,1,0,0,0,0,0
simple,6,0,0,0,0,0,0,0,0,0
eat,0,0,0,0,0,0,0,0,2,0
meal,0,0,0,0,1,0,0,0,0,0
consist,0,0,0,0,0,0,0,0,2,0
bread,0,0,0,0,1,0,0,0,0,0
vegetable,1,0,0,0,0,0,0,0,0,0
broth,0,0,0,0,1,0,0,0,0,0
fruit,0,0,0,0,1,0,0,0,0,0
wine,0,0,0,0,1,0,0,0,0,0
oil,0,0,0,0,1,0,0,0,0,0
honey,0,0,0,0,1,0,0,0,0,0
food,0,0,0,0,1,0,0,0,0,0
cheese,0,0,0,0,1,0,0,0,0,0
meat,0,0,0,0,1,0,0,0,0,0
fish,0,0,0,0,1,0,0,0,0,0
delicacy,0,0,0,0,1,0,0,0,0,0
sun,0,0,0,0,1,0,0,0,0,0
dry,0,0,0,0,0,0,0,0,1,0
brick,0,0,0,0,1,0,0,0,0,0
wind,0,0,0,0,0,0,0,0,1,0
cold,2,0,0,0,0,0,0,0,0,0
month,0,0,0,0,1,0,0,0,0,0
heat,0,0,0,0,0,0,0,0,1,0
brazier,0,0,0,0,1,0,0,0,0,0
dish,0,0,0,0,2,0,0,0,0,0
burn,0,0,0,0,0,0,0,0,2,0
charcoal,0,0,0,0,1,0,0,0,0,0
chimney,0,0,0,0,1,0,0,0,0,0
hole,0,0,0,0,2,0,0,0,0,0
roof,0,0,0,0,1,0,0,0,0,0
let,0,0,0,0,0,0,0,0,3,0
smoke,0,0,0,0,1,0,0,0,0,0
stove,0,0,0,0,1,0,0,0,0,0
tiny,2,0,0,0,0,0,0,0,0,0
kitchen,0,0,0,0,1,0,0,0,0,0
window,0,0,0,0,1,0,0,0,0,0
floor,0,0,0,0,1,0,0,0,0,0
broad,2,0,0,0,0,0,0,0,0,0
apartment,0,0,0,0,2,0,0,0,0,0
bedroom,0,0,0,0,1,0,0,0,0,0
plumbing,0,0,0,0,1,0,0,0,0,0
refuse,0,0,0,0,1,0,0,0,1,0
real,2,0,0,0,0,0,0,0,0,0
outdoors,0,0,1,0,0,0,0,0,0,0
spend,0,0,0,0,0,0,0,0,4,0
talk,0,0,0,0,0,0,0,0,2,0
agora,0,0,0,0,0,0,0,0,0,1
marketplace,0,0,0,0,1,0,0,0,0,0
exercise,0,0,0,0,0,0,0,0,1,0
athletic,2,0,0,0,0,0,0,0,0,0
field,0,0,0,0,4,0,0,0,0,0
perform,0,0,0,0,0,0,0,0,4,0
sit,0,0,0,0,0,0,0,0,1,0
jury,0,0,0,0,2,0,0,0,0,0
juror,0,0,0,0,1,0,0,0,0,0
trial,0,0,0,0,1,0,0,0,0,0
daily,1,0,0,0,0,0,0,0,0,0
salary,0,0,0,0,1,0,0,0,0,0
pay,0,0,0,0,0,0,0,0,2,0
service,0,0,0,0,2,0,0,0,0,0
considerable,1,0,0,0,0,0,0,0,0,0
income,0,0,0,0,1,0,0,0,0,0
poor,1,0,0,0,0,0,0,0,0,0
stay,0,0,0,0,0,0,0,0,1,0
spin,0,0,0,0,0,0,0,0,1,0
weave,0,0,0,0,0,0,0,0,1,0
household,0,0,0,0,1,0,0,0,0,0
chore,0,0,0,0,1,0,0,0,0,0
hostess,0,0,0,0,1,0,0,0,0,0
husband,0,0,0,0,1,0,0,0,0,0
public,3,0,0,0,1,0,0,0,0,0
attend,0,0,0,0,0,0,0,0,1,0
tragedy,0,0,0,0,10,0,0,0,0,0
comedy,0,0,0,0,7,0,0,0,0,0
despite,0,0,0,0,0,0,0,1,0,0
remember,0,0,0,0,0,0,0,0,1,0
slavery,0,0,0,0,3,0,0,0,0,0
fifth,0,0,0,0,2,0,0,0,0,0
authority,0,0,0,0,2,0,0,0,0,0
slave,0,0,0,0,7,0,0,0,0,0
labor,0,0,0,0,1,0,0,0,0,0
produce,0,0,0,0,0,0,0,0,3,0
money,0,0,0,0,4,0,0,0,0,0
pursue,0,0,0,0,0,0,0,0,1,0
peculiar,1,0,0,0,0,0,0,0,0,0
inhabitant,0,0,0,0,2,0,0,0,0,0
sell,0,0,0,0,0,0,0,0,2,0
kidnap,0,0,0,0,0,0,0,0,1,0
boy,0,0,0,0,1,0,0,0,0,0
barbarian,2,0,0,0,0,0,0,0,0,0
non,1,0,0,0,0,0,0,0,0,0
steady,1,0,0,0,0,0,0,0,0,0
source,0,0,0,0,2,0,0,0,0,0
supply,0,0,0,0,1,0,0,0,0,0
educate,0,0,0,0,0,0,0,0,1,0
craft,0,0,0,0,1,0,0,0,0,0
demand,0,0,0,0,1,0,0,0,0,0
chance,0,0,0,0,2,0,0,0,0,0
obtain,0,0,0,0,0,0,0,0,1,0
frequently,0,0,1,0,0,0,0,0,0,0
save,0,0,0,0,0,0,0,0,1,0
buy,0,0,0,0,0,0,0,0,1,0
grateful,1,0,0,0,0,0,0,0,0,0
master,0,0,0,0,3,0,0,0,0,0
metic,1,0,0,0,0,0,0,0,0,0
resident,1,0,0,0,0,0,0,0,0,0
alien,0,0,0,0,1,0,0,0,0,0
miserable,1,0,0,0,0,0,0,0,0,0
lot,0,0,0,0,1,0,0,0,0,0
gang,0,0,0,0,1,0,0,0,0,0
underground,1,0,0,0,0,0,0,0,0,0
corridor,0,0,0,0,1,0,0,0,0,0
dim,1,0,0,0,0,0,0,0,0,0
light,0,0,0,0,2,0,0,0,0,0
lamp,0,0,0,0,1,0,0,0,0,0
arouse,0,0,0,0,0,0,0,0,1,0
contest,0,0,0,0,1,0,0,0,0,0
energy,0,0,0,0,1,0,0,0,0,0
conserve,0,0,0,0,0,0,0,0,1,0
ravage,0,0,0,0,0,0,0,0,1,0
loss,0,0,0,0,1,0,0,0,0,0
harry,0,0,0,0,0,0,0,0,1,0
bubonic,1,0,0,0,0,0,0,0,0,0
overcrowd,0,0,0,0,0,0,0,0,1,0
fourth,0,0,0,0,1,0,0,0,0,0
spirit,0,0,0,0,3,0,0,0,0,0
phase,0,0,0,0,4,0,0,0,0,0
outcome,0,0,0,0,1,0,0,0,0,0
undecided,1,0,0,0,0,0,0,0,0,0
second,2,0,0,0,0,0,0,0,0,0
whirl,0,0,0,0,0,0,0,0,1,0
unscrupulous,1,0,0,0,0,0,0,0,0,0
demagogue,0,0,0,0,1,0,0,0,0,0
nephew,0,0,0,0,1,0,0,0,0,0
wish,0,0,0,0,0,0,0,0,2,0
undertake,0,0,0,0,0,0,0,0,1,0
scale,0,0,0,0,1,0,0,0,0,0
armada,0,0,0,0,1,0,0,0,0,0
captive,1,0,0,0,1,0,0,0,0,0
disaster,0,0,0,0,1,0,0,0,0,0
seal,0,0,0,0,0,0,0,0,1,0
fate,0,0,0,0,1,0,0,0,0,0
faithful,2,0,0,0,0,0,0,0,0,0
desert,0,0,0,0,0,0,0,0,1,0
spartan,1,0,0,0,0,0,0,0,0,0
siege,0,0,0,0,1,0,0,0,0,0
trireme,0,0,0,0,1,0,0,0,0,0
powerless,1,0,0,0,0,0,0,0,0,0
raise,0,0,0,0,0,0,0,0,1,0
grain,0,0,0,0,1,0,0,0,0,0
import,0,0,0,0,0,0,0,0,1,0
fortification,0,0,0,0,2,0,0,0,0,0
connect,0,0,0,0,0,0,0,0,1,0
vassal,0,0,0,0,2,0,0,0,0,0
triumphant,1,0,0,0,0,0,0,0,0,0
try,0,0,0,0,0,0,0,0,3,0
keep,0,0,0,0,0,0,0,0,1,0
garrison,0,0,0,0,1,0,0,0,0,0
hatred,0,0,0,0,1,0,0,0,0,0
unpopular,1,0,0,0,0,0,0,0,0,0
gifted,1,0,0,0,0,0,0,0,0,0
commander,0,0,0,0,1,0,0,0,0,0
theban,1,0,0,0,0,0,0,0,0,0
suffer,0,0,0,0,0,0,0,0,1,0
spite,0,0,0,0,1,0,0,0,0,0
apparent,1,0,0,0,0,0,0,0,0,0
prostrate,0,0,0,0,0,0,0,0,1,0
prey,0,0,0,0,1,0,0,0,0,0
conqueror,0,0,0,0,5,0,0,0,0,0
tholos,0,0,0,0,0,0,0,0,0,1
circular,1,0,0,0,0,0,0,0,0,0
researcher,0,0,0,0,1,0,0,0,0,0
education,0,0,0,0,1,0,0,0,0,0
possession,0,0,0,0,1,0,0,0,0,0
orator,0,0,0,0,1,0,0,0,0,0
danger,0,0,0,0,1,0,0,0,0,0
series,0,0,0,0,1,0,0,0,0,0
fiery,1,0,0,0,0,0,0,0,0,0
speech,0,0,0,0,1,0,0,0,0,0
seek,0,0,0,0,0,0,0,0,4,0
prove,0,0,0,0,0,0,0,0,4,0
old,1,0,0,0,0,0,0,0,0,0
listen,0,0,0,0,0,0,0,0,2,0
tutor,0,0,0,0,1,0,0,0,0,0
deserve,0,0,0,0,0,0,0,0,1,0
firmly,0,0,1,0,0,0,0,0,0,0
entrench,0,0,0,0,0,0,0,0,1,0
embrace,0,0,0,0,0,0,0,0,1,0
entire,1,0,0,0,0,0,0,0,0,0
throne,0,0,0,0,2,0,0,0,0,0
march,0,0,0,0,0,0,0,0,3,0
southward,0,0,3,0,0,0,0,0,0,0
swear,0,0,0,0,0,0,0,0,1,0
allegiance,0,0,0,0,1,0,0,0,0,0
menace,0,0,0,0,1,0,0,0,0,0
stretch,0,0,0,0,0,0,0,0,1,0
east,0,0,2,0,1,0,0,0,0,0
secure,1,0,0,0,0,0,0,0,0,0
bold,1,0,0,0,0,0,0,0,0,0
cross,0,0,0,0,0,0,0,0,1,0
foot,0,0,0,0,2,0,0,0,0,0
soldier,0,0,0,0,2,0,0,0,0,0
cavalry,0,0,0,0,4,0,0,0,0,0
huge,3,0,0,0,0,0,0,0,0,0
iii,0,0,0,0,0,2,0,0,0,0
meet,0,0,0,0,0,0,0,0,3,0
charge,0,0,0,0,2,0,0,0,2,0
dominance,0,0,0,0,1,0,0,0,0,0
late,1,0,1,0,0,0,0,0,0,0
welcome,0,0,0,0,0,0,0,0,1,0
deliverer,0,0,0,0,1,0,0,0,0,0
misrule,0,0,0,0,1,0,0,0,0,0
accept,0,0,0,0,0,0,0,0,2,0
pharaoh,0,0,0,0,1,0,0,0,0,0
search,0,0,0,0,1,0,0,0,0,0
present,2,0,0,0,1,0,0,0,0,0
straight,0,0,1,0,0,0,0,0,0,0
proclaim,0,0,0,0,0,0,0,0,1,0
kneel,0,0,0,0,0,0,0,0,1,0
determined,1,0,0,0,0,0,0,0,0,0
eastern,3,0,0,0,0,0,0,0,0,0
feature,0,0,0,0,1,0,0,0,0,0
practice,0,0,0,0,1,0,0,0,0,0
chapter,0,0,0,0,1,0,0,0,0,0
expansion,0,0,0,0,1,0,0,0,0,0
exhausted,1,0,0,0,0,0,0,0,0,0
reluctantly,0,0,1,0,0,0,0,0,0,0
turn,0,0,0,0,0,0,0,0,2,0
marche,0,0,0,0,1,0,0,0,0,0
wound,0,0,0,0,1,0,0,0,0,0
lower,0,0,0,0,0,0,0,0,1,0
vitality,0,0,0,0,1,0,0,0,0,0
unable,1,0,0,0,0,0,0,0,0,0
recover,0,0,0,0,0,0,0,0,1,0
fever,0,0,0,0,1,0,0,0,0,0
hellenistic,3,0,0,0,0,0,0,0,0,0
hellenizein,0,0,0,0,0,0,0,0,0,1
like,0,5,0,0,0,0,0,0,0,0
mediterranean,1,0,0,0,0,0,0,0,0,0
mix,0,0,0,0,0,0,0,0,1,0
splendor,0,0,0,0,1,0,0,0,0,0
letter,0,0,0,0,1,0,0,0,0,0
private,1,0,0,0,0,0,0,0,0,0
crudely,0,0,1,0,0,0,0,0,0,0
comfortable,1,0,0,0,0,0,0,0,0,0
sculpture,0,0,0,0,11,0,0,0,0,0
example,0,0,0,0,5,0,0,0,0,0
cause,0,0,0,0,0,0,0,0,1,0
deal,0,0,0,0,1,0,0,0,2,0
revere,0,0,0,0,0,0,0,0,1,0
school,0,0,0,0,2,0,0,0,0,0
transfer,0,0,0,0,0,0,0,0,1,0
unimportant,1,0,0,0,0,0,0,0,0,0
devastate,0,0,0,0,0,0,0,0,1,0
raid,0,0,0,0,0,0,0,0,1,0
practically,0,0,1,0,0,0,0,0,0,0
protract,0,0,0,0,0,0,0,0,1,0
independence,0,0,0,0,2,0,0,0,0,0
glorious,1,0,0,0,0,0,0,0,0,0
stamp,0,0,0,0,1,0,0,0,0,0
apart,0,0,1,0,0,0,0,0,0,0
tumultuous,1,0,0,0,0,0,0,0,0,0
peak,0,0,0,0,1,0,0,0,0,0
artist,0,0,0,0,2,0,0,0,0,0
teacher,0,0,0,0,4,0,0,0,0,0
wisdom,0,0,0,0,1,0,0,0,0,0
eagerly,0,0,1,0,0,0,0,0,0,0
determination,0,0,0,0,1,0,0,0,0,0
guide,0,0,0,0,1,0,0,0,1,0
reason,0,0,0,0,1,0,0,0,0,0
architecture,0,0,0,0,4,0,0,0,0,0
reasonable,2,0,0,0,0,0,0,0,0,0
singularly,0,0,1,0,0,0,0,0,0,0
exaggeration,0,0,0,0,1,0,0,0,0,0
virtue,0,0,0,0,2,0,0,0,0,0
path,0,0,0,0,1,0,0,0,0,0
extreme,0,0,0,0,1,0,0,0,0,0
temperance,0,0,0,0,1,0,0,0,0,0
humankind,0,0,0,0,4,0,0,0,0,0
happiness,0,0,0,0,1,0,0,0,0,0
excess,0,0,0,0,1,0,0,0,0,0
meden,0,0,0,0,0,0,0,0,0,1
agan,0,0,0,0,0,0,0,0,0,1
doctrine,0,0,0,0,2,0,0,0,0,0
interpret,0,0,0,0,0,0,0,0,1,0
brilliance,0,0,0,0,1,0,0,0,0,0
equal,0,0,0,0,0,0,0,0,1,0
surpass,0,0,0,0,0,0,0,0,1,0
masterpiece,0,0,0,0,4,0,0,0,0,0
challenge,0,0,0,0,0,0,0,0,1,0
reader,0,0,0,0,1,0,0,0,0,0
scarcely,0,0,1,0,0,0,0,0,0,0
discuss,0,0,0,0,0,0,0,0,1,0
debate,0,0,0,0,0,0,0,0,1,0
belong,0,0,0,0,0,0,0,0,1,0
preclassical,3,0,0,0,0,0,0,0,0,0
monumental,1,0,0,0,0,0,0,0,0,0
epic,2,0,0,0,0,0,0,0,0,0
shroud,0,0,0,0,0,0,0,0,1,0
mystery,0,0,0,0,1,0,0,0,0,0
root,0,0,0,0,1,0,0,0,0,0
person,0,0,0,0,2,0,0,0,0,0
embody,0,0,0,0,0,0,0,0,1,0
disguised,1,0,0,0,0,0,0,0,0,0
triumph,0,0,0,0,1,0,0,0,1,0
suitor,0,0,0,0,1,0,0,0,0,0
drive,0,0,0,0,0,0,0,0,1,0
arrow,0,0,0,0,1,0,0,0,0,0
blade,0,0,0,0,1,0,0,0,0,0
axis,0,0,0,0,1,0,0,0,0,0
draw,0,0,0,0,0,0,0,0,3,0
pure,1,0,0,0,0,0,0,0,0,0
mixture,0,0,0,0,1,0,0,0,0,0
sail,0,0,0,0,0,0,0,0,1,0
voyage,0,0,0,0,1,0,0,0,0,0
disguise,0,0,0,0,0,0,0,0,1,0
beggar,0,0,0,0,1,0,0,0,0,0
tell,0,0,0,0,0,0,0,0,2,0
direct,1,0,0,0,0,0,0,0,1,0
eloquent,1,0,0,0,0,0,0,0,0,0
fascinatingly,0,0,1,0,0,0,0,0,0,0
readable,1,0,0,0,0,0,0,0,0,0
definitely,0,0,1,0,0,0,0,0,0,0
native,0,0,0,0,1,0,0,0,0,0
theogony,0,0,0,0,2,0,0,0,0,0
depiction,0,0,0,0,1,0,0,0,0,0
dull,1,0,0,0,0,0,0,0,0,0
poverty,0,0,0,0,1,0,0,0,0,0
stricken,0,0,0,0,0,0,0,0,1,0
forth,0,0,1,0,0,0,0,0,0,0
principle,0,0,0,0,1,0,0,0,0,0
farmer,0,0,0,0,1,0,0,0,0,0
systematic,1,0,0,0,0,0,0,0,0,0
vividly,0,0,1,0,0,0,0,0,0,0
describe,0,0,0,0,0,0,0,0,1,0
uncertain,1,0,0,0,0,0,0,0,0,0
good,8,0,0,0,0,0,0,0,0,0
fragment,0,0,0,0,1,0,0,0,0,0
repute,0,0,0,0,0,0,0,0,2,0
marry,0,0,0,0,0,0,0,0,1,0
theme,0,0,0,0,5,0,0,0,0,0
personal,2,0,0,0,0,0,0,0,0,0
concern,0,0,0,0,0,0,0,0,1,0
friendship,0,0,0,0,1,0,0,0,0,0
enmity,0,0,0,0,1,0,0,0,0,0
hate,0,0,0,0,1,0,0,0,0,0
association,0,0,0,0,1,0,0,0,0,0
compose,0,0,0,0,0,0,0,0,1,0
relaxation,0,0,0,0,1,0,0,0,0,0
circulate,0,0,0,0,0,0,0,0,1,0
lifetime,0,0,0,0,1,0,0,0,0,0
collect,0,0,0,0,0,0,0,0,1,0
publish,0,0,0,0,0,0,0,0,1,0
edition,0,0,0,0,4,0,0,0,0,0
quotation,0,0,0,0,1,0,0,0,0,0
author,0,0,0,0,2,0,0,0,0,0
line,0,0,0,0,2,0,0,0,0,0
get,0,0,0,0,0,0,0,0,2,0
fact,0,0,0,0,1,0,0,0,0,0
originally,0,0,2,0,0,0,0,0,0,0
sing,0,0,0,0,0,0,0,0,1,0
individual,0,0,0,0,1,0,0,0,0,0
accompany,0,0,0,0,0,0,0,0,1,0
instrument,0,0,0,0,1,0,0,0,0,0
lyre,0,0,0,0,1,0,0,0,0,0
major,1,0,0,0,0,0,0,0,0,0
admire,0,0,0,0,0,0,0,0,1,0
beauty,0,0,0,0,5,0,0,0,0,0
lyricist,0,0,0,0,1,0,0,0,0,0
transition,0,0,0,0,1,0,0,0,0,0
invent,0,0,0,0,0,0,0,0,2,0
reckon,0,0,0,0,0,0,0,0,1,0
national,1,0,0,0,0,0,0,0,0,0
express,0,0,0,0,0,0,0,0,1,0
hundred,0,0,0,0,2,0,0,0,0,0
superb,1,0,0,0,0,0,0,0,0,0
dramatist,0,0,0,0,1,0,0,0,0,0
accomplish,0,0,0,0,0,0,0,0,1,0
genre,0,0,0,0,1,0,0,0,0,0
tragic,3,0,0,0,0,0,0,0,0,0
grow,0,0,0,0,0,0,0,0,1,0
choral,1,0,0,0,0,0,0,0,0,0
song,0,0,0,0,2,0,0,0,0,0
dialogue,0,0,0,0,3,0,0,0,0,0
choose,0,0,0,0,0,0,0,0,1,0
expense,0,0,0,0,1,0,0,0,0,0
costuming,0,0,0,0,1,0,0,0,0,0
attendance,0,0,0,0,1,0,0,0,0,0
performance,0,0,0,0,2,0,0,0,0,0
regard,0,0,0,0,0,0,0,0,1,0
worship,0,0,0,0,1,0,0,0,0,0
air,0,0,0,0,1,0,0,0,0,0
prize,0,0,0,0,2,0,0,0,0,0
offer,0,0,0,0,0,0,0,0,2,0
limited,1,0,0,0,0,0,0,0,0,0
seven,0,0,0,0,0,2,0,0,0,0
arrange,0,0,0,0,0,0,0,0,1,0
trilogy,0,0,0,0,2,0,0,0,0,0
group,0,0,0,0,1,0,0,0,0,0
bearer,0,0,0,0,1,0,0,0,0,0
fury,0,0,0,0,1,0,0,0,0,0
retelling,0,0,0,0,1,0,0,0,0,0
superhuman,0,0,0,0,1,0,0,0,0,0
steal,0,0,0,0,0,0,0,0,1,0
fire,0,0,0,0,1,0,0,0,0,0
heaven,0,0,0,0,2,0,0,0,0,0
typical,1,0,0,0,0,0,0,0,0,0
heroine,0,0,0,0,1,0,0,0,0,0
model,0,0,0,0,2,0,0,0,0,0
womanly,1,0,0,0,0,0,0,0,0,0
sacrifice,0,0,0,0,1,0,0,0,0,0
well,2,0,4,0,0,0,0,0,0,0
sequel,0,0,0,0,1,0,0,0,0,0
authorship,0,0,0,0,1,0,0,0,0,0
dispute,0,0,0,0,0,0,0,0,1,0
instead,0,0,2,0,0,0,0,0,0,0
idealized,1,0,0,0,0,0,0,0,0,0
moving,1,0,0,0,0,0,0,0,0,0
british,2,0,0,0,0,0,0,0,0,0
actor,0,0,0,0,1,0,0,0,0,0
role,0,0,0,0,1,0,0,0,0,0
production,0,0,0,0,2,0,0,0,0,0
arise,0,0,0,0,0,0,0,0,1,0
ritual,0,0,0,0,1,0,0,0,0,0
honor,0,0,0,0,1,0,0,0,0,0
frank,1,0,0,0,0,0,0,0,0,0
obscenity,0,0,0,0,1,0,0,0,0,0
abuse,0,0,0,0,1,0,0,0,0,0
insult,0,0,0,0,2,0,0,0,0,0
celebration,0,0,0,0,1,0,0,0,0,0
tragedian,0,0,0,0,1,0,0,0,0,0
comedic,1,0,0,0,0,0,0,0,0,0
boldness,0,0,0,0,2,0,0,0,0,0
fantasy,0,0,0,0,1,0,0,0,0,0
merciless,1,0,0,0,0,0,0,0,0,0
unqualified,1,0,0,0,0,0,0,0,0,0
indecency,0,0,0,0,1,0,0,0,0,0
outrageous,1,0,0,0,0,0,0,0,0,0
criticism,0,0,0,0,1,0,0,0,0,0
compare,0,0,0,0,0,0,0,0,1,0
ridicule,0,0,0,0,1,0,0,0,0,0
denounce,0,0,0,0,0,0,0,0,1,0
competitor,0,0,0,0,1,0,0,0,0,0
comparison,0,0,0,0,2,0,0,0,0,0
concentrate,0,0,0,0,0,0,0,0,1,0
fictitious,1,0,0,0,0,0,0,0,0,0
character,0,0,0,0,1,0,0,0,0,0
everyday,1,0,0,0,0,0,0,0,0,0
stern,1,0,0,0,0,0,0,0,0,0
lover,0,0,0,0,1,0,0,0,0,0
intriguing,1,0,0,0,0,0,0,0,0,0
excellent,1,0,0,0,0,0,0,0,0,0
commonly,0,0,1,0,0,0,0,0,0,0
truly,0,0,2,0,0,0,0,0,0,0
literary,2,0,0,0,0,0,0,0,0,0
prose,0,0,0,0,2,0,0,0,0,0
critical,1,0,0,0,0,0,0,0,0,0
inclusion,0,0,0,0,1,0,0,0,0,0
document,0,0,0,0,1,0,0,0,0,0
laborious,1,0,0,0,0,0,0,0,0,0
research,0,0,0,0,1,0,0,0,0,0
significant,1,0,0,0,0,0,0,0,0,0
superficial,1,0,0,0,0,0,0,0,0,0
matter,0,0,0,0,3,0,0,0,0,0
participation,0,0,0,0,1,0,0,0,0,0
mercenary,1,0,0,0,0,0,0,0,0,0
expel,0,0,0,0,0,0,0,0,1,0
apology,0,0,0,0,1,0,0,0,0,0
tower,0,0,0,0,0,0,0,0,1,0
impossible,1,0,0,0,0,0,0,0,0,0
calculate,0,0,0,0,0,0,0,0,1,0
enormous,3,0,0,0,0,0,0,0,0,0
thinker,0,0,0,0,1,0,0,0,0,0
presentation,0,0,0,0,1,0,0,0,0,0
preserve,0,0,0,0,0,0,0,0,5,0
translation,0,0,0,0,1,0,0,0,0,0
style,0,0,0,0,4,0,0,0,0,0
matchless,1,0,0,0,0,0,0,0,0,0
experience,0,0,0,0,1,0,0,0,0,0
known,1,0,0,0,0,0,0,0,0,0
fairly,0,0,1,0,0,0,0,0,0,0
penetratingly,0,0,1,0,0,0,0,0,0,0
insightful,1,0,0,0,0,0,0,0,0,0
conversation,0,0,0,0,3,0,0,0,0,0
friend,0,0,0,0,1,0,0,0,0,0
relate,0,0,0,0,0,0,0,0,3,0
behavior,0,0,0,0,1,0,0,0,0,0
virtually,0,0,1,0,0,0,0,0,0,0
sentence,0,0,0,0,1,0,0,0,1,0
metaphysic,0,0,0,0,1,0,0,0,0,0
read,0,0,0,0,0,0,0,0,1,0
desire,0,0,0,0,0,0,0,0,1,0
student,0,0,0,0,1,0,0,0,0,0
lecture,0,0,0,0,1,0,0,0,0,0
deliver,0,0,0,0,0,0,0,0,1,0
evident,1,0,0,0,0,0,0,0,0,0
explore,0,0,0,0,0,0,0,0,1,0
philosophical,3,0,0,0,0,0,0,0,0,0
treatise,0,0,0,0,2,0,0,0,0,0
logic,0,0,0,0,3,0,0,0,0,0
physical,1,0,0,0,0,0,0,0,0,0
biological,1,0,0,0,0,0,0,0,0,0
ethic,0,0,0,0,1,0,0,0,0,0
constitutional,1,0,0,0,0,0,0,0,0,0
soul,0,0,0,0,1,0,0,0,0,0
rhetoric,0,0,0,0,1,0,0,0,0,0
theory,0,0,0,0,3,0,0,0,0,0
interpretation,0,0,0,0,1,0,0,0,0,0
interested,3,0,0,0,0,0,0,0,0,0
wander,0,0,0,0,0,0,0,0,1,0
ask,0,0,0,0,0,0,0,0,4,0
question,0,0,0,0,4,0,0,0,0,0
criticize,0,0,0,0,0,0,0,0,1,0
answer,0,0,0,0,3,0,0,0,0,0
poke,0,0,0,0,0,0,0,0,1,0
faulty,1,0,0,0,0,0,0,0,0,0
argument,0,0,0,0,1,0,0,0,0,0
socratic,1,0,0,0,0,0,0,0,0,0
rank,0,0,0,0,0,0,0,0,1,0
moral,2,0,0,0,0,0,0,0,0,0
endurance,0,0,0,0,1,0,0,0,0,0
unmatched,1,0,0,0,0,0,0,0,0,0
divine,1,0,0,0,0,0,0,0,0,0
wonderful,2,0,0,0,0,0,0,0,0,0
command,0,0,0,0,0,0,0,0,1,0
surely,0,0,1,0,0,0,0,0,0,0
ought,0,0,0,1,0,0,0,0,0,0
obey,0,0,0,0,0,0,0,0,1,0
voice,0,0,0,0,1,0,0,0,0,0
outskirt,0,0,0,0,1,0,0,0,0,0
study,0,0,0,0,1,0,0,0,2,0
profession,0,0,0,0,1,0,0,0,0,0
abandon,0,0,0,0,0,0,0,0,1,0
shun,0,0,0,0,0,0,0,0,1,0
shallow,1,0,0,0,0,0,0,0,0,0
notion,0,0,0,0,1,0,0,0,0,0
sake,0,0,0,0,1,0,0,0,0,0
conscience,0,0,0,0,1,0,0,0,0,0
enjoy,0,0,0,0,0,0,0,0,1,0
confusion,0,0,0,0,1,0,0,0,0,0
uncover,0,0,0,0,0,0,0,0,2,0
favorite,1,0,0,0,0,0,0,0,0,0
object,0,0,0,0,1,0,0,0,0,0
fee,0,0,0,0,1,0,0,0,0,0
teaching,0,0,0,0,1,0,0,0,0,0
thyself,0,0,0,0,0,0,1,0,0,0
motto,0,0,0,0,1,0,0,0,0,0
oracle,0,0,0,0,1,0,0,0,0,0
oneself,0,0,0,0,0,0,1,0,0,0
possibility,0,0,0,0,1,0,0,0,0,0
contrast,0,0,0,0,1,0,0,0,0,0
mere,1,0,0,0,0,0,0,0,0,0
outward,1,0,0,0,0,0,0,0,0,0
appearance,0,0,0,0,1,0,0,0,0,0
appreciate,0,0,0,0,0,0,0,0,2,0
mob,0,0,0,0,1,0,0,0,0,0
expose,0,0,0,0,0,0,0,0,1,0
pompous,1,0,0,0,0,0,0,0,0,0
fraud,0,0,0,0,1,0,0,0,0,0
foe,0,0,0,0,1,0,0,0,0,0
indict,0,0,0,0,0,0,0,0,1,0
neglect,0,0,0,0,1,0,0,0,0,0
corruption,0,0,0,0,1,0,0,0,0,0
false,1,0,0,0,0,0,0,0,0,0
convenient,1,0,0,0,0,0,0,0,0,0
drink,0,0,0,0,0,0,0,0,1,0
hemlock,0,0,0,0,1,0,0,0,0,0
parting,0,0,0,0,1,0,0,0,0,0
comment,0,0,0,0,1,0,0,0,0,0
hour,0,0,0,0,1,0,0,0,0,0
departure,0,0,0,0,1,0,0,0,0,0
arrive,0,0,0,0,0,0,0,0,1,0
successive,1,0,0,0,0,0,0,0,0,0
flowering,0,0,0,0,1,0,0,0,0,0
owe,0,0,0,0,0,0,0,0,1,0
simplicity,0,0,0,0,2,0,0,0,0,0
reasonableness,0,0,0,0,1,0,0,0,0,0
humanity,0,0,0,0,1,0,0,0,0,0
sheer,1,0,0,0,0,0,0,0,0,0
middle,0,0,0,0,1,0,0,0,0,0
stiff,1,0,0,0,0,0,0,0,0,0
flat,1,0,0,0,0,0,0,0,0,0
naturally,0,0,1,0,0,0,0,0,0,0
easily,0,0,1,0,0,0,0,0,0,0
action,0,0,0,0,2,0,0,0,0,0
chiefly,0,0,1,0,0,0,0,0,0,0
portray,0,0,0,0,0,0,0,0,2,0
grand,1,0,0,0,0,0,0,0,0,0
particular,1,0,0,0,0,0,0,0,0,0
achieve,0,0,0,0,0,0,0,0,1,0
godlike,1,0,0,0,0,0,0,0,0,0
perfection,0,0,0,0,1,0,0,0,0,0
calm,1,0,0,0,0,0,0,0,0,0
ordered,1,0,0,0,0,0,0,0,0,0
illustrious,1,0,0,0,0,0,0,0,0,0
degree,0,0,0,0,1,0,0,0,0,0
fix,0,0,0,0,0,0,0,0,1,0
moment,0,0,0,0,1,0,0,0,0,0
violent,1,0,0,0,0,0,0,0,0,0
bronze,0,0,0,0,1,0,0,0,0,0
copy,0,0,0,0,1,0,0,0,0,0
composition,0,0,0,0,1,0,0,0,0,0
true,1,0,0,0,0,0,0,0,0,0
perfectly,0,0,1,0,0,0,0,0,0,0
decorate,0,0,0,0,0,0,0,0,2,0
ivory,0,0,0,0,1,0,0,0,0,0
pediment,0,0,0,0,1,0,0,0,0,0
frieze,0,0,0,0,1,0,0,0,0,0
diplomat,0,0,0,0,1,0,0,0,0,0
plenty,0,0,0,0,1,0,0,0,0,0
freely,0,0,1,0,0,0,0,0,0,0
satisfy,0,0,0,0,0,0,0,0,1,0
whiteness,0,0,0,0,1,0,0,0,0,0
paint,0,0,0,0,2,0,0,0,3,0
bright,1,0,0,0,0,0,0,0,0,0
color,0,0,0,0,1,0,0,0,0,0
weathering,0,0,0,0,1,0,0,0,0,0
colorist,0,0,0,0,1,0,0,0,0,0
draftsman,0,0,0,0,1,0,0,0,0,0
fortunately,0,0,1,0,0,0,0,0,0,0
tomb,0,0,0,0,1,0,0,0,0,0
archaeologist,0,0,0,0,1,0,0,0,0,0
decoration,0,0,0,0,1,0,0,0,0,0
painting,0,0,0,0,1,0,0,0,0,0
feeling,0,0,0,0,1,0,0,0,0,0
supreme,1,0,0,0,0,0,0,0,0,0
brown,1,0,0,0,0,0,0,0,0,0
geometric,1,0,0,0,0,0,0,0,0,0
sticklike,1,0,0,0,0,0,0,0,0,0
animal,0,0,0,0,1,0,0,0,0,0
fit,0,0,0,0,0,0,0,0,1,0
pattern,0,0,0,0,1,0,0,0,0,0
realistic,1,0,0,0,0,0,0,0,0,0
black,2,0,0,0,0,0,0,0,0,0
red,1,0,0,0,1,0,0,0,0,0
clay,0,0,0,0,1,0,0,0,0,0
background,0,0,0,0,1,0,0,0,0,0
impressive,1,0,0,0,0,0,0,0,0,0
erect,0,0,0,0,0,0,0,0,1,0
permanent,1,0,0,0,0,0,0,0,0,0
exclusively,0,0,1,0,0,0,0,0,0,0
monument,0,0,0,0,1,0,0,0,0,0
enclosure,0,0,0,0,1,0,0,0,0,0
space,0,0,0,0,1,0,0,0,0,0
chamber,0,0,0,0,3,0,0,0,0,0
image,0,0,0,0,1,0,0,0,0,0
accessible,1,0,0,0,0,0,0,0,0,0
priest,0,0,0,0,2,0,0,0,0,0
fundamentally,0,0,1,0,0,0,0,0,0,0
distinct,3,0,0,0,0,0,0,0,0,0
partly,0,0,3,0,0,0,0,0,0,0
exquisite,1,0,0,0,0,0,0,0,0,0
refinement,0,0,0,0,1,0,0,0,0,0
emergence,0,0,0,0,1,0,0,0,0,0
rational,2,0,0,0,0,0,0,0,0,0
approach,0,0,0,0,1,0,0,0,0,0
belief,0,0,0,0,1,0,0,0,0,0
doric,4,0,0,0,0,0,0,0,0,0
variant,0,0,0,0,1,0,0,0,0,0
difference,0,0,0,0,1,0,0,0,0,0
part,0,0,0,0,2,0,0,0,0,0
column,0,0,0,0,5,0,0,0,0,0
distinctive,1,0,0,0,0,0,0,0,0,0
rendering,0,0,0,0,3,0,0,0,0,0
evolve,0,0,0,0,0,0,0,0,2,0
coordinate,0,0,0,0,0,0,0,0,1,0
symbolic,1,0,0,0,0,0,0,0,0,0
meaning,0,0,0,0,1,0,0,0,0,0
basic,1,0,0,0,0,0,0,0,0,0
windowless,1,0,0,0,0,0,0,0,0,0
cella,0,0,0,0,1,0,0,0,0,0
porch,0,0,0,0,1,0,0,0,0,0
ring,0,0,0,0,2,0,0,0,0,0
peristyle,0,0,0,0,2,0,0,0,0,0
side,0,0,0,0,2,0,0,0,0,0
ionic,2,0,0,0,0,0,0,0,0,0
differ,0,0,0,0,0,0,0,0,2,0
detail,0,0,0,0,1,0,0,0,0,0
double,1,0,0,0,0,0,0,0,0,0
pair,0,0,0,0,0,0,0,0,1,0
volute,0,0,0,0,1,0,0,0,0,0
carve,0,0,0,0,0,0,0,0,1,0
lintel,0,0,0,0,1,0,0,0,0,0
entablature,0,0,0,0,1,0,0,0,0,0
span,0,0,0,0,0,0,0,0,1,0
have,0,0,0,0,0,0,0,0,1,0
row,0,0,0,0,1,0,0,0,0,0
project,0,0,0,0,1,0,0,0,1,0
block,0,0,0,0,1,0,0,0,0,0
triglyph,0,0,0,0,1,0,0,0,0,0
sculpted,1,0,0,0,0,0,0,0,0,0
panel,0,0,0,0,1,0,0,0,0,0
metope,0,0,0,0,1,0,0,0,0,0
element,0,0,0,0,2,0,0,0,0,0
tall,1,0,0,0,0,0,0,0,0,0
unique,1,0,0,0,0,0,0,0,0,0
conscious,1,0,0,0,0,0,0,0,0,0
adjustment,0,0,0,0,1,0,0,0,0,0
architect,0,0,0,0,2,0,0,0,0,0
purely,0,0,1,0,0,0,0,0,0,0
aesthetic,1,0,0,0,0,0,0,0,0,0
effect,0,0,0,0,1,0,0,0,0,0
mathematical,3,0,0,0,0,0,0,0,0,0
application,0,0,0,0,1,0,0,0,0,0
mathematic,0,0,0,0,4,0,0,0,0,0
significance,0,0,0,0,1,0,0,0,0,0
basis,0,0,0,0,1,0,0,0,0,0
sense,0,0,0,0,1,0,0,0,0,0
numerous,1,0,0,0,0,0,0,0,0,0
scholar,0,0,0,0,1,0,0,0,0,0
recognize,0,0,0,0,0,0,0,0,1,0
formula,0,0,0,0,1,0,0,0,0,0
validity,0,0,0,0,1,0,0,0,0,0
proposition,0,0,0,0,1,0,0,0,0,0
theoretical,2,0,0,0,0,0,0,0,0,0
analysis,0,0,0,0,1,0,0,0,0,0
correct,1,0,0,0,0,0,0,0,0,0
reasoning,0,0,0,0,2,0,0,0,0,0
previous,1,0,0,0,0,0,0,0,0,0
abstract,1,0,0,0,0,0,0,0,0,0
entity,0,0,0,0,1,0,0,0,0,0
proof,0,0,0,0,2,0,0,0,0,0
irrational,2,0,0,0,0,0,0,0,0,0
pythagorean,1,0,0,0,0,0,0,0,0,0
theorem,0,0,0,0,2,0,0,0,0,0
triangle,0,0,0,0,1,0,0,0,0,0
square,0,0,0,0,1,0,0,0,0,0
mathematician,0,0,0,0,2,0,0,0,0,0
antiquity,0,0,0,0,1,0,0,0,0,0
deductive,1,0,0,0,0,0,0,0,0,0
axiom,0,0,0,0,1,0,0,0,0,0
postulate,0,0,0,0,1,0,0,0,0,0
plane,0,0,0,0,1,0,0,0,0,0
solid,1,0,0,0,0,0,0,0,0,0
resolve,0,0,0,0,0,0,0,0,1,0
difficulty,0,0,0,0,1,0,0,0,0,0
conic,1,0,0,0,0,0,0,0,0,0
section,0,0,0,0,1,0,0,0,0,0
parabola,0,0,0,0,0,0,0,0,0,1
hyperbola,0,0,0,0,1,0,0,0,0,0
ellipse,0,0,0,0,1,0,0,0,0,0
mechanic,0,0,0,0,2,0,0,0,0,0
practical,1,0,0,0,0,0,0,0,0,0
knowledge,0,0,0,0,2,0,0,0,0,0
apply,0,0,0,0,0,0,0,0,1,0
widely,0,0,1,0,0,0,0,0,0,0
physics,0,0,0,0,1,0,0,0,0,0
lever,0,0,0,0,1,0,0,0,0,0
possible,1,0,0,0,0,0,0,0,0,0
catapult,0,0,0,0,1,0,0,0,0,0
able,1,0,0,0,0,0,0,0,0,0
hurl,0,0,0,0,0,0,0,0,1,0
heavy,1,0,0,0,0,0,0,0,0,0
spear,0,0,0,0,1,0,0,0,0,0
astronomy,0,0,0,0,2,0,0,0,0,0
foretell,0,0,0,0,0,0,0,0,1,0
planet,0,0,0,0,1,0,0,0,0,0
visible,1,0,0,0,0,0,0,0,0,0
kind,0,0,0,0,1,0,0,0,0,0
influential,1,0,0,0,0,0,0,0,0,0
astronomer,0,0,0,0,1,0,0,0,0,0
propose,0,0,0,0,0,0,0,0,1,0
universe,0,0,0,0,1,0,0,0,0,0
persist,0,0,0,0,0,0,0,0,1,0
establishment,0,0,0,0,1,0,0,0,0,0
endure,0,0,0,0,0,0,0,0,1,0
borrow,0,0,0,0,0,0,0,0,1,0
shine,0,0,0,0,0,0,0,0,1,0
founding,0,0,0,0,1,0,0,0,0,0
university,0,0,0,0,1,0,0,0,0,0
impetus,0,0,0,0,1,0,0,0,0,0
rebirth,0,0,0,0,1,0,0,0,0,0
capacity,0,0,0,0,1,0,0,0,0,0
solve,0,0,0,0,0,0,0,0,1,0
problem,0,0,0,0,1,0,0,0,0,0
method,0,0,0,0,1,0,0,0,0,0
inherit,0,0,0,0,0,0,0,0,1,0
legacy,0,0,0,0,1,0,0,0,0,0
