word,ADJ,ADP,ADV,DET,NOUN,NUM,PRON,SCONJ,VERB,X
little,4,0,1,0,0,0,0,0,0,0
half,0,0,0,4,1,0,0,0,0,0
century,0,0,0,0,10,0,0,0,0,0
electronic,109,0,0,0,2,0,0,0,0,0
game,0,0,0,0,925,0,0,0,0,0
evolve,0,0,0,0,0,0,0,0,12,0
novel,1,0,0,0,9,0,0,0,0,0
curiosity,0,0,0,0,1,0,0,0,0,0
create,0,0,0,0,0,0,0,0,78,0
university,0,0,0,0,7,0,0,0,0,0
computer,0,0,0,0,138,0,0,0,0,0
science,0,0,0,0,9,0,0,0,0,0
department,0,0,0,0,3,0,0,0,0,0
multi,2,0,0,0,0,0,0,0,0,0
billion,0,0,0,0,1,4,0,0,0,0
dollar,0,0,0,0,6,0,0,0,0,0
global,8,0,0,0,0,0,0,0,0,0
entertainment,0,0,0,0,8,0,0,0,0,0
phenomenon,0,0,0,0,6,0,0,0,0,0
iconic,2,0,0,0,0,0,0,0,0,0
character,0,0,0,0,93,0,0,0,0,0
achieve,0,0,0,0,0,0,0,0,11,0
level,0,0,0,0,37,0,0,0,0,0
recognition,0,0,0,0,4,0,0,0,0,0
par,0,0,0,0,1,0,0,0,0,0
celebrity,0,0,0,0,2,0,0,0,0,0
historical,7,0,0,0,0,0,0,0,0,0
figure,0,0,0,0,3,0,0,0,1,0
successful,27,0,0,0,0,0,0,0,0,0
generate,0,0,0,0,0,0,0,0,21,0
revenue,0,0,0,0,3,0,0,0,0,0
single,28,0,0,0,1,0,0,0,0,0
day,0,0,0,0,10,0,0,0,0,0
major,12,0,0,0,0,0,0,0,0,0
movie,0,0,0,0,12,0,0,0,0,0
entire,6,0,0,0,0,0,0,0,0,0
box,0,0,0,0,5,0,0,0,0,0
office,0,0,0,0,1,0,0,0,0,0
run,0,0,0,0,1,0,0,0,13,0
evolution,0,0,0,0,4,0,0,0,0,0
happen,0,0,0,0,0,0,0,0,1,0
vacuum,0,0,0,0,1,0,0,0,0,0
popularity,0,0,0,0,26,0,0,0,0,0
ebb,0,0,0,0,0,0,0,0,1,0
flow,0,0,0,0,0,0,0,0,1,0
number,0,0,0,0,29,0,0,0,0,0
reason,0,0,0,0,2,0,0,0,0,0
player,1,0,0,0,328,0,0,0,0,0
shift,0,0,0,0,1,0,0,0,5,0
arcade,0,0,0,0,73,0,0,0,0,0
home,0,0,0,0,70,0,0,0,0,0
console,0,0,0,0,179,0,0,0,0,0
personal,35,0,0,0,0,0,0,0,0,0
handheld,6,0,0,0,0,0,0,0,0,0
device,0,0,0,0,19,0,0,0,0,0
technological,3,0,0,0,0,0,0,0,0,0
advance,0,0,0,0,7,0,0,0,5,0
killer,0,0,0,0,4,0,0,0,0,0
app,0,0,0,0,2,0,0,0,0,0
desirable,1,0,0,0,0,0,0,0,0,0
inspire,0,0,0,0,0,0,0,0,16,0
purchase,0,0,0,0,3,0,0,0,11,0
entirely,0,0,6,0,0,0,0,0,0,0
new,68,0,0,0,0,0,0,0,0,0
gaming,0,0,0,0,90,0,0,0,0,0
system,0,0,0,0,70,0,0,0,0,0
different,31,0,0,0,0,0,0,0,0,0
platform,1,0,0,0,39,0,0,0,0,0
appealing,3,0,0,0,0,0,0,0,0,0
improved,2,0,0,0,0,0,0,0,0,0
graphic,7,0,0,0,50,0,0,0,0,0
portability,0,0,0,0,1,0,0,0,0,0
differentiate,0,0,0,0,0,0,0,0,1,0
late,15,0,0,0,0,0,0,0,0,0
generation,0,0,0,0,22,0,0,0,0,0
predecessor,0,0,0,0,4,0,0,0,0,0
ability,0,0,0,0,28,0,0,0,0,0
compete,0,0,0,0,0,0,0,0,16,0
cooperate,0,0,0,0,0,0,0,0,1,0
human,10,0,0,0,2,0,0,0,0,0
network,0,0,0,0,18,0,0,0,1,0
restore,0,0,0,0,0,0,0,0,1,0
social,17,0,0,0,0,0,0,0,0,0
element,0,0,0,0,35,0,0,0,0,0
recall,0,0,0,0,0,0,0,0,1,0
early,59,0,1,0,0,0,0,0,0,0
video,1,0,0,0,127,0,0,0,0,0
divergence,0,0,0,0,1,0,0,0,0,0
perceive,0,0,0,0,0,0,0,0,1,0
target,0,0,0,0,2,0,0,0,2,0
audience,0,0,0,0,5,0,0,0,0,0
traditionally,0,0,3,0,0,0,0,0,0,0
dismiss,0,0,0,0,0,0,0,0,1,0
plaything,0,0,0,0,1,0,0,0,0,0
young,5,0,0,0,0,0,0,0,0,0
boy,0,0,0,0,3,0,0,0,0,0
time,0,0,0,0,56,0,0,0,1,0
apparent,3,0,0,0,0,0,0,0,0,0
man,0,0,0,0,5,0,0,0,0,0
woman,0,0,0,0,2,0,0,0,0,0
age,0,0,0,0,6,0,0,0,0,0
enjoy,0,0,0,0,0,0,0,0,11,0
market,0,0,0,0,39,0,0,0,5,0
respond,0,0,0,0,0,0,0,0,4,0
accordingly,0,0,1,0,0,0,0,0,0,0
family,0,0,0,0,8,0,0,0,0,0
friendly,8,0,0,0,0,0,0,0,0,0
fare,0,0,0,0,2,0,0,0,2,0
party,0,0,0,0,17,0,0,0,0,0
commonly,0,0,3,0,0,0,0,0,0,0
find,0,0,0,0,0,0,0,0,23,0
appeal,0,0,0,0,4,0,0,0,6,0
broad,6,0,0,0,0,0,0,0,0,0
demographic,0,0,0,0,2,0,0,0,0,0
widespread,6,0,0,0,0,0,0,0,0,0
success,0,0,0,0,53,0,0,0,0,0
indicate,0,0,0,0,0,0,0,0,4,0
programmer,0,0,0,0,15,0,0,0,0,0
hit,1,0,0,0,13,0,0,0,4,0
mark,0,0,0,0,4,0,0,0,6,0
conversely,0,0,1,0,0,0,0,0,0,0
specifically,0,0,2,0,0,0,0,0,0,0
mature,4,0,0,0,0,0,0,0,0,0
franchise,0,0,0,0,58,0,0,0,0,0
post,1,0,0,0,0,0,0,0,4,0
strong,9,0,0,0,0,0,0,0,0,0
sale,0,0,0,0,21,0,0,0,0,0
story,0,0,0,0,42,0,0,0,0,0
feature,0,0,0,0,20,0,0,0,53,0
sexual,2,0,0,0,0,0,0,0,0,0
situation,0,0,0,0,4,0,0,0,0,0
violence,0,0,0,0,13,0,0,0,0,0
emotionally,0,0,1,0,0,0,0,0,0,0
complex,9,0,0,0,0,0,0,0,0,0
place,0,0,0,0,10,0,0,0,9,0
write,0,0,0,0,0,0,0,0,15,0
rate,0,0,0,0,2,0,0,0,1,0
film,0,0,0,0,18,0,0,0,0,0
creation,0,0,0,0,11,0,0,0,0,0
diverse,2,0,0,0,0,0,0,0,0,0
catalog,0,0,0,0,2,0,0,0,0,0
foresee,0,0,0,0,0,0,0,0,1,0
intend,0,0,0,0,0,0,0,0,2,0
technology,0,0,0,0,25,0,0,0,0,0
demonstration,0,0,0,0,5,0,0,0,0,0
visitor,0,0,0,0,3,0,0,0,0,0
play,0,0,0,0,59,0,0,0,73,0
analog,2,0,0,0,0,0,0,0,0,0
oscilloscope,0,0,0,0,2,0,0,0,0,0
screen,0,0,0,0,19,0,0,0,0,0
simple,22,0,0,0,0,0,0,0,0,0
control,0,0,0,0,25,0,0,0,32,0
rotate,0,0,0,0,0,0,0,0,4,0
dial,0,0,0,0,1,0,0,0,2,0
vary,0,0,0,0,0,0,0,0,3,0
angle,0,0,0,0,1,0,0,0,0,0
racquet,0,0,0,0,1,0,0,0,0,0
button,0,0,0,0,11,0,0,0,0,0
dictate,0,0,0,0,0,0,0,0,1,0
timing,0,0,0,0,2,0,0,0,0,0
serve,0,0,0,0,1,0,0,0,4,0
volley,0,0,0,0,1,0,0,0,1,0
immediate,2,0,0,0,0,0,0,0,0,0
spectator,0,0,0,0,1,0,0,0,0,0
gather,0,0,0,0,0,0,0,0,7,0
inch,0,0,0,0,2,0,0,0,0,0
display,0,0,0,0,11,0,0,0,5,0
watch,0,0,0,0,0,0,0,0,1,0
glow,0,0,0,0,0,0,0,0,1,0
dot,0,0,0,0,4,0,0,0,0,0
represent,0,0,0,0,0,0,0,0,8,0
ball,0,0,0,0,3,0,0,0,0,0
bounce,0,0,0,0,0,0,0,0,1,0
forth,0,0,2,0,0,0,0,0,0,0
simulate,0,0,0,0,0,0,0,0,11,0
tennis,0,0,0,0,14,0,0,0,0,0
court,0,0,0,0,1,0,0,0,0,0
following,2,0,0,0,5,0,0,0,0,0
year,0,0,0,0,36,0,0,0,0,0
replace,0,0,0,0,0,0,0,0,6,0
small,17,0,0,0,0,0,0,0,0,0
large,22,0,0,0,0,0,0,0,0,0
add,0,0,0,0,1,0,0,0,24,0
gameplay,0,0,0,0,11,0,0,0,0,0
option,0,0,0,0,8,0,0,0,0,0
allow,0,0,0,0,0,0,0,0,56,0
low,5,0,0,0,0,0,0,0,0,0
gravity,0,0,0,0,2,0,0,0,0,0
environment,0,0,0,0,17,0,0,0,0,0
high,14,0,1,0,0,0,0,0,0,0
later,14,0,23,0,0,0,0,0,0,0
short,2,0,0,0,0,0,0,0,0,0
distance,0,0,0,0,2,0,0,0,1,0
away,0,0,3,0,0,0,0,0,0,0
group,0,0,0,0,21,0,0,0,0,0
explore,0,0,0,0,0,0,0,0,20,0
capability,0,0,0,0,4,0,0,0,0,0
minicomputer,0,0,0,0,8,0,0,0,0,0
donate,0,0,0,0,0,0,0,0,2,0
student,0,0,0,0,9,0,0,0,0,0
eager,1,0,0,0,0,0,0,0,0,0
demonstrate,0,0,0,0,0,0,0,0,5,0
machine,0,0,0,0,12,0,0,0,0,0
weigh,0,0,0,0,0,0,0,0,2,0
ton,0,0,0,0,1,0,0,0,0,0
measure,0,0,0,0,0,0,0,0,3,0
foot,0,0,0,0,2,0,0,0,0,0
metre,0,0,0,0,2,0,0,0,0,0
tall,1,0,0,0,0,0,0,0,0,0
wide,10,0,0,0,0,0,0,0,0,0
outfit,0,0,0,0,1,0,0,0,1,0
typewriter,0,0,0,0,2,0,0,0,0,0
modify,0,0,0,0,0,0,0,0,6,0
act,0,0,0,0,0,0,0,0,2,0
input,0,0,0,0,6,0,0,0,0,0
output,0,0,0,0,1,0,0,0,0,0
state,0,0,0,0,3,0,0,0,1,0
art,0,0,0,0,5,0,0,0,0,0
laboratory,0,0,0,0,5,0,0,0,0,0
computing,0,0,0,0,3,0,0,0,0,0
price,0,0,0,0,7,0,0,0,1,0
tag,0,0,0,0,3,0,0,0,0,0
frequently,0,0,5,0,0,0,0,0,0,0
prefix,0,0,0,0,2,0,0,0,0,0
expensive,4,0,0,0,0,0,0,0,0,0
describe,0,0,0,0,0,0,0,0,2,0
program,0,0,0,0,8,0,0,0,2,0
function,0,0,0,0,4,0,0,0,1,0
example,0,0,0,0,19,0,0,0,0,0
replicate,0,0,0,0,0,0,0,0,1,0
standard,7,0,0,0,8,0,0,0,0,0
electric,2,0,0,0,0,0,0,0,0,0
roughly,0,0,2,0,0,0,0,0,0,0
thousand,0,0,0,0,7,2,0,0,0,0
cost,0,0,0,0,4,0,0,0,1,0
slowly,0,0,1,0,0,0,0,0,0,0
scroll,0,0,0,0,0,0,0,0,5,0
star,0,0,0,0,7,0,0,0,8,0
map,0,0,0,0,13,0,0,0,0,0
key,1,0,0,0,1,0,0,0,2,0
great,19,0,0,0,1,0,0,0,0,0
step,0,0,0,0,6,0,0,0,0,0
space,0,0,0,0,19,0,0,0,0,0
combat,0,0,0,0,27,0,0,0,0,0
simulator,0,0,0,0,9,0,0,0,0,0
call,0,0,0,0,0,0,0,0,19,0
offer,0,0,0,0,0,0,0,0,33,0
straightforward,1,0,0,0,0,0,0,0,0,0
satisfying,1,0,0,0,0,0,0,0,0,0
goal,0,0,0,0,10,0,0,0,0,0
blow,0,0,0,0,0,0,0,0,3,0
ship,0,0,0,0,4,0,0,0,3,0
torpedo,0,0,0,0,3,0,0,0,0,0
complicate,0,0,0,0,0,0,0,0,1,0
matter,0,0,0,0,3,0,0,0,0,0
central,6,0,0,0,0,0,0,0,0,0
exert,0,0,0,0,0,0,0,0,1,0
gravitational,1,0,0,0,0,0,0,0,0,0
pull,0,0,0,0,1,0,0,0,2,0
fire,0,0,0,0,4,0,0,0,2,0
background,0,0,0,0,2,0,0,0,0,0
battle,0,0,0,0,18,0,0,0,13,0
provide,0,0,0,0,0,0,0,0,19,0
series,0,0,0,0,113,0,0,0,0,0
visual,5,0,0,0,5,0,0,0,0,0
reference,0,0,0,0,2,0,0,0,0,0
point,0,0,0,0,15,0,0,0,3,0
well,7,0,20,0,0,0,0,0,0,0
gauge,0,0,0,0,0,0,0,0,1,0
speed,0,0,0,0,8,0,0,0,0,0
direction,0,0,0,0,3,0,0,0,0,0
addictive,8,0,0,0,0,0,0,0,0,0
massive,4,0,0,0,0,0,0,0,0,0
freely,0,0,2,0,0,0,0,0,0,0
share,0,0,0,0,2,0,0,0,13,0
programming,0,0,0,0,9,0,0,0,0,0
code,0,0,0,0,6,0,0,0,0,0
virtually,0,0,11,0,0,0,0,0,0,0
capable,1,0,0,0,0,0,0,0,0,0
course,0,0,1,0,3,0,0,0,0,0
realize,0,0,0,0,0,0,0,0,2,0
money,0,0,0,0,5,0,0,0,0,0
cheap,3,0,0,0,0,0,0,0,0,0
powerful,9,0,0,0,0,0,0,0,0,0
transistor,0,0,0,0,1,0,0,0,0,0
give,0,0,0,0,0,0,0,0,20,0
way,0,0,0,0,32,0,0,0,0,0
microprocessor,0,0,0,0,4,0,0,0,0,0
power,0,0,0,0,17,0,0,0,3,0
contain,0,0,0,0,0,0,0,0,8,0
housing,0,0,0,0,1,0,0,0,0,0
fraction,0,0,0,0,1,0,0,0,0,0
original,39,0,0,0,3,0,0,0,0,0
size,0,0,0,0,1,0,0,0,0,0
climate,0,0,0,0,2,0,0,0,0,0
name,0,0,0,0,4,0,0,0,11,0
seek,0,0,0,0,0,0,0,0,6,0
coin,0,0,0,0,15,0,0,0,0,0
operate,0,0,0,0,0,0,0,0,18,0
colleague,0,0,0,0,1,0,0,0,0,0
design,0,0,0,0,14,0,0,0,29,0
standalone,1,0,0,0,0,0,0,0,0,0
version,0,0,0,0,49,0,0,0,0,0
failure,0,0,0,0,3,0,0,0,0,0
cabinet,0,0,0,0,2,0,0,0,0,0
influence,0,0,0,0,1,0,0,0,4,0
come,0,0,0,0,0,0,0,0,12,0
second,6,0,0,0,2,0,0,0,0,1
effort,0,0,0,0,5,0,0,0,0,0
table,0,0,0,0,7,0,0,0,0,0
engineer,0,0,0,0,7,0,0,0,1,0
found,0,0,0,0,0,0,0,0,13,0
release,0,0,0,0,47,0,0,0,115,0
banner,0,0,0,0,1,0,0,0,0,0
produce,0,0,0,0,0,0,0,0,32,0
face,0,0,0,0,4,0,0,0,10,0
lawsuit,0,0,0,0,2,0,0,0,0,0
pioneer,0,0,0,0,3,0,0,0,0,0
field,0,0,0,0,6,0,0,0,0,0
manager,0,0,0,0,2,0,0,0,0,0
devise,0,0,0,0,0,0,0,0,4,0
involve,0,0,0,0,0,0,0,0,8,0
chase,0,0,0,0,1,0,0,0,2,0
television,0,0,0,0,25,0,0,0,0,0
intrigue,0,0,0,0,1,0,0,0,1,0
management,0,0,0,0,16,0,0,0,0,0
authorize,0,0,0,0,0,0,0,0,1,0
concept,0,0,0,0,6,0,0,0,0,0
team,0,0,0,0,14,0,0,0,1,0
experiment,0,0,0,0,2,0,0,0,4,0
idea,0,0,0,0,4,0,0,0,0,0
delivery,0,0,0,0,1,0,0,0,0,0
mechanism,0,0,0,0,1,0,0,0,0,0
initial,5,0,0,0,0,0,0,0,0,0
plan,0,0,0,0,4,0,0,0,2,0
suggest,0,0,0,0,0,0,0,0,1,0
cable,0,0,0,0,2,0,0,0,0,0
supplement,0,0,0,0,0,0,0,0,1,0
content,0,0,0,0,11,0,0,0,0,0
simulated,1,0,0,0,0,0,0,0,0,0
wood,0,0,0,0,1,0,0,0,0,0
paneling,0,0,0,0,1,0,0,0,0,0
cover,0,0,0,0,3,0,0,0,2,0
exterior,0,0,0,0,1,0,0,0,0,0
prototype,0,0,0,0,6,0,0,0,0,0
include,0,0,0,0,0,0,0,0,80,0
primarily,0,0,5,0,0,0,0,0,0,0
defense,0,0,0,0,1,0,0,0,0,0
contractor,0,0,0,0,1,0,0,0,0,0
far,0,0,4,0,0,0,0,0,0,0
outside,1,5,0,0,0,0,0,0,0,0
realm,0,0,0,0,2,0,0,0,0,0
expertise,0,0,0,0,1,0,0,0,0,0
approach,0,0,0,0,1,0,0,0,3,0
follow,0,0,0,0,0,0,0,0,17,0
submit,0,0,0,0,0,0,0,0,1,0
patent,0,0,0,0,11,0,0,0,0,0
application,0,0,0,0,6,0,0,0,0,0
training,0,0,0,0,9,0,0,0,0,0
apparatus,0,0,0,0,2,0,0,0,0,0
reach,0,0,0,0,0,0,0,0,8,0
exclusive,4,0,0,0,0,0,0,0,0,0
licensing,0,0,0,0,5,0,0,0,0,0
agreement,0,0,0,0,2,0,0,0,0,0
manufacturer,0,0,0,0,19,0,0,0,0,0
debut,0,0,0,0,9,0,0,0,17,0
commercial,14,0,0,0,0,0,0,0,0,0
dub,0,0,0,0,0,0,0,0,2,0
sponsor,0,0,0,0,0,0,0,0,1,0
promotional,3,0,0,0,0,0,0,0,0,0
herald,0,0,0,0,0,0,0,0,2,0
attendee,0,0,0,0,2,0,0,0,0,0
event,0,0,0,0,8,0,0,0,0,0
claim,0,0,0,0,1,0,0,0,4,0
develop,0,0,0,0,0,0,0,0,49,0
prior,0,0,3,0,0,0,0,0,0,0
exposure,0,0,0,0,2,0,0,0,0,0
trouble,0,0,0,0,2,0,0,0,0,0
profound,3,0,0,0,0,0,0,0,0,0
questionable,1,0,0,0,0,0,0,0,0,0
origin,0,0,0,0,2,0,0,0,0,0
flagship,0,0,0,0,2,0,0,0,0,0
granting,0,0,0,0,1,0,0,0,0,0
essentially,0,0,3,0,0,0,0,0,0,0
gatekeeper,0,0,0,0,1,0,0,0,0,0
future,3,0,0,0,2,0,0,0,0,0
development,0,0,0,0,23,0,0,0,0,0
decade,0,0,0,0,7,0,0,0,0,0
developer,0,0,0,0,32,0,0,0,0,0
legal,6,0,0,0,0,0,0,0,0,0
challenge,0,0,0,0,14,0,0,0,8,0
settle,0,0,0,0,0,0,0,0,4,0
sublicensee,0,0,0,0,1,0,0,0,0,0
courtroom,0,0,0,0,2,0,0,0,0,0
victory,0,0,0,0,5,0,0,0,0,0
strength,0,0,0,0,13,0,0,0,0,0
position,0,0,0,0,4,0,0,0,0,0
notably,0,0,4,0,0,0,0,0,0,0
grant,0,0,0,0,0,0,0,0,3,0
employee,0,0,0,0,3,0,0,0,0,0
improve,0,0,0,0,0,0,0,0,21,0
standing,0,0,0,0,2,0,0,0,0,0
dominant,1,0,0,0,0,0,0,0,0,0
grow,0,0,0,0,0,0,0,0,6,0
filing,0,0,0,0,1,0,0,0,0,0
extremely,0,0,6,0,0,0,0,0,0,0
reverse,0,0,1,0,1,0,0,0,2,0
case,0,0,0,0,1,0,0,0,0,0
actually,0,0,3,0,0,0,0,0,0,0
specific,12,0,0,0,0,0,0,0,0,0
spell,0,0,0,0,2,0,0,0,1,0
exactly,0,0,1,0,0,0,0,0,0,0
unit,0,0,0,0,23,0,0,0,0,0
interact,0,0,0,0,0,0,0,0,13,0
manipulate,0,0,0,0,0,0,0,0,2,0
onscreen,4,0,0,0,0,0,0,0,0,0
specificity,0,0,0,0,1,0,0,0,0,0
fuel,0,0,0,0,0,0,0,0,3,0
uninterrupted,2,0,0,0,0,0,0,0,0,0
string,0,0,0,0,1,0,0,0,0,0
maker,0,0,0,0,4,0,0,0,0,0
try,0,0,0,0,0,0,0,0,14,0
unsuccessfully,0,0,1,0,0,0,0,0,0,0
basis,0,0,0,0,8,0,0,0,0,0
true,6,0,0,0,0,0,0,0,0,0
reject,0,0,0,0,0,0,0,0,2,0
escapade,0,0,0,0,1,0,0,0,0,0
stifle,0,0,0,0,0,0,0,0,1,0
growth,0,0,0,0,5,0,0,0,0,0
industry,0,0,0,0,25,0,0,0,0,0
sell,0,0,0,0,0,0,0,0,37,0
ten,0,0,0,0,2,0,0,0,0,0
million,0,0,0,0,11,26,0,0,0,0
worldwide,3,0,7,0,0,0,0,0,0,0
fact,0,0,0,0,5,0,0,0,0,0
gamer,0,0,0,0,28,0,0,0,0,0
soon,0,0,18,0,0,0,0,0,0,0
awash,1,0,0,0,0,0,0,0,0,0
boast,0,0,0,0,0,0,0,0,7,0
selection,0,0,0,0,3,0,0,0,0,0
title,0,0,0,0,72,0,0,0,1,0
adapt,0,0,0,0,0,0,0,0,6,0
popular,85,0,0,0,0,0,0,0,0,0
traditional,5,0,0,0,0,0,0,0,0,0
joystick,0,0,0,0,8,0,0,0,0,0
unique,19,0,0,0,0,0,0,0,0,0
disc,0,0,0,0,2,0,0,0,0,0
shape,0,0,0,0,0,0,0,0,3,0
controller,0,0,0,0,17,0,0,0,0,0
incorporate,0,0,0,0,0,0,0,0,8,0
voice,0,0,0,0,6,0,0,0,0,0
greatly,0,0,6,0,0,0,0,0,0,0
assortment,0,0,0,0,4,0,0,0,0,0
peripheral,0,0,0,0,2,0,0,0,0,0
push,0,0,0,0,0,0,0,0,7,0
limit,0,0,0,0,4,0,0,0,3,0
exist,0,0,0,0,0,0,0,0,4,0
fantastic,1,0,0,0,0,0,0,0,0,0
collapse,0,0,0,0,0,0,0,0,2,0
dozen,0,0,0,0,12,0,0,0,0,0
company,0,0,0,0,83,0,0,0,0,0
middling,1,0,0,0,0,0,0,0,0,0
quality,0,0,0,0,8,0,0,0,0,0
wild,1,0,0,0,0,0,0,0,0,0
west,0,0,0,0,1,0,0,0,0,0
atmosphere,0,0,0,0,2,0,0,0,0,0
seize,0,0,0,0,0,0,0,0,1,0
unlikely,2,0,0,0,0,0,0,0,0,0
breakfast,0,0,0,0,1,0,0,0,0,0
food,0,0,0,0,4,0,0,0,0,0
enter,0,0,0,0,0,0,0,0,4,0
capitalize,0,0,0,0,0,0,0,0,2,0
craze,0,0,0,0,2,0,0,0,0,0
flood,0,0,0,0,1,0,0,0,2,0
poor,3,0,0,0,0,0,0,0,0,0
consumer,0,0,0,0,3,0,0,0,0,0
wholesale,1,0,0,0,0,0,0,0,0,0
diehard,0,0,0,0,1,0,0,0,0,0
turn,0,0,0,0,11,0,0,0,10,0
attention,0,0,0,0,6,0,0,0,0,0
emerge,0,0,0,0,0,0,0,0,6,0
robust,7,0,0,0,0,0,0,0,0,0
range,0,0,0,0,3,0,0,0,5,0
budget,0,0,0,0,1,0,0,0,0,0
casual,4,0,0,0,0,0,0,0,0,0
freefall,0,0,0,0,1,0,0,0,0,0
microcomputer,0,0,0,0,1,0,0,0,0,0
introduce,0,0,0,0,0,0,0,0,16,0
color,0,0,0,0,2,0,0,0,0,0
impressive,3,0,0,0,0,0,0,0,0,0
ram,0,0,0,0,1,0,0,0,0,0
quickly,0,0,9,0,0,0,0,0,0,0
good,12,0,0,0,2,0,0,0,0,0
adventure,0,0,0,0,34,0,0,0,0,0
outstanding,4,0,0,0,0,0,0,0,0,0
notable,5,0,0,0,0,0,0,0,0,0
addition,0,0,0,0,13,0,0,0,0,0
host,0,0,0,0,1,0,0,0,4,0
productivity,0,0,0,0,1,0,0,0,0,0
set,0,0,0,0,8,0,0,0,28,0
apart,0,0,7,0,0,0,0,0,0,0
numerous,18,0,0,0,0,0,0,0,0,0
enhancement,0,0,0,0,1,0,0,0,0,0
change,0,0,0,0,4,0,0,0,5,0
keyboard,0,0,0,0,2,0,0,0,0,0
configuration,0,0,0,0,3,0,0,0,0,0
improvement,0,0,0,0,8,0,0,0,0,0
readily,0,0,1,0,0,0,0,0,0,0
flight,0,0,0,0,5,0,0,0,0,0
military,7,0,0,0,0,0,0,0,0,0
strategy,0,0,0,0,22,0,0,0,0,0
integration,0,0,0,0,3,0,0,0,0,0
internal,1,0,0,0,0,0,0,0,0,0
hard,6,0,0,0,0,0,0,0,0,0
drive,0,0,0,0,2,0,0,0,6,0
floppy,1,0,0,0,0,0,0,0,0,0
disk,0,0,0,0,1,0,0,0,0,0
user,0,0,0,0,27,0,0,0,0,0
save,1,0,0,0,0,0,0,0,8,0
progress,0,0,0,0,7,0,0,0,7,0
intention,0,0,0,0,1,0,0,0,0,0
return,0,0,0,0,0,0,0,0,3,0
crucial,1,0,0,0,0,0,0,0,0,0
know,0,0,0,0,0,0,0,0,27,0
prepare,0,0,0,0,0,0,0,0,2,0
japanese,19,0,0,0,0,0,0,0,0,0
old,6,0,0,0,0,0,0,0,0,0
seminal,1,0,0,0,0,0,0,0,0,0
barrel,0,0,0,0,3,0,0,0,0,0
throw,0,0,0,0,0,0,0,0,3,0
ape,0,0,0,0,5,0,0,0,0,0
intrepid,2,0,0,0,0,0,0,0,0,0
plumber,0,0,0,0,4,0,0,0,0,0
eventually,0,0,10,0,0,0,0,0,0,0
inspiration,0,0,0,0,5,0,0,0,0,0
flurry,0,0,0,0,1,0,0,0,0,0
sequel,0,0,0,0,61,0,0,0,0,0
implosion,0,0,0,0,1,0,0,0,0,0
fill,0,0,0,0,0,0,0,0,6,0
subsequent,8,0,0,0,0,0,0,0,0,0
void,0,0,0,0,1,0,0,0,1,0
bit,0,0,0,0,26,0,0,0,0,0
launch,0,0,0,0,9,0,0,0,13,0
rebirth,0,0,0,0,1,0,0,0,0,0
battery,0,0,0,0,3,0,0,0,0,0
backup,1,0,0,0,1,0,0,0,0,0
innovation,0,0,0,0,8,0,0,0,0,0
long,3,0,11,0,0,0,0,0,0,0
combine,0,0,0,0,0,0,0,0,14,0
breakthrough,1,0,0,0,1,0,0,0,0,0
inventory,0,0,0,0,2,0,0,0,0,0
engaging,7,0,0,0,0,0,0,0,0,0
landmark,0,0,0,0,2,0,0,0,0,0
history,0,0,0,0,11,0,0,0,0,0
ultimately,0,0,1,0,0,0,0,0,0,0
collectively,0,0,2,0,0,0,0,0,0,0
critical,15,0,0,0,0,0,0,0,0,0
assure,0,0,0,0,0,0,0,0,2,0
rank,0,0,0,0,1,0,0,0,0,0
royalty,0,0,0,0,1,0,0,0,0,0
ongoing,3,0,0,0,0,0,0,0,0,0
list,0,0,0,0,7,0,0,0,0,0
mean,0,0,0,0,1,0,0,0,3,0
individual,4,0,0,0,2,0,0,0,0,0
personally,0,0,1,0,0,0,0,0,0,0
lift,0,0,0,0,0,0,0,0,1,0
doldrum,0,0,0,0,2,0,0,0,0,0
ensure,0,0,0,0,0,0,0,0,2,0
survival,0,0,0,0,3,0,0,0,0,0
interactive,14,0,0,0,0,0,0,0,0,0
circuitry,0,0,0,0,2,0,0,0,0,0
general,5,0,0,0,1,0,0,0,0,0
purpose,0,0,0,0,4,0,0,0,0,0
shared,1,0,0,0,0,0,0,0,0,0
connect,0,0,0,0,0,0,0,0,9,0
mobile,7,0,0,0,0,0,0,0,0,0
cellular,3,0,0,0,0,0,0,0,0,0
phone,0,0,0,0,6,0,0,0,0,0
server,0,0,0,0,7,0,0,0,0,0
base,0,0,0,0,6,0,0,0,64,0
term,0,0,0,0,6,0,0,0,1,0
totality,0,0,0,0,1,0,0,0,0,0
format,0,0,0,0,8,0,0,0,0,0
refer,0,0,0,0,0,0,0,0,5,0
initially,0,0,5,0,0,0,0,0,0,0
payoff,0,0,0,0,1,0,0,0,0,0
expect,0,0,0,0,0,0,0,0,2,0
activity,0,0,0,0,8,0,0,0,0,0
closely,0,0,4,0,0,0,0,0,0,0
relate,0,0,0,0,0,0,0,0,3,0
study,0,0,0,0,2,0,0,0,0,0
computation,0,0,0,0,1,0,0,0,0,0
mathematician,0,0,0,0,2,0,0,0,0,0
propose,0,0,0,0,0,0,0,0,2,0
chess,0,0,0,0,12,0,0,0,0,0
question,0,0,0,0,0,0,0,0,1,0
think,0,0,0,0,0,0,0,0,1,0
proposal,0,0,0,0,1,0,0,0,0,0
stimulate,0,0,0,0,0,0,0,0,2,0
research,0,0,0,0,4,0,0,0,1,0
chessand,0,0,0,0,1,0,0,0,0,0
checker,0,0,0,0,1,0,0,0,0,0
generally,0,0,7,0,0,0,0,0,0,0
scientist,0,0,0,0,3,0,0,0,0,0
work,0,0,0,0,9,0,0,0,6,0
artificial,12,0,0,0,0,0,0,0,0,0
intelligence,0,0,0,0,10,0,0,0,0,0
industrial,3,0,0,0,0,0,0,0,0,0
hour,0,0,0,0,10,0,0,0,0,0
amusement,0,0,0,0,2,0,0,0,0,0
public,6,0,0,0,0,0,0,0,0,0
begin,0,0,0,0,0,0,0,0,23,0
attach,0,0,0,0,0,0,0,0,5,0
hacker,0,0,0,0,2,0,0,0,0,0
culture,0,0,0,0,7,0,0,0,0,0
campus,0,0,0,0,2,0,0,0,0,0
author,0,0,0,0,3,0,0,0,0,0
member,0,0,0,0,4,0,0,0,0,0
software,0,0,0,0,27,0,0,0,0,0
build,0,0,0,0,0,0,0,0,17,0
spaceship,0,0,0,0,3,0,0,0,0,0
depict,0,0,0,0,0,0,0,0,5,0
accurate,2,0,0,0,0,0,0,0,0,0
maneuver,0,0,0,0,1,0,0,0,5,0
competitive,7,0,0,0,0,0,0,0,0,0
match,0,0,0,0,11,0,0,0,6,0
adoption,0,0,0,0,1,0,0,0,0,0
ubiquitous,1,0,0,0,0,0,0,0,0,0
institution,0,0,0,0,1,0,0,0,0,0
electrical,1,0,0,0,0,0,0,0,0,0
engineering,0,0,0,0,2,0,0,0,0,0
graduate,0,0,0,0,1,0,0,0,1,0
move,0,0,0,0,8,0,0,0,10,0
park,0,0,0,0,1,0,0,0,0,0
college,0,0,0,0,1,0,0,0,0,0
dream,0,0,0,0,1,0,0,0,1,0
coworker,0,0,0,0,1,0,0,0,0,0
wildly,0,0,3,0,0,0,0,0,0,0
futuristic,2,0,0,0,0,0,0,0,0,0
manufacture,0,0,0,0,0,0,0,0,5,0
vendor,0,0,0,0,1,0,0,0,0,0
establish,0,0,0,0,0,0,0,0,15,0
technical,6,0,0,0,0,0,0,0,0,0
alumnus,0,0,0,0,1,0,0,0,0,0
ask,0,0,0,0,0,0,0,0,1,0
explain,0,0,0,0,0,0,0,0,1,0
receive,0,0,0,0,0,0,0,0,15,0
contract,0,0,0,0,2,0,0,0,0,0
adept,1,0,0,0,0,0,0,0,0,0
unable,1,0,0,0,0,0,0,0,1,0
interest,0,0,0,0,7,0,0,0,1,0
pinball,0,0,0,0,1,0,0,0,0,0
instal,0,0,0,0,0,0,0,0,1,0
local,4,0,0,0,0,0,0,0,0,0
bar,0,0,0,0,3,0,0,0,0,0
clear,2,0,0,0,0,0,0,0,1,0
obstacle,0,0,0,0,3,0,0,0,0,0
pose,0,0,0,0,0,0,0,0,2,0
hold,0,0,0,0,2,0,0,0,2,0
gear,0,0,0,0,0,0,0,0,1,0
volume,0,0,0,0,1,0,0,0,0,0
draw,0,0,0,0,1,0,0,0,5,0
competitor,0,0,0,0,7,0,0,0,0,0
business,0,0,0,0,10,0,0,0,0,0
main,6,0,0,0,0,0,0,0,0,0
source,0,0,0,0,4,0,0,0,0,0
innovative,14,0,0,0,0,0,0,0,0,0
firm,0,0,0,0,1,0,0,0,0,0
integrate,0,0,0,0,0,0,0,0,6,0
lead,2,0,0,0,1,0,0,0,18,0
hand,0,0,0,0,3,0,0,0,0,0
secure,0,0,0,0,0,0,0,0,3,0
permission,0,0,0,0,1,0,0,0,0,0
funding,0,0,0,0,1,0,0,0,0,0
assemble,0,0,0,0,0,0,0,0,2,0
promising,1,0,0,0,0,0,0,0,0,0
deliver,0,0,0,0,0,0,0,0,1,0
household,0,0,0,0,1,0,0,0,0,0
complete,1,0,0,0,0,0,0,0,17,0
solid,2,0,0,0,0,0,0,0,0,0
acquire,0,0,0,0,0,0,0,0,11,0
right,1,0,2,0,6,0,0,0,0,0
production,0,0,0,0,6,0,0,0,0,0
forge,0,0,0,0,0,0,0,0,2,0
ahead,0,0,1,0,0,0,0,0,0,0
imitation,0,0,0,0,2,0,0,0,0,0
expand,0,0,0,0,0,0,0,0,12,0
distribute,0,0,0,0,0,0,0,0,7,0
intensify,0,0,0,0,0,0,0,0,1,0
brutal,2,0,0,0,0,0,0,0,0,0
competition,0,0,0,0,11,0,0,0,0,0
programmable,2,0,0,0,0,0,0,0,0,0
rom,0,0,0,0,1,0,0,0,0,0
cartridge,0,0,0,0,8,0,0,0,0,0
distribution,0,0,0,0,3,0,0,0,0,0
storage,0,0,0,0,6,0,0,0,0,0
sense,0,0,0,0,2,0,0,0,1,0
insert,0,0,0,0,0,0,0,0,1,0
special,12,0,0,0,0,0,0,0,0,0
slot,0,0,0,0,3,0,0,0,0,0
encourage,0,0,0,0,0,0,0,0,6,0
separation,0,0,0,0,1,0,0,0,0,0
hardware,0,0,0,0,6,0,0,0,0,0
north,1,0,0,0,0,0,0,0,0,0
american,47,0,0,0,0,0,0,0,0,0
variety,0,0,0,0,23,0,0,0,0,0
beginning,0,0,0,0,5,0,0,0,0,0
era,0,0,0,0,6,0,0,0,0,0
cofounder,0,0,0,0,3,0,0,0,0,0
designer,0,0,0,0,20,0,0,0,0,0
employ,0,0,0,0,0,0,0,0,4,0
chip,0,0,0,0,4,0,0,0,0,0
colour,0,0,0,0,6,0,0,0,0,0
sound,0,0,0,0,2,0,0,0,0,0
originally,0,0,14,0,0,0,0,0,0,0
bundle,0,0,0,0,0,0,0,0,1,0
paddle,0,0,0,0,2,0,0,0,0,0
store,0,0,0,0,6,0,0,0,1,0
double,1,0,0,0,0,0,0,0,1,0
rename,0,0,0,0,0,0,0,0,5,0
advanced,18,0,0,0,0,0,0,0,0,0
span,0,0,0,0,1,0,0,0,0,0
halt,0,0,0,0,0,0,0,0,1,0
classic,6,0,0,0,4,0,0,0,0,0
aficionado,0,0,0,0,1,0,0,0,0,0
continue,0,0,0,0,0,0,0,0,18,0
mimic,0,0,0,0,0,0,0,0,2,0
look,0,0,0,0,1,0,0,0,2,0
pc,0,0,0,0,24,0,0,0,0,0
exclusively,0,0,4,0,0,0,0,0,0,0
focus,0,0,0,0,2,0,0,0,12,0
poorly,0,0,1,0,0,0,0,0,0,0
backlash,0,0,0,0,1,0,0,0,0,0
sharp,2,0,0,0,0,0,0,0,0,0
decline,0,0,0,0,3,0,0,0,6,0
momentum,0,0,0,0,2,0,0,0,0,0
split,0,0,0,0,0,0,0,0,1,0
issue,0,0,0,0,5,0,0,0,1,0
creator,0,0,0,0,7,0,0,0,0,0
executive,0,0,0,0,2,0,0,0,0,0
response,0,0,0,0,5,0,0,0,0,0
essential,2,0,0,0,0,0,0,0,0,0
brand,0,0,0,0,2,0,0,0,0,0
identity,0,0,0,0,2,0,0,0,0,0
credit,0,0,0,0,1,0,0,0,2,0
formation,0,0,0,0,2,0,0,0,0,0
join,0,0,0,0,0,0,0,0,8,0
fellow,2,0,0,0,0,0,0,0,0,0
immediately,0,0,3,0,0,0,0,0,0,0
attempt,0,0,0,0,2,0,0,0,5,0
preserve,0,0,0,0,0,0,0,0,1,0
monopoly,0,0,0,0,1,0,0,0,0,0
suit,0,0,0,0,1,0,0,0,0,0
thrive,0,0,0,0,0,0,0,0,4,0
sport,0,0,0,0,17,0,0,0,1,0
vibrant,1,0,0,0,0,0,0,0,0,0
fluid,3,0,0,0,0,0,0,0,0,0
genre,0,0,0,0,75,0,0,0,0,0
wave,0,0,0,0,2,0,0,0,0,0
imitator,0,0,0,0,1,0,0,0,0,0
dubious,1,0,0,0,0,0,0,0,0,0
weight,0,0,0,0,1,0,0,0,0,0
overexpansion,0,0,0,0,1,0,0,0,0,0
weather,0,0,0,0,1,0,0,0,1,0
storm,0,0,0,0,1,0,0,0,1,0
burgeon,0,0,0,0,0,0,0,0,2,0
ill,0,0,1,0,0,0,0,0,0,0
acquisition,0,0,0,0,1,0,0,0,0,0
text,0,0,0,0,15,0,0,0,0,0
publisher,0,0,0,0,7,0,0,0,0,0
doom,0,0,0,0,0,0,0,0,1,0
corporate,3,0,0,0,0,0,0,0,0,0
reorganization,0,0,0,0,1,0,0,0,0,0
departure,0,0,0,0,5,0,0,0,0,0
creative,2,0,0,0,0,0,0,0,0,0
talent,0,0,0,0,3,0,0,0,0,0
founder,0,0,0,0,4,0,0,0,0,0
abandon,0,0,0,0,0,0,0,0,6,0
favour,0,0,0,0,4,0,0,0,0,0
rebrand,0,0,0,0,0,0,0,0,1,0
multipurpose,1,0,0,0,0,0,0,0,0,0
struggle,0,0,0,0,0,0,0,0,2,0
stay,0,0,0,0,0,0,0,0,3,0
afloat,0,0,1,0,0,0,0,0,0,0
ownership,0,0,0,0,2,0,0,0,0,0
signal,0,0,0,0,1,0,0,0,4,0
dramatic,2,0,0,0,0,0,0,0,0,0
turnaround,0,0,0,0,1,0,0,0,0,0
spend,0,0,0,0,0,0,0,0,5,0
past,0,0,0,0,1,0,0,0,0,0
talented,1,0,0,0,0,0,0,0,0,0
win,0,0,0,0,0,0,0,0,17,0
acclaim,0,0,0,0,9,0,0,0,4,0
offering,0,0,0,0,1,0,0,0,0,0
like,2,5,0,0,0,0,0,0,1,0
stylish,1,0,0,0,0,0,0,0,0,0
funk,0,0,0,0,1,0,0,0,0,0
infuse,0,0,0,0,0,0,0,0,1,0
vehicle,0,0,0,0,17,0,0,0,0,0
anticipate,0,0,0,0,0,0,0,0,1,0
lucrative,1,0,0,0,0,0,0,0,0,0
partnership,0,0,0,0,2,0,0,0,0,0
independent,3,0,0,0,0,0,0,0,0,0
soar,0,0,0,0,0,0,0,0,1,0
typical,8,0,0,0,0,0,0,0,0,0
bring,0,0,0,0,0,0,0,0,7,0
profit,0,0,0,0,3,0,0,0,0,0
emphasize,0,0,0,0,0,0,0,0,7,0
simplicity,0,0,0,0,1,0,0,0,0,0
action,0,0,0,0,34,0,0,0,0,0
partly,0,0,1,0,0,0,0,0,0,0
necessity,0,0,0,0,1,0,0,0,0,0
limitation,0,0,0,0,1,0,0,0,0,0
rudimentary,1,0,0,0,0,0,0,0,0,0
component,0,0,0,0,3,0,0,0,0,0
limited,5,0,0,0,0,0,0,0,0,0
memory,0,0,0,0,3,0,0,0,0,0
available,21,0,0,0,0,0,0,0,0,0
trait,0,0,0,0,2,0,0,0,0,0
reflect,0,0,0,0,0,0,0,0,1,0
swallow,0,0,0,0,0,0,0,0,1,0
possible,8,0,0,0,0,0,0,0,0,0
elegantly,0,0,1,0,0,0,0,0,0,0
streamline,0,0,0,0,0,0,0,0,1,0
strategic,5,0,0,0,0,0,0,0,0,0
depth,0,0,0,0,3,0,0,0,0,0
narrative,1,0,0,0,8,0,0,0,0,0
simulation,0,0,0,0,18,0,0,0,0,0
value,0,0,0,0,2,0,0,0,1,0
restriction,0,0,0,0,1,0,0,0,0,0
rely,0,0,0,0,0,0,0,0,3,0
networking,0,0,0,0,9,0,0,0,0,0
academic,1,0,0,0,0,0,0,0,0,0
appear,0,0,0,0,0,0,0,0,7,0
researcher,0,0,0,0,1,0,0,0,0,0
codevelope,0,0,0,0,0,0,0,0,1,0
widely,0,0,2,0,0,0,0,0,0,0
listing,0,0,0,0,1,0,0,0,0,0
magazine,0,0,0,0,7,0,0,0,0,0
probably,0,0,2,0,0,0,0,0,0,0
notion,0,0,0,0,2,0,0,0,0,0
define,0,0,0,0,0,0,0,0,5,0
virtual,31,0,0,0,0,0,0,0,0,0
inputte,0,0,0,0,0,0,0,0,2,0
command,0,0,0,0,5,0,0,0,1,0
room,0,0,0,0,7,0,0,0,0,0
coordinate,0,0,0,0,1,0,0,0,0,0
considerable,1,0,0,0,0,0,0,0,0,0
freedom,0,0,0,0,4,0,0,0,0,0
navigation,0,0,0,0,1,0,0,0,0,0
cave,0,0,0,0,2,0,0,0,0,0
dungeon,0,0,0,0,9,0,0,0,0,0
castle,0,0,0,0,5,0,0,0,0,0
easily,0,0,4,0,0,0,0,0,0,0
extend,0,0,0,0,0,0,0,0,8,0
result,0,0,0,0,2,0,0,0,7,0
similar,19,0,0,0,0,0,0,0,0,0
ilk,0,0,0,0,1,0,0,0,0,0
experience,0,0,0,0,25,0,0,0,2,0
style,0,0,0,0,19,0,0,0,0,0
role,0,0,0,0,38,0,0,0,0,0
fantasy,0,0,0,0,19,0,0,0,0,0
theme,0,0,0,0,7,0,0,0,3,0
reminiscent,1,0,0,0,0,0,0,0,0,0
language,0,0,0,0,6,0,0,0,0,0
category,0,0,0,0,5,0,0,0,0,0
usually,0,0,4,0,0,0,0,0,0,0
fiction,0,0,0,0,16,0,0,0,0,0
structure,0,0,0,0,3,0,0,0,0,0
description,0,0,0,0,1,0,0,0,0,0
item,0,0,0,0,21,0,0,0,0,0
choice,0,0,0,0,6,0,0,0,0,0
wander,0,0,0,0,0,0,0,0,1,0
collect,0,0,0,0,0,0,0,0,2,0
defeat,0,0,0,0,3,0,0,0,11,0
monster,0,0,0,0,7,0,0,0,0,0
elaborate,6,0,0,0,0,0,0,0,0,0
copy,0,0,0,0,12,0,0,0,0,0
carefully,0,0,1,0,0,0,0,0,0,0
revise,0,0,0,0,0,0,0,0,2,0
increase,0,0,0,0,0,0,0,0,7,0
variant,0,0,0,0,1,0,0,0,0,0
graphical,5,0,0,0,0,0,0,0,0,0
breed,0,0,0,0,1,0,0,0,0,0
equip,0,0,0,0,0,0,0,0,1,0
flexible,2,0,0,0,0,0,0,0,0,0
capacity,0,0,0,0,2,0,0,0,0,0
retain,0,0,0,0,0,0,0,0,2,0
organize,0,0,0,0,0,0,0,0,3,0
decide,0,0,0,0,0,0,0,0,3,0
sophisticated,4,0,0,0,0,0,0,0,0,0
descendant,0,0,0,0,1,0,0,0,0,0
characteristic,3,0,0,0,3,0,0,0,0,0
enable,0,0,0,0,0,0,0,0,6,0
database,0,0,0,0,3,0,0,0,0,0
object,0,0,0,0,4,0,0,0,1,0
simplify,0,0,0,0,0,0,0,0,3,0
construction,0,0,0,0,2,0,0,0,0,0
nonsense,0,0,0,0,1,0,0,0,0,0
practically,0,0,1,0,0,0,0,0,0,0
log,0,0,0,0,0,0,0,0,2,0
precursor,0,0,0,0,2,0,0,0,0,0
gain,0,0,0,0,0,0,0,0,18,0
cult,0,0,0,0,2,0,0,0,0,0
status,0,0,0,0,4,0,0,0,0,0
form,0,0,0,0,5,0,0,0,10,0
identify,0,0,0,0,0,0,0,0,1,0
take,0,0,0,0,0,0,0,0,15,0
advantage,0,0,0,0,7,0,0,0,0,0
flexibility,0,0,0,0,1,0,0,0,0,0
paper,0,0,0,0,3,0,0,0,0,0
pencil,0,0,0,0,1,0,0,0,0,0
board,0,0,0,0,10,0,0,0,0,0
particularly,0,0,4,0,0,0,0,0,0,0
literary,1,0,0,0,0,0,0,0,0,0
mystery,0,0,0,0,3,0,0,0,0,0
directly,0,0,5,0,0,0,0,0,0,0
disdain,0,0,0,0,0,0,0,0,1,0
method,0,0,0,0,1,0,0,0,0,0
varied,1,0,0,0,0,0,0,0,0,0
building,0,0,0,0,2,0,0,0,0,0
technique,0,0,0,0,6,0,0,0,0,0
parsing,0,0,0,0,1,0,0,0,0,0
learn,0,0,0,0,0,0,0,0,4,0
imagination,0,0,0,0,1,0,0,0,0,0
playing,0,0,0,0,10,0,0,0,0,0
publish,0,0,0,0,0,0,0,0,8,0
multimedia,0,0,0,0,2,0,0,0,0,0
storytelling,0,0,0,0,1,0,0,0,0,0
networked,2,0,0,0,1,0,0,0,0,0
dimension,0,0,0,0,2,0,0,0,0,0
possibility,0,0,0,0,2,0,0,0,0,0
interaction,0,0,0,0,6,0,0,0,0,0
thoroughly,0,0,1,0,0,0,0,0,0,0
project,0,0,0,0,4,0,0,0,0,0
modem,0,0,0,0,3,0,0,0,0,0
access,0,0,0,0,4,0,0,0,1,0
multiplayer,44,0,0,0,10,0,0,0,0,0
world,0,0,0,0,69,0,0,0,0,0
structured,1,0,0,0,0,0,0,0,0,0
hundred,0,0,0,0,2,0,0,0,0,0
equal,0,0,0,0,0,0,0,0,1,0
exceed,0,0,0,0,0,0,0,0,2,0
important,6,0,0,0,0,0,0,0,0,0
fully,0,0,3,0,0,0,0,0,0,0
exploit,0,0,0,0,0,0,0,0,4,0
deep,5,0,0,0,0,0,0,0,0,0
comparison,0,0,0,0,1,0,0,0,0,0
medium,0,0,0,0,5,0,0,0,0,0
cinema,0,0,0,0,1,0,0,0,0,0
originate,0,0,0,0,0,0,0,0,3,0
merge,0,0,0,0,0,0,0,0,3,0
standout,0,0,0,0,2,0,0,0,0,0
undergo,0,0,0,0,0,0,0,0,3,0
rival,1,0,0,0,3,0,0,0,2,0
see,0,0,0,0,0,0,0,0,8,0
aggressive,2,0,0,0,0,0,0,0,0,0
marketing,0,0,0,0,3,0,0,0,0,0
campaign,0,0,0,0,7,0,0,0,0,0
help,0,0,0,0,1,0,0,0,32,0
superior,8,0,0,0,0,0,0,0,0,0
able,9,0,0,0,0,0,0,0,0,0
recapture,0,0,0,0,0,0,0,0,1,0
portion,0,0,0,0,1,0,0,0,0,0
speedy,1,0,0,0,0,0,0,0,0,0
blue,1,0,0,0,0,0,0,0,0,0
namesake,0,0,0,0,1,0,0,0,0,0
modern,9,0,0,0,0,0,0,0,0,0
mascot,0,0,0,0,3,0,0,0,0,0
go,0,0,0,0,0,0,0,0,15,0
supremacy,0,0,0,0,2,0,0,0,0,0
ensue,0,0,0,0,0,0,0,0,2,0
war,0,0,0,0,13,0,0,0,0,0
cause,0,0,0,0,1,0,0,0,6,0
introduction,0,0,0,0,6,0,0,0,0,0
monochrome,1,0,0,0,0,0,0,0,0,0
portable,3,0,0,0,0,0,0,0,0,0
puzzle,0,0,0,0,20,0,0,0,0,0
international,4,0,0,0,0,0,0,0,0,0
seller,0,0,0,0,3,0,0,0,0,0
ideally,0,0,1,0,0,0,0,0,0,0
suited,1,0,0,0,0,0,0,0,0,0
graphically,0,0,4,0,0,0,0,0,0,0
primitive,2,0,0,0,0,0,0,0,0,0
accustom,0,0,0,0,0,0,0,0,1,0
lifelike,1,0,0,0,0,0,0,0,0,0
groundbreaking,6,0,0,0,0,0,0,0,0,0
consist,0,0,0,0,0,0,0,0,7,0
bear,0,0,0,0,0,0,0,0,4,0
lay,0,0,0,0,0,0,0,0,5,0
groundwork,0,0,0,0,2,0,0,0,0,0
make,0,0,0,0,0,0,0,0,11,0
people,0,0,0,0,11,0,0,0,0,0
roller,0,0,0,0,1,0,0,0,0,0
skating,0,0,0,0,1,0,0,0,0,0
rink,0,0,0,0,1,0,0,0,0,0
strike,0,0,0,0,0,0,0,0,2,0
deal,0,0,0,0,3,0,0,0,2,0
temporarily,0,0,3,0,0,0,0,0,0,0
sue,0,0,0,0,0,0,0,0,2,0
steal,0,0,0,0,0,0,0,0,3,0
uphold,0,0,0,0,0,0,0,0,1,0
license,0,0,0,0,0,0,0,0,11,0
pay,0,0,0,0,0,0,0,0,3,0
careful,2,0,0,0,0,0,0,0,0,0
hope,0,0,0,0,0,0,0,0,2,0
female,3,0,0,0,2,0,0,0,0,0
eating,0,0,0,0,1,0,0,0,0,0
oppose,0,0,0,0,0,0,0,0,4,0
shooting,0,0,0,0,4,0,0,0,0,0
alien,3,0,0,0,8,0,0,0,0,0
foe,0,0,0,0,3,0,0,0,0,0
prevail,0,0,0,0,0,0,0,0,2,0
instead,0,0,7,0,0,0,0,0,0,0
maze,0,0,0,0,3,0,0,0,0,0
devour,0,0,0,0,0,0,0,0,1,0
coloured,2,0,0,0,0,0,0,0,0,0
slang,0,0,0,0,1,0,0,0,0,0
paku,0,0,0,0,1,0,0,0,0,0
snapping,0,0,0,0,1,0,0,0,0,0
mouth,0,0,0,0,2,0,0,0,0,0
open,4,0,0,0,0,0,0,0,4,0
shut,1,0,0,0,0,0,0,0,0,0
resemble,0,0,0,0,0,0,0,0,3,0
pizza,0,0,0,0,1,0,0,0,0,0
slice,0,0,0,0,1,0,0,0,0,0
cut,0,0,0,0,0,0,0,0,2,0
challenging,5,0,0,0,0,0,0,0,0,0
ghost,0,0,0,0,2,0,0,0,0,0
catch,0,0,0,0,0,0,0,0,1,0
consume,0,0,0,0,0,0,0,0,2,0
predator,0,0,0,0,1,0,0,0,0,0
prey,0,0,0,0,1,0,0,0,0,0
eat,0,0,0,0,0,0,0,0,1,0
pill,0,0,0,0,1,0,0,0,0,0
sensation,0,0,0,0,2,0,0,0,0,0
pattern,0,0,0,0,3,0,0,0,0,0
obsess,0,0,0,0,0,0,0,0,1,0
precise,5,0,0,0,0,0,0,0,0,0
route,0,0,0,0,2,0,0,0,0,0
predictability,0,0,0,0,1,0,0,0,0,0
offset,0,0,0,0,0,0,0,0,1,0
sheer,2,0,0,0,0,0,0,0,0,0
immense,2,0,0,0,0,0,0,0,0,0
complexity,0,0,0,0,2,0,0,0,0,0
quest,0,0,0,0,16,0,0,0,0,0
perfect,1,0,0,0,0,0,0,0,0,0
resident,0,0,0,0,5,0,0,0,0,0
finally,0,0,3,0,0,0,0,0,0,0
earn,0,0,0,0,0,0,0,0,11,0
distinction,0,0,0,0,1,0,0,0,0,0
score,0,0,0,0,3,0,0,0,7,0
sixhour,0,0,0,0,1,0,0,0,0,0
session,0,0,0,0,4,0,0,0,0,0
impact,0,0,0,0,3,0,0,0,0,0
guide,0,0,0,0,1,0,0,0,0,0
song,0,0,0,0,11,0,0,0,0,0
cartoon,0,0,0,0,6,0,0,0,0,0
merchandise,0,0,0,0,1,0,0,0,0,0
article,0,0,0,0,1,0,0,0,0,0
countless,2,0,0,0,0,0,0,0,0,0
russian,2,0,0,0,0,0,0,0,0,0
fall,0,0,0,0,0,0,0,0,4,0
block,0,0,0,0,7,0,0,0,1,0
strategically,0,0,2,0,0,0,0,0,0,0
greek,3,0,0,0,0,0,0,0,0,0
tetra,0,0,0,0,1,0,0,0,0,0
square,0,0,0,0,2,0,0,0,0,0
word,0,0,0,0,2,0,0,0,0,0
revere,0,0,0,0,0,0,0,0,1,0
spawn,0,0,0,0,0,0,0,0,19,0
mechanic,0,0,0,0,7,0,0,0,0,0
differently,0,0,1,0,0,0,0,0,0,0
drop,0,0,0,0,0,0,0,0,3,0
descend,0,0,0,0,0,0,0,0,4,0
arrange,0,0,0,0,0,0,0,0,1,0
horizontal,1,0,0,0,0,0,0,0,0,0
row,0,0,0,0,3,0,0,0,0,0
disappear,0,0,0,0,0,0,0,0,1,0
prevent,0,0,0,0,0,0,0,0,4,0
stack,0,0,0,0,0,0,0,0,1,0
mode,0,0,0,0,18,0,0,0,0,0
twist,0,0,0,0,4,0,0,0,0,0
overall,4,0,0,0,0,0,0,0,0,0
mirror,0,0,0,0,0,0,0,0,2,0
endure,0,0,0,0,0,0,0,0,3,0
litigation,0,0,0,0,1,0,0,0,0,0
stop,0,0,0,0,0,0,0,0,3,0
rise,0,0,0,0,5,0,0,0,3,0
stardom,0,0,0,0,1,0,0,0,0,0
incite,0,0,0,0,0,0,0,0,1,0
anger,0,0,0,0,1,0,0,0,0,0
purist,0,0,0,0,1,0,0,0,0,0
infinite,2,0,0,0,0,0,0,0,0,0
spin,0,0,0,0,15,0,0,0,0,0
afford,0,0,0,0,0,0,0,0,1,0
additional,12,0,0,0,0,0,0,0,0,0
rapidly,0,0,2,0,0,0,0,0,0,0
have,0,0,0,0,0,0,0,0,5,0
want,0,0,0,0,0,0,0,0,1,0
ended,1,0,0,0,0,0,0,0,0,0
unified,1,0,0,0,0,0,0,0,0,0
discover,0,0,0,0,0,0,0,0,2,0
path,0,0,0,0,3,0,0,0,0,0
processing,0,0,0,0,3,0,0,0,0,0
provision,0,0,0,0,1,0,0,0,0,0
extended,1,0,0,0,0,0,0,0,0,0
line,0,0,0,0,21,0,0,0,1,0
practical,1,0,0,0,0,0,0,0,0,0
interface,0,0,0,0,8,0,0,0,0,0
activate,0,0,0,0,0,0,0,0,3,0
manage,0,0,0,0,0,0,0,0,9,0
hero,0,0,0,0,5,0,0,0,0,0
menu,0,0,0,0,2,0,0,0,0,0
thank,0,0,0,0,0,0,0,0,1,0
rescuer,0,0,0,0,1,0,0,0,0,0
navigate,0,0,0,0,0,0,0,0,3,0
dimensional,10,0,0,0,0,0,0,0,0,0
view,0,0,0,0,3,0,0,0,13,0
personality,0,0,0,0,4,0,0,0,0,0
evil,7,0,0,0,3,0,0,0,0,0
rescue,0,0,0,0,1,0,0,0,6,0
pacing,0,0,0,0,1,0,0,0,0,0
skill,0,0,0,0,11,0,0,0,0,0
difficult,3,0,0,0,0,0,0,0,0,0
completion,0,0,0,0,1,0,0,0,0,0
multiple,15,0,0,0,0,0,0,0,0,0
last,0,0,0,0,0,0,0,0,6,0
raise,0,0,0,0,0,0,0,0,1,0
expectation,0,0,0,0,2,0,0,0,0,0
scope,0,0,0,0,4,0,0,0,0,0
compelling,1,0,0,0,0,0,0,0,0,0
fast,2,0,1,0,0,0,0,0,0,0
wireless,4,0,0,0,0,0,0,0,0,0
internet,0,0,0,0,21,0,0,0,0,0
person,0,0,0,0,25,0,0,0,0,0
shooter,0,0,0,0,26,0,0,0,0,0
motion,0,0,0,0,8,0,0,0,0,0
capture,0,0,0,0,1,0,0,0,3,0
massively,0,0,7,0,0,0,0,0,0,0
subscriber,0,0,0,0,7,0,0,0,0,0
avatar,0,0,0,0,18,0,0,0,0,0
representative,2,0,0,0,0,0,0,0,0,0
icon,0,0,0,0,3,0,0,0,0,0
animate,0,0,0,0,0,0,0,0,5,0
persistent,4,0,0,0,0,0,0,0,0,0
community,0,0,0,0,11,0,0,0,0,0
clan,0,0,0,0,1,0,0,0,0,0
congregate,0,0,0,0,0,0,0,0,1,0
fan,0,0,0,0,19,0,0,0,0,0
site,0,0,0,0,10,0,0,0,0,0
devote,0,0,0,0,0,0,0,0,1,0
modification,0,0,0,0,6,0,0,0,0,0
mod,0,0,0,0,4,0,0,0,0,0
circulate,0,0,0,0,0,0,0,0,1,0
replay,0,0,0,0,2,0,0,0,0,0
common,2,0,0,0,0,0,0,0,0,0
broadband,0,0,0,0,1,0,0,0,0,0
connection,0,0,0,0,5,0,0,0,0,0
area,0,0,0,0,4,0,0,0,0,0
increasingly,0,0,3,0,0,0,0,0,0,0
participation,0,0,0,0,1,0,0,0,0,0
account,0,0,0,0,5,0,0,0,1,0
benefit,0,0,0,0,2,0,0,0,1,0
engagement,0,0,0,0,1,0,0,0,0,0
fight,0,0,0,0,3,0,0,0,5,0
buy,0,0,0,0,0,0,0,0,3,0
craft,0,0,0,0,0,0,0,0,2,0
online,45,0,12,0,0,0,0,0,0,0
populous,1,0,0,0,0,0,0,0,0,0
estimate,0,0,0,0,0,0,0,0,2,0
retail,1,0,0,0,0,0,0,0,0,0
subscription,0,0,0,0,4,0,0,0,0,0
fee,0,0,0,0,6,0,0,0,0,0
differ,0,0,0,0,0,0,0,0,6,0
connectivity,0,0,0,0,1,0,0,0,0,0
prerequisite,0,0,0,0,1,0,0,0,0,0
require,0,0,0,0,0,0,0,0,8,0
accommodate,0,0,0,0,0,0,0,0,1,0
aspect,0,0,0,0,12,0,0,0,0,0
overshadow,0,0,0,0,0,0,0,0,2,0
nearly,0,0,5,0,0,0,0,0,0,0
percent,0,0,0,0,3,0,0,0,0,0
male,1,0,0,0,0,0,0,0,0,0
date,0,0,0,0,1,0,0,0,1,0
meet,0,0,0,0,0,0,0,0,4,0
charge,0,0,0,0,2,0,0,0,1,0
monthly,6,0,0,0,0,0,0,0,0,0
frequent,1,0,0,0,0,0,0,0,1,0
downloadable,2,0,0,0,0,0,0,0,0,0
patch,0,0,0,0,1,0,0,0,0,0
palatable,1,0,0,0,0,0,0,0,0,0
free,7,0,0,0,0,0,0,0,0,0
willing,1,0,0,0,0,0,0,0,0,0
tolerate,0,0,0,0,0,0,0,0,1,0
stream,0,0,0,0,3,0,0,0,0,0
advertisement,0,0,0,0,1,0,0,0,0,0
caption,0,0,0,0,8,0,0,0,0,8
german,2,0,0,0,0,0,0,0,0,0
enthusiast,0,0,0,0,5,0,0,0,0,0
dress,0,0,0,0,0,0,0,0,1,0
promote,0,0,0,0,0,0,0,0,4,0
utilize,0,0,0,0,0,0,0,0,4,0
end,0,0,0,0,6,0,0,0,2,0
current,3,0,0,0,0,0,0,0,0,0
root,0,0,0,0,3,0,0,0,6,0
link,0,0,0,0,0,0,0,0,2,0
terminal,0,0,0,0,1,0,0,0,0,0
mainframe,0,0,0,0,2,0,0,0,0,0
close,1,0,0,0,0,0,0,0,3,0
real,32,0,0,0,0,0,0,0,0,0
undergraduate,0,0,0,0,1,0,0,0,0,0
multiuser,2,0,0,0,0,0,0,0,0,0
flourish,0,0,0,0,1,0,0,0,1,0
chat,0,0,0,0,1,0,0,0,1,0
guild,0,0,0,0,3,0,0,0,0,0
basic,7,0,0,0,1,0,0,0,0,0
setting,0,0,0,0,12,0,0,0,0,0
carry,0,0,0,0,0,0,0,0,2,0
mmog,0,0,0,0,1,0,0,0,0,0
south,3,0,0,0,0,0,0,0,0,0
korean,4,0,0,0,0,0,0,0,0,0
blockbuster,0,0,0,0,2,0,0,0,0,0
relatively,0,0,4,0,0,0,0,0,0,0
slow,3,0,0,0,0,0,0,0,0,0
steady,3,0,0,0,0,0,0,0,0,0
exception,0,0,0,0,2,0,0,0,0,0
explosive,1,0,0,0,0,0,0,0,0,0
mainly,0,0,2,0,0,0,0,0,0,0
availability,0,0,0,0,1,0,0,0,0,0
die,3,0,0,0,0,0,0,0,2,0
exhaustion,0,0,0,0,1,0,0,0,0,0
marathon,1,0,0,0,0,0,0,0,0,0
government,0,0,0,0,2,0,0,0,0,0
survey,0,0,0,0,1,0,0,0,0,0
show,0,0,0,0,0,0,0,0,10,0
suffer,0,0,0,0,0,0,0,0,2,0
addiction,0,0,0,0,2,0,0,0,0,0
fund,0,0,0,0,2,0,0,0,1,0
private,2,0,0,0,0,0,0,0,0,0
counseling,0,0,0,0,1,0,0,0,0,0
centre,0,0,2,0,2,0,0,0,5,0
addicted,1,0,0,0,0,0,0,0,0,0
forestall,0,0,0,0,0,0,0,0,1,0
legislation,0,0,0,0,1,0,0,0,0,0
pass,0,0,0,0,0,0,0,0,3,0
force,0,0,0,0,8,0,0,0,3,0
impose,0,0,0,0,0,0,0,0,1,0
penalty,0,0,0,0,1,0,0,0,0,0
consecutive,1,0,0,0,0,0,0,0,0,0
ready,1,0,0,0,0,0,0,0,0,0
interstellar,1,0,0,0,0,0,0,0,0,0
superhero,0,0,0,0,1,0,0,0,0,0
saturate,0,0,0,0,0,0,0,0,1,0
sword,0,0,0,0,2,0,0,0,0,0
sorcery,0,0,0,0,1,0,0,0,0,0
humour,0,0,0,0,1,0,0,0,0,0
shallow,1,0,0,0,0,0,0,0,0,0
learning,0,0,0,0,3,0,0,0,0,0
curve,0,0,0,0,3,0,0,0,0,0
suspend,0,0,0,0,0,0,0,0,1,0
transsexual,1,0,0,0,0,0,0,0,0,0
speech,0,0,0,0,3,0,0,0,0,0
incident,0,0,0,0,2,0,0,0,0,0
terrible,2,0,0,0,0,0,0,0,0,0
miscommunication,0,0,0,0,1,0,0,0,0,0
dialogue,0,0,0,0,2,0,0,0,0,0
nature,0,0,0,0,2,0,0,0,0,0
reality,0,0,0,0,3,0,0,0,0,0
club,0,0,0,0,2,0,0,0,0,0
restrict,0,0,0,0,0,0,0,0,2,0
membership,0,0,0,0,1,0,0,0,0,0
accommodation,0,0,0,0,1,0,0,0,0,0
discrimination,0,0,0,0,1,0,0,0,0,0
expressly,0,0,1,0,0,0,0,0,0,0
prohibit,0,0,0,0,0,0,0,0,1,0
law,0,0,0,0,1,0,0,0,0,0
secondary,2,0,0,0,0,0,0,0,0,0
economy,0,0,0,0,4,0,0,0,0,0
observe,0,0,0,0,0,0,0,0,1,0
auction,0,0,0,0,2,0,0,0,0,0
wealth,0,0,0,0,1,0,0,0,0,0
hunt,0,0,0,0,0,0,0,0,1,0
rare,3,0,0,0,0,0,0,0,0,0
weapon,0,0,0,0,12,0,0,0,0,0
prestige,0,0,0,0,1,0,0,0,0,0
fruit,0,0,0,0,1,0,0,0,0,0
labour,0,0,0,0,1,0,0,0,0,0
exchange,0,0,0,0,0,0,0,0,3,0
cash,0,0,0,0,1,0,0,0,0,0
buyer,0,0,0,0,1,0,0,0,0,0
agree,0,0,0,0,0,0,0,0,1,0
transfer,0,0,0,0,0,0,0,0,1,0
electronically,0,0,1,0,0,0,0,0,0,0
transaction,0,0,0,0,1,0,0,0,0,0
chinese,4,0,0,0,0,0,0,0,0,0
gold,0,0,0,0,4,0,0,0,0,0
farmer,0,0,0,0,3,0,0,0,0,0
hoard,0,0,0,0,1,0,0,0,1,0
resource,0,0,0,0,13,0,0,0,0,0
behaviour,0,0,0,0,1,0,0,0,0,0
ban,0,0,0,0,2,0,0,0,2,0
suspect,0,0,0,0,0,0,0,0,1,0
enforce,0,0,0,0,0,0,0,0,1,0
opt,0,0,0,0,0,0,0,0,2,0
service,0,0,0,0,8,0,0,0,0,0
facilitate,0,0,0,0,0,0,0,0,2,0
buying,0,0,0,0,1,0,0,0,0,0
selling,0,0,0,0,1,0,0,0,0,0
relative,2,0,0,0,0,0,0,0,0,0
runaway,1,0,0,0,0,0,0,0,0,0
difference,0,0,0,0,2,0,0,0,0,0
economic,3,0,0,0,0,0,0,0,0,0
model,0,0,0,0,6,0,0,0,3,0
adopt,0,0,0,0,0,0,0,0,2,0
criticize,0,0,0,0,0,0,0,0,4,0
lack,0,0,0,0,4,0,0,0,3,0
opportunity,0,0,0,0,4,0,0,0,0,0
use,0,0,0,0,8,0,0,0,15,0
possibly,0,0,1,0,0,0,0,0,0,0
allowance,0,0,0,0,1,0,0,0,0,0
currency,0,0,0,0,4,0,0,0,0,0
officially,0,0,1,0,0,0,0,0,0,0
approximately,0,0,2,0,0,0,0,0,0,0
customize,0,0,0,0,0,0,0,0,4,0
image,0,0,0,0,2,0,0,0,1,0
resell,0,0,0,0,0,0,0,0,1,0
estate,0,0,0,0,3,0,0,0,0,0
life,0,0,0,0,30,0,0,0,0,0
mainstream,0,0,0,0,1,0,0,0,0,0
commerce,0,0,0,0,1,0,0,0,0,0
media,0,0,0,0,1,0,0,0,0,0
rework,0,0,0,0,0,0,0,0,1,0
immersive,3,0,0,0,0,0,0,0,0,0
apply,0,0,0,0,0,0,0,0,2,0
importance,0,0,0,0,1,0,0,0,0,0
closed,1,0,0,0,0,0,0,0,0,0
cultural,3,0,0,0,0,0,0,0,0,0
undeniable,1,0,0,0,0,0,0,0,0,0
pace,0,0,0,0,2,0,0,0,2,0
trend,0,0,0,0,2,0,0,0,0,0
acceptance,0,0,0,0,1,0,0,0,0,0
movement,0,0,0,0,6,0,0,0,0,0
education,0,0,0,0,1,0,0,0,0,0
controversial,2,0,0,0,0,0,0,0,0,0
advocacy,0,0,0,0,1,0,0,0,0,0
gamification,0,0,0,0,1,0,0,0,0,0
endeavour,0,0,0,0,1,0,0,0,0,0
rich,6,0,0,0,0,0,0,0,0,0
prevalent,1,0,0,0,0,0,0,0,0,0
super,2,0,0,0,0,0,0,0,0,0
heroic,1,0,0,0,0,0,0,0,0,0
milieus,0,0,0,0,1,0,0,0,0,0
licensed,1,0,0,0,0,0,0,0,0,0
tie,0,0,0,0,1,0,0,0,1,0
favorite,1,0,0,0,0,0,0,0,0,0
fictional,3,0,0,0,0,0,0,0,0,0
universe,0,0,0,0,9,0,0,0,0,0
core,0,0,0,0,5,0,0,0,0,0
peak,0,0,0,0,1,0,0,0,0,0
mission,0,0,0,0,12,0,0,0,0,0
siege,0,0,0,0,1,0,0,0,0,0
duel,0,0,0,0,1,0,0,0,0,0
select,0,0,0,0,0,0,0,0,7,0
class,0,0,0,0,10,0,0,0,0,0
playable,5,0,0,0,0,0,0,0,0,0
type,0,0,0,0,16,0,0,0,0,0
elf,0,0,0,0,4,0,0,0,0,0
dark,3,0,0,0,0,0,0,0,0,0
knight,0,0,0,0,2,0,0,0,0,0
prince,0,0,0,0,2,0,0,0,0,0
magician,0,0,0,0,2,0,0,0,0,0
attribute,0,0,0,0,4,0,0,0,0,0
start,0,0,0,0,4,0,0,0,9,0
alliance,0,0,0,0,1,0,0,0,0,0
blood,0,0,0,0,7,0,0,0,0,0
pledge,0,0,0,0,1,0,0,0,0,0
marriage,0,0,0,0,2,0,0,0,0,0
obtain,0,0,0,0,0,0,0,0,8,0
ring,0,0,0,0,1,0,0,0,0,0
ceremony,0,0,0,0,2,0,0,0,0,0
marry,0,0,0,0,0,0,0,0,2,0
teleport,0,0,0,0,0,0,0,0,1,0
spouse,0,0,0,0,1,0,0,0,0,0
location,0,0,0,0,5,0,0,0,0,0
enjoyable,3,0,0,0,0,0,0,0,0,0
wrinkle,0,0,0,0,2,0,0,0,0,0
pet,0,0,0,0,2,0,0,0,0,0
rabbit,0,0,0,0,1,0,0,0,0,0
beagle,0,0,0,0,1,0,0,0,0,0
train,0,0,0,0,2,0,0,0,4,0
need,0,0,0,0,1,0,0,0,5,0
difficulty,0,0,0,0,2,0,0,0,0,0
animal,0,0,0,0,3,0,0,0,0,0
translate,0,0,0,0,0,0,0,0,2,0
put,0,0,0,0,0,0,0,0,3,0
versus,0,2,0,0,0,0,0,0,0,0
prequel,0,0,0,0,6,0,0,0,0,0
parallel,1,0,0,0,0,0,0,0,1,0
objective,0,0,0,0,4,0,0,0,0,0
present,0,0,0,0,0,0,0,0,5,0
persona,0,0,0,0,1,0,0,0,0,0
entail,0,0,0,0,0,0,0,0,1,0
hobby,0,0,0,0,1,0,0,0,0,0
property,0,0,0,0,3,0,0,0,0,0
friend,0,0,0,0,4,0,0,0,0,0
relationship,0,0,0,0,1,0,0,0,0,0
lecture,0,0,0,0,1,0,0,0,0,0
educational,1,0,0,0,0,0,0,0,0,0
church,0,0,0,0,1,0,0,0,0,0
sprawl,0,0,0,0,0,0,0,0,6,0
substantial,1,0,0,0,0,0,0,0,0,0
monetary,1,0,0,0,0,0,0,0,0,0
investment,0,0,0,0,2,0,0,0,0,0
typically,0,0,7,0,0,0,0,0,0,0
upkeep,0,0,0,0,1,0,0,0,0,0
instance,0,0,0,0,3,0,0,0,0,0
controversy,0,0,0,0,3,0,0,0,0,0
accusation,0,0,0,0,1,0,0,0,0,0
unpunished,1,0,0,0,0,0,0,0,0,0
theft,0,0,0,0,1,0,0,0,0,0
customer,0,0,0,0,1,0,0,0,0,0
support,0,0,0,0,8,0,0,0,4,0
uproar,0,0,0,0,1,0,0,0,0,0
profile,0,0,0,0,3,0,0,0,0,0
leave,0,0,0,0,0,0,0,0,4,0
permanently,0,0,1,0,0,0,0,0,0,0
furthermore,0,0,1,0,0,0,0,0,0,0
scourge,0,0,0,0,1,0,0,0,0,0
riot,0,0,0,0,1,0,0,0,0,0
political,5,0,0,0,0,0,0,0,0,0
gambling,0,0,0,0,3,0,0,0,0,0
unlicensed,1,0,0,0,0,0,0,0,0,0
banking,0,0,0,0,1,0,0,0,0,0
ordinance,0,0,0,0,2,0,0,0,0,0
circulation,0,0,0,0,1,0,0,0,0,0
child,0,0,0,0,3,0,0,0,0,0
pornography,0,0,0,0,1,0,0,0,0,0
flawless,1,0,0,0,0,0,0,0,0,0
participate,0,0,0,0,0,0,0,0,1,0
persist,0,0,0,0,0,0,0,0,2,0
indefinitely,0,0,1,0,0,0,0,0,0,0
reactivate,0,0,0,0,0,0,0,0,1,0
rejoin,0,0,0,0,0,0,0,0,1,0
period,0,0,0,0,1,0,0,0,0,0
tremendous,2,0,0,0,0,0,0,0,0,0
nonreal,1,0,0,0,0,0,0,0,0,0
nonplayer,1,0,0,0,0,0,0,0,0,0
reward,0,0,0,0,1,0,0,0,0,0
valuable,1,0,0,0,0,0,0,0,0,0
kill,0,0,0,0,0,0,0,0,6,0
creature,0,0,0,0,7,0,0,0,0,0
druid,0,0,0,0,1,0,0,0,0,0
priest,0,0,0,0,1,0,0,0,0,0
rogue,0,0,0,0,3,0,0,0,0,0
paladin,0,0,0,0,1,0,0,0,0,0
notoriety,0,0,0,0,2,0,0,0,0,0
finish,0,0,0,0,0,0,0,0,2,0
certain,5,0,0,0,0,0,0,0,0,0
hierarchy,0,0,0,0,1,0,0,0,0,0
contribute,0,0,0,0,0,0,0,0,6,0
artwork,0,0,0,0,1,0,0,0,0,0
innumerable,1,0,0,0,0,0,0,0,0,0
inhabit,0,0,0,0,0,0,0,0,2,0
intense,4,0,0,0,0,0,0,0,0,0
abuse,0,0,0,0,1,0,0,0,0,0
regenerate,0,0,0,0,0,0,0,0,1,0
enemy,0,0,0,0,14,0,0,0,0,0
population,0,0,0,0,1,0,0,0,0,0
autopilot,0,0,0,0,1,0,0,0,0,0
hire,0,0,0,0,0,0,0,0,1,0
unfairly,0,0,1,0,0,0,0,0,0,0
rapid,2,0,0,0,0,0,0,0,0,0
continuous,1,0,0,0,0,0,0,0,0,0
especially,0,0,6,0,0,0,0,0,0,0
significant,3,0,0,0,0,0,0,0,0,0
advertising,0,0,0,0,2,0,0,0,0,0
exploitation,0,0,0,0,1,0,0,0,0,0
alongside,0,1,0,0,0,0,0,0,0,0
cell,0,0,0,0,4,0,0,0,0,0
gradually,0,0,1,0,0,0,0,0,0,0
viable,2,0,0,0,0,0,0,0,0,0
conversion,0,0,0,0,2,0,0,0,0,0
specification,0,0,0,0,1,0,0,0,0,0
potential,0,0,0,0,2,0,0,0,0,0
enhance,0,0,0,0,0,0,0,0,3,0
tracking,0,0,0,0,2,0,0,0,0,0
messaging,0,0,0,0,1,0,0,0,0,0
stabilize,0,0,0,0,0,0,0,0,1,0
degree,0,0,0,0,2,0,0,0,0,0
multiplatform,1,0,0,0,0,0,0,0,0,0
trigger,0,0,0,0,0,0,0,0,1,0
negotiation,0,0,0,0,1,0,0,0,0,0
order,0,0,0,0,7,0,0,0,0,0
showing,0,0,0,0,1,0,0,0,0,0
famously,0,0,1,0,0,0,0,0,0,0
library,0,0,0,0,8,0,0,0,0,0
embrace,0,0,0,0,0,0,0,0,2,0
travel,0,0,0,0,3,0,0,0,3,0
green,1,0,0,0,0,0,0,0,0,0
clothe,0,0,0,0,0,0,0,0,3,0
tote,0,0,0,0,0,0,0,0,1,0
fade,0,0,0,0,0,0,0,0,3,0
spotlight,0,0,0,0,1,0,0,0,0,0
cease,0,0,0,0,0,0,0,0,2,0
technologically,0,0,2,0,0,0,0,0,0,0
remain,0,0,0,0,0,0,0,0,10,0
retro,1,0,0,0,0,0,0,0,0,0
fail,0,0,0,0,0,0,0,0,3,0
dominance,0,0,0,0,4,0,0,0,0,0
broaden,0,0,0,0,0,0,0,0,1,0
process,0,0,0,0,3,0,0,0,1,0
remote,0,0,0,0,8,0,0,0,0,0
sensor,0,0,0,0,1,0,0,0,0,0
detect,0,0,0,0,0,0,0,0,2,0
swing,0,0,0,0,1,0,0,0,2,0
arm,0,0,0,0,1,0,0,0,1,0
balance,0,0,0,0,3,0,0,0,2,0
racing,0,0,0,0,10,0,0,0,0,0
wheel,0,0,0,0,1,0,0,0,0,0
floor,0,0,0,0,1,0,0,0,0,0
mat,0,0,0,0,1,0,0,0,0,0
specialty,0,0,0,0,1,0,0,0,0,0
inexperienced,2,0,0,0,0,0,0,0,0,0
demand,0,0,0,0,1,0,0,0,1,0
shortage,0,0,0,0,2,0,0,0,0,0
holiday,0,0,0,0,1,0,0,0,0,0
season,0,0,0,0,2,0,0,0,0,0
professional,2,0,0,0,0,0,0,0,0,0
test,0,0,0,0,0,0,0,0,4,0
choose,0,0,0,0,0,0,0,0,4,0
channel,0,0,0,0,2,0,0,0,0,0
communicate,0,0,0,0,0,0,0,0,2,0
owner,0,0,0,0,1,0,0,0,0,0
news,0,0,0,0,1,0,0,0,0,0
report,0,0,0,0,1,0,0,0,1,0
download,0,0,0,0,2,0,0,0,2,0
extensive,7,0,0,0,0,0,0,0,0,0
browser,0,0,0,0,1,0,0,0,0,0
surf,0,0,0,0,0,0,0,0,1,0
adapter,0,0,0,0,2,0,0,0,0,0
plug,0,0,0,0,0,0,0,0,1,0
orientation,0,0,0,0,1,0,0,0,0,0
separately,0,0,1,0,0,0,0,0,0,0
package,0,0,0,0,1,0,0,0,2,0
air,0,0,0,0,1,0,0,0,0,0
archery,0,0,0,0,1,0,0,0,0,0
basketball,0,0,0,0,1,0,0,0,0,0
bowling,0,0,0,0,4,0,0,0,0,0
canoeing,0,0,0,0,1,0,0,0,0,0
cycling,0,0,0,0,1,0,0,0,0,0
frisbee,0,0,0,0,1,0,0,0,0,0
golf,0,0,0,0,3,0,0,0,0,0
cruising,0,0,0,0,1,0,0,0,0,0
skydiving,0,0,0,0,1,0,0,0,0,0
swordplay,0,0,0,0,1,0,0,0,0,0
wakeboarding,0,0,0,0,1,0,0,0,0,0
compact,1,0,0,0,0,0,0,0,0,0
cd,0,0,0,0,1,0,0,0,0,0
venture,0,0,0,0,1,0,0,0,2,0
decision,0,0,0,0,4,0,0,0,0,0
elicit,0,0,0,0,0,0,0,0,1,0
premier,4,0,0,0,0,0,0,0,0,0
favourite,1,0,0,0,2,0,0,0,0,0
eclipse,0,0,0,0,0,0,0,0,1,0
contemporary,0,0,0,0,2,0,0,0,0,0
installment,0,0,0,0,11,0,0,0,0,0
incarnation,0,0,0,0,4,0,0,0,0,0
socially,0,0,1,0,0,0,0,0,0,0
decorate,0,0,0,0,0,0,0,0,1,0
apartment,0,0,0,0,1,0,0,0,0,0
physical,3,0,0,0,0,0,0,0,0,0
encounter,0,0,0,0,0,0,0,0,4,0
converse,0,0,0,0,0,0,0,0,2,0
bubble,0,0,0,0,1,0,0,0,0,0
head,0,0,0,0,5,0,0,0,0,0
shop,0,0,0,0,1,0,0,0,0,0
direct,7,0,0,0,0,0,0,0,7,0
perform,0,0,0,0,0,0,0,0,7,0
gesture,0,0,0,0,1,0,0,0,0,0
dance,0,0,0,0,2,0,0,0,0,0
clothing,0,0,0,0,2,0,0,0,0,0
furnishing,0,0,0,0,1,0,0,0,0,0
decoration,0,0,0,0,1,0,0,0,0,0
trailer,0,0,0,0,1,0,0,0,0,0
upcoming,1,0,0,0,0,0,0,0,0,0
promotion,0,0,0,0,1,0,0,0,0,0
product,0,0,0,0,3,0,0,0,0,0
announce,0,0,0,0,0,0,0,0,2,0
delay,0,0,0,0,1,0,0,0,1,0
trial,0,0,0,0,1,0,0,0,0,0
beta,0,0,0,0,2,0,0,0,0,0
concerned,1,0,0,0,0,0,0,0,0,0
damage,0,0,0,0,0,0,0,0,1,0
initiate,0,0,0,0,0,0,0,0,1,0
diversify,0,0,0,0,0,0,0,0,1,0
eponymous,1,0,0,0,0,0,0,0,0,0
entry,0,0,0,0,5,0,0,0,0,0
pricing,0,0,0,0,1,0,0,0,0,0
adjustment,0,0,0,0,1,0,0,0,0,0
despite,0,0,0,0,0,0,0,5,0,0
lose,0,0,0,0,0,0,0,0,3,0
enterprise,0,0,0,0,3,0,0,0,0,0
compare,0,0,0,0,0,0,0,0,4,0
subscribe,0,0,0,0,0,0,0,0,1,0
security,0,0,0,0,1,0,0,0,0,0
flaw,0,0,0,0,1,0,0,0,0,0
pirated,1,0,0,0,0,0,0,0,0,0
alteration,0,0,0,0,1,0,0,0,0,0
warranty,0,0,0,0,1,0,0,0,0,0
live,3,0,0,0,0,2,0,0,0,0
piracy,0,0,0,0,1,0,0,0,0,0
circumvent,0,0,0,0,0,0,0,0,1,0
digital,2,0,0,0,0,0,0,0,0,0
protection,0,0,0,0,2,0,0,0,0,0
intensely,0,0,1,0,0,0,0,0,0,0
pressure,0,0,0,0,2,0,0,0,0,0
consistent,1,0,0,0,0,0,0,0,0,0
pick,0,0,0,0,0,0,0,0,1,0
wield,0,0,0,0,0,0,0,0,1,0
shoot,0,0,0,0,0,0,0,0,11,0
light,1,0,0,0,0,0,0,0,0,0
gun,0,0,0,0,3,0,0,0,0,0
photoreceptor,0,0,0,0,1,0,0,0,0,0
birth,0,0,0,0,1,0,0,0,0,0
stellar,1,0,0,0,0,0,0,0,0,0
gravitation,0,0,0,0,1,0,0,0,0,0
spacecraft,0,0,0,0,1,0,0,0,0,0
asteroid,0,0,0,0,1,0,0,0,0,0
mass,0,0,1,0,0,0,0,0,0,0
commercially,0,0,3,0,0,0,0,0,0,0
colloquially,0,0,1,0,0,0,0,0,0,0
steep,2,0,0,0,0,0,0,0,0,0
prove,0,0,0,0,0,0,0,0,3,0
say,0,0,0,0,0,0,0,0,1,0
enormous,1,0,0,0,0,0,0,0,0,0
temporary,1,0,0,0,0,0,0,0,0,0
yen,0,0,0,0,1,0,0,0,0,0
vintage,1,0,0,0,0,0,0,0,0,0
immensely,0,0,5,0,0,0,0,0,0,0
mobility,0,0,0,0,1,0,0,0,0,0
horizontally,0,0,1,0,0,0,0,0,0,0
vertically,0,0,1,0,0,0,0,0,0,0
edge,0,0,0,0,1,0,0,0,0,0
perspective,0,0,0,0,3,0,0,0,0,0
mazelike,1,0,0,0,0,0,0,0,0,0
corridor,0,0,0,0,2,0,0,0,0,0
adversary,0,0,0,0,2,0,0,0,0,0
stealth,2,0,0,0,6,0,0,0,0,0
outlive,0,0,0,0,0,0,0,0,1,0
opponent,0,0,0,0,12,0,0,0,0,0
subgenre,0,0,0,0,3,0,0,0,0,0
followup,1,0,0,0,0,0,0,0,0,0
fps,0,0,0,0,4,0,0,0,0,0
particular,12,0,0,0,0,0,0,0,0,0
rush,0,0,0,0,0,0,0,0,1,0
upgrade,0,0,0,0,0,0,0,0,5,0
handle,0,0,0,0,0,0,0,0,2,0
realistic,13,0,0,0,0,0,0,0,0,0
engine,0,0,0,0,10,0,0,0,0,0
evidence,0,0,0,0,0,0,0,0,1,0
pure,3,0,0,0,0,0,0,0,0,0
blend,0,0,0,0,0,0,0,0,3,0
variation,0,0,0,0,2,0,0,0,0,0
horror,0,0,0,0,4,0,0,0,0,0
responsible,1,0,0,0,0,0,0,0,0,0
pair,0,0,0,0,1,0,0,0,1,0
darkly,0,0,1,0,0,0,0,0,0,0
comic,3,0,0,0,0,0,0,0,0,0
plot,0,0,0,0,8,0,0,0,0,0
convention,0,0,0,0,2,0,0,0,0,0
scheme,0,0,0,0,1,0,0,0,0,0
occasionally,0,0,1,0,0,0,0,0,0,0
influential,6,0,0,0,0,0,0,0,0,0
pan,0,0,0,0,0,0,0,0,2,0
swarm,0,0,0,0,1,0,0,0,1,0
consider,0,0,0,0,0,0,0,0,3,0
marvel,0,0,0,0,1,0,0,0,0,0
pilot,0,0,0,0,1,0,0,0,2,0
laser,0,0,0,0,2,0,0,0,0,0
cannon,0,0,0,0,2,0,0,0,0,0
column,0,0,0,0,1,0,0,0,0,0
shield,0,0,0,0,1,0,0,0,0,0
tension,0,0,0,0,1,0,0,0,0,0
bonus,0,0,0,0,2,0,0,0,0,0
pave,0,0,0,0,0,0,0,0,3,0
off,0,0,0,0,14,0,0,0,0,0
celebration,0,0,0,0,1,0,0,0,0,0
anniversary,0,0,0,0,1,0,0,0,0,0
invade,0,0,0,0,0,0,0,0,1,0
defend,0,0,0,0,0,0,0,0,1,0
authorship,0,0,0,0,1,0,0,0,0,0
scrutiny,0,0,0,0,2,0,0,0,0,0
premiere,0,0,0,0,1,0,0,0,0,0
revolutionize,0,0,0,0,0,0,0,0,2,0
shareware,0,0,0,0,1,0,0,0,0,0
smooth,1,0,1,0,0,0,0,0,0,0
stage,0,0,0,0,2,0,0,0,0,0
peer,0,0,0,0,2,0,0,0,0,0
modular,1,0,0,0,0,0,0,0,0,0
let,0,0,0,0,0,0,0,0,3,0
death,0,0,0,0,3,0,0,0,0,0
mix,0,0,0,0,3,0,0,0,0,0
eye,0,0,0,0,4,0,0,0,0,0
unidentified,1,0,0,0,0,0,0,0,0,0
marine,0,0,0,0,2,0,0,0,0,0
send,0,0,0,0,0,0,0,0,3,0
investigate,0,0,0,0,0,0,0,0,1,0
martian,1,0,0,0,0,0,0,0,0,0
moon,0,0,0,0,1,0,0,0,0,0
humanlike,1,0,0,0,0,0,0,0,0,0
demonic,1,0,0,0,0,0,0,0,0,0
punch,0,0,0,0,3,0,0,0,2,0
chainsaw,0,0,0,0,1,0,0,0,0,0
array,0,0,0,0,9,0,0,0,0,0
hellish,1,0,0,0,0,0,0,0,0,0
phenomenal,1,0,0,0,0,0,0,0,0,0
clone,0,0,0,0,1,0,0,0,0,0
subject,0,0,0,0,1,0,0,0,0,0
slaughter,0,0,0,0,0,0,0,0,1,0
demon,0,0,0,0,2,0,0,0,0,0
outer,1,0,0,0,0,0,0,0,0,0
moody,1,0,0,0,0,0,0,0,0,0
audio,0,0,0,0,1,0,0,0,0,0
depiction,0,0,0,0,6,0,0,0,0,0
gore,0,0,0,0,5,0,0,0,0,0
vocabulary,0,0,0,0,1,0,0,0,0,0
succeed,0,0,0,0,0,0,0,0,2,0
convert,0,0,0,0,0,0,0,0,1,0
opposition,0,0,0,0,1,0,0,0,0,0
troop,0,0,0,0,1,0,0,0,0,0
tactic,0,0,0,0,5,0,0,0,0,0
communication,0,0,0,0,1,0,0,0,0,0
hiatus,0,0,0,0,1,0,0,0,0,0
picture,0,0,0,0,2,0,0,0,0,0
critically,0,0,7,0,0,0,0,0,0,0
theoretical,1,0,0,0,0,0,0,0,0,0
physicist,0,0,0,0,1,0,0,0,0,0
blast,0,0,0,0,0,0,0,0,1,0
facility,0,0,0,0,2,0,0,0,0,0
horribly,0,0,1,0,0,0,0,0,0,0
wrong,1,0,0,0,0,0,0,0,0,0
cinematic,1,0,0,0,0,0,0,0,0,0
tell,0,0,0,0,0,0,0,0,2,0
scripted,1,0,0,0,0,0,0,0,0,0
weaponry,0,0,0,0,4,0,0,0,0,0
mow,0,0,0,0,0,0,0,0,1,0
mutant,3,0,0,0,3,0,0,0,0,0
assassin,0,0,0,0,1,0,0,0,0,0
simply,0,0,2,0,0,0,0,0,0,0
trade,0,0,0,0,1,0,0,0,1,0
gunfire,0,0,0,0,1,0,0,0,0,0
part,0,0,0,0,1,0,0,0,0,0
destroy,0,0,0,0,0,0,0,0,2,0
chapter,0,0,0,0,2,0,0,0,0,0
desire,0,0,0,0,1,0,0,0,0,0
realism,0,0,0,0,5,0,0,0,0,0
vastly,0,0,4,0,0,0,0,0,0,0
processor,0,0,0,0,5,0,0,0,0,0
corporation,0,0,0,0,1,0,0,0,0,0
desktop,0,0,0,0,1,0,0,0,0,0
forefront,0,0,0,0,1,0,0,0,0,0
circuit,0,0,0,0,1,0,0,0,0,0
headquarter,0,0,0,0,0,0,0,0,2,0
gpu,0,0,0,0,2,0,0,0,0,0
prominence,0,0,0,0,1,0,0,0,0,0
prominent,3,0,0,0,0,0,0,0,0,0
card,0,0,0,0,6,0,0,0,0,0
pit,0,0,0,0,1,0,0,0,2,0
asset,0,0,0,0,1,0,0,0,0,0
await,0,0,0,0,0,0,0,0,1,0
honour,0,0,0,0,1,0,0,0,1,0
award,0,0,0,0,6,0,0,0,0,0
web,0,0,0,0,6,0,0,0,0,0
breathe,0,0,0,0,0,0,0,0,2,0
famous,3,0,0,0,0,0,0,0,0,0
port,0,0,0,0,0,0,0,0,5,0
chronicle,0,0,0,0,0,0,0,0,2,0
wreck,0,0,0,0,0,0,0,0,2,0
residual,1,0,0,0,0,0,0,0,0,0
effect,0,0,0,0,5,0,0,0,0,0
expansion,0,0,0,0,14,0,0,0,0,0
pack,0,0,0,0,6,0,0,0,0,0
unofficial,1,0,0,0,0,0,0,0,0,0
distant,1,0,0,0,0,0,0,0,0,0
gladiator,0,0,0,0,1,0,0,0,0,0
legalize,0,0,0,0,0,0,0,0,1,0
tournament,0,0,0,0,5,0,0,0,0,0
accomplish,0,0,0,0,0,0,0,0,2,0
maximum,1,0,0,0,0,0,0,0,0,0
carnage,0,0,0,0,1,0,0,0,0,0
cooperative,3,0,0,0,0,0,0,0,0,0
trademark,0,0,0,0,1,0,0,0,0,0
plenty,0,0,0,0,1,0,0,0,0,0
representation,0,0,0,0,1,0,0,0,0,0
message,0,0,0,0,1,0,0,0,0,0
resounding,2,0,0,0,0,0,0,0,0,0
triumph,0,0,0,0,1,0,0,0,0,0
soldier,0,0,0,0,8,0,0,0,0,0
uncover,0,0,0,0,0,0,0,0,4,0
strange,1,0,0,0,0,0,0,0,0,0
majority,0,0,0,0,4,0,0,0,0,0
race,0,0,0,0,7,0,0,0,0,0
bend,0,0,0,0,0,0,0,0,2,0
destruction,0,0,0,0,1,0,0,0,0,0
break,0,0,0,0,1,0,0,0,3,0
grunt,0,0,0,0,1,0,0,0,0,0
elite,1,0,0,0,1,0,0,0,0,0
hunter,0,0,0,0,1,0,0,0,0,0
jackal,0,0,0,0,1,0,0,0,0,0
tendency,0,0,0,0,1,0,0,0,0,0
weakness,0,0,0,0,3,0,0,0,0,0
parasitic,1,0,0,0,0,0,0,0,0,0
havoc,0,0,0,0,2,0,0,0,0,0
flank,0,0,0,0,0,0,0,0,2,0
ally,0,0,0,0,3,0,0,0,0,0
tough,1,0,0,0,0,0,0,0,0,0
easy,4,0,0,0,0,0,0,0,0,0
intensive,1,0,0,0,0,0,0,0,0,0
veteran,0,0,0,0,2,0,0,0,0,0
weak,1,0,0,0,0,0,0,0,0,0
conclude,0,0,0,0,0,0,0,0,2,0
gross,0,0,0,0,0,0,0,0,2,0
week,0,0,0,0,1,0,0,0,0,0
cast,0,0,0,0,5,0,0,0,0,0
highly,0,0,5,0,0,0,0,0,0,0
customizable,4,0,0,0,0,0,0,0,0,0
matchmaking,0,0,0,0,3,0,0,0,0,0
hugely,0,0,1,0,0,0,0,0,0,0
foremost,0,0,1,0,0,0,0,0,0,0
army,0,0,0,0,9,0,0,0,0,0
recruitment,0,0,0,0,2,0,0,0,0,0
tool,0,0,0,0,5,0,0,0,0,0
maintain,0,0,0,0,0,0,0,0,6,0
positive,3,0,0,0,0,0,0,0,0,0
review,0,0,0,0,7,0,0,0,0,0
register,0,0,0,0,0,0,0,0,1,0
conceive,0,0,0,0,0,0,0,0,1,0
recruit,0,0,0,0,1,0,0,0,2,0
tech,0,0,0,0,1,0,0,0,0,0
savvy,2,0,0,0,0,0,0,0,0,0
loyal,1,0,0,0,0,0,0,0,0,0
follower,0,0,0,0,1,0,0,0,0,0
scenario,0,0,0,0,6,0,0,0,0,0
task,0,0,0,0,4,0,0,0,0,0
medic,0,0,0,0,2,0,0,0,0,0
treat,0,0,0,0,0,0,0,0,2,0
car,0,0,0,0,6,0,0,0,0,0
accident,0,0,0,0,1,0,0,0,0,0
victim,0,0,0,0,1,0,0,0,0,0
medical,1,0,0,0,0,0,0,0,0,0
mayhem,0,0,0,0,1,0,0,0,0,0
teen,0,0,0,0,1,0,0,0,0,0
rating,0,0,0,0,8,0,0,0,0,0
refine,0,0,0,0,0,0,0,0,2,0
non,2,0,0,0,0,0,0,0,0,0
gathering,0,0,0,0,2,0,0,0,0,0
forward,1,0,1,0,0,0,0,0,0,0
observation,0,0,0,0,1,0,0,0,0,0
soviet,1,0,0,0,0,0,0,0,0,0
british,3,0,0,0,0,0,0,0,0,0
solo,4,0,0,0,1,0,0,0,0,0
actual,5,0,0,0,0,0,0,0,0,0
aim,0,0,0,0,0,0,0,0,1,0
firearm,0,0,0,0,2,0,0,0,0,0
relive,0,0,0,0,0,0,0,0,2,0
comrade,0,0,0,0,1,0,0,0,0,0
realistically,0,0,2,0,0,0,0,0,0,0
stun,0,0,0,0,0,0,0,0,1,0
nearby,1,0,0,0,0,0,0,0,0,0
explosion,0,0,0,0,1,0,0,0,0,0
ground,0,0,0,0,4,0,0,0,0,0
chance,0,0,0,0,1,0,0,0,0,0
immerse,0,0,0,0,0,0,0,0,2,0
conflict,0,0,0,0,1,0,0,0,0,0
critic,0,0,0,0,9,0,0,0,0,0
alike,0,0,1,0,0,0,0,0,0,0
record,0,0,0,0,3,0,0,0,0,0
deeply,0,0,1,0,0,0,0,0,0,0
counterterrorism,0,0,0,0,1,0,0,0,0,0
storyline,0,0,0,0,1,0,0,0,0,0
shopper,0,0,0,0,1,0,0,0,0,0
snap,0,0,0,0,0,0,0,0,1,0
seventh,1,0,0,0,0,0,0,0,0,0
midnight,0,0,0,0,1,0,0,0,0,0
top,0,0,0,0,0,0,0,0,1,0
opening,0,0,0,0,1,0,0,0,0,0
evenly,0,0,1,0,0,0,0,0,0,0
heavily,0,0,3,0,0,0,0,0,0,0
rendering,0,0,0,0,1,0,0,0,0,0
impress,0,0,0,0,0,0,0,0,3,0
note,0,0,0,0,1,0,0,0,1,0
lighting,0,0,0,0,1,0,0,0,0,0
detailed,2,0,0,0,0,0,0,0,0,0
island,0,0,0,0,5,0,0,0,0,0
eschew,0,0,0,0,0,0,0,0,1,0
cramped,1,0,0,0,0,0,0,0,0,0
lush,1,0,0,0,0,0,0,0,0,0
jungle,0,0,0,0,1,0,0,0,0,0
wind,0,0,0,0,1,0,0,0,1,0
strand,0,0,0,0,0,0,0,0,1,0
search,0,0,0,0,2,0,0,0,1,0
miss,0,0,0,0,0,0,0,0,2,0
journalist,0,0,0,0,1,0,0,0,0,0
demented,2,0,0,0,0,0,0,0,0,0
tinker,0,0,0,0,0,0,0,0,1,0
genetic,2,0,0,0,0,0,0,0,0,0
loose,1,0,0,0,0,0,0,0,0,0
mutate,0,0,0,0,0,0,0,0,3,0
praise,0,0,0,0,1,0,0,0,5,0
unusually,0,0,1,0,0,0,0,0,0,0
reflex,0,0,0,0,3,0,0,0,0,0
comparable,2,0,0,0,0,0,0,0,0,0
solution,0,0,0,0,1,0,0,0,0,0
outnumber,0,0,0,0,0,0,0,0,1,0
outgunne,0,0,0,0,0,0,0,0,1,0
checkpoint,0,0,0,0,1,0,0,0,0,0
eliminate,0,0,0,0,0,0,0,0,1,0
manual,1,0,0,0,0,0,0,0,0,0
saving,0,0,0,0,1,0,0,0,0,0
harmful,1,0,0,0,0,0,0,0,0,0
watchdog,0,0,0,0,1,0,0,0,0,0
deem,0,0,0,0,0,0,0,0,1,0
edit,0,0,0,0,0,0,0,0,1,0
coveted,1,0,0,0,0,0,0,0,0,0
track,0,0,0,0,4,0,0,0,3,0
shoe,0,0,0,0,1,0,0,0,0,0
survive,0,0,0,0,0,0,0,0,2,0
airplane,0,0,0,0,1,0,0,0,0,0
crash,0,0,0,0,1,0,0,0,0,0
city,0,0,0,0,16,0,0,0,0,0
submerge,0,0,0,0,0,0,0,0,1,0
water,0,0,0,0,5,0,0,0,0,0
armour,0,0,0,0,4,0,0,0,0,0
primary,8,0,0,0,0,0,0,0,0,0
energy,0,0,0,0,1,0,0,0,0,0
protect,0,0,0,0,0,0,0,0,1,0
morality,0,0,0,0,1,0,0,0,0,0
mutagen,0,0,0,0,1,0,0,0,0,0
useful,2,0,0,0,0,0,0,0,0,0
telekinesi,0,0,0,0,1,0,0,0,0,0
ambitious,1,0,0,0,0,0,0,0,0,0
successfully,0,0,1,0,0,0,0,0,0,0
imagine,0,0,0,0,0,0,0,0,1,0
founding,0,0,0,0,2,0,0,0,0,0
marquee,1,0,0,0,0,0,0,0,0,0
annual,1,0,0,0,0,0,0,0,0,0
likeness,0,0,0,0,2,0,0,0,0,0
incremental,1,0,0,0,0,0,0,0,0,0
fidelity,0,0,0,0,1,0,0,0,0,0
sensitive,3,0,0,0,0,0,0,0,0,0
baseball,0,0,0,0,3,0,0,0,0,0
boxing,0,0,0,0,2,0,0,0,0,0
previous,4,0,0,0,0,0,0,0,0,0
fad,0,0,0,0,1,0,0,0,0,0
album,0,0,0,0,1,0,0,0,0,0
encompass,0,0,0,0,0,0,0,0,1,0
label,0,0,0,0,1,0,0,0,0,0
studio,0,0,0,0,1,0,0,0,0,0
get,0,0,0,0,0,0,0,0,4,0
adaptation,0,0,0,0,5,0,0,0,0,0
imaginable,2,0,0,0,0,0,0,0,0,0
pod,0,0,0,0,1,0,0,0,0,0
derive,0,0,0,0,0,0,0,0,1,0
football,0,0,0,0,4,0,0,0,0,0
coach,0,0,0,0,1,0,0,0,0,0
commentator,0,0,0,0,1,0,0,0,0,0
popularize,0,0,0,0,0,0,0,0,3,0
correspond,0,0,0,0,0,0,0,0,2,0
heighten,0,0,0,0,0,0,0,0,1,0
playbook,0,0,0,0,1,0,0,0,0,0
stadium,0,0,0,0,1,0,0,0,0,0
legally,0,0,1,0,0,0,0,0,0,0
discontinue,0,0,0,0,0,0,0,0,1,0
incentive,0,0,0,0,1,0,0,0,0,0
concern,0,0,0,0,2,0,0,0,1,0
heightened,1,0,0,0,0,0,0,0,0,0
successive,1,0,0,0,0,0,0,0,0,0
edition,0,0,0,0,1,0,0,0,0,0
soccer,0,0,0,0,4,0,0,0,0,0
division,0,0,0,0,4,0,0,0,0,0
dominate,0,0,0,0,0,0,0,0,3,0
handful,0,0,0,0,2,0,0,0,0,0
unfortunately,0,0,1,0,0,0,0,0,0,0
national,3,0,0,0,0,0,0,0,0,0
plague,0,0,0,0,0,0,0,0,3,0
bug,0,0,0,0,2,0,0,0,0,0
scoring,0,0,0,0,1,0,0,0,0,0
lag,0,0,0,0,0,0,0,0,2,0
overhaul,0,0,0,0,1,0,0,0,0,0
career,0,0,0,0,2,0,0,0,0,0
coaching,0,0,0,0,1,0,0,0,0,0
implementation,0,0,0,0,2,0,0,0,0,0
pro,0,0,0,0,1,0,0,0,0,0
showcase,0,0,0,0,0,0,0,0,2,0
fitness,0,0,0,0,2,0,0,0,0,0
yoga,0,0,0,0,1,0,0,0,0,0
exercise,0,0,0,0,2,0,0,0,0,0
aerobics,0,0,0,0,1,0,0,0,0,0
engage,0,0,0,0,0,0,0,0,5,0
tightrope,0,0,0,0,1,0,0,0,0,0
walking,0,0,0,0,1,0,0,0,0,0
skiing,0,0,0,0,1,0,0,0,0,0
snowboarding,0,0,0,0,1,0,0,0,0,0
document,0,0,0,0,0,0,0,0,1,0
logbook,0,0,0,0,1,0,0,0,0,0
monitor,0,0,0,0,0,0,0,0,1,0
workout,0,0,0,0,1,0,0,0,0,0
regimen,0,0,0,0,1,0,0,0,0,0
sustained,1,0,0,0,0,0,0,0,0,0
elevated,1,0,0,0,0,0,0,0,0,0
heart,0,0,0,0,3,0,0,0,0,0
necessary,2,0,0,0,0,0,0,0,0,0
cardiovascular,1,0,0,0,0,0,0,0,0,0
health,0,0,0,0,2,0,0,0,0,0
cheat,0,0,0,0,0,0,0,0,1,0
false,1,0,0,0,0,0,0,0,0,0
impression,0,0,0,0,2,0,0,0,0,0
accord,0,0,0,0,0,0,0,0,2,0
therapist,0,0,0,0,1,0,0,0,0,0
trainer,0,0,0,0,3,0,0,0,0,0
client,0,0,0,0,3,0,0,0,0,0
bat,0,0,0,0,1,0,0,0,0,0
tranquil,1,0,0,0,0,0,0,0,0,0
cartoonlike,1,0,0,0,0,0,0,0,0,0
import,0,0,0,0,0,0,0,0,2,0
presence,0,0,0,0,1,0,0,0,0,0
attract,0,0,0,0,0,0,0,0,3,0
previously,0,0,2,0,0,0,0,0,0,0
dedicated,2,0,0,0,0,0,0,0,0,0
experienced,2,0,0,0,0,0,0,0,0,0
neophyte,0,0,0,0,1,0,0,0,0,0
boring,1,0,0,0,0,0,0,0,0,0
characterize,0,0,0,0,0,0,0,0,2,0
exploring,0,0,0,0,1,0,0,0,0,0
solving,0,0,0,0,2,0,0,0,0,0
running,0,0,0,0,2,0,0,0,0,0
jumping,0,0,0,0,1,0,0,0,0,0
climbing,0,0,0,0,2,0,0,0,0,0
fighting,0,0,0,0,17,0,0,0,0,0
sequence,0,0,0,0,6,0,0,0,0,0
rpg,0,0,0,0,18,0,0,0,0,0
categorization,0,0,0,0,1,0,0,0,0,0
impossible,1,0,0,0,0,0,0,0,0,0
school,0,0,0,0,2,0,0,0,0,0
writer,0,0,0,0,1,0,0,0,0,0
husband,0,0,0,0,1,0,0,0,0,0
colourful,2,0,0,0,0,0,0,0,0,0
static,1,0,0,0,0,0,0,0,0,0
click,0,0,0,0,0,0,0,0,1,0
load,0,0,0,0,0,0,0,0,1,0
enthral,0,0,0,0,0,0,0,0,1,0
president,0,0,0,0,1,0,0,0,0,0
left,1,0,1,0,0,0,0,0,0,0
don,0,0,0,0,0,0,0,0,2,0
costume,0,0,0,0,1,0,0,0,0,0
leader,0,0,0,0,6,0,0,0,0,0
hybrid,1,0,0,0,1,0,0,0,0,0
scene,0,0,0,0,2,0,0,0,0,0
witty,1,0,0,0,0,0,0,0,0,0
clever,2,0,0,0,0,0,0,0,0,0
striking,1,0,0,0,0,0,0,0,0,0
hallmark,0,0,0,0,2,0,0,0,0,0
loosely,0,0,2,0,0,0,0,0,0,0
big,3,0,0,0,0,0,0,0,0,0
boost,0,0,0,0,1,0,0,0,0,0
similarly,0,0,3,0,0,0,0,0,0,0
identifiable,1,0,0,0,0,0,0,0,0,0
recognizable,3,0,0,0,0,0,0,0,0,0
bad,2,0,0,0,0,0,0,0,0,0
material,0,0,0,0,2,0,0,0,0,0
toy,0,0,0,0,5,0,0,0,0,0
french,2,0,0,0,0,0,0,0,0,0
beggar,0,0,0,0,1,0,0,0,0,0
villain,0,0,0,0,4,0,0,0,0,0
rule,0,0,0,0,2,0,0,0,3,0
absence,0,0,0,0,1,0,0,0,0,0
contest,0,0,0,0,2,0,0,0,1,0
timer,0,0,0,0,2,0,0,0,0,0
minute,0,0,0,0,1,0,0,0,0,0
beat,0,0,0,0,0,0,0,0,3,0
restart,0,0,0,0,0,0,0,0,1,0
section,0,0,0,0,1,0,0,0,0,0
keep,0,0,0,0,0,0,0,0,3,0
entertain,0,0,0,0,0,0,0,0,1,0
dynamic,1,0,0,0,0,0,0,0,0,0
usher,0,0,0,0,0,0,0,0,1,0
actor,0,0,0,0,3,0,0,0,0,0
stand,0,0,0,0,0,0,0,0,2,0
poster,0,0,0,0,2,0,0,0,0,0
brother,0,0,0,0,2,0,0,0,0,0
engrossing,1,0,0,0,0,0,0,0,0,0
pretty,1,0,0,0,0,0,0,0,0,0
grenade,0,0,0,0,1,0,0,0,0,0
assume,0,0,0,0,0,0,0,0,5,0
magical,3,0,0,0,0,0,0,0,0,0
book,0,0,0,0,6,0,0,0,0,0
clue,0,0,0,0,2,0,0,0,0,0
switch,0,0,0,0,1,0,0,0,1,0
barrage,0,0,0,0,1,0,0,0,0,0
noise,0,0,0,0,1,0,0,0,0,0
iii,0,0,0,0,0,1,0,0,0,0
total,4,0,0,0,0,0,0,0,0,0
english,2,0,0,0,0,0,0,0,0,0
rock,0,0,0,0,6,0,0,0,0,0
musician,0,0,0,0,1,0,0,0,0,0
serie,0,0,0,0,5,0,0,0,0,0
plotline,0,0,0,0,1,0,0,0,0,0
spite,0,0,0,0,2,0,0,0,0,0
tend,0,0,0,0,0,0,0,0,2,0
horde,0,0,0,0,1,0,0,0,0,0
zombie,0,0,0,0,3,0,0,0,0,0
scary,1,0,0,0,0,0,0,0,0,0
traverse,0,0,0,0,0,0,0,0,1,0
bioengineering,0,0,0,0,1,0,0,0,0,0
pharmaceutical,0,0,0,0,1,0,0,0,0,0
existence,0,0,0,0,1,0,0,0,0,0
contagious,1,0,0,0,0,0,0,0,0,0
compound,0,0,0,0,1,0,0,0,0,0
infect,0,0,0,0,0,0,0,0,1,0
murderous,2,0,0,0,0,0,0,0,0,0
heavy,2,0,0,0,0,0,0,0,0,0
firepower,0,0,0,0,1,0,0,0,0,0
scare,0,0,0,0,1,0,0,0,0,0
favourable,3,0,0,0,0,0,0,0,0,0
prompt,0,0,0,0,0,0,0,0,5,0
update,0,0,0,0,1,0,0,0,0,0
beautiful,2,0,0,0,0,0,0,0,0,0
voluptuous,1,0,0,0,0,0,0,0,0,0
archaeologist,0,0,0,0,1,0,0,0,0,0
treasure,0,0,0,0,1,0,0,0,0,0
lost,2,0,0,0,0,0,0,0,0,0
dexterity,0,0,0,0,2,0,0,0,0,0
employer,0,0,0,0,1,0,0,0,0,0
round,0,0,0,0,1,0,0,0,1,0
highlight,0,0,0,0,1,0,0,0,0,0
sidestep,0,0,0,0,0,0,0,0,1,0
crawl,0,0,0,0,0,0,0,0,2,0
roll,0,0,0,0,1,0,0,0,2,0
dive,0,0,0,0,0,0,0,0,1,0
hang,0,0,0,0,0,0,0,0,1,0
ledge,0,0,0,0,1,0,0,0,0,0
swim,0,0,0,0,0,0,0,0,2,0
downturn,0,0,0,0,1,0,0,0,0,0
journey,0,0,0,0,1,0,0,0,2,0
garner,0,0,0,0,0,0,0,0,2,0
unlike,0,2,0,0,0,0,0,0,0,0
kind,0,0,0,0,1,0,0,0,0,0
irrespective,0,0,1,0,0,0,0,0,0,0
virtue,0,0,0,0,1,0,0,0,0,0
gigantic,1,0,0,0,0,0,0,0,0,0
legion,0,0,0,0,1,0,0,0,0,0
alter,0,0,0,0,0,0,0,0,2,0
impossibly,0,0,1,0,0,0,0,0,0,0
statistic,0,0,0,0,4,0,0,0,0,0
fair,1,0,0,0,1,0,0,0,0,0
aside,0,0,1,0,0,0,0,0,0,0
advertise,0,0,0,0,0,0,0,0,1,0
forum,0,0,0,0,2,0,0,0,0,0
espionage,0,0,0,0,2,0,0,0,0,0
undertake,0,0,0,0,0,0,0,0,2,0
retire,0,0,0,0,0,0,0,0,1,0
deploy,0,0,0,0,0,0,0,0,1,0
counteract,0,0,0,0,0,0,0,0,1,0
terrorist,0,0,0,0,1,0,0,0,0,0
endearing,1,0,0,0,0,0,0,0,0,0
centrepiece,0,0,0,0,1,0,0,0,0,0
radio,0,0,0,0,3,0,0,0,0,0
drama,0,0,0,0,1,0,0,0,0,0
sneak,0,0,0,0,0,0,0,0,1,0
neutralize,0,0,0,0,0,0,0,0,1,0
resort,0,0,0,0,1,0,0,0,0,0
boss,0,0,0,0,2,0,0,0,0,0
smart,1,0,0,0,0,0,0,0,0,0
script,0,0,0,0,1,0,0,0,0,0
telephone,0,0,0,0,3,0,0,0,0,0
stunning,2,0,0,0,0,0,0,0,0,0
exciting,1,0,0,0,0,0,0,0,0,0
producer,0,0,0,0,2,0,0,0,0,0
director,0,0,0,0,2,0,0,0,0,0
accept,0,0,0,0,0,0,0,0,2,0
spartan,1,0,0,0,0,0,0,0,0,0
warrior,0,0,0,0,4,0,0,0,0,0
god,0,0,0,0,5,0,0,0,0,0
reveal,0,0,0,0,0,0,0,0,1,0
servant,0,0,0,0,1,0,0,0,0,0
trick,0,0,0,0,0,0,0,0,1,0
haunt,0,0,0,0,0,0,0,0,1,0
nightmare,0,0,0,0,1,0,0,0,0,0
blade,0,0,0,0,1,0,0,0,0,0
dagger,0,0,0,0,2,0,0,0,0,0
chain,0,0,0,0,1,0,0,0,0,0
rumble,0,0,0,0,0,0,0,0,1,0
ancient,3,0,0,0,0,0,0,0,0,0
terminate,0,0,0,0,0,0,0,0,1,0
jump,0,0,0,0,1,0,0,0,4,0
climb,0,0,0,0,0,0,0,0,3,0
combination,0,0,0,0,7,0,0,0,0,0
magic,0,0,0,0,3,0,0,0,0,0
attack,0,0,0,0,1,0,0,0,1,0
reliant,1,0,0,0,0,0,0,0,0,0
mythology,0,0,0,0,2,0,0,0,0,0
myriad,0,0,0,0,1,0,0,0,0,0
excellent,1,0,0,0,0,0,0,0,0,0
revenge,0,0,0,0,1,0,0,0,0,0
spectacular,1,0,0,0,0,0,0,0,0,0
fashion,0,0,0,0,2,0,0,0,0,0
champion,0,0,0,0,4,0,0,0,1,0
bartender,0,0,0,0,1,0,0,0,0,0
ancestor,0,0,0,0,1,0,0,0,0,0
dna,0,0,0,0,1,0,0,0,0,0
sacred,1,0,0,0,0,0,0,0,0,0
artifact,0,0,0,0,1,0,0,0,0,0
organization,0,0,0,0,2,0,0,0,0,0
periodically,0,0,1,0,0,0,0,0,0,0
interrupt,0,0,0,0,0,0,0,0,1,0
interlude,0,0,0,0,1,0,0,0,0,0
avoid,0,0,0,0,0,0,0,0,4,0
confrontation,0,0,0,0,1,0,0,0,0,0
meter,0,0,0,0,1,0,0,0,0,0
visibility,0,0,0,0,1,0,0,0,0,0
crowd,0,0,0,0,2,0,0,0,0,0
detection,0,0,0,0,1,0,0,0,0,0
eagle,0,0,0,0,1,0,0,0,0,0
vision,0,0,0,0,1,0,0,0,0,0
harm,0,0,0,0,1,0,0,0,0,0
surprise,0,0,0,0,1,0,0,0,0,0
music,0,0,0,0,12,0,0,0,0,0
prefer,0,0,0,0,0,0,0,0,1,0
additionally,0,0,1,0,0,0,0,0,0,0
lend,0,0,0,0,0,0,0,0,1,0
foster,0,0,0,0,0,0,0,0,1,0
emulate,0,0,0,0,0,0,0,0,4,0
performance,0,0,0,0,3,0,0,0,0,0
swinge,0,0,0,0,0,0,0,0,1,0
final,4,0,0,0,0,0,0,0,0,0
destination,0,0,0,0,1,0,0,0,0,0
genuine,1,0,0,0,0,0,0,0,0,0
ladder,0,0,0,0,2,0,0,0,0,0
elude,0,0,0,0,0,0,0,0,3,0
giant,2,0,0,0,0,0,0,0,0,0
subsequently,0,0,2,0,0,0,0,0,0,0
shot,0,0,0,0,1,0,0,0,0,0
prototypical,1,0,0,0,0,0,0,0,0,0
arrive,0,0,0,0,0,0,0,0,3,0
official,4,0,0,0,0,0,0,0,0,0
hedgehog,0,0,0,0,1,0,0,0,0,0
attitude,0,0,0,0,1,0,0,0,0,0
slightly,0,0,1,0,0,0,0,0,0,0
accurately,0,0,1,0,0,0,0,0,0,0
musical,7,0,0,0,0,0,0,0,0,0
cue,0,0,0,0,2,0,0,0,0,0
tap,0,0,0,0,0,0,0,0,1,0
singe,0,0,0,0,0,0,0,0,1,0
pitch,0,0,0,0,2,0,0,0,0,0
pad,0,0,0,0,2,0,0,0,0,0
huge,1,0,0,0,0,0,0,0,0,0
spread,0,0,0,0,0,0,0,0,2,0
instrument,0,0,0,0,2,0,0,0,0,0
karaoke,0,0,0,0,2,0,0,0,0,0
toss,0,0,0,0,0,0,0,0,1,0
nemesis,0,0,0,0,1,0,0,0,0,0
certainly,0,0,1,0,0,0,0,0,0,0
analogous,1,0,0,0,0,0,0,0,0,0
bridge,0,0,0,0,0,0,0,0,1,0
pop,1,0,0,0,1,0,0,0,0,0
athletic,1,0,0,0,0,0,0,0,0,0
revive,0,0,0,0,0,0,0,0,1,0
appearance,0,0,0,0,2,0,0,0,0,0
rampaging,1,0,0,0,0,0,0,0,0,0
fame,0,0,0,0,1,0,0,0,0,0
acclaimed,1,0,0,0,0,0,0,0,0,0
reinvigorate,0,0,0,0,0,0,0,0,1,0
flag,0,0,0,0,1,0,0,0,1,0
premise,0,0,0,0,3,0,0,0,0,0
pink,1,0,0,0,0,0,0,0,0,0
timely,1,0,0,0,0,0,0,0,0,0
hammer,0,0,0,0,1,0,0,0,0,0
up,0,0,0,0,1,0,0,0,0,0
consistently,0,0,2,0,0,0,0,0,0,0
glitch,0,0,0,0,1,0,0,0,0,0
ending,0,0,0,0,3,0,0,0,0,0
quirky,1,0,0,0,0,0,0,0,0,0
mystique,0,0,0,0,1,0,0,0,0,0
sidekick,0,0,0,0,1,0,0,0,0,0
retrieve,0,0,0,0,0,0,0,0,1,0
banana,0,0,0,0,1,0,0,0,0,0
reptilian,1,0,0,0,0,0,0,0,0,0
documentary,0,0,0,0,1,0,0,0,0,0
examine,0,0,0,0,0,0,0,0,1,0
spiritual,1,0,0,0,0,0,0,0,0,0
successor,0,0,0,0,3,0,0,0,0,0
italian,1,0,0,0,0,0,0,0,0,0
mushroomlike,1,0,0,0,0,0,0,0,0,0
turtle,0,0,0,0,1,0,0,0,0,0
impersonator,0,0,0,0,1,0,0,0,0,0
imposter,0,0,0,0,1,0,0,0,0,0
inform,0,0,0,0,0,0,0,0,1,0
princess,0,0,0,0,1,0,0,0,0,0
customization,0,0,0,0,1,0,0,0,0,0
tiny,1,0,0,0,0,0,0,0,0,0
doll,0,0,0,0,1,0,0,0,0,0
stitch,0,0,0,0,0,0,0,0,1,0
cloth,0,0,0,0,1,0,0,0,0,0
stuffing,0,0,0,0,1,0,0,0,0,0
dodge,0,0,0,0,0,0,0,0,1,0
whimsical,1,0,0,0,0,0,0,0,0,0
landscape,0,0,0,0,3,0,0,0,0,0
solve,0,0,0,0,0,0,0,0,3,0
detail,0,0,0,0,3,0,0,0,0,0
emotion,0,0,0,0,1,0,0,0,0,0
predesigne,0,0,0,0,0,0,0,0,1,0
editor,0,0,0,0,2,0,0,0,0,0
intuitive,1,0,0,0,0,0,0,0,0,0
knowledge,0,0,0,0,1,0,0,0,0,0
creativity,0,0,0,0,2,0,0,0,0,0
press,0,0,0,0,0,0,0,0,3,0
sing,0,0,0,0,0,0,0,0,2,0
vocal,1,0,0,0,0,0,0,0,0,0
accuracy,0,0,0,0,4,0,0,0,0,0
microphone,0,0,0,0,4,0,0,0,0,0
multitude,0,0,0,0,2,0,0,0,0,0
singer,0,0,0,0,2,0,0,0,0,0
precision,0,0,0,0,1,0,0,0,0,0
camera,0,0,0,0,1,0,0,0,0,0
lyric,0,0,0,0,1,0,0,0,0,0
duet,0,0,0,0,1,0,0,0,0,0
accessible,1,0,0,0,0,0,0,0,0,0
archive,0,0,0,0,1,0,0,0,0,0
regularly,0,0,1,0,0,0,0,0,0,0
vast,4,0,0,0,0,0,0,0,0,0
guitar,0,0,0,0,6,0,0,0,0,0
expansive,1,0,0,0,0,0,0,0,0,0
collection,0,0,0,0,1,0,0,0,0,0
determine,0,0,0,0,0,0,0,0,3,0
rhythm,0,0,0,0,2,0,0,0,0,0
rhythmically,0,0,1,0,0,0,0,0,0,0
lesser,0,0,1,0,0,0,0,0,0,0
drum,0,0,0,0,3,0,0,0,0,0
kit,0,0,0,0,1,0,0,0,0,0
episode,0,0,0,0,1,0,0,0,0,0
homage,0,0,0,0,1,0,0,0,0,0
recognize,0,0,0,0,0,0,0,0,1,0
highest,0,0,1,0,0,0,0,0,0,0
surface,0,0,0,0,0,0,0,0,1,0
touch,0,0,0,0,0,0,0,0,1,0
saturation,0,0,0,0,1,0,0,0,0,0
afterward,0,0,1,0,0,0,0,0,0,0
sustain,0,0,0,0,0,0,0,0,1,0
metal,0,0,0,0,1,0,0,0,0,0
band,0,0,0,0,2,0,0,0,1,0
headline,0,0,0,0,0,0,0,0,1,0
disappointing,1,0,0,0,0,0,0,0,0,0
grunge,0,0,0,0,1,0,0,0,0,0
rocker,0,0,0,0,1,0,0,0,0,0
comical,1,0,0,0,0,0,0,0,0,0
month,0,0,0,0,1,0,0,0,0,0
migrate,0,0,0,0,0,0,0,0,1,0
touchpad,0,0,0,0,1,0,0,0,0,0
cite,0,0,0,0,0,0,0,0,1,0
concert,0,0,0,0,1,0,0,0,0,0
singing,0,0,0,0,1,0,0,0,0,0
bass,0,0,0,0,1,0,0,0,0,0
presentation,0,0,0,0,2,0,0,0,0,0
boom,0,0,0,0,1,0,0,0,0,0
legend,0,0,0,0,2,0,0,0,0,0
notice,0,0,0,0,1,0,0,0,0,0
legendary,3,0,0,0,0,0,0,0,0,0
foursome,0,0,0,0,1,0,0,0,0,0
rerelease,0,0,0,0,0,0,0,0,1,0
digitally,0,0,1,0,0,0,0,0,0,0
remastere,0,0,0,0,0,0,0,0,1,0
brain,0,0,0,0,3,0,0,0,0,0
planning,0,0,0,0,3,0,0,0,0,0
cerebral,1,0,0,0,0,0,0,0,0,0
quick,2,0,1,0,0,0,0,0,0,0
requirement,0,0,0,0,1,0,0,0,0,0
meticulous,1,0,0,0,0,0,0,0,0,0
exploration,0,0,0,0,1,0,0,0,0,0
trading,0,0,0,0,4,0,0,0,0,0
road,0,0,0,0,3,0,0,0,0,0
utility,0,0,0,0,1,0,0,0,0,0
residential,2,0,0,0,0,0,0,0,0,0
zone,0,0,0,0,2,0,0,0,0,0
civic,1,0,0,0,0,0,0,0,0,0
station,0,0,0,0,3,0,0,0,0,0
passenger,0,0,0,0,1,0,0,0,0,0
cargo,0,0,0,0,1,0,0,0,0,0
stock,1,0,0,0,4,0,0,0,0,0
vanguard,0,0,0,0,1,0,0,0,0,0
replication,0,0,0,0,1,0,0,0,0,0
tycoon,0,0,0,0,4,0,0,0,0,0
treatment,0,0,0,0,1,0,0,0,0,0
logic,0,0,0,0,1,0,0,0,0,0
deduction,0,0,0,0,1,0,0,0,0,0
resolve,0,0,0,0,0,0,0,0,1,0
mental,1,0,0,0,0,0,0,0,0,0
nurture,0,0,0,0,0,0,0,0,2,0
automaton,0,0,0,0,1,0,0,0,0,0
organism,0,0,0,0,2,0,0,0,0,0
seed,0,0,0,0,1,0,0,0,1,0
associate,0,0,0,0,0,0,0,0,2,0
builder,0,0,0,0,1,0,0,0,0,0
landform,0,0,0,0,1,0,0,0,0,0
planet,0,0,0,0,3,0,0,0,0,0
wait,0,0,0,0,0,0,0,0,3,0
flop,0,0,0,0,1,0,0,0,0,0
undeterred,1,0,0,0,0,0,0,0,0,0
black,3,0,0,0,0,0,0,0,0,0
ant,0,0,0,0,2,0,0,0,0,0
yellow,2,0,0,0,0,0,0,0,0,0
colony,0,0,0,0,2,0,0,0,0,0
red,2,0,0,0,0,0,0,0,0,0
adjust,0,0,0,0,0,0,0,0,4,0
environmental,1,0,0,0,0,0,0,0,0,0
parameter,0,0,0,0,1,0,0,0,0,0
plant,0,0,0,0,3,0,0,0,0,0
teach,0,0,0,0,0,0,0,0,1,0
herbivore,0,0,0,0,1,0,0,0,0,0
carnivore,0,0,0,0,1,0,0,0,0,0
sustainable,1,0,0,0,0,0,0,0,0,0
ecosystem,0,0,0,0,1,0,0,0,0,0
upload,0,0,0,0,0,0,0,0,3,0
populate,0,0,0,0,0,0,0,0,1,0
metaverse,0,0,0,0,2,0,0,0,0,0
specie,0,0,0,0,3,0,0,0,0,0
visit,0,0,0,0,0,0,0,0,1,0
dollhouse,0,0,0,0,1,0,0,0,0,0
grandmaster,0,0,0,0,1,0,0,0,0,0
condition,0,0,0,0,3,0,0,0,0,0
rematch,0,0,0,0,1,0,0,0,0,0
sixth,2,0,0,0,0,0,0,0,0,0
tandem,0,0,0,0,1,0,0,0,0,0
evaluate,0,0,0,0,0,0,0,0,1,0
classical,1,0,0,0,0,0,0,0,0,0
stripe,0,0,0,0,1,0,0,0,0,0
comprise,0,0,0,0,0,0,0,0,2,0
skilled,1,0,0,0,0,0,0,0,0,0
universal,1,0,0,0,0,0,0,0,0,0
assign,0,0,0,0,0,0,0,0,2,0
emphasis,0,0,0,0,1,0,0,0,0,0
king,0,0,0,0,1,0,0,0,0,0
aggressiveness,0,0,0,0,1,0,0,0,0,0
reign,0,0,0,0,0,0,0,0,1,0
guru,0,0,0,0,1,0,0,0,0,0
railroad,0,0,0,0,5,0,0,0,0,0
healthy,1,0,0,0,0,0,0,0,0,0
love,0,0,0,0,1,0,0,0,1,0
thing,0,0,0,0,1,0,0,0,0,0
locomotive,1,0,0,0,0,0,0,0,0,0
reschedule,0,0,0,0,0,0,0,0,1,0
shipment,0,0,0,0,1,0,0,0,0,0
transform,0,0,0,0,0,0,0,0,1,0
empire,0,0,0,0,1,0,0,0,0,0
fledgling,0,0,0,0,1,0,0,0,0,0
thwart,0,0,0,0,0,0,0,0,1,0
niche,0,0,0,0,2,0,0,0,0,0
detract,0,0,0,0,0,0,0,0,1,0
bond,0,0,0,0,1,0,0,0,0,0
invest,0,0,0,0,0,0,0,0,1,0
reading,0,0,0,0,1,0,0,0,0,0
marketable,1,0,0,0,0,0,0,0,0,0
scratch,0,0,0,0,1,0,0,0,0,0
blank,1,0,0,0,0,0,0,0,0,0
problem,0,0,0,0,2,0,0,0,0,0
electricity,0,0,0,0,1,0,0,0,0,0
controllable,1,0,0,0,0,0,0,0,0,0
taxis,0,0,0,0,1,0,0,0,0,0
smoking,0,0,0,0,1,0,0,0,0,0
crime,0,0,0,0,1,0,0,0,0,0
traffic,0,0,0,0,1,0,0,0,0,0
congestion,0,0,0,0,1,0,0,0,0,0
plethora,0,0,0,0,1,0,0,0,0,0
replica,0,0,0,0,1,0,0,0,0,0
municipal,1,0,0,0,0,0,0,0,0,0
tremendously,0,0,1,0,0,0,0,0,0,0
bevy,0,0,0,0,1,0,0,0,0,0
ordinary,1,0,0,0,0,0,0,0,0,0
orchestrate,0,0,0,0,0,0,0,0,1,0
mundane,1,0,0,0,0,0,0,0,0,0
daily,2,0,0,0,0,0,0,0,0,0
intricate,4,0,0,0,0,0,0,0,0,0
working,0,0,0,0,1,0,0,0,0,0
dating,0,0,0,0,1,0,0,0,0,0
contingent,1,0,0,0,0,0,0,0,0,0
soundness,0,0,0,0,1,0,0,0,0,0
sufficiently,0,0,1,0,0,0,0,0,0,0
job,0,0,0,0,1,0,0,0,0,0
nice,1,0,0,0,0,0,0,0,0,0
architectural,1,0,0,0,0,0,0,0,0,0
percentage,0,0,0,0,1,0,0,0,0,0
rarity,0,0,0,0,1,0,0,0,0,0
species,0,0,0,0,2,0,0,0,0,0
celled,1,0,0,0,0,0,0,0,0,0
creatiolutionism,0,0,0,0,1,0,0,0,0,0
overtake,0,0,0,0,0,0,0,0,1,0
phase,0,0,0,0,1,0,0,0,0,0
own,0,0,0,0,0,0,0,0,3,0
badge,0,0,0,0,2,0,0,0,0,0
equipment,0,0,0,0,2,0,0,0,0,0
rss,0,0,0,0,1,0,0,0,0,0
feed,0,0,0,0,1,0,0,0,1,0
criticism,0,0,0,0,1,0,0,0,0,0
pen,0,0,0,0,1,0,0,0,0,0
counterpart,0,0,0,0,1,0,0,0,0,0
healer,0,0,0,0,2,0,0,0,0,0
wizard,0,0,0,0,1,0,0,0,0,0
storyteller,0,0,0,0,1,0,0,0,0,0
cloak,0,0,0,0,1,0,0,0,0,0
dwarf,0,0,0,0,5,0,0,0,0,0
troll,0,0,0,0,1,0,0,0,0,0
goblin,0,0,0,0,1,0,0,0,0,0
dragon,0,0,0,0,1,0,0,0,0,0
constitution,0,0,0,0,1,0,0,0,0,0
wisdom,0,0,0,0,1,0,0,0,0,0
charisma,0,0,0,0,1,0,0,0,0,0
unauthorized,1,0,0,0,0,0,0,0,0,0
basically,0,0,1,0,0,0,0,0,0,0
overhead,2,0,0,0,0,0,0,0,0,0
figurine,0,0,0,0,2,0,0,0,0,0
recent,1,0,0,0,0,0,0,0,0,0
affect,0,0,0,0,0,0,0,0,2,0
ethical,2,0,0,0,0,0,0,0,0,0
stride,0,0,0,0,1,0,0,0,0,0
redefine,0,0,0,0,0,0,0,0,1,0
shelf,0,0,0,0,1,0,0,0,0,0
proprietary,2,0,0,0,0,0,0,0,0,0
orient,0,0,0,0,0,0,0,0,1,0
sign,0,0,0,0,0,0,0,0,1,0
mmorpg,0,0,0,0,3,0,0,0,0,0
significantly,0,0,1,0,0,0,0,0,0,0
concentrate,0,0,0,0,0,0,0,0,1,0
employment,0,0,0,0,1,0,0,0,0,0
accumulate,0,0,0,0,0,0,0,0,1,0
oneself,0,0,0,0,0,0,1,0,0,0
rewarding,1,0,0,0,0,0,0,0,0,0
memorable,1,0,0,0,0,0,0,0,0,0
execute,0,0,0,0,0,0,0,0,2,0
lasting,2,0,0,0,0,0,0,0,0,0
strongly,0,0,1,0,0,0,0,0,0,0
tradition,0,0,0,0,1,0,0,0,0,0
fantastical,1,0,0,0,0,0,0,0,0,0
consequently,0,0,1,0,0,0,0,0,0,0
distinctive,1,0,0,0,0,0,0,0,0,0
situate,0,0,0,0,0,0,0,0,1,0
steampunk,0,0,0,0,1,0,0,0,0,0
mage,0,0,0,0,1,0,0,0,0,0
menuand,0,0,0,0,1,0,0,0,0,0
accompany,0,0,0,0,0,0,0,0,2,0
gil,0,0,0,0,1,0,0,0,0,0
govern,0,0,0,0,0,0,0,0,1,0
surmount,0,0,0,0,0,0,0,0,1,0
annal,0,0,0,0,1,0,0,0,0,0
digit,0,0,0,0,1,0,0,0,0,0
son,0,0,0,0,1,0,0,0,0,0
astronaut,0,0,0,0,2,0,0,0,0,0
fly,0,0,0,0,0,0,0,0,2,0
neighbour,0,0,0,0,1,0,0,0,0,0
spaceflight,0,0,0,0,2,0,0,0,0,0
teenager,0,0,0,0,1,0,0,0,0,0
attend,0,0,0,0,0,0,0,0,1,0
cofounde,0,0,0,0,0,0,0,0,1,0
kingdom,0,0,0,0,7,0,0,0,0,0
dilemma,0,0,0,0,1,0,0,0,0,0
predictable,1,0,0,0,0,0,0,0,0,0
lunar,1,0,0,0,0,0,0,0,0,0
cycle,0,0,0,0,1,0,0,0,0,0
tourist,0,0,0,0,1,0,0,0,0,0
aboard,0,2,0,0,0,0,0,0,0,0
commander,0,0,0,0,1,0,0,0,0,0
photograph,0,0,0,0,1,0,0,0,0,0
conduct,0,0,0,0,0,0,0,0,2,0
physiological,1,0,0,0,0,0,0,0,0,0
land,0,0,0,0,2,0,0,0,1,0
trip,0,0,0,0,1,0,0,0,0,0
investor,0,0,0,0,1,0,0,0,0,0
pokmon,0,0,0,0,2,0,0,0,0,0
divide,0,0,0,0,0,0,0,0,3,0
liken,0,0,0,0,0,0,0,0,2,0
scissor,0,0,0,0,1,0,0,0,0,0
substitute,0,0,0,0,0,0,0,0,1,0
mouse,0,0,0,0,2,0,0,0,0,0
undisputed,1,0,0,0,0,0,0,0,0,0
parent,0,0,0,0,2,0,0,0,0,0
illegal,1,0,0,0,0,0,0,0,0,0
lottery,0,0,0,0,1,0,0,0,0,0
religious,1,0,0,0,0,0,0,0,0,0
discount,0,0,0,0,0,0,0,0,1,0
theory,0,0,0,0,1,0,0,0,0,0
postapocalyptic,1,0,0,0,0,0,0,0,0,0
reside,0,0,0,0,0,0,0,0,2,0
fallout,0,0,0,0,1,0,0,0,0,0
shelter,0,0,0,0,2,0,0,0,0,0
recycle,0,0,0,0,0,0,0,0,1,0
barren,1,0,0,0,0,0,0,0,0,0
replacement,0,0,0,0,1,0,0,0,0,0
unleash,0,0,0,0,0,0,0,0,1,0
virus,0,0,0,0,1,0,0,0,0,0
being,0,0,0,0,1,0,0,0,0,0
wasteland,0,0,0,0,1,0,0,0,0,0
dwell,0,0,0,0,0,0,0,0,1,0
aid,0,0,0,0,0,0,0,0,1,0
foil,0,0,0,0,0,0,0,0,1,0
takeover,0,0,0,0,1,0,0,0,0,0
nuclear,1,0,0,0,0,0,0,0,0,0
devastation,0,0,0,0,1,0,0,0,0,0
karma,0,0,0,0,1,0,0,0,0,0
strictly,0,0,1,0,0,0,0,0,0,0
pursue,0,0,0,0,0,0,0,0,1,0
guard,0,0,0,0,1,0,0,0,0,0
carpet,0,0,0,0,1,0,0,0,0,0
cement,0,0,0,0,0,0,0,0,1,0
canadian,1,0,0,0,0,0,0,0,0,0
comeback,0,0,0,0,1,0,0,0,0,0
dialog,0,0,0,0,1,0,0,0,0,0
companion,0,0,0,0,1,0,0,0,0,0
seven,0,0,0,0,0,1,0,0,0,0
heritage,0,0,0,0,1,0,0,0,0,0
protest,0,0,0,0,0,0,0,0,1,0
branch,0,0,0,0,0,0,0,0,1,0
subplot,0,0,0,0,1,0,0,0,0,0
moral,1,0,0,0,0,0,0,0,0,0
romantic,1,0,0,0,0,0,0,0,0,0
sorceress,0,0,0,0,1,0,0,0,0,0
crew,0,0,0,0,1,0,0,0,1,0
lore,0,0,0,0,1,0,0,0,0,0
cameo,0,0,0,0,2,0,0,0,0,0
seamlessly,0,0,1,0,0,0,0,0,0,0
drove,0,0,0,0,1,0,0,0,0,0
heartless,1,0,0,0,0,0,0,0,0,0
originality,0,0,0,0,1,0,0,0,0,0
sit,0,0,0,0,0,0,0,0,1,0
atop,0,1,0,0,0,0,0,0,0,0
manga,0,0,0,0,1,0,0,0,0,0
unsuspecting,1,0,0,0,0,0,0,0,0,0
strive,0,0,0,0,0,0,0,0,1,0
white,2,0,0,0,0,0,0,0,0,0
boxer,0,0,0,0,1,0,0,0,0,0
body,0,0,0,0,2,0,0,0,0,0
repertoire,0,0,0,0,1,0,0,0,0,0
kick,0,0,0,0,2,0,0,0,1,0
underpowered,1,0,0,0,0,0,0,0,0,0
stick,0,0,0,0,1,0,0,0,0,0
occur,0,0,0,0,0,0,0,0,2,0
fighter,0,0,0,0,5,0,0,0,0,0
digitize,0,0,0,0,0,0,0,0,1,0
quantity,0,0,0,0,1,0,0,0,0,0
noteworthy,3,0,0,0,0,0,0,0,0,0
specialize,0,0,0,0,0,0,0,0,1,0
martial,2,0,0,0,0,0,0,0,0,0
countermove,0,0,0,0,1,0,0,0,0,0
counter,0,0,0,0,2,0,0,0,0,0
infinitum,0,0,0,0,0,0,0,0,0,1
auto,0,0,0,0,2,0,0,0,0,0
revitalize,0,0,0,0,0,0,0,0,1,0
untold,1,0,0,0,0,0,0,0,0,0
hone,0,0,0,0,0,0,0,0,1,0
bragging,0,0,0,0,1,0,0,0,0,0
regional,1,0,0,0,0,0,0,0,0,0
newcomer,0,0,0,0,1,0,0,0,0,0
arrival,0,0,0,0,4,0,0,0,0,0
address,0,0,0,0,0,0,0,0,1,0
wrestling,0,0,0,0,1,0,0,0,0,0
imply,0,0,0,0,0,0,0,0,1,0
adherence,0,0,0,0,1,0,0,0,0,0
driving,0,0,0,0,1,0,0,0,0,0
kart,0,0,0,0,1,0,0,0,0,0
preeminence,0,0,0,0,1,0,0,0,0,0
straight,1,0,0,0,0,0,0,0,0,0
spy,0,0,0,0,1,0,0,0,0,0
civilian,0,0,0,0,1,0,0,0,0,0
automobile,0,0,0,0,1,0,0,0,0,0
police,0,0,0,0,1,0,0,0,0,0
tank,0,0,0,0,1,0,0,0,0,0
strew,0,0,0,0,0,0,0,0,1,0
dogfight,0,0,0,0,1,0,0,0,0,0
aircraft,0,0,0,0,1,0,0,0,0,0
deliberately,0,0,1,0,0,0,0,0,0,0
lengthy,1,0,0,0,0,0,0,0,0,0
bombing,0,0,0,0,1,0,0,0,0,0
navigator,0,0,0,0,1,0,0,0,0,0
bomber,0,0,0,0,1,0,0,0,0,0
gunner,0,0,0,0,1,0,0,0,0,0
synthesizer,0,0,0,0,1,0,0,0,0,0
alert,0,0,0,0,0,0,0,0,1,0
incoming,1,0,0,0,0,0,0,0,0,0
flak,0,0,0,0,1,0,0,0,0,0
aerial,2,0,0,0,0,0,0,0,0,0
inclusion,0,0,0,0,2,0,0,0,0,0
fist,0,0,0,0,1,0,0,0,0,0
squeal,0,0,0,0,0,0,0,0,1,0
tire,0,0,0,0,1,0,0,0,0,0
spirited,1,0,0,0,0,0,0,0,0,0
challenger,0,0,0,0,1,0,0,0,0,0
formula,0,0,0,0,3,0,0,0,0,0
roster,0,0,0,0,1,0,0,0,0,0
directional,1,0,0,0,0,0,0,0,0,0
extra,1,0,0,0,0,0,0,0,0,0
relevant,1,0,0,0,0,0,0,0,0,0
precipitate,0,0,0,0,0,0,0,0,1,0
corner,0,0,0,0,1,0,0,0,0,0
gauntlet,0,0,0,0,1,0,0,0,0,0
catalogue,0,0,0,0,1,0,0,0,0,0
finishing,0,0,0,0,1,0,0,0,0,0
brutally,0,0,1,0,0,0,0,0,0,0
maim,0,0,0,0,0,0,0,0,1,0
humiliate,0,0,0,0,0,0,0,0,1,0
defile,0,0,0,0,0,0,0,0,1,0
regulation,0,0,0,0,1,0,0,0,0,0
pluck,0,0,0,0,0,0,0,0,1,0
chest,0,0,0,0,1,0,0,0,0,0
spine,0,0,0,0,1,0,0,0,0,0
rip,0,0,0,0,0,0,0,0,1,0
censorship,0,0,0,0,1,0,0,0,0,0
parental,1,0,0,0,0,0,0,0,0,0
warning,0,0,0,0,1,0,0,0,0,0
congressional,1,0,0,0,0,0,0,0,0,0
investigation,0,0,0,0,1,0,0,0,0,0
purport,0,0,0,0,0,0,0,0,1,0
society,0,0,0,0,1,0,0,0,0,0
advisory,1,0,0,0,0,0,0,0,0,0
formally,0,0,1,0,0,0,0,0,0,0
approve,0,0,0,0,0,0,0,0,1,0
wording,0,0,0,0,1,0,0,0,0,0
contend,0,0,0,0,0,0,0,0,1,0
designation,0,0,0,0,1,0,0,0,0,0
arbitrary,1,0,0,0,0,0,0,0,0,0
sex,0,0,0,0,1,0,0,0,0,0
excessive,1,0,0,0,0,0,0,0,0,0
advent,0,0,0,0,1,0,0,0,0,0
spray,0,0,0,0,0,0,0,0,1,0
spiked,1,0,0,0,0,0,0,0,0,0
feel,0,0,0,0,1,0,0,0,0,0
laud,0,0,0,0,0,0,0,0,1,0
criminal,0,0,0,0,1,0,0,0,0,0
carjacking,0,0,0,0,1,0,0,0,0,0
robbery,0,0,0,0,1,0,0,0,0,0
delinquency,0,0,0,0,1,0,0,0,0,0
remove,0,0,0,0,0,0,0,0,1,0
driver,0,0,0,0,1,0,0,0,0,0
wreak,0,0,0,0,0,0,0,0,1,0
clip,0,0,0,0,1,0,0,0,0,0
distinct,3,0,0,0,0,0,0,0,0,0
financially,0,0,1,0,0,0,0,0,0,0
wise,1,0,0,0,0,0,0,0,0,0
convince,0,0,0,0,0,0,0,0,1,0
tactical,4,0,0,0,0,0,0,0,0,0
invasion,0,0,0,0,1,0,0,0,0,0
tribe,0,0,0,0,1,0,0,0,0,0
stone,1,0,0,0,0,0,0,0,0,0
simplified,1,0,0,0,0,0,0,0,0,0
regard,0,0,0,0,0,0,0,0,2,0
fine,1,0,1,0,0,0,0,0,0,0
realtime,1,0,0,0,0,0,0,0,0,0
editing,0,0,0,0,1,0,0,0,0,0
warfare,0,0,0,0,3,0,0,0,0,0
reenactment,0,0,0,0,1,0,0,0,0,0
quit,0,0,0,0,0,0,0,0,1,0
statistics,0,0,0,0,1,0,0,0,0,0
conquest,0,0,0,0,1,0,0,0,0,0
ruler,0,0,0,0,1,0,0,0,0,0
effectively,0,0,1,0,0,0,0,0,0,0
locate,0,0,0,0,0,0,0,0,1,0
loyalty,0,0,0,0,1,0,0,0,0,0
patience,0,0,0,0,1,0,0,0,0,0
adviser,0,0,0,0,1,0,0,0,0,0
prefect,0,0,0,0,1,0,0,0,0,0
vassal,0,0,0,0,1,0,0,0,0,0
frame,0,0,0,0,1,0,0,0,0,0
ascribe,0,0,0,0,0,0,0,0,1,0
exceptional,1,0,0,0,0,0,0,0,0,0
skillful,1,0,0,0,0,0,0,0,0,0
facet,0,0,0,0,1,0,0,0,0,0
involved,2,0,0,0,0,0,0,0,0,0
civilization,0,0,0,0,7,0,0,0,0,0
diplomatic,1,0,0,0,0,0,0,0,0,0
relation,0,0,0,0,1,0,0,0,0,0
oversee,0,0,0,0,0,0,0,0,1,0
aggressively,0,0,1,0,0,0,0,0,0,0
deterrent,0,0,0,0,1,0,0,0,0,0
militarily,0,0,1,0,0,0,0,0,0,0
diplomacy,0,0,0,0,1,0,0,0,0,0
related,1,0,0,0,0,0,0,0,0,0
venue,0,0,0,0,1,0,0,0,0,0
amateur,1,0,0,0,0,0,0,0,0,0
modder,0,0,0,0,1,0,0,0,0,0
overlapping,1,0,0,0,0,0,0,0,0,0
longevity,0,0,0,0,1,0,0,0,0,0
consistency,0,0,0,0,1,0,0,0,0,0
faction,0,0,0,0,1,0,0,0,0,0
otherworldly,1,0,0,0,0,0,0,0,0,0
suck,0,0,0,0,0,0,0,0,1,0
nutrient,0,0,0,0,1,0,0,0,0,0
crystal,0,0,0,0,2,0,0,0,0,0
harvest,0,0,0,0,0,0,0,0,1,0
terrain,0,0,0,0,1,0,0,0,0,0
matchup,0,0,0,0,1,0,0,0,0,0
wage,0,0,0,0,0,0,0,0,2,0
bestow,0,0,0,0,0,0,0,0,1,0
battlefield,0,0,0,0,1,0,0,0,0,0
inception,0,0,0,0,1,0,0,0,0,0
portray,0,0,0,0,0,0,0,0,1,0
allied,2,0,0,0,0,0,0,0,0,0
alternate,1,0,0,0,0,0,0,0,0,0
bill,0,0,0,0,0,0,0,0,1,0
conclusion,0,0,0,0,2,0,0,0,0,0
radically,0,0,3,0,0,0,0,0,0,0
discard,0,0,0,0,0,0,0,0,1,0
battlescape,0,0,0,0,1,0,0,0,0,0
tabletop,1,0,0,0,0,0,0,0,0,0
sky,0,0,0,0,1,0,0,0,0,0
piece,0,0,0,0,1,0,0,0,0,0
roman,1,0,0,0,0,0,0,0,0,0
aztec,1,0,0,0,0,0,0,0,0,0
villager,0,0,0,0,1,0,0,0,0,0
nation,0,0,0,0,1,0,0,0,0,0
formidable,1,0,0,0,0,0,0,0,0,0
frustrated,1,0,0,0,0,0,0,0,0,0
pride,0,0,0,0,1,0,0,0,0,0
unfair,1,0,0,0,0,0,0,0,0,0
league,0,0,0,0,2,0,0,0,0,0
enduring,1,0,0,0,0,0,0,0,0,0
insectoid,1,0,0,0,0,0,0,0,0,0
side,0,0,0,0,1,0,0,0,0,0
identical,1,0,0,0,0,0,0,0,0,0
plentiful,2,0,0,0,0,0,0,0,0,0
comparatively,0,0,1,0,0,0,0,0,0,0
modestly,0,0,1,0,0,0,0,0,0,0
largely,0,0,1,0,0,0,0,0,0,0
obvious,1,0,0,0,0,0,0,0,0,0
bang,0,0,0,0,1,0,0,0,0,0
socialize,0,0,0,0,0,0,0,0,1,0
dedicate,0,0,0,0,0,0,0,0,1,0
dated,1,0,0,0,0,0,0,0,0,0
known,1,0,0,0,0,0,0,0,0,0
shortly,0,0,1,0,0,0,0,0,0,0
definitive,1,0,0,0,0,0,0,0,0,0
dramatically,0,0,2,0,0,0,0,0,0,0
deviate,0,0,0,0,0,0,0,0,1,0
orc,0,0,0,0,1,0,0,0,0,0
trope,0,0,0,0,1,0,0,0,0,0
prominently,0,0,1,0,0,0,0,0,0,0
trace,0,0,0,0,0,0,0,0,1,0
merger,1,0,0,0,1,0,0,0,0,0
senior,1,0,0,0,0,0,0,0,0,0
partner,0,0,0,0,1,0,0,0,0,0
newly,0,0,1,0,0,0,0,0,0,0
publishing,0,0,0,0,1,0,0,0,0,0
redesign,0,0,0,0,0,0,0,0,1,0
distributor,0,0,0,0,1,0,0,0,0,0
transition,0,0,0,0,1,0,0,0,0,0
unveil,0,0,0,0,0,0,0,0,1,0
anticipation,0,0,0,0,1,0,0,0,0,0
father,0,0,0,0,2,0,0,0,0,0
wake,0,0,0,0,0,0,0,0,1,0
nap,0,0,0,0,1,0,0,0,0,0
dead,1,0,0,0,0,0,0,0,0,0
humorous,1,0,0,0,0,0,0,0,0,0
grid,0,0,0,0,2,0,0,0,0,0
tune,0,0,0,0,0,0,0,0,1,0
wipe,0,0,0,0,0,0,0,0,1,0
pursuit,0,0,0,0,1,0,0,0,0,0
fit,0,0,0,0,1,0,0,0,0,0
glut,0,0,0,0,0,0,0,0,1,0
ignore,0,0,0,0,0,0,0,0,1,0
swordsman,0,0,0,0,3,0,0,0,0,0
elven,1,0,0,0,0,0,0,0,0,0
archer,0,0,0,0,3,0,0,0,0,0
cocktail,0,0,0,0,1,0,0,0,0,0
journeyman,0,0,0,0,1,0,0,0,0,0
dependent,1,0,0,0,0,0,0,0,0,0
butcher,0,0,0,0,0,0,0,0,1,0
frail,1,0,0,0,0,0,0,0,0,0
safe,1,0,0,0,0,0,0,0,0,0
battalion,0,0,0,0,1,0,0,0,0,0
predetermine,0,0,0,0,0,0,0,0,1,0
hunting,0,0,0,0,1,0,0,0,0,0
factor,0,0,0,0,1,0,0,0,0,0
volunteer,0,0,0,0,1,0,0,0,0,0
updating,0,0,0,0,1,0,0,0,0,0
fresh,1,0,0,0,0,0,0,0,0,0
humble,1,0,0,0,0,0,0,0,0,0
lab,0,0,0,0,1,0,0,0,0,0
multibillion,0,0,0,0,0,1,0,0,0,0
occupy,0,0,0,0,0,0,0,0,2,0
door,0,0,0,0,1,0,0,0,0,0
diversion,0,0,0,0,1,0,0,0,0,0
commute,0,0,0,0,1,0,0,0,0,0
delve,0,0,0,0,0,0,0,0,1,0
fierce,1,0,0,0,0,0,0,0,0,0
leisure,0,0,0,0,1,0,0,0,0,0
