word,ADJ,ADP,ADV,DET,NOUN,NUM,PRON,PUNCT,SCONJ,VERB,X
sand,0,0,0,0,5,0,0,0,0,0,0
likely,1,0,0,0,0,0,0,0,0,0,0
home,0,0,0,0,7,0,0,0,0,0,0
world,0,0,0,0,12,0,0,0,0,0,0
great,22,0,0,0,0,0,0,0,0,0,0
empire,0,0,0,0,10,0,0,0,0,0,0
egyptian,39,0,0,0,1,0,0,0,0,0,0
possible,6,0,0,0,0,0,0,0,0,0,0
lifeline,0,0,0,0,2,0,0,0,0,0,0
wind,0,0,0,0,0,0,0,0,0,1,0
north,0,0,3,0,5,0,0,0,0,0,0
highland,0,0,0,0,3,0,0,0,0,0,0
drain,0,0,0,0,0,0,0,0,0,6,0
grow,0,0,0,0,0,0,0,0,0,8,0
plentiful,1,0,0,0,0,0,0,0,0,0,0
crop,0,0,0,0,6,0,0,0,0,0,0
year,0,0,0,0,27,0,0,0,0,0,0
river,0,0,0,0,16,0,0,0,0,0,0
flood,0,0,0,0,9,0,0,0,0,2,0
bring,0,0,0,0,0,0,0,0,0,8,0
dark,3,0,0,0,0,0,0,0,0,0,0
silty,1,0,0,0,0,0,0,0,0,0,0
soil,0,0,0,0,5,0,0,0,0,0,0
learn,0,0,0,0,0,0,0,0,0,9,0
manage,0,0,0,0,0,0,0,0,0,2,0
flooding,0,0,0,0,1,0,0,0,0,0,0
reclaim,0,0,0,0,0,0,0,0,0,1,0
irrigate,0,0,0,0,0,0,0,0,0,2,0
land,0,0,0,0,14,0,0,0,0,0,0
help,0,0,0,0,0,0,0,0,0,9,0
develop,0,0,0,0,0,0,0,0,0,8,0
coherent,1,0,0,0,0,0,0,0,0,0,0
society,0,0,0,0,2,0,0,0,0,0,0
ancient,32,0,0,0,0,0,0,0,0,0,0
greek,6,0,0,0,0,0,0,0,0,0,0
historian,0,0,0,0,4,0,0,0,0,0,0
say,0,0,0,0,0,0,0,0,0,3,0
gift,0,0,0,0,2,0,0,0,0,0,0
location,0,0,0,0,1,0,0,0,0,0,0
civilization,0,0,0,0,12,0,0,0,0,0,0
relatively,0,0,3,0,0,0,0,0,0,0,0
unchanged,1,0,0,0,0,0,0,0,0,0,0
form,0,0,0,0,9,0,0,0,0,6,0
time,0,0,0,0,18,0,0,0,0,0,0
mighty,1,0,0,0,0,0,0,0,0,0,0
rise,0,0,0,0,0,0,0,0,0,8,0
fall,0,0,0,0,0,0,0,0,0,8,0
protect,0,0,0,0,0,0,0,0,0,3,0
place,0,0,0,0,6,0,0,0,0,5,0
hem,0,0,0,0,0,0,0,0,0,1,0
forbid,0,0,0,0,0,0,0,0,0,1,0
desert,0,0,0,0,4,0,0,0,0,0,0
aside,0,0,1,0,0,0,0,0,0,0,0
trade,0,0,0,0,3,0,0,0,0,0,0
carry,0,0,0,0,0,0,0,0,0,6,0
apart,0,0,1,0,0,0,0,0,0,0,0
volume,0,0,0,0,3,0,0,0,0,0,0
prehistoric,7,0,0,0,0,0,0,0,0,0,0
change,0,0,0,0,2,0,0,0,0,4,0
hunter,0,0,0,0,2,0,0,0,0,0,0
gatherer,0,0,0,0,1,0,0,0,0,0,0
farmer,0,0,0,0,6,0,0,0,0,0,0
craftsman,0,0,0,0,5,0,0,0,0,0,0
climate,0,0,0,0,2,0,0,0,0,0,0
gradually,0,0,3,0,0,0,0,0,0,0,0
dry,3,0,0,0,0,0,0,0,0,3,0
cooperation,0,0,0,0,2,0,0,0,0,0,0
early,14,0,0,0,0,0,0,0,0,0,0
village,0,0,0,0,5,0,0,0,0,0,0
city,0,0,0,0,4,0,0,0,0,0,0
approximately,0,0,1,0,0,0,0,0,0,0,0
write,0,0,0,0,0,0,0,0,0,15,0
record,0,0,0,0,4,0,0,0,0,0,0
start,0,0,0,0,0,0,0,0,0,2,0
keep,0,0,0,0,0,0,0,0,0,6,0
legendary,1,0,0,0,0,0,0,0,0,0,0
southern,2,0,0,0,0,0,0,0,0,0,0
northern,2,0,0,0,0,0,0,0,0,0,0
single,6,0,0,0,0,0,0,0,0,0,0
nation,0,0,0,0,2,0,0,0,0,0,0
powerful,5,0,0,0,0,0,0,0,0,0,0
period,0,0,0,0,26,0,0,0,0,0,0
historical,4,0,0,0,0,0,0,0,0,0,0
era,0,0,0,0,3,0,0,0,0,0,0
call,0,0,0,0,0,0,0,0,0,25,0
pyramid,0,0,0,0,24,0,0,0,0,0,0
build,0,0,0,0,0,0,0,0,0,22,0
massive,3,0,0,0,0,0,0,0,0,0,0
statue,0,0,0,0,9,0,0,0,0,0,0
show,0,0,0,0,0,0,0,0,0,8,0
famous,5,0,0,0,0,0,0,0,0,0,0
pharaoh,0,0,0,0,16,0,0,0,0,0,0
weaken,0,0,0,0,0,0,0,0,0,2,0
vulnerable,1,0,0,0,0,0,0,0,0,0,0
foreign,6,0,0,0,0,0,0,0,0,0,0
invader,0,0,0,0,4,0,0,0,0,0,0
finally,0,0,2,0,0,0,0,0,0,0,0
despite,0,0,0,0,0,0,0,0,2,0,0
effort,0,0,0,0,1,0,0,0,0,0,0
ruler,0,0,0,0,13,0,0,0,0,0,0
wily,1,0,0,0,0,0,0,0,0,0,0
take,0,0,0,0,0,0,0,0,0,10,0
upp,1,0,0,0,0,0,0,0,0,0,0
class,0,0,0,0,6,0,0,0,0,0,0
elegant,1,0,0,0,0,0,0,0,0,0,0
life,0,0,0,0,15,0,0,0,0,0,0
wear,0,0,0,0,0,0,0,0,0,15,0
simple,4,0,0,0,0,0,0,0,0,0,0
linen,0,0,0,0,10,0,0,0,0,0,0
sheath,0,0,0,0,1,0,0,0,0,0,0
special,3,0,0,0,0,0,0,0,0,0,0
occasion,0,0,0,0,1,0,0,0,0,0,0
man,0,0,0,0,13,0,0,0,0,0,0
woman,0,0,0,0,13,0,0,0,0,0,0
jewelry,0,0,0,0,4,0,0,0,0,0,0
perfume,0,0,0,0,1,0,0,0,0,0,0
makeup,0,0,0,0,1,0,0,0,0,0,0
elaborate,3,0,0,0,0,0,0,0,0,0,0
wig,0,0,0,0,4,0,0,0,0,0,0
little,7,0,1,0,0,0,0,0,0,0,0
furniture,0,0,0,0,9,0,0,0,0,0,0
sophisticated,2,0,0,0,0,0,0,0,0,0,0
fine,4,0,0,0,0,0,0,0,0,0,0
material,0,0,0,0,3,0,0,0,0,0,0
hard,2,0,0,0,0,0,0,0,0,0,0
tax,0,0,0,0,1,0,0,0,0,1,0
heavily,0,0,1,0,0,0,0,0,0,0,0
work,0,0,0,0,9,0,0,0,0,11,0
giant,1,0,0,0,0,0,0,0,0,0,0
public,4,0,0,0,1,0,0,0,0,0,0
project,0,0,0,0,3,0,0,0,0,0,0
grand,2,0,0,0,0,0,0,0,0,0,0
stone,0,0,0,0,22,0,0,0,0,0,0
temple,0,0,0,0,16,0,0,0,0,0,0
honor,0,0,0,0,0,0,0,0,0,1,0
god,0,0,0,0,21,0,0,0,0,0,0
extravagant,1,0,0,0,0,0,0,0,0,0,0
structure,0,0,0,0,2,0,0,0,0,0,0
gigantic,4,0,0,0,0,0,0,0,0,0,0
tomb,0,0,0,0,32,0,0,0,0,0,0
love,0,0,0,0,0,0,0,0,0,3,0
hopeful,1,0,0,0,0,0,0,0,0,0,0
soul,0,0,0,0,3,0,0,0,0,0,0
reunite,0,0,0,0,0,0,0,0,0,2,0
body,0,0,0,0,17,0,0,0,0,0,0
death,0,0,0,0,6,0,0,0,0,0,0
hopefulness,0,0,0,0,1,0,0,0,0,0,0
combine,0,0,0,0,0,0,0,0,0,5,0
fact,0,0,0,0,3,0,0,0,0,0,0
stay,0,0,0,0,0,0,0,0,0,1,0
preserve,0,0,0,0,0,0,0,0,0,8,0
atmosphere,0,0,0,0,1,0,0,0,0,0,0
lead,0,0,0,0,0,0,0,0,0,5,0
practice,0,0,0,0,2,0,0,0,0,1,0
mummification,0,0,0,0,2,0,0,0,0,0,0
human,4,0,0,0,1,0,0,0,0,0,0
give,0,0,0,0,0,0,0,0,0,2,0
preservation,0,0,0,0,1,0,0,0,0,0,0
treatment,0,0,0,0,1,0,0,0,0,0,0
certain,2,0,0,0,0,0,0,0,0,0,0
animal,0,0,0,0,12,0,0,0,0,0,0
include,0,0,0,0,0,0,0,0,0,5,0
cat,0,0,0,0,6,0,0,0,0,0,0
consider,0,0,0,0,0,0,0,0,0,3,0
sacred,9,0,0,0,0,0,0,0,0,0,0
study,0,0,0,0,1,0,0,0,0,2,0
building,0,0,0,0,5,0,0,0,0,0,0
culture,0,0,0,0,5,0,0,0,0,0,0
art,0,0,0,0,10,0,0,0,0,0,0
represent,0,0,0,0,0,0,0,0,0,7,0
idea,0,0,0,0,5,0,0,0,0,0,0
example,0,0,0,0,3,0,0,0,0,0,0
servant,0,0,0,0,2,0,0,0,0,0,0
appear,0,0,0,0,0,0,0,0,0,3,0
small,12,0,0,0,0,0,0,0,0,0,0
lord,0,0,0,0,2,0,0,0,0,0,0
image,0,0,0,0,2,0,0,0,0,0,0
paint,0,0,0,0,1,0,0,0,0,5,0
wall,0,0,0,0,12,0,0,0,0,2,0
fresco,0,0,0,0,2,0,0,0,0,0,0
kind,0,0,0,0,5,0,0,0,0,0,0
scene,0,0,0,0,2,0,0,0,0,0,0
queen,0,0,0,0,6,0,0,0,0,0,0
commune,0,0,0,0,0,0,0,0,0,1,0
goddess,0,0,0,0,5,0,0,0,0,0,0
cut,0,0,0,0,1,0,0,0,0,6,0
grain,0,0,0,0,7,0,0,0,0,0,0
waterbird,0,0,0,0,1,0,0,0,0,0,0
fly,0,0,0,0,0,0,0,0,0,1,0
marsh,0,0,0,0,2,0,0,0,0,0,0
different,8,0,0,0,0,0,0,0,0,0,0
type,0,0,0,0,2,0,0,0,0,0,0
writing,0,0,0,0,26,0,0,0,0,0,0
hieroglyphic,6,0,0,0,6,0,0,0,0,0,0
beautiful,6,0,0,0,0,0,0,0,0,0,0
stylized,1,0,0,0,0,0,0,0,0,0,0
picture,0,0,0,0,12,0,0,0,0,5,0
language,0,0,0,0,1,0,0,0,0,0,0
paper,0,0,0,0,5,0,0,0,0,0,0
papyrus,0,0,0,0,16,0,0,0,0,0,0
plant,0,0,0,0,6,0,0,0,0,0,0
long,13,0,2,0,0,0,0,0,0,0,0
go,0,0,0,0,0,0,0,0,0,4,0
remain,0,0,0,0,4,0,0,0,0,6,0
source,0,0,0,0,3,0,0,0,0,0,0
fascination,0,0,0,0,3,0,0,0,0,0,0
stable,1,0,0,0,0,0,0,0,0,0,0
history,0,0,0,0,8,0,0,0,0,0,0
refined,1,0,0,0,0,0,0,0,0,0,0
vast,1,0,0,0,0,0,0,0,0,0,0
engineering,0,0,0,0,1,0,0,0,0,0,0
accomplishment,0,0,0,0,1,0,0,0,0,0,0
hint,0,0,0,0,0,0,0,0,0,1,0
way,0,0,0,0,6,0,0,0,0,0,0
familiar,1,0,0,0,0,0,0,0,0,0,0
continue,0,0,0,0,0,0,0,0,0,3,0
inspire,0,0,0,0,0,0,0,0,0,1,0
creativity,0,0,0,0,1,0,0,0,0,0,0
today,0,0,0,0,6,0,0,0,0,0,0
country,0,0,0,0,6,0,0,0,0,0,0
unbroken,1,0,0,0,0,0,0,0,0,0,0
nearly,0,0,2,0,0,0,0,0,0,0,0
birth,0,0,0,0,1,0,0,0,0,0,0
reach,0,0,0,0,0,0,0,0,0,6,0
high,8,0,0,0,0,0,0,0,0,0,0
stage,0,0,0,0,4,0,0,0,0,0,0
live,0,0,0,0,0,0,0,0,0,13,0
orderly,2,0,0,0,0,0,0,0,0,0,0
government,0,0,0,0,3,0,0,0,0,0,0
commerce,0,0,0,0,1,0,0,0,0,0,0
ship,0,0,0,0,6,0,0,0,0,0,0
important,10,0,0,0,0,0,0,0,0,0,0
acquire,0,0,0,0,0,0,0,0,0,1,0
people,0,0,0,0,29,0,0,0,0,0,0
development,0,0,0,0,2,0,0,0,0,0,0
craft,0,0,0,0,2,0,0,0,0,0,0
foundation,0,0,0,0,1,0,0,0,0,0,0
western,1,0,0,0,0,0,0,0,0,0,0
trace,0,0,0,0,0,0,0,0,0,1,0
traveler,0,0,0,0,2,0,0,0,0,0,0
see,0,0,0,0,0,0,0,0,0,4,0
majestic,1,0,0,0,0,0,0,0,0,0,0
monument,0,0,0,0,8,0,0,0,0,0,0
reveal,0,0,0,0,0,0,0,0,0,3,0
achievement,0,0,0,0,2,0,0,0,0,0,0
religious,7,0,0,0,0,0,0,0,0,0,0
believe,0,0,0,0,0,0,0,0,0,7,0
king,0,0,0,0,18,0,0,0,0,0,0
noble,0,0,0,0,6,0,0,0,0,0,0
carefully,0,0,3,0,0,0,0,0,0,0,0
embalm,0,0,0,0,0,0,0,0,0,3,0
carve,0,0,0,0,0,0,0,0,0,9,0
inscription,0,0,0,0,6,0,0,0,0,0,0
private,4,0,0,0,0,0,0,0,0,0,0
decorate,0,0,0,0,0,0,0,0,0,6,0
painting,0,0,0,0,9,0,0,0,0,0,0
person,0,0,0,0,1,0,0,0,0,0,0
object,0,0,0,0,8,0,0,0,0,0,0
think,0,0,0,0,0,0,0,0,0,3,0
need,0,0,0,0,1,0,0,0,0,2,0
return,0,0,0,0,0,0,0,0,0,5,0
hot,2,0,0,0,0,0,0,0,0,0,0
air,0,0,0,0,1,0,0,0,0,0,0
century,0,0,0,0,19,0,0,0,0,0,0
thousand,0,0,0,0,4,1,0,0,0,0,0
museum,0,0,0,0,4,0,0,0,0,0,0
document,0,0,0,0,3,0,0,0,0,0,0
dancing,0,0,0,0,1,0,0,0,0,0,0
detail,0,0,0,0,1,0,0,0,0,0,0
trustee,0,0,0,0,1,0,0,0,0,0,0
archaeologist,0,0,0,0,10,0,0,0,0,0,0
burial,1,0,0,0,5,0,0,0,0,0,0
ground,0,0,0,0,5,0,0,0,0,0,0
old,9,0,0,0,0,0,0,0,0,0,0
mother,0,0,0,0,1,0,0,0,0,0,0
founder,0,0,0,0,1,0,0,0,0,0,0
dynasty,0,0,0,0,15,0,0,0,0,0,0
discover,0,0,0,0,0,0,0,0,0,6,0
side,0,0,0,0,4,0,0,0,0,0,0
pit,0,0,0,0,1,0,0,0,0,0,0
lie,0,0,0,0,0,0,0,0,0,4,0
tool,0,0,0,0,3,0,0,0,0,0,0
weapon,0,0,0,0,2,0,0,0,0,0,0
figure,0,0,0,0,5,0,0,0,0,0,0
pottery,0,0,0,0,5,0,0,0,0,0,0
artifact,0,0,0,0,2,0,0,0,0,0,0
piece,0,0,0,0,3,0,0,0,0,1,0
story,0,0,0,0,2,0,0,0,0,0,0
beginning,0,0,0,0,5,0,0,0,0,0,0
antiquity,0,0,0,0,1,0,0,0,0,0,0
throng,0,0,0,0,1,0,0,0,0,0,0
sightseer,0,0,0,0,1,0,0,0,0,0,0
daily,0,0,1,0,0,0,0,0,0,0,0
look,0,0,0,0,0,0,0,0,0,3,0
face,0,0,0,0,2,0,0,0,0,2,0
rule,0,0,0,0,4,0,0,0,0,7,0
ago,0,0,4,0,0,0,0,0,0,0,0
mummy,0,0,0,0,10,0,0,0,0,0,0
word,0,0,0,0,11,0,0,0,0,0,0
refer,0,0,0,0,0,0,0,0,0,2,0
dead,3,0,0,0,7,0,0,0,0,0,0
soft,3,0,0,0,0,0,0,0,0,0,0
tissue,0,0,0,0,1,0,0,0,0,0,0
bone,0,0,0,0,1,0,0,0,0,0,0
mummify,0,0,0,0,0,0,0,0,0,3,0
belief,0,0,0,0,1,0,0,0,0,0,0
afterlife,0,0,0,0,1,0,0,0,0,0,0
intact,2,0,0,0,0,0,0,0,0,0,0
prepare,0,0,0,0,0,0,0,0,0,2,0
date,0,0,0,0,2,0,0,0,0,5,0
one,0,0,0,0,2,0,0,0,0,0,0
ibis,0,0,0,0,3,0,0,0,0,0,0
crocodile,0,0,0,0,2,0,0,0,0,0,0
process,0,0,0,0,1,0,0,0,0,0,0
royalty,0,0,0,0,1,0,0,0,0,0,0
wealthy,2,0,0,0,0,0,0,0,0,0,0
day,0,0,0,0,4,0,0,0,0,0,0
internal,2,0,0,0,0,0,0,0,0,0,0
organ,0,0,0,0,5,0,0,0,0,0,0
remove,0,0,0,0,0,0,0,0,0,2,0
brain,0,0,0,0,1,0,0,0,0,0,0
usually,0,0,9,0,0,0,0,0,0,0,0
extract,0,0,0,0,0,0,0,0,0,1,0
nostril,0,0,0,0,1,0,0,0,0,0,0
hook,0,0,0,0,1,0,0,0,0,0,0
discard,0,0,0,0,0,0,0,0,0,1,0
heart,0,0,0,0,1,0,0,0,0,0,0
leave,0,0,0,0,1,0,0,0,0,8,0
vital,3,0,0,0,0,0,0,0,0,0,0
vessel,0,0,0,0,5,0,0,0,0,0,0
canopic,1,0,0,0,0,0,0,0,0,0,0
jar,0,0,0,0,4,0,0,0,0,0,0
bury,0,0,0,0,0,0,0,0,0,10,0
late,3,0,0,0,0,0,0,0,0,0,0
treat,0,0,0,0,0,0,0,0,0,2,0
cavity,0,0,0,0,1,0,0,0,0,0,0
seal,0,0,0,0,0,0,0,0,0,2,0
wash,0,0,0,0,0,0,0,0,0,2,0
palm,0,0,0,0,2,0,0,0,0,0,0
wine,0,0,0,0,3,0,0,0,0,0,0
kill,0,0,0,0,0,0,0,0,0,1,0
bacteria,0,0,0,0,1,0,0,0,0,0,0
cover,0,0,0,0,0,0,0,0,0,7,0
natron,0,0,0,0,1,0,0,0,0,0,0
salt,0,0,0,0,1,0,0,0,0,0,0
thoroughly,0,0,1,0,0,0,0,0,0,0,0
resin,0,0,0,0,1,0,0,0,0,0,0
oil,0,0,0,0,4,0,0,0,0,0,0
spice,0,0,0,0,1,0,0,0,0,0,0
substance,0,0,0,0,1,0,0,0,0,0,0
wrap,0,0,0,0,0,0,0,0,0,1,0
strip,0,0,0,0,1,0,0,0,0,1,0
wooden,5,0,0,0,0,0,0,0,0,0,0
coffin,0,0,0,0,6,0,0,0,0,0,0
open,1,0,0,0,0,0,0,0,0,2,0
inside,0,1,1,0,0,0,0,0,0,0,0
excavation,0,0,0,0,2,0,0,0,0,0,0
site,0,0,0,0,3,0,0,0,0,0,0
pharaonic,2,0,0,0,0,0,0,0,0,0,0
shrouded,1,0,0,0,0,0,0,0,0,0,0
case,0,0,0,0,4,0,0,0,0,0,0
cedar,0,0,0,0,2,0,0,0,0,0,0
cloth,0,0,0,0,1,0,0,0,0,0,0
stiffen,0,0,0,0,0,0,0,0,0,1,0
glue,0,0,0,0,1,0,0,0,0,0,0
outer,1,0,0,0,0,0,0,0,0,0,0
tell,0,0,0,0,0,0,0,0,0,1,0
decease,0,0,0,0,0,0,0,0,0,1,0
mold,0,0,0,0,0,0,0,0,0,1,0
mask,0,0,0,0,2,0,0,0,0,0,0
portrait,0,0,0,0,2,0,0,0,0,0,0
wood,0,0,0,0,3,0,0,0,0,0,0
head,0,0,0,0,6,0,0,0,0,1,0
end,0,0,0,0,5,0,0,0,0,3,0
double,4,0,0,0,0,0,0,0,0,0,0
oblong,1,0,0,0,0,0,0,0,0,0,0
deposit,0,0,0,0,1,0,0,0,0,1,0
sarcophagus,0,0,0,0,1,0,0,0,0,0,0
understand,0,0,0,0,0,0,0,0,0,3,0
setting,0,0,0,0,2,0,0,0,0,0,0
forbidding,1,0,0,0,0,0,0,0,0,0,0
snake,0,0,0,0,1,0,0,0,0,1,0
south,1,0,3,0,4,0,0,0,0,0,0
equator,0,0,0,0,1,0,0,0,0,0,0
flow,0,0,0,0,0,0,0,0,0,5,0
northward,0,0,2,0,0,0,0,0,0,0,0
northeastern,1,0,0,0,0,0,0,0,0,0,0
length,0,0,0,0,1,0,0,0,0,0,0
mile,0,0,0,0,5,0,0,0,0,0,0
kilometer,0,0,0,0,4,0,0,0,0,0,0
area,0,0,0,0,6,0,0,0,0,0,0
estimate,0,0,0,0,0,0,0,0,0,4,0
square,3,0,0,0,0,0,0,0,0,0,0
basin,0,0,0,0,4,0,0,0,0,0,0
tenth,0,0,0,0,1,0,0,0,0,0,0
continent,0,0,0,0,1,0,0,0,0,0,0
principal,4,0,0,0,0,0,0,0,0,0,0
stream,0,0,0,0,1,0,0,0,0,0,0
headstream,0,0,0,0,1,0,0,0,0,0,0
traditional,3,0,0,0,0,0,0,0,0,0,0
faluka,0,0,0,0,1,0,0,0,0,0,0
sail,0,0,0,0,2,0,0,0,0,3,0
availability,0,0,0,0,1,0,0,0,0,0,0
water,0,0,0,0,11,0,0,0,0,0,0
temperature,0,0,0,0,1,0,0,0,0,0,0
make,0,0,0,0,0,0,0,0,0,2,0
intensive,1,0,0,0,0,0,0,0,0,0,0
cultivation,0,0,0,0,2,0,0,0,0,0,0
bank,0,0,0,0,4,0,0,0,0,0,0
rich,7,0,0,0,1,0,0,0,0,0,0
fertile,2,0,0,0,0,0,0,0,0,0,0
sediment,0,0,0,0,1,0,0,0,0,0,0
mud,0,0,0,0,4,0,0,0,0,0,0
mean,0,0,0,0,1,0,0,0,0,7,0
black,2,0,0,0,0,0,0,0,0,0,0
waterway,0,0,0,0,1,0,0,0,0,0,0
transport,0,0,0,0,1,0,0,0,0,0,0
swell,0,0,0,0,0,0,0,0,0,1,0
summer,0,0,0,0,1,0,0,0,0,0,0
result,0,0,0,0,1,0,0,0,0,1,0
heavy,2,0,0,0,0,0,0,0,0,0,0
tropical,3,0,0,0,0,0,0,0,0,0,0
rain,0,0,0,0,3,0,0,0,0,0,0
effect,0,0,0,0,1,0,0,0,0,0,0
feel,0,0,0,0,0,0,0,0,0,1,0
maximum,0,0,0,0,2,0,0,0,0,0,0
occur,0,0,0,0,0,0,0,0,0,1,0
far,0,0,1,0,0,0,0,0,0,0,0
delay,0,0,0,0,0,0,0,0,0,1,0
level,2,0,0,0,6,0,0,0,0,0,0
rapidly,0,0,1,0,0,0,0,0,0,0,0
low,6,0,1,0,0,0,0,0,0,0,0
fairly,0,0,1,0,0,0,0,0,0,0,0
regular,1,0,0,0,0,0,0,0,0,0,0
phenomenon,0,0,0,0,1,0,0,0,0,0,0
occasionally,0,0,1,0,0,0,0,0,0,0,0
vary,0,0,0,0,0,0,0,0,0,3,0
dam,0,0,0,0,1,0,0,0,0,0,0
regulate,0,0,0,0,0,0,0,0,0,1,0
modern,3,0,0,0,0,0,0,0,0,0,0
particularly,0,0,3,0,0,0,0,0,0,0,0
sequence,0,0,0,0,1,0,0,0,0,0,0
failure,0,0,0,0,1,0,0,0,0,0,0
famine,0,0,0,0,1,0,0,0,0,0,0
disease,0,0,0,0,1,0,0,0,0,0,0
enter,0,0,0,0,0,0,0,0,0,4,0
delta,0,0,0,0,4,0,0,0,0,0,0
region,0,0,0,0,1,0,0,0,0,0,0
triangular,2,0,0,0,0,0,0,0,0,0,0
shaped,3,0,0,0,0,0,0,0,0,0,0
lowland,0,0,0,0,1,0,0,0,0,0,0
comprise,0,0,0,0,0,0,0,0,0,1,0
gulf,0,0,0,0,1,0,0,0,0,0,0
fill,0,0,0,0,0,0,0,0,0,1,0
compose,0,0,0,0,0,0,0,0,0,1,0
silt,0,0,0,0,3,0,0,0,0,0,0
mainly,0,0,1,0,0,0,0,0,0,0,0
thickness,0,0,0,0,1,0,0,0,0,0,0
foot,0,0,0,0,10,0,0,0,0,0,0
meter,0,0,0,0,7,0,0,0,0,0,0
plain,0,0,0,0,1,0,0,0,0,0,0
extend,0,0,0,0,0,0,0,0,0,3,0
east,0,0,1,0,2,0,0,0,0,0,0
west,2,0,2,0,4,0,0,0,0,0,0
extent,0,0,0,0,1,0,0,0,0,0,0
surface,0,0,0,0,5,0,0,0,0,0,0
slope,0,0,0,0,0,0,0,0,0,2,0
gently,0,0,1,0,0,0,0,0,0,0,0
sea,0,0,0,0,3,0,0,0,0,0,0
unlike,0,1,0,0,0,0,0,0,0,0,0
know,0,0,0,0,0,0,0,0,0,6,0
warm,1,0,0,0,0,0,0,0,0,0,0
unsolved,2,0,0,0,0,0,0,0,0,0,0
mystery,0,0,0,0,2,0,0,0,0,0,0
aid,0,0,0,0,2,0,0,0,0,1,0
nilometer,0,0,0,0,1,0,0,0,0,0,0
gauge,0,0,0,0,1,0,0,0,0,0,0
graduated,1,0,0,0,0,0,0,0,0,0,0
scale,0,0,0,0,5,0,0,0,0,0,0
natural,2,0,0,0,0,0,0,0,0,0,0
rock,0,0,0,0,1,0,0,0,0,0,0
flaked,1,0,0,0,0,0,0,0,0,0,0
flint,0,0,0,0,4,0,0,0,0,0,0
hand,0,0,0,0,3,0,0,0,0,0,0
axe,0,0,0,0,1,0,0,0,0,0,0
age,0,0,0,0,7,0,0,0,0,0,0
plateau,0,0,0,0,2,0,0,0,0,0,0
grassland,0,0,0,0,2,0,0,0,0,0,0
wander,0,0,0,0,0,0,0,0,0,1,0
search,0,0,0,0,1,0,0,0,0,0,0
game,0,0,0,0,1,0,0,0,0,0,0
fresh,1,0,0,0,0,0,0,0,0,0,0
pasture,0,0,0,0,1,0,0,0,0,0,0
permanent,2,0,0,0,0,0,0,0,0,0,0
hunt,0,0,0,0,0,0,0,0,0,2,0
crude,1,0,0,0,0,0,0,0,0,0,0
bow,0,0,0,0,2,0,0,0,0,1,0
arrow,0,0,0,0,2,0,0,0,0,0,0
chipped,1,0,0,0,0,0,0,0,0,0,0
decrease,0,0,0,0,0,0,0,0,0,1,0
valley,0,0,0,0,4,0,0,0,0,0,0
follow,0,0,0,0,0,0,0,0,0,10,0
settle,0,0,0,0,0,0,0,0,0,2,0
edge,0,0,0,0,1,0,0,0,0,0,0
jungle,0,0,0,0,1,0,0,0,0,0,0
line,0,0,0,0,5,0,0,0,0,1,0
grind,0,0,0,0,0,0,0,0,0,4,0
undergo,0,0,0,0,0,0,0,0,0,1,0
progress,0,0,0,0,0,0,0,0,0,1,0
food,0,0,0,0,6,0,0,0,0,0,0
gathering,0,0,0,0,1,0,0,0,0,0,0
produce,0,0,0,0,0,0,0,0,0,2,0
elephant,0,0,0,0,1,0,0,0,0,0,0
hippopotamus,0,0,0,0,1,0,0,0,0,0,0
wild,3,0,0,0,0,0,0,0,0,0,0
fowl,0,0,0,0,2,0,0,0,0,0,0
fish,0,0,0,0,2,0,0,0,0,1,0
rely,0,0,0,0,0,0,0,0,0,1,0
meat,0,0,0,0,1,0,0,0,0,0,0
breed,0,0,0,0,0,0,0,0,0,1,0
horned,1,0,0,0,0,0,0,0,0,0,0
cattle,0,0,0,0,1,0,0,0,0,0,0
sheep,0,0,0,0,1,0,0,0,0,0,0
goat,0,0,0,0,1,0,0,0,0,0,0
goose,0,0,0,0,2,0,0,0,0,0,0
vegetable,0,0,0,0,3,0,0,0,0,0,0
gather,0,0,0,0,0,0,0,0,0,2,0
seed,0,0,0,0,3,0,0,0,0,0,0
floodwater,0,0,0,0,2,0,0,0,0,0,0
away,0,0,2,0,0,0,0,0,0,0,0
dig,0,0,0,0,0,0,0,0,0,2,0
hoe,0,0,0,0,1,0,0,0,0,0,0
scatter,0,0,0,0,0,0,0,0,0,1,0
wet,1,0,0,0,0,0,0,0,0,0,0
wait,0,0,0,0,0,0,0,0,0,1,0
harvest,0,0,0,0,1,0,0,0,0,1,0
sharp,2,0,0,0,0,0,0,0,0,0,0
toothed,1,0,0,0,0,0,0,0,0,0,0
sickle,0,0,0,0,1,0,0,0,0,0,0
set,0,0,0,0,0,0,0,0,0,7,0
straight,2,0,0,0,0,0,0,0,0,0,0
holder,0,0,0,0,1,0,0,0,0,0,0
flat,4,0,0,0,0,0,0,0,0,0,0
millstone,0,0,0,0,1,0,0,0,0,0,0
raise,0,0,0,0,0,0,0,0,0,3,0
emmer,0,0,0,0,1,0,0,0,0,0,0
wheat,0,0,0,0,1,0,0,0,0,0,0
barley,0,0,0,0,1,0,0,0,0,0,0
flax,0,0,0,0,2,0,0,0,0,0,0
bread,0,0,0,0,3,0,0,0,0,0,0
beer,0,0,0,0,3,0,0,0,0,0,0
spin,0,0,0,0,0,0,0,0,0,1,0
wove,0,0,0,0,0,0,0,0,0,2,0
garment,0,0,0,0,1,0,0,0,0,0,0
mural,1,0,0,0,2,0,0,0,0,0,0
marshland,0,0,0,0,1,0,0,0,0,0,0
bird,0,0,0,0,1,0,0,0,0,0,0
come,0,0,0,0,0,0,0,0,0,10,0
house,0,0,0,0,13,0,0,0,0,1,0
round,1,0,0,0,0,0,0,0,0,0,0
oval,1,0,0,0,0,0,0,0,0,0,0
hole,0,0,0,0,1,0,0,0,0,0,0
lump,0,0,0,0,1,0,0,0,0,0,0
roof,0,0,0,0,2,0,0,0,0,0,0
mat,0,0,0,0,0,0,0,0,0,1,0
later,0,0,12,0,0,0,0,0,0,0,0
rectangular,4,0,0,0,0,0,0,0,0,0,0
brick,0,0,0,0,3,0,0,0,0,0,0
frame,0,0,0,0,2,0,0,0,0,0,0
door,0,0,0,0,3,0,0,0,0,0,0
window,0,0,0,0,2,0,0,0,0,0,0
like,1,4,0,0,0,0,0,0,0,0,0
lumber,0,0,0,0,1,0,0,0,0,0,0
axhead,0,0,0,0,1,0,0,0,0,0,0
saw,0,0,0,0,1,0,0,0,0,0,0
clay,0,0,0,0,4,0,0,0,0,0,0
create,0,0,0,0,0,0,0,0,0,1,0
wheel,0,0,0,0,3,0,0,0,0,0,0
hold,0,0,0,0,1,0,0,0,0,7,0
drink,0,0,0,0,2,0,0,0,0,0,0
fashion,0,0,0,0,1,0,0,0,0,3,0
ornament,0,0,0,0,1,0,0,0,0,0,0
ivory,0,0,0,0,3,0,0,0,0,0,0
bead,0,0,0,0,2,0,0,0,0,0,0
basket,0,0,0,0,3,0,0,0,0,0,0
oar,0,0,0,0,1,0,0,0,0,0,0
nearby,2,0,1,0,0,0,0,0,0,0,0
instead,0,0,3,0,0,0,0,0,0,0,0
name,0,0,0,0,2,0,0,0,0,3,0
sign,0,0,0,0,9,0,0,0,0,0,0
probably,0,0,1,0,0,0,0,0,0,0,0
indicate,0,0,0,0,0,0,0,0,0,2,0
port,0,0,0,0,1,0,0,0,0,0,0
step,0,0,0,0,2,0,0,0,0,0,0
invention,0,0,0,0,3,0,0,0,0,0,0
irrigation,0,0,0,0,9,0,0,0,0,0,0
certainly,0,0,1,0,0,0,0,0,0,0,0
begin,0,0,0,0,0,0,0,0,0,8,0
use,0,0,0,0,3,0,0,0,0,4,0
sow,0,0,0,0,0,0,0,0,0,2,0
annual,4,0,0,0,0,0,0,0,0,0,0
subside,0,0,0,0,0,0,0,0,0,1,0
passing,0,0,0,0,1,0,0,0,0,0,0
refine,0,0,0,0,0,0,0,0,0,1,0
method,0,0,0,0,3,0,0,0,0,0,0
emerge,0,0,0,0,0,0,0,0,0,1,0
system,0,0,0,0,7,0,0,0,0,0,0
field,0,0,0,0,3,0,0,0,0,0,0
floodplain,0,0,0,0,1,0,0,0,0,0,0
divide,0,0,0,0,0,0,0,0,0,4,0
earth,0,0,0,0,1,0,0,0,0,0,0
series,0,0,0,0,2,0,0,0,0,0,0
large,10,0,0,0,0,0,0,0,0,0,0
size,0,0,0,0,4,0,0,0,0,0,0
acre,0,0,0,0,2,0,0,0,0,0,0
hectare,0,0,0,0,2,0,0,0,0,0,0
allow,0,0,0,0,0,0,0,0,0,2,0
week,0,0,0,0,1,0,0,0,0,0,0
permit,0,0,0,0,0,0,0,0,0,1,0
thin,2,0,0,0,0,0,0,0,0,0,0
autumn,0,0,0,0,1,0,0,0,0,0,0
winter,0,0,0,0,1,0,0,0,0,0,0
waterlogged,1,0,0,0,0,0,0,0,0,0,0
mercy,0,0,0,0,1,0,0,0,0,0,0
fluctuation,0,0,0,0,1,0,0,0,0,0,0
screw,0,0,0,0,3,0,0,0,0,0,0
device,0,0,0,0,2,0,0,0,0,0,0
hydraulic,1,0,0,0,0,0,0,0,0,0,0
riverbank,0,0,0,0,1,0,0,0,0,0,0
perennial,1,0,0,0,0,0,0,0,0,0,0
lift,0,0,0,0,0,0,0,0,0,1,0
directly,0,0,3,0,0,0,0,0,0,0,0
channel,0,0,0,0,1,0,0,0,0,0,0
shadoof,0,0,0,0,1,0,0,0,0,0,0
counterbalanced,1,0,0,0,0,0,0,0,0,0,0
lever,0,0,0,0,1,0,0,0,0,0,0
pole,0,0,0,0,1,0,0,0,0,0,0
sakieh,0,0,0,0,1,0,0,0,0,0,0
persian,3,0,0,0,0,0,0,0,0,0,0
waterwheel,0,0,0,0,1,0,0,0,0,0,0
engage,0,0,0,0,0,0,0,0,0,1,0
canal,0,0,0,0,1,0,0,0,0,0,0
require,0,0,0,0,0,0,0,0,0,1,0
leader,0,0,0,0,2,0,0,0,0,0,0
necessary,4,0,0,0,0,0,0,0,0,0,0
plan,0,0,0,0,2,0,0,0,0,1,0
direct,0,0,0,0,0,0,0,0,0,1,0
worker,0,0,0,0,5,0,0,0,0,0,0
arise,0,0,0,0,0,0,0,0,0,1,0
population,0,0,0,0,1,0,0,0,0,0,0
wealth,0,0,0,0,2,0,0,0,0,0,0
increase,0,0,0,0,1,0,0,0,0,3,0
farmland,0,0,0,0,2,0,0,0,0,0,0
support,0,0,0,0,0,0,0,0,0,2,0
farm,0,0,0,0,0,0,0,0,0,1,0
town,0,0,0,0,11,0,0,0,0,0,0
spread,0,0,0,0,0,0,0,0,0,4,0
state,0,0,0,0,5,0,0,0,0,0,0
political,2,0,0,0,0,0,0,0,0,0,0
unit,0,0,0,0,1,0,0,0,0,0,0
unite,0,0,0,0,0,0,0,0,0,3,0
crown,0,0,0,0,5,0,0,0,0,0,0
white,3,0,0,0,0,0,0,0,0,0,0
red,2,0,0,0,0,0,0,0,0,0,0
illustration,0,0,0,0,2,0,0,0,0,0,0
symbolize,0,0,0,0,0,0,0,0,0,1,0
union,0,0,0,0,2,0,0,0,0,0,0
stimulate,0,0,0,0,0,0,0,0,0,1,0
contact,0,0,0,0,1,0,0,0,0,0,0
mesopotamian,1,0,0,0,0,0,0,0,0,0,0
advanced,1,0,0,0,0,0,0,0,0,0,0
metal,0,0,0,0,2,0,0,0,0,0,0
distinct,1,0,0,0,0,0,0,0,0,0,0
script,0,0,0,0,3,0,0,0,0,0,0
abruptly,0,0,1,0,0,0,0,0,0,0,0
threshold,0,0,0,0,1,0,0,0,0,0,0
kingdom,0,0,0,0,3,0,0,0,0,0,0
accord,0,0,0,0,0,0,0,0,0,2,0
tradition,0,0,0,0,3,0,0,0,0,0,0
stand,0,0,0,0,0,0,0,0,0,6,0
priest,0,0,0,0,4,0,0,0,0,0,0
list,0,0,0,0,1,0,0,0,0,0,0
note,0,0,0,0,0,0,0,0,0,2,0
event,0,0,0,0,2,0,0,0,0,0,0
reign,0,0,0,0,3,0,0,0,0,1,0
group,0,0,0,0,0,0,0,0,0,2,0
succession,0,0,0,0,1,0,0,0,0,0,0
descent,0,0,0,0,1,0,0,0,0,0,0
flourish,0,0,0,0,0,0,0,0,0,1,0
separate,0,0,0,0,0,0,0,0,0,1,0
decline,0,0,0,0,3,0,0,0,0,0,0
final,2,0,0,0,0,0,0,0,0,0,0
successor,0,0,0,0,2,0,0,0,0,0,0
capital,0,0,0,0,5,0,0,0,0,0,0
locate,0,0,0,0,0,0,0,0,0,1,0
near,0,8,0,0,0,0,0,0,0,0,0
point,0,0,0,0,3,0,0,0,0,0,0
meet,0,0,0,0,0,0,0,0,0,1,0
master,0,0,0,0,2,0,0,0,0,0,0
builder,0,0,0,0,1,0,0,0,0,0,0
erect,0,0,0,0,0,0,0,0,0,3,0
overlook,0,0,0,0,0,0,0,0,0,1,0
entirely,0,0,1,0,0,0,0,0,0,0,0
mark,0,0,0,0,0,0,0,0,0,1,0
creative,2,0,0,0,0,0,0,0,0,0,0
true,1,0,0,0,0,0,0,0,0,0,0
pyramidal,1,0,0,0,0,0,0,0,0,0,0
guard,0,0,0,0,0,0,0,0,0,1,0
chamber,0,0,0,0,4,0,0,0,0,0,0
deep,1,0,2,0,0,0,0,0,0,0,0
pile,0,0,0,0,1,0,0,0,0,0,0
climax,0,0,0,0,1,0,0,0,0,0,0
lion,0,0,0,0,1,0,0,0,0,0,0
last,0,0,0,0,0,0,0,0,0,2,0
active,1,0,0,0,0,0,0,0,0,0,0
optimistic,1,0,0,0,0,0,0,0,0,0,0
peace,0,0,0,0,2,0,0,0,0,0,0
splendor,0,0,0,0,1,0,0,0,0,0,0
brilliant,1,0,0,0,0,0,0,0,0,0,0
flowering,0,0,0,0,1,0,0,0,0,0,0
sculpture,0,0,0,0,1,0,0,0,0,0,0
achieve,0,0,0,0,0,0,0,0,0,3,0
grandeur,0,0,0,0,1,0,0,0,0,0,0
attain,0,0,0,0,0,0,0,0,0,1,0
splendid,3,0,0,0,0,0,0,0,0,0,0
court,0,0,0,0,4,0,0,0,0,0,0
worship,0,0,0,0,4,0,0,0,0,5,0
son,0,0,0,0,10,0,0,0,0,0,0
sun,0,0,0,0,10,0,0,0,0,0,0
height,0,0,0,0,3,0,0,0,0,0,0
grandson,0,0,0,0,1,0,0,0,0,0,0
order,0,0,0,0,1,0,0,0,0,2,0
construction,0,0,0,0,2,0,0,0,0,0,0
huge,4,0,0,0,0,0,0,0,0,0,0
serve,0,0,0,0,0,0,0,0,0,2,0
cluster,0,0,0,0,2,0,0,0,0,0,0
wonder,0,0,0,0,1,0,0,0,0,0,0
exist,0,0,0,0,0,0,0,0,0,1,0
left,0,0,1,0,0,0,0,0,0,0,0
center,0,0,1,0,2,0,0,0,0,1,0
loom,0,0,0,0,0,0,0,0,0,1,0
horizon,0,0,0,0,2,0,0,0,0,0,0
outside,0,1,0,0,0,0,0,0,0,0,0
rest,0,0,0,0,0,0,0,0,0,1,0
base,0,0,0,0,2,0,0,0,0,0,0
originally,0,0,1,0,0,0,0,0,0,0,0
father,0,0,0,0,4,0,0,0,0,0,0
relative,0,0,0,0,1,0,0,0,0,0,0
courtier,0,0,0,0,1,0,0,0,0,0,0
fear,0,0,0,0,1,0,0,0,0,1,0
disturb,0,0,0,0,0,0,0,0,0,1,0
grave,0,0,0,0,1,0,0,0,0,0,0
robber,0,0,0,0,2,0,0,0,0,0,0
choose,0,0,0,0,0,0,0,0,0,1,0
exact,1,0,0,0,0,0,0,0,0,0,0
passageway,0,0,0,0,1,0,0,0,0,0,0
angle,0,0,0,0,0,0,0,0,0,1,0
purpose,0,0,0,0,1,0,0,0,0,0,0
looter,0,0,0,0,1,0,0,0,0,0,0
break,0,0,0,0,0,0,0,0,0,4,0
steal,0,0,0,0,0,0,0,0,0,3,0
jewel,0,0,0,0,1,0,0,0,0,0,0
treasure,0,0,0,0,4,0,0,0,0,0,0
labor,0,0,0,0,1,0,0,0,0,2,0
complete,0,0,0,0,0,0,0,0,0,2,0
million,0,0,0,0,0,1,0,0,0,0,0
block,0,0,0,0,2,0,0,0,0,0,0
authority,0,0,0,0,1,0,0,0,0,0,0
move,0,0,0,0,0,0,0,0,0,2,0
circular,1,0,0,0,0,0,0,0,0,0,0
ramp,0,0,0,0,1,0,0,0,0,0,0
construct,0,0,0,0,0,0,0,0,0,2,0
independent,1,0,0,0,0,0,0,0,0,0,0
split,0,0,0,0,0,0,0,0,0,3,0
war,0,0,0,0,4,0,0,0,0,1,0
disrepair,0,0,0,0,1,0,0,0,0,0,0
writer,0,0,0,0,1,0,0,0,0,0,0
possession,0,0,0,0,1,0,0,0,0,0,0
sit,0,0,0,0,0,0,0,0,0,1,0
bush,0,0,0,0,1,0,0,0,0,0,0
benighted,1,0,0,0,0,0,0,0,0,0,0
thief,0,0,0,0,2,0,0,0,0,0,0
rob,0,0,0,0,0,0,0,0,0,1,0
imagine,0,0,0,0,0,0,0,0,0,1,0
unearth,0,0,0,0,0,0,0,0,0,1,0
struggle,0,0,0,0,1,0,0,0,0,0,0
win,0,0,0,0,0,0,0,0,0,1,0
enemy,0,0,0,0,2,0,0,0,0,0,0
enormous,1,0,0,0,0,0,0,0,0,0,0
lay,0,0,0,0,0,0,0,0,0,1,0
wisely,0,0,1,0,0,0,0,0,0,0,0
send,0,0,0,0,0,0,0,0,0,4,0
trading,0,0,0,0,1,0,0,0,0,0,0
mediterranean,2,0,0,0,0,0,0,0,0,0,0
get,0,0,0,0,0,0,0,0,0,1,0
gold,0,0,0,0,4,0,0,0,0,0,0
copper,0,0,0,0,2,0,0,0,0,0,0
mine,0,0,0,0,1,0,0,0,0,0,0
colossal,3,0,0,0,0,0,0,0,0,0,0
prosperity,0,0,0,0,1,0,0,0,0,0,0
barbarian,1,0,0,0,0,0,0,0,0,0,0
horse,0,0,0,0,1,0,0,0,0,0,0
chariot,0,0,0,0,2,0,0,0,0,0,0
combat,0,0,0,0,1,0,0,0,0,0,0
superior,1,0,0,0,0,0,0,0,0,0,0
fight,0,0,0,0,0,0,0,0,0,2,0
match,0,0,0,0,1,0,0,0,0,0,0
occupy,0,0,0,0,0,0,0,0,0,1,0
fortify,0,0,0,0,0,0,0,0,0,1,0
camp,0,0,0,0,1,0,0,0,0,0,0
earthen,1,0,0,0,0,0,0,0,0,0,0
fail,0,0,0,0,0,0,0,0,0,1,0
conquer,0,0,0,0,0,0,0,0,0,4,0
new,13,0,0,0,0,0,0,0,0,0,0
warfare,0,0,0,0,3,0,0,0,0,0,0
successful,1,0,0,0,0,0,0,0,0,0,0
liberation,0,0,0,0,1,0,0,0,0,0,0
dawn,0,0,0,0,0,0,0,0,0,1,0
expel,0,0,0,0,0,0,0,0,0,1,0
peaceful,1,0,0,0,0,0,0,0,0,0,0
have,0,0,0,0,0,0,0,0,0,1,0
technique,0,0,0,0,1,0,0,0,0,0,0
embark,0,0,0,0,0,0,0,0,0,1,0
conquest,0,0,0,0,4,0,0,0,0,0,0
peak,0,0,0,0,1,0,0,0,0,0,0
general,0,0,0,0,3,0,0,0,0,0,0
campaign,0,0,0,0,2,0,0,0,0,0,0
slave,0,0,0,0,2,0,0,0,0,0,0
tribute,0,0,0,0,2,0,0,0,0,0,0
pour,0,0,0,0,0,0,0,0,0,1,0
pay,0,0,0,0,1,0,0,0,0,2,0
good,0,0,0,0,2,0,0,0,0,0,0
money,0,0,0,0,1,0,0,0,0,0,0
bear,0,0,0,0,0,0,0,0,0,4,0
present,0,0,0,0,1,0,0,0,0,1,0
back,0,0,0,0,2,0,0,0,0,0,0
humbly,0,0,1,0,0,0,0,0,0,0,0
ride,0,0,0,0,0,0,0,0,0,1,0
army,0,0,0,0,4,0,0,0,0,0,0
push,0,0,0,0,0,0,0,0,0,1,0
frontier,0,0,0,0,1,0,0,0,0,0,0
repair,0,0,0,0,0,0,0,0,0,1,0
female,2,0,0,0,0,0,0,0,0,0,0
enlarge,0,0,0,0,0,0,0,0,0,1,0
monarch,0,0,0,0,1,0,0,0,0,0,0
wonderful,1,0,0,0,0,0,0,0,0,0,0
pair,0,0,0,0,2,0,0,0,0,0,0
seat,0,0,0,0,1,0,0,0,0,1,0
modest,1,0,0,0,0,0,0,0,0,0,0
hew,0,0,0,0,0,0,0,0,0,1,0
cliff,0,0,0,0,3,0,0,0,0,0,0
isolated,1,0,0,0,0,0,0,0,0,0,0
attention,0,0,0,0,1,0,0,0,0,0,0
decay,0,0,0,0,0,0,0,0,0,2,0
throne,0,0,0,0,8,0,0,0,0,0,0
interested,1,0,0,0,0,0,0,0,0,0,0
religion,0,0,0,0,2,0,0,0,0,0,0
promote,0,0,0,0,0,0,0,0,0,1,0
doctrine,0,0,0,0,1,0,0,0,0,0,0
want,0,0,0,0,0,0,0,0,0,3,0
radiant,1,0,0,0,0,0,0,0,0,0,0
satisfied,1,0,0,0,0,0,0,0,0,0,0
middle,1,0,0,0,1,0,0,0,0,0,0
gain,0,0,0,0,0,0,0,0,0,1,0
restore,0,0,0,0,0,0,0,0,0,2,0
chiefly,0,0,2,0,0,0,0,0,0,0,0
lavishly,0,0,1,0,0,0,0,0,0,0,0
furnish,0,0,0,0,0,0,0,0,0,3,0
luxury,0,0,0,0,1,0,0,0,0,0,0
magnificent,2,0,0,0,0,0,0,0,0,0,0
half,0,0,0,1,1,0,0,0,0,0,0
hall,0,0,0,0,3,0,0,0,0,0,0
well,0,0,2,0,0,0,0,0,0,0,0
known,2,0,0,0,0,0,0,0,0,0,0
regain,0,0,0,0,0,0,0,0,0,2,0
asian,1,0,0,0,0,0,0,0,0,0,0
defend,0,0,0,0,0,0,0,0,0,1,0
coffinette,0,0,0,0,1,0,0,0,0,0,0
viscera,0,0,0,0,1,0,0,0,0,0,0
power,0,0,0,0,2,0,0,0,0,0,0
treasury,0,0,0,0,1,0,0,0,0,0,0
extensive,2,0,0,0,0,0,0,0,0,0,0
hungry,1,0,0,0,0,0,0,0,0,0,0
resort,0,0,0,0,0,0,0,0,0,1,0
strike,0,0,0,0,1,0,0,0,0,0,0
wage,0,0,0,0,2,0,0,0,0,0,0
central,1,0,0,0,0,0,0,0,0,0,0
establish,0,0,0,0,0,0,0,0,0,3,0
strong,2,0,0,0,0,0,0,0,0,0,0
unable,1,0,0,0,0,0,0,0,0,0,0
withstand,0,0,0,0,0,0,0,0,0,1,0
invasion,0,0,0,0,2,0,0,0,0,0,0
wane,0,0,0,0,0,0,0,0,0,1,0
reorganize,0,0,0,0,0,0,0,0,0,1,0
brief,1,0,0,0,0,0,0,0,0,0,0
second,3,0,0,0,0,0,0,0,0,0,0
macedonian,1,0,0,0,0,0,0,0,0,0,0
conquerer,0,0,0,0,1,0,0,0,0,0,0
invade,0,0,0,0,0,0,0,0,0,1,0
seize,0,0,0,0,0,0,0,0,0,1,0
introduce,0,0,0,0,0,0,0,0,0,1,0
manner,0,0,0,0,1,0,0,0,0,0,0
library,0,0,0,0,2,0,0,0,0,0,0
mosaic,0,0,0,0,1,0,0,0,0,0,0
rebuild,0,0,0,0,0,0,0,0,0,1,0
original,1,0,0,0,0,0,0,0,0,0,0
found,0,0,0,0,0,0,0,0,0,1,0
intellectual,1,0,0,0,0,0,0,0,0,0,0
hub,0,0,0,0,1,0,0,0,0,0,0
ptolemaic,1,0,0,0,0,0,0,0,0,0,0
brother,0,0,0,0,5,0,0,0,0,0,0
xiv,0,0,0,0,0,2,0,0,0,0,0
proclaim,0,0,0,0,0,0,0,0,0,1,0
province,0,0,0,0,1,0,0,0,0,0,0
fascinating,2,0,0,0,0,0,0,0,0,0,0
vii,0,0,0,0,0,1,0,0,0,0,0
intelligence,0,0,0,0,1,0,0,0,0,0,0
beauty,0,0,0,0,1,0,0,0,0,0,0
aim,0,0,0,0,1,0,0,0,0,0,0
heritage,0,0,0,0,1,0,0,0,0,0,0
eld,1,0,0,0,0,0,0,0,0,0,0
xiii,0,0,0,0,0,1,0,0,0,0,0
joint,2,0,0,0,0,0,0,0,0,0,0
young,4,0,0,0,0,0,0,0,0,0,0
supporter,0,0,0,0,1,0,0,0,0,0,0
drive,0,0,0,0,0,0,0,0,0,1,0
exile,0,0,0,0,1,0,0,0,0,0,0
powerhouse,0,0,0,0,1,0,0,0,0,0,0
leadership,0,0,0,0,1,0,0,0,0,0,0
roman,4,0,0,0,0,0,0,0,0,0,0
pursuit,0,0,0,0,1,0,0,0,0,0,0
rival,0,0,0,0,1,0,0,0,0,0,0
hear,0,0,0,0,0,0,0,0,0,1,0
palace,0,0,0,0,3,0,0,0,0,0,0
attendant,0,0,0,0,1,0,0,0,0,0,0
roll,0,0,0,0,1,0,0,0,0,1,0
rug,0,0,0,0,2,0,0,0,0,0,0
offer,0,0,0,0,0,0,0,0,0,1,0
captivate,0,0,0,0,0,0,0,0,0,1,0
charm,0,0,0,0,1,0,0,0,0,0,0
drown,0,0,0,0,0,0,0,0,0,1,0
baby,0,0,0,0,1,0,0,0,0,0,0
villa,0,0,0,0,1,0,0,0,0,0,0
visit,0,0,0,0,0,0,0,0,0,2,0
constantly,0,0,1,0,0,0,0,0,0,0,0
assassinate,0,0,0,0,0,0,0,0,0,1,0
soon,0,0,2,0,0,0,0,0,0,0,0
die,0,0,0,0,0,0,0,0,0,3,0
poison,0,0,0,0,0,0,0,0,0,1,0
civil,3,0,0,0,0,0,0,0,0,0,0
assassination,0,0,0,0,1,0,0,0,0,0,0
eastern,1,0,0,0,0,0,0,0,0,0,0
summon,0,0,0,0,0,0,0,0,0,1,0
answer,0,0,0,0,0,0,0,0,0,1,0
charge,0,0,0,0,1,0,0,0,0,0,0
arrive,0,0,0,0,0,0,0,0,0,2,0
dress,0,0,0,0,2,0,0,0,0,1,0
barge,0,0,0,0,1,0,0,0,0,0,0
fascinate,0,0,0,0,0,0,0,0,0,1,0
fleet,0,0,0,0,3,0,0,0,0,0,0
clash,0,0,0,0,0,0,0,0,0,1,0
combined,1,0,0,0,0,0,0,0,0,0,0
command,0,0,0,0,0,0,0,0,0,1,0
battle,0,0,0,0,2,0,0,0,0,0,0
images,0,0,0,0,0,0,0,1,0,0,0
marry,0,0,0,0,0,0,0,0,0,2,0
sister,0,0,0,0,2,0,0,0,0,0,0
politician,0,0,0,0,1,0,0,0,0,0,0
emperor,0,0,0,0,2,0,0,0,0,0,0
twin,0,0,0,0,1,0,0,0,0,0,0
furious,1,0,0,0,0,0,0,0,0,0,0
declare,0,0,0,0,0,0,0,0,0,1,0
assemble,0,0,0,0,0,0,0,0,0,2,0
blockade,0,0,0,0,1,0,0,0,0,1,0
coast,0,0,0,0,1,0,0,0,0,0,0
slip,0,0,0,0,0,0,0,0,0,1,0
surrender,0,0,0,0,0,0,0,0,0,1,0
defeat,0,0,0,0,0,0,0,0,0,1,0
refuge,0,0,0,0,1,0,0,0,0,0,0
mausoleum,0,0,0,0,1,0,0,0,0,0,0
inform,0,0,0,0,0,0,0,0,0,1,0
stab,0,0,0,0,0,0,0,0,0,1,0
messenger,0,0,0,0,1,0,0,0,0,0,0
insist,0,0,0,0,0,0,0,0,0,1,0
arm,0,0,0,0,1,0,0,0,0,0,0
commit,0,0,0,0,0,0,0,0,0,1,0
suicide,0,0,0,0,1,0,0,0,0,0,0
bite,0,0,0,0,1,0,0,0,0,0,0
poisonous,1,0,0,0,0,0,0,0,0,0,0
asp,0,0,0,0,1,0,0,0,0,0,0
byzantine,1,0,0,0,0,0,0,0,0,0,0
convert,0,0,0,0,0,0,0,0,0,1,0
forth,0,0,1,0,0,0,0,0,0,0,0
discovery,0,0,0,0,5,0,0,0,0,0,0
fad,0,0,0,0,1,0,0,0,0,0,0
affect,0,0,0,0,0,0,0,0,0,1,0
everyday,1,0,0,0,0,0,0,0,0,0,0
communication,0,0,0,0,1,0,0,0,0,0,0
migration,0,0,0,0,1,0,0,0,0,0,0
travel,0,0,0,0,1,0,0,0,0,0,0
merge,0,0,0,0,0,0,0,0,0,1,0
lifestyle,0,0,0,0,1,0,0,0,0,0,0
living,0,0,0,0,1,0,0,0,0,0,0
describe,0,0,0,0,0,0,0,0,0,1,0
homelife,0,0,0,0,1,0,0,0,0,0,0
reference,0,0,0,0,1,0,0,0,0,0,0
sheathlike,1,0,0,0,0,0,0,0,0,0,0
gown,0,0,0,0,1,0,0,0,0,0,0
shoulder,0,0,0,0,3,0,0,0,0,0,0
strap,0,0,0,0,1,0,0,0,0,0,0
typical,1,0,0,0,0,0,0,0,0,0,0
interest,0,0,0,0,2,0,0,0,0,0,0
family,0,0,0,0,3,0,0,0,0,0,0
insurance,0,0,0,0,1,0,0,0,0,0,0
forever,0,0,1,0,0,0,0,0,0,0,0
situate,0,0,0,0,0,0,0,0,0,1,0
chief,1,0,0,0,0,0,0,0,0,0,0
highway,0,0,0,0,1,0,0,0,0,0,0
richly,0,0,4,0,0,0,0,0,0,0,0
color,0,0,0,0,0,0,0,0,0,1,0
opening,0,0,0,0,1,0,0,0,0,0,0
loosely,0,0,1,0,0,0,0,0,0,0,0
weave,0,0,0,0,0,0,0,0,0,4,0
matting,0,0,0,0,3,0,0,0,0,0,0
heat,0,0,0,0,1,0,0,0,0,0,0
glare,0,0,0,0,1,0,0,0,0,0,0
fashionable,1,0,0,0,0,0,0,0,0,0,0
district,0,0,0,0,1,0,0,0,0,0,0
crowd,0,0,0,0,0,0,0,0,0,1,0
close,1,0,2,0,0,0,0,0,0,0,0
space,0,0,0,0,2,0,0,0,0,0,0
dwelling,0,0,0,0,1,0,0,0,0,0,0
save,0,0,0,0,0,0,0,0,0,1,0
narrow,2,0,0,0,0,0,0,0,0,0,0
street,0,0,0,0,1,0,0,0,0,0,0
walled,1,0,0,0,0,0,0,0,0,0,0
garden,0,0,0,0,1,0,0,0,0,0,0
bright,1,0,0,0,0,0,0,0,0,0,0
straw,0,0,0,0,1,0,0,0,0,0,0
floor,0,0,0,0,2,0,0,0,0,0,0
lamp,0,0,0,0,1,0,0,0,0,0,0
saucer,0,0,0,0,1,0,0,0,0,0,0
float,0,0,0,0,0,0,0,0,0,1,0
wick,0,0,0,0,1,0,0,0,0,0,0
bed,0,0,0,0,4,0,0,0,0,0,0
chair,0,0,0,0,4,0,0,0,0,0,0
stool,0,0,0,0,3,0,0,0,0,0,0
real,1,0,0,0,0,0,0,0,0,0,0
dining,0,0,0,0,1,0,0,0,0,0,0
table,0,0,0,0,3,0,0,0,0,0,0
clothe,0,0,0,0,2,0,0,0,0,0,0
sheet,0,0,0,0,2,0,0,0,0,0,0
box,0,0,0,0,4,0,0,0,0,0,0
chest,0,0,0,0,4,0,0,0,0,0,0
professional,1,0,0,0,1,0,0,0,0,0,0
laundryman,0,0,0,0,1,0,0,0,0,0,0
store,0,0,0,0,0,0,0,0,0,2,0
cook,0,0,0,0,1,0,0,0,0,0,0
bowl,0,0,0,0,2,0,0,0,0,0,0
fire,0,0,0,0,1,0,0,0,0,0,0
oven,0,0,0,0,1,0,0,0,0,0,0
bake,0,0,0,0,0,0,0,0,0,2,0
cake,0,0,0,0,1,0,0,0,0,0,0
roast,0,0,0,0,0,0,0,0,0,1,0
beef,0,0,0,0,1,0,0,0,0,0,0
mutton,0,0,0,0,1,0,0,0,0,0,0
common,2,0,0,0,0,0,0,0,0,0,0
milk,0,0,0,0,1,0,0,0,0,0,0
honey,0,0,0,0,1,0,0,0,0,0,0
sweet,0,0,0,0,1,0,0,0,0,0,0
belong,0,0,0,0,0,0,0,0,0,1,0
estate,0,0,0,0,2,0,0,0,0,0,0
find,0,0,0,0,1,0,0,0,0,3,0
hair,0,0,0,0,3,0,0,0,0,0,0
member,0,0,0,0,1,0,0,0,0,0,0
upper,1,0,0,0,0,0,0,0,0,0,0
spend,0,0,0,0,0,0,0,0,0,1,0
tend,0,0,0,0,0,0,0,0,0,1,0
appearance,0,0,0,0,1,0,0,0,0,0,0
bathe,0,0,0,0,0,0,0,0,0,1,0
soda,0,0,0,0,1,0,0,0,0,0,0
soap,0,0,0,0,1,0,0,0,0,0,0
rub,0,0,0,0,0,0,0,0,0,1,0
perfumed,1,0,0,0,0,0,0,0,0,0,0
skin,0,0,0,0,1,0,0,0,0,0,0
shave,0,0,0,0,0,0,0,0,0,1,0
bronze,0,0,0,0,4,0,0,0,0,0,0
razor,0,0,0,0,1,0,0,0,0,0,0
short,3,0,0,0,0,0,0,0,0,0,0
add,0,0,0,0,0,0,0,0,0,2,0
false,1,0,0,0,0,0,0,0,0,0,0
braid,0,0,0,0,1,0,0,0,0,0,0
comb,0,0,0,0,1,0,0,0,0,0,0
hairpin,0,0,0,0,1,0,0,0,0,0,0
mirror,0,0,0,0,1,0,0,0,0,0,0
polished,1,0,0,0,0,0,0,0,0,0,0
silver,0,0,0,0,3,0,0,0,0,0,0
darken,0,0,0,0,0,0,0,0,0,1,0
eyelid,0,0,0,0,1,0,0,0,0,0,0
green,2,0,0,0,0,0,0,0,0,0,0
rouge,0,0,0,0,0,0,0,0,0,1,0
cheek,0,0,0,0,1,0,0,0,0,0,0
lip,0,0,0,0,1,0,0,0,0,0,0
stain,0,0,0,0,0,0,0,0,0,1,0
nail,0,0,0,0,1,0,0,0,0,0,0
henna,0,0,0,0,1,0,0,0,0,0,0
cosmetic,0,0,0,0,1,0,0,0,0,0,0
skirt,0,0,0,0,3,0,0,0,0,0,0
band,0,0,0,0,1,0,0,0,0,0,0
child,0,0,0,0,1,0,0,0,0,0,0
collar,0,0,0,0,1,0,0,0,0,0,0
necklace,0,0,0,0,1,0,0,0,0,0,0
string,0,0,0,0,1,0,0,0,0,0,0
bracelet,0,0,0,0,1,0,0,0,0,0,0
anklet,0,0,0,0,1,0,0,0,0,0,0
earring,0,0,0,0,1,0,0,0,0,0,0
finger,0,0,0,0,1,0,0,0,0,0,0
ring,0,0,0,0,1,0,0,0,0,0,0
precious,2,0,0,0,0,0,0,0,0,0,0
ornamented,1,0,0,0,0,0,0,0,0,0,0
sparsely,0,0,1,0,0,0,0,0,0,0,0
standard,0,0,0,0,1,0,0,0,0,0,0
survive,0,0,0,0,0,0,0,0,0,1,0
custom,0,0,0,0,1,0,0,0,0,0,0
household,0,0,0,0,1,0,0,0,0,0,0
rediscover,0,0,0,0,0,0,0,0,0,1,0
evidence,0,0,0,0,1,0,0,0,0,0,0
derive,0,0,0,0,0,0,0,0,0,2,0
pictorial,1,0,0,0,0,0,0,0,0,0,0
consist,0,0,0,0,0,0,0,0,0,4,0
leg,0,0,0,0,8,0,0,0,0,0,0
framework,0,0,0,0,1,0,0,0,0,0,0
cord,0,0,0,0,2,0,0,0,0,0,0
crescent,1,0,0,0,0,0,0,0,0,0,0
headrest,0,0,0,0,1,0,0,0,0,0,0
pillow,0,0,0,0,1,0,0,0,0,0,0
reserve,0,0,0,0,0,0,0,0,0,1,0
individual,0,0,0,0,2,0,0,0,0,0,0
importance,0,0,0,0,1,0,0,0,0,0,0
resemble,0,0,0,0,0,0,0,0,0,2,0
inlaid,1,0,0,0,0,0,0,0,0,0,0
ebony,0,0,0,0,2,0,0,0,0,0,0
leather,0,0,0,0,1,0,0,0,0,0,0
cross,0,0,0,0,0,0,0,0,0,2,0
terminate,0,0,0,0,0,0,0,0,0,1,0
duck,0,0,0,0,1,0,0,0,0,0,0
clothing,0,0,0,0,3,0,0,0,0,0,0
personal,1,0,0,0,0,0,0,0,0,0,0
decoration,0,0,0,0,3,0,0,0,0,0,0
foil,0,0,0,0,1,0,0,0,0,0,0
leaf,0,0,0,0,1,0,0,0,0,0,0
uncommon,1,0,0,0,0,0,0,0,0,0,0
expensive,1,0,0,0,0,0,0,0,0,0,0
costly,2,0,0,0,0,0,0,0,0,0,0
imitation,0,0,0,0,1,0,0,0,0,0,0
valuable,1,0,0,0,0,0,0,0,0,0,0
symbol,0,0,0,0,5,0,0,0,0,0,0
inlay,0,0,0,0,1,0,0,0,0,1,0
apply,0,0,0,0,0,0,0,0,0,1,0
geometric,1,0,0,0,0,0,0,0,0,0,0
abstract,1,0,0,0,0,0,0,0,0,0,0
design,0,0,0,0,1,0,0,0,0,3,0
couch,0,0,0,0,2,0,0,0,0,0,0
luxurious,1,0,0,0,0,0,0,0,0,0,0
continual,1,0,0,0,0,0,0,0,0,0,0
peasant,0,0,0,0,1,0,0,0,0,0,0
till,0,0,0,0,0,0,0,0,0,1,0
hut,0,0,0,0,1,0,0,0,0,0,0
quarry,0,0,0,0,0,0,0,0,0,1,0
primitive,1,0,0,0,0,0,0,0,0,0,0
granary,0,0,0,0,1,0,0,0,0,0,0
artist,0,0,0,0,7,0,0,0,0,0,0
shop,0,0,0,0,1,0,0,0,0,0,0
profession,0,0,0,0,1,0,0,0,0,0,0
hereditary,1,0,0,0,0,0,0,0,0,0,0
pass,0,0,0,0,0,0,0,0,0,1,0
hurried,1,0,0,0,0,0,0,0,0,0,0
masterpiece,0,0,0,0,2,0,0,0,0,0,0
matter,0,0,0,0,0,0,0,0,0,1,0
highly,0,0,1,0,0,0,0,0,0,0,0
skilled,1,0,0,0,0,0,0,0,0,0,0
smith,0,0,0,0,1,0,0,0,0,0,0
forge,0,0,0,0,0,0,0,0,0,1,0
dish,0,0,0,0,1,0,0,0,0,0,0
goldsmith,0,0,0,0,1,0,0,0,0,0,0
silversmith,0,0,0,0,1,0,0,0,0,0,0
tableware,0,0,0,0,1,0,0,0,0,0,0
turquoise,0,0,0,0,1,0,0,0,0,0,0
carnelian,0,0,0,0,1,0,0,0,0,0,0
lapis,0,0,0,0,0,0,0,0,0,0,1
lazuli,0,0,0,0,1,0,0,0,0,0,0
semiprecious,1,0,0,0,0,0,0,0,0,0,0
gem,0,0,0,0,1,0,0,0,0,0,0
vase,0,0,0,0,1,0,0,0,0,0,0
platter,0,0,0,0,1,0,0,0,0,0,0
diorite,0,0,0,0,1,0,0,0,0,0,0
porphyry,0,0,0,0,1,0,0,0,0,0,0
cream,0,0,0,0,1,0,0,0,0,0,0
colored,2,0,0,0,0,0,0,0,0,0,0
alabaster,0,0,0,0,1,0,0,0,0,0,0
let,0,0,0,0,0,0,0,0,0,1,0
light,0,0,0,0,1,0,0,0,0,0,0
shine,0,0,0,0,0,0,0,0,0,1,0
stalk,0,0,0,0,3,0,0,0,0,0,0
reed,0,0,0,0,2,0,0,0,0,0,0
graceful,1,0,0,0,0,0,0,0,0,0,0
tall,3,0,0,0,0,0,0,0,0,0,0
quietly,0,0,1,0,0,0,0,0,0,0,0
jointless,1,0,0,0,0,0,0,0,0,0,0
bluntly,0,0,1,0,0,0,0,0,0,0,0
stem,0,0,0,0,2,0,0,0,0,0,0
radiate,0,0,0,0,0,0,0,0,0,1,0
flower,0,0,0,0,1,0,0,0,0,0,0
bloom,0,0,0,0,0,0,0,0,0,1,0
tip,0,0,0,0,1,0,0,0,0,0,0
parchmentlike,1,0,0,0,0,0,0,0,0,0,0
pith,0,0,0,0,2,0,0,0,0,0,0
inner,1,0,0,0,0,0,0,0,0,0,0
portion,0,0,0,0,1,0,0,0,0,0,0
boat,0,0,0,0,5,0,0,0,0,0,0
fiber,0,0,0,0,1,0,0,0,0,0,0
provide,0,0,0,0,0,0,0,0,0,2,0
rope,0,0,0,0,1,0,0,0,0,0,0
caulk,0,0,0,0,1,0,0,0,0,0,0
root,0,0,0,0,1,0,0,0,0,0,0
fuel,0,0,0,0,1,0,0,0,0,1,0
scientific,1,0,0,0,0,0,0,0,0,0,0
cultivate,0,0,0,0,0,0,0,0,0,1,0
ornamental,0,0,0,0,1,0,0,0,0,0,0
part,0,0,0,0,3,0,0,0,0,0,0
potter,0,0,0,0,3,0,0,0,0,0,0
turn,0,0,0,0,0,0,0,0,0,1,0
closed,1,0,0,0,0,0,0,0,0,0,0
furnace,0,0,0,0,1,0,0,0,0,0,0
blue,1,0,0,0,0,0,0,0,0,0,0
glaze,0,0,0,0,1,0,0,0,0,0,0
sheer,2,0,0,0,0,0,0,0,0,0,0
fabric,0,0,0,0,1,0,0,0,0,0,0
tapestry,0,0,0,0,1,0,0,0,0,0,0
awning,0,0,0,0,1,0,0,0,0,0,0
timber,0,0,0,0,1,0,0,0,0,0,0
cypress,0,0,0,0,1,0,0,0,0,0,0
import,0,0,0,0,0,0,0,0,0,1,0
cabinetmaker,0,0,0,0,1,0,0,0,0,0,0
overlay,0,0,0,0,0,0,0,0,0,1,0
leatherworker,0,0,0,0,1,0,0,0,0,0,0
contribute,0,0,0,0,0,0,0,0,0,1,0
cushion,0,0,0,0,1,0,0,0,0,0,0
shipbuilder,0,0,0,0,1,0,0,0,0,0,0
curve,0,0,0,0,0,0,0,0,0,1,0
hull,0,0,0,0,1,0,0,0,0,0,0
cargo,0,0,0,0,1,0,0,0,0,0,0
paperworker,0,0,0,0,1,0,0,0,0,0,0
paste,0,0,0,0,0,0,0,0,0,1,0
crosswise,0,0,1,0,0,0,0,0,0,0,0
pale,2,0,0,0,0,0,0,0,0,0,0
yellow,2,0,0,0,0,0,0,0,0,0,0
introduction,0,0,0,0,1,0,0,0,0,0,0
predynastic,1,0,0,0,0,0,0,0,0,0,0
formation,0,0,0,0,1,0,0,0,0,0,0
literate,1,0,0,0,0,0,0,0,0,0,0
scribe,0,0,0,0,5,0,0,0,0,0,0
virtue,0,0,0,0,1,0,0,0,0,0,0
skill,0,0,0,0,1,0,0,0,0,0,0
duty,0,0,0,0,2,0,0,0,0,0,0
service,0,0,0,0,1,0,0,0,0,0,0
keeping,0,0,0,0,1,0,0,0,0,0,0
accounting,0,0,0,0,1,0,0,0,0,0,0
management,0,0,0,0,1,0,0,0,0,0,0
prosecution,0,0,0,0,1,0,0,0,0,0,0
oversee,0,0,0,0,0,0,0,0,0,1,0
military,1,0,0,0,0,0,0,0,0,0,0
supply,0,0,0,0,1,0,0,0,0,0,0
payroll,0,0,0,0,1,0,0,0,0,0,0
enrol,0,0,0,0,0,0,0,0,0,1,0
scribal,2,0,0,0,0,0,0,0,0,0,0
school,0,0,0,0,2,0,0,0,0,0,0
essential,0,0,0,0,1,0,0,0,0,0,0
reading,0,0,0,0,1,0,0,0,0,0,0
basic,1,0,0,0,1,0,0,0,0,0,0
mathematic,0,0,0,0,3,0,0,0,0,0,0
textbook,0,0,0,0,1,0,0,0,0,0,0
copy,0,0,0,0,2,0,0,0,0,0,0
text,0,0,0,0,9,0,0,0,0,0,0
fractional,1,0,0,0,0,0,0,0,0,0,0
division,0,0,0,0,1,0,0,0,0,0,0
solution,0,0,0,0,1,0,0,0,0,0,0
specific,1,0,0,0,0,0,0,0,0,0,0
problem,0,0,0,0,3,0,0,0,0,0,0
arithmetic,0,0,0,0,2,0,0,0,0,0,0
geometry,0,0,0,0,2,0,0,0,0,0,0
similar,1,0,0,0,0,0,0,0,0,0,0
reflect,0,0,0,0,0,0,0,0,0,1,0
function,0,0,0,0,1,0,0,0,0,0,0
perform,0,0,0,0,0,0,0,0,0,1,0
deal,0,0,0,0,0,0,0,0,0,1,0
distribute,0,0,0,0,0,0,0,0,0,1,0
measure,0,0,0,0,0,0,0,0,0,1,0
solid,0,0,0,0,1,0,0,0,0,0,0
striking,1,0,0,0,0,0,0,0,0,0,0
feature,0,0,0,0,1,0,0,0,0,0,0
competence,0,0,0,0,1,0,0,0,0,0,0
continuity,0,0,0,0,1,0,0,0,0,0,0
official,1,0,0,0,0,0,0,0,0,0,0
manager,0,0,0,0,1,0,0,0,0,0,0
persist,0,0,0,0,0,0,0,0,0,1,0
evident,1,0,0,0,0,0,0,0,0,0,0
millennium,0,0,0,0,1,0,0,0,0,0,0
number,0,0,0,0,5,0,0,0,0,0,0
less,1,0,0,0,0,0,0,0,0,0,0
everybody,0,0,0,0,0,0,1,0,0,0,0
sky,0,0,0,0,3,0,0,0,0,0,0
influence,0,0,0,0,1,0,0,0,0,0,0
allegiance,0,0,0,0,1,0,0,0,0,0,0
night,0,0,0,0,1,0,0,0,0,0,0
disappear,0,0,0,0,0,0,0,0,0,1,0
underworld,0,0,0,0,5,0,0,0,0,0,0
pull,0,0,0,0,0,0,0,0,0,1,0
moon,0,0,0,0,2,0,0,0,0,0,0
teach,0,0,0,0,0,0,0,0,0,1,0
agriculture,0,0,0,0,1,0,0,0,0,0,0
medicine,0,0,0,0,1,0,0,0,0,0,0
credit,0,0,0,0,0,0,0,0,0,1,0
institute,0,0,0,0,0,0,0,0,0,1,0
marriage,0,0,0,0,1,0,0,0,0,0,0
murder,0,0,0,0,1,0,0,0,0,2,0
evil,1,0,0,0,0,0,0,0,0,0,0
recover,0,0,0,0,0,0,0,0,0,1,0
husband,0,0,0,0,1,0,0,0,0,0,0
regard,0,0,0,0,0,0,0,0,0,3,0
avenge,0,0,0,0,0,0,0,0,0,1,0
frequently,0,0,1,0,0,0,0,0,0,0,0
infant,1,0,0,0,0,0,0,0,0,0,0
cow,0,0,0,0,3,0,0,0,0,0,0
horn,0,0,0,0,1,0,0,0,0,0,0
cult,0,0,0,0,1,0,0,0,0,0,0
popular,1,0,0,0,0,0,0,0,0,0,0
seaport,0,0,0,0,1,0,0,0,0,0,0
patron,0,0,0,0,1,0,0,0,0,0,0
seafarer,0,0,0,0,1,0,0,0,0,0,0
tightly,0,0,1,0,0,0,0,0,0,0,0
swathe,0,0,0,0,0,0,0,0,0,1,0
deity,0,0,0,0,1,0,0,0,0,0,0
joy,0,0,0,0,1,0,0,0,0,0,0
inventor,0,0,0,0,1,0,0,0,0,0,0
purely,0,0,1,0,0,0,0,0,0,0,0
hawk,0,0,0,0,2,0,0,0,0,0,0
falcon,0,0,0,0,1,0,0,0,0,0,0
ram,0,0,0,0,1,0,0,0,0,0,0
obelisk,0,0,0,0,1,0,0,0,0,0,0
scarab,0,0,0,0,1,0,0,0,0,0,0
beetle,0,0,0,0,1,0,0,0,0,0,0
uraeus,0,0,0,0,1,0,0,0,0,0,0
cobra,0,0,0,0,1,0,0,0,0,0,0
disk,0,0,0,0,1,0,0,0,0,0,0
offering,0,0,0,0,1,0,0,0,0,0,0
specie,0,0,0,0,1,0,0,0,0,0,0
cemetery,0,0,0,0,2,0,0,0,0,0,0
bull,0,0,0,0,1,0,0,0,0,0,0
vault,0,0,0,0,1,0,0,0,0,0,0
underground,1,0,0,0,0,0,0,0,0,0,0
architecture,0,0,0,0,1,0,0,0,0,0,0
blend,0,0,0,0,0,0,0,0,0,1,0
limestone,0,0,0,0,2,0,0,0,0,0,0
topped,1,0,0,0,0,0,0,0,0,0,0
relief,0,0,0,0,4,0,0,0,0,0,0
inscribe,0,0,0,0,0,0,0,0,0,2,0
visitor,0,0,0,0,1,0,0,0,0,0,0
admire,0,0,0,0,0,0,0,0,0,1,0
motif,0,0,0,0,1,0,0,0,0,0,0
chapel,0,0,0,0,1,0,0,0,0,0,0
complex,0,0,0,0,1,0,0,0,0,0,0
tower,0,0,0,0,1,0,0,0,0,0,0
pylon,0,0,0,0,2,0,0,0,0,0,0
entrance,0,0,0,0,1,0,0,0,0,0,0
unroofed,1,0,0,0,0,0,0,0,0,0,0
border,0,0,0,0,0,0,0,0,0,1,0
colonnade,0,0,0,0,1,0,0,0,0,0,0
hypostyle,0,0,0,0,1,0,0,0,0,0,0
forest,0,0,0,0,1,0,0,0,0,0,0
pillar,0,0,0,0,1,0,0,0,0,0,0
past,1,1,0,0,0,0,0,0,0,0,0
sanctuary,0,0,0,0,2,0,0,0,0,0,0
variation,0,0,0,0,1,0,0,0,0,0,0
avenue,0,0,0,0,1,0,0,0,0,0,0
sphinx,0,0,0,0,2,0,0,0,0,0,0
rank,0,0,0,0,0,0,0,0,0,1,0
appreciate,0,0,0,0,0,0,0,0,0,1,0
principle,0,0,0,0,1,0,0,0,0,0,0
ostracon,0,0,0,0,1,0,0,0,0,0,0
drawing,0,0,0,0,1,0,0,0,0,0,0
boy,0,0,0,0,1,0,0,0,0,0,0
mouse,0,0,0,0,1,0,0,0,0,0,0
magistrate,0,0,0,0,1,0,0,0,0,0,0
perspective,0,0,0,0,1,0,0,0,0,0,0
distance,0,0,0,0,1,0,0,0,0,0,0
observer,0,0,0,0,1,0,0,0,0,0,0
draw,0,0,0,0,0,0,0,0,0,4,0
humble,1,0,0,0,0,0,0,0,0,0,0
furthermore,0,0,1,0,0,0,0,0,0,0,0
limit,0,0,0,0,0,0,0,0,0,1,0
view,0,0,0,0,5,0,0,0,0,0,0
merely,0,0,1,0,0,0,0,0,0,0,0
fisherman,0,0,0,0,1,0,0,0,0,0,0
sketch,0,0,0,0,0,0,0,0,0,2,0
shore,0,0,0,0,1,0,0,0,0,0,0
swim,0,0,0,0,0,0,0,0,0,1,0
outline,0,0,0,0,0,0,0,0,0,1,0
pond,0,0,0,0,1,0,0,0,0,0,0
harmonious,1,0,0,0,0,0,0,0,0,0,0
bust,0,0,0,0,1,0,0,0,0,0,0
collection,0,0,0,0,1,0,0,0,0,0,0
convention,0,0,0,0,1,0,0,0,0,0,0
profile,0,0,0,0,1,0,0,0,0,0,0
eye,0,0,0,0,1,0,0,0,0,0,0
sculptor,0,0,0,0,2,0,0,0,0,0,0
miniature,0,0,0,0,1,0,0,0,0,0,0
addition,0,0,0,0,1,0,0,0,0,0,0
dignified,1,0,0,0,0,0,0,0,0,0,0
pose,0,0,0,0,1,0,0,0,0,0,0
movement,0,0,0,0,1,0,0,0,0,0,0
expressive,1,0,0,0,0,0,0,0,0,0,0
eyeball,0,0,0,0,1,0,0,0,0,0,0
crystal,0,0,0,0,1,0,0,0,0,0,0
hieratic,3,0,0,0,0,0,0,0,0,0,0
demotic,4,0,0,0,0,0,0,0,0,0,0
hieroglyph,0,0,0,0,7,0,0,0,0,0,0
chisel,0,0,0,0,0,0,0,0,0,1,0
hieros,0,0,0,0,0,0,0,0,0,0,1
glyphein,0,0,0,0,0,0,0,0,0,0,1
cursive,2,0,0,0,0,0,0,0,0,0,0
pen,0,0,0,0,2,0,0,0,0,0,0
rapid,2,0,0,0,0,0,0,0,0,0,0
recording,0,0,0,0,1,0,0,0,0,0,0
evolve,0,0,0,0,0,0,0,0,0,1,0
realization,0,0,0,0,1,0,0,0,0,0,0
express,0,0,0,0,0,0,0,0,0,1,0
sound,0,0,0,0,5,0,0,0,0,0,0
vowel,0,0,0,0,2,0,0,0,0,0,0
consonant,0,0,0,0,4,0,0,0,0,0,0
walk,0,0,0,0,0,0,0,0,0,1,0
determinative,0,0,0,0,3,0,0,0,0,0,0
pronounce,0,0,0,0,0,0,0,0,0,1,0
verb,0,0,0,0,1,0,0,0,0,0,0
motion,0,0,0,0,1,0,0,0,0,0,0
alphabetic,1,0,0,0,0,0,0,0,0,0,0
shorten,0,0,0,0,0,0,0,0,0,1,0
ability,0,0,0,0,1,0,0,0,0,0,0
read,0,0,0,0,0,0,0,0,0,4,0
meaning,0,0,0,0,2,0,0,0,0,0,0
staff,0,0,0,0,1,0,0,0,0,0,0
scholar,0,0,0,0,3,0,0,0,0,0,0
scientist,0,0,0,0,1,0,0,0,0,0,0
officer,0,0,0,0,1,0,0,0,0,0,0
recognize,0,0,0,0,0,0,0,0,0,1,0
guess,0,0,0,0,0,0,0,0,0,1,0
section,0,0,0,0,1,0,0,0,0,0,0
content,0,0,0,0,1,0,0,0,0,0,0
hieroglyphics,0,0,0,0,1,0,0,0,0,0,0
difficult,1,0,0,0,0,0,0,0,0,0,0
carving,0,0,0,0,1,0,0,0,0,0,0
somewhat,0,0,1,0,0,0,0,0,0,0,0
mistaken,1,0,0,0,0,0,0,0,0,0,0
terminology,0,0,0,0,1,0,0,0,0,0,0
gravestone,0,0,0,0,1,0,0,0,0,0,0
implement,0,0,0,0,1,0,0,0,0,0,0
sort,0,0,0,0,1,0,0,0,0,0,0
nonreligious,3,0,0,0,0,0,0,0,0,0,0
song,0,0,0,0,1,0,0,0,0,0,0
legal,1,0,0,0,0,0,0,0,0,0,0
main,1,0,0,0,0,0,0,0,0,0,0
characteristic,0,0,0,0,1,0,0,0,0,0,0
portray,0,0,0,0,0,0,0,0,0,1,0
ideogram,0,0,0,0,2,0,0,0,0,0,0
phonetic,2,0,0,0,0,0,0,0,0,0,0
value,0,0,0,0,2,0,0,0,0,0,0
speak,0,0,0,0,0,0,0,0,0,1,0
alphabet,0,0,0,0,1,0,0,0,0,0,0
normally,0,0,1,0,0,0,0,0,0,0,0
contain,0,0,0,0,0,0,0,0,0,1,0
phonogram,0,0,0,0,1,0,0,0,0,0,0
simply,0,0,1,0,0,0,0,0,0,0,0
reader,0,0,0,0,1,0,0,0,0,0,0
determine,0,0,0,0,0,0,0,0,0,1,0
correct,1,0,0,0,0,0,0,0,0,0,0
absolutely,0,0,1,0,0,0,0,0,0,0,0
invent,0,0,0,0,0,0,0,0,0,1,0
easy,1,0,0,0,0,0,0,0,0,0,0
readability,0,0,0,0,1,0,0,0,0,0,0
essentially,0,0,1,0,0,0,0,0,0,0,0
unaltered,1,0,0,0,0,0,0,0,0,0,0
decipher,0,0,0,0,0,0,0,0,0,1,0
commemorate,0,0,0,0,0,0,0,0,0,1,0
accession,0,0,0,0,1,0,0,0,0,0,0
basis,0,0,0,0,1,0,0,0,0,0,0
science,0,0,0,0,1,0,0,0,0,0,0
archaeological,2,0,0,0,0,0,0,0,0,0,0
arab,1,0,0,0,0,0,0,0,0,0,0
fragment,0,0,0,0,1,0,0,0,0,0,0
literature,0,0,0,0,1,0,0,0,0,0,0
guide,0,0,0,0,0,0,0,0,0,1,0
citizen,0,0,0,0,2,0,0,0,0,0,0
relate,0,0,0,0,0,0,0,0,0,1,0
proliferation,0,0,0,0,1,0,0,0,0,0,0
documentary,0,0,0,0,1,0,0,0,0,0,0
book,0,0,0,0,1,0,0,0,0,0,0
demonstrate,0,0,0,0,0,0,0,0,0,1,0
outstanding,1,0,0,0,0,0,0,0,0,0,0
british,1,0,0,0,0,0,0,0,0,0,0
largely,0,0,1,0,0,0,0,0,0,0,0
french,1,0,0,0,0,0,0,0,0,0,0
unearthing,0,0,0,0,1,0,0,0,0,0,0
tour,0,0,0,0,1,0,0,0,0,0,0
heighten,0,0,0,0,0,0,0,0,0,1,0
global,1,0,0,0,0,0,0,0,0,0,0
tourist,0,0,0,0,1,0,0,0,0,0,0
regional,1,0,0,0,0,0,0,0,0,0,0
recent,1,0,0,0,0,0,0,0,0,0,0
additional,1,0,0,0,0,0,0,0,0,0,0
insight,0,0,0,0,1,0,0,0,0,0,0
necropolis,0,0,0,0,2,0,0,0,0,0,0
uncover,0,0,0,0,0,0,0,0,0,2,0
excavator,0,0,0,0,1,0,0,0,0,0,0
initially,0,0,1,0,0,0,0,0,0,0,0
range,0,0,0,0,0,0,0,0,0,1,0
golden,1,0,0,0,0,0,0,0,0,0,0
terra,0,0,0,0,1,0,0,0,0,0,0
cotta,0,0,0,0,1,0,0,0,0,0,0
plaster,0,0,0,0,1,0,0,0,0,0,0
dub,0,0,0,0,0,0,0,0,0,1,0
expert,0,0,0,0,1,0,0,0,0,0,0
dedicate,0,0,0,0,0,0,0,0,0,1,0
shape,0,0,0,0,1,0,0,0,0,0,0
decade,0,0,0,0,1,0,0,0,0,0,0
research,0,0,0,0,1,0,0,0,0,0,0
conduct,0,0,0,0,0,0,0,0,0,1,0
slightly,0,0,1,0,0,0,0,0,0,0,0
explore,0,0,0,0,0,0,0,0,0,1,0
underscore,0,0,0,0,0,0,0,0,0,1,0
eternally,0,0,1,0,0,0,0,0,0,0,0
