word,ADJ,ADP,ADV,DET,INTJ,NOUN,NUM,SCONJ,VERB,X
make,0,0,0,0,0,0,0,0,5,0
history,0,0,0,0,0,8,0,0,0,0
century,0,0,0,0,0,24,0,0,0,0
depiction,0,0,0,0,0,1,0,0,0,0
draw,0,0,0,0,0,0,0,0,3,0
small,7,0,0,0,0,0,0,0,0,0
gathering,0,0,0,0,0,1,0,0,0,0
onlooker,0,0,0,0,0,1,0,0,0,0
inoculate,0,0,0,0,0,0,0,0,6,0
year,0,0,0,0,0,68,0,0,0,0
old,11,0,0,0,0,0,0,0,0,0
boy,0,0,0,0,0,12,0,0,0,0
cowpox,0,0,0,0,0,8,0,0,0,0
virus,0,0,0,0,0,6,0,0,0,0
procedure,0,0,0,0,0,4,0,0,0,0
kind,0,0,0,0,0,3,0,0,0,0
sure,2,0,0,0,0,0,0,0,0,0
way,0,0,0,0,0,14,0,0,0,0
help,0,0,0,0,0,2,0,0,18,0
humanity,0,0,0,0,0,2,0,0,0,0
gain,0,0,0,0,0,0,0,0,2,0
place,0,0,0,0,0,3,0,0,0,0
tackle,0,0,0,0,0,0,0,0,1,0
seemingly,0,0,2,0,0,0,0,0,0,0
unstoppable,1,0,0,0,0,0,0,0,0,0
disease,0,0,0,0,0,51,0,0,0,0
yellow,7,0,0,0,0,1,0,0,0,0
fever,0,0,0,0,0,16,0,0,0,0
polio,0,0,0,0,0,8,0,0,0,0
order,0,0,0,0,0,6,0,0,1,0
create,0,0,0,0,0,0,0,0,5,0
cure,0,0,0,0,0,7,0,0,1,0
break,0,0,0,0,0,1,0,0,7,0
past,0,0,0,0,0,1,0,0,0,0
thing,0,0,0,0,0,1,0,0,0,0
especially,0,0,3,0,0,0,0,0,0,0
life,0,0,0,0,0,18,0,0,0,0
line,0,0,0,0,0,2,0,0,0,0
lead,0,0,0,0,0,1,0,0,17,0
opposition,0,0,0,0,0,1,0,0,0,0
case,0,0,0,0,0,8,0,0,0,0
young,10,0,0,0,0,0,0,0,0,0
apprentice,0,0,0,0,0,3,0,0,1,0
doctor,0,0,0,0,0,27,0,0,0,0
hear,0,0,0,0,0,0,0,0,2,0
farm,0,0,0,0,0,5,0,0,0,0
girl,0,0,0,0,0,4,0,0,0,0
tell,0,0,0,0,0,0,0,0,2,0
contract,0,0,0,0,0,0,0,0,6,0
smallpox,0,0,0,0,0,9,0,0,0,0
later,3,0,25,0,0,0,0,0,0,0
experimenting,0,0,0,0,0,1,0,0,0,0
notion,0,0,0,0,0,2,0,0,0,0
resistance,0,0,0,0,0,1,0,0,0,0
base,0,0,0,0,0,1,0,0,4,0
prior,1,0,0,0,0,0,0,0,0,0
exposure,0,0,0,0,0,1,0,0,0,0
go,0,0,0,0,0,0,0,0,16,0
far,0,0,2,0,0,0,0,0,0,0
inject,0,0,0,0,0,0,0,0,6,0
healthy,6,0,0,0,0,0,0,0,0,0
month,0,0,0,0,0,8,0,0,0,0
expose,0,0,0,0,0,0,0,0,4,0
experiment,0,0,0,0,0,5,0,0,1,0
meet,0,0,0,0,0,0,0,0,9,0
scorn,0,0,0,0,0,1,0,0,1,0
incredulity,0,0,0,0,0,1,0,0,0,0
work,0,0,0,0,0,36,0,0,20,0
time,0,0,0,0,0,33,0,0,0,0
start,0,0,0,0,0,0,0,0,3,0
preventative,1,0,0,0,0,0,0,0,0,0
method,0,0,0,0,0,11,0,0,0,0
give,0,0,0,0,0,0,0,0,9,0
familiar,1,0,0,0,0,0,0,0,0,0
vaccination,0,0,0,0,0,4,0,0,0,0
medical,55,0,0,0,0,0,0,0,0,0
advance,0,0,0,0,0,2,0,0,0,0
basic,3,0,0,0,0,0,0,0,0,0
insist,0,0,0,0,0,0,0,0,1,0
cleanliness,0,0,0,0,0,2,0,0,0,0
notice,0,0,0,0,0,0,0,0,3,0
simple,3,0,0,0,0,0,0,0,0,0
act,0,0,0,0,0,1,0,0,2,0
wash,0,0,0,0,0,0,0,0,2,0
hand,0,0,0,0,0,2,0,0,0,0
stop,0,0,0,0,0,0,0,0,3,0
spread,0,0,0,0,0,1,0,0,5,0
infection,0,0,0,0,0,10,0,0,0,0
elementary,1,0,0,0,0,0,0,0,0,0
revolutionary,1,0,0,0,0,0,0,0,0,0
contribution,0,0,0,0,0,4,0,0,0,0
hungarian,2,0,0,0,0,0,0,0,0,0
physician,0,0,0,0,0,53,0,0,0,0
maintain,0,0,0,0,0,0,0,0,5,0
sanitary,3,0,0,0,0,0,0,0,0,0
condition,0,0,0,0,0,7,0,0,0,0
english,5,0,0,0,0,0,0,0,0,0
nurse,0,0,0,0,0,8,0,0,0,0
champion,0,0,0,0,0,0,0,0,1,0
military,3,0,0,0,0,1,0,0,0,0
hospital,0,0,0,0,0,17,0,0,0,0
troop,0,0,0,0,0,3,0,0,0,0
war,0,0,0,0,0,8,0,0,0,0
extremely,0,0,1,0,0,0,0,0,0,0
challenging,1,0,0,0,0,0,0,0,0,0
soldier,0,0,0,0,0,5,0,0,0,0
die,0,0,0,0,0,0,0,0,44,0
result,0,0,0,0,0,5,0,0,0,0
battlefield,0,0,0,0,0,1,0,0,0,0
wound,0,0,0,0,0,11,0,0,5,0
rigorous,1,0,0,0,0,0,0,0,0,0
insistence,0,0,0,0,0,1,0,0,0,0
regulation,0,0,0,0,0,2,0,0,0,0
introduction,0,0,0,0,0,1,0,0,0,0
special,4,0,0,0,0,0,0,0,0,0
diet,0,0,0,0,0,2,0,0,0,0
bring,0,0,0,0,0,0,0,0,7,0
death,0,0,0,0,0,18,0,0,0,0
rate,0,0,0,0,0,6,0,0,0,0
percent,0,0,0,0,0,2,0,0,0,0
renowned,1,0,0,0,0,0,0,0,0,0
german,8,0,0,0,0,0,0,0,0,0
public,11,0,0,0,0,0,0,0,0,0
proper,1,0,0,0,0,0,0,0,0,0
hygiene,0,0,0,0,0,4,0,0,0,0
crusade,0,0,0,0,0,1,0,0,0,0
design,0,0,0,0,0,2,0,0,2,0
sewage,0,0,0,0,0,2,0,0,0,0
system,0,0,0,0,0,7,0,0,0,0
capital,0,0,0,0,0,1,0,0,0,0
succeed,0,0,0,0,0,0,0,0,5,0
motto,0,0,0,0,0,1,0,0,0,0
french,8,0,0,0,0,0,0,0,0,0
chemist,0,0,0,0,0,3,0,0,0,0
well,0,0,2,0,0,0,0,0,0,0
know,0,0,0,0,0,0,0,0,20,0
discovery,0,0,0,0,0,15,0,0,0,0
pasteurization,0,0,0,0,0,3,0,0,0,0
process,0,0,0,0,0,8,0,0,1,0
turn,0,0,0,0,0,0,0,0,3,0
attention,0,0,0,0,0,3,0,0,0,0
rabies,0,0,0,0,0,10,0,0,0,0
begin,0,0,0,0,0,0,0,0,23,0
careful,2,0,0,0,0,0,0,0,0,0
repeat,0,0,0,0,0,0,0,0,2,0
trial,0,0,0,0,0,1,0,0,0,0
attempt,0,0,0,0,0,1,0,0,1,0
halt,0,0,0,0,0,0,0,0,3,0
development,0,0,0,0,0,5,0,0,0,0
infected,3,0,0,0,0,0,0,0,0,0
animal,0,0,0,0,0,22,0,0,0,0
eventually,0,0,5,0,0,0,0,0,0,0
dog,0,0,0,0,0,12,0,0,0,0
happen,0,0,0,0,0,0,0,0,3,0
number,0,0,0,0,0,5,0,0,0,0
resurface,0,0,0,0,0,0,0,0,1,0
regard,0,0,0,0,0,1,0,0,1,0
bite,0,0,0,0,0,0,0,0,5,0
rabid,3,0,0,0,0,0,0,0,0,0
reluctant,1,0,0,0,0,0,0,0,0,0
try,0,0,0,0,0,0,0,0,3,0
remedy,0,0,0,0,0,4,0,0,0,0
human,15,0,0,0,0,4,0,0,0,0
fervent,1,0,0,0,0,0,0,0,0,0
request,0,0,0,0,0,3,0,0,0,0
mother,0,0,0,0,0,4,0,0,0,0
heal,0,0,0,0,0,0,0,0,2,0
appear,0,0,0,0,0,0,0,0,7,0
save,0,0,0,0,0,0,0,0,3,0
reader,0,0,0,0,0,1,0,0,0,0
travel,0,0,0,0,0,1,0,0,4,0
book,0,0,0,0,0,16,0,0,0,0
healer,0,0,0,0,0,2,0,0,0,0
age,0,0,0,0,0,5,0,0,0,0
discover,0,0,0,0,0,0,0,0,19,0
tidbit,0,0,0,0,0,1,0,0,0,0
profile,0,0,0,0,0,1,0,0,1,0
challenge,0,0,0,0,0,0,0,0,2,0
duel,0,0,0,0,0,1,0,0,0,0
chancellor,0,0,0,0,0,1,0,0,0,0
famous,7,0,0,0,0,0,0,0,0,0
marry,0,0,0,0,0,0,0,0,7,0
great,18,0,0,0,0,0,0,0,0,0
granddaughter,0,0,0,0,0,2,0,0,0,0
arrest,0,0,0,0,0,0,0,0,2,0
jail,0,0,0,0,0,1,0,0,1,0
effort,0,0,0,0,0,3,0,0,0,0
educate,0,0,0,0,0,0,0,0,5,0
woman,0,0,0,0,0,17,0,0,0,0
birth,0,0,0,0,0,6,0,0,0,0
control,0,0,0,0,0,10,0,0,4,0
psychiatrist,0,0,0,0,0,3,0,0,0,0
come,0,0,0,0,0,0,0,0,11,0
ubiquitous,1,0,0,0,0,0,0,0,0,0
personality,0,0,0,0,0,3,0,0,0,0
designation,0,0,0,0,0,1,0,0,0,0
introvert,0,0,0,0,0,2,0,0,0,0
extrovert,0,0,0,0,0,2,0,0,0,0
nope,0,0,0,0,1,0,0,0,0,0
mythic,1,0,0,0,0,0,0,0,0,0
greek,10,0,0,0,0,0,0,0,0,0
god,0,0,0,0,0,10,0,0,0,0
medicine,0,0,0,0,0,46,0,0,0,0
father,0,0,0,0,0,11,0,0,0,0
inspire,0,0,0,0,0,0,0,0,2,0
maverick,1,0,0,0,0,1,0,0,0,0
world,0,0,0,0,0,14,0,0,0,0
penicillin,0,0,0,0,0,5,0,0,0,0
leadership,0,0,0,0,0,3,0,0,0,0
avert,0,0,0,0,0,0,0,0,2,0
widespread,1,0,0,0,0,0,0,0,0,0
outbreak,0,0,0,0,0,9,0,0,0,0
deadly,4,0,0,0,0,0,0,0,0,0
classical,3,0,0,0,0,0,0,0,0,0
today,0,0,0,0,0,1,0,0,0,0
present,0,0,0,0,0,1,0,0,3,0
clear,1,0,0,0,0,0,0,0,0,0
concise,1,0,0,0,0,0,0,0,0,0
captivating,1,0,0,0,0,0,0,0,0,0
compendium,0,0,0,0,0,1,0,0,0,0
improve,0,0,0,0,0,0,0,0,9,0
health,0,0,0,0,0,13,0,0,0,0
welfare,0,0,0,0,0,1,0,0,0,0
million,0,0,0,0,0,3,1,0,0,0
son,0,0,0,0,0,9,0,0,0,0
healing,0,0,0,0,0,3,0,0,0,0
truth,0,0,0,0,0,1,0,0,0,0
prophecy,0,0,0,0,0,1,0,0,0,0
mortal,1,0,0,0,0,1,0,0,0,0
princess,0,0,0,0,0,1,0,0,0,0
centaur,0,0,0,0,0,1,0,0,0,0
teach,0,0,0,0,0,0,0,0,7,0
art,0,0,0,0,0,1,0,0,0,0
length,0,0,0,0,0,2,0,0,0,0
king,0,0,0,0,0,4,0,0,0,0
afraid,1,0,0,0,0,0,0,0,0,0
render,0,0,0,0,0,0,0,0,1,0
man,0,0,0,0,0,6,0,0,0,0
immortal,1,0,0,0,0,0,0,0,0,0
slay,0,0,0,0,0,0,0,0,2,0
thunderbolt,0,0,0,0,0,2,0,0,0,0
monstrous,1,0,0,0,0,0,0,0,0,0
eyed,1,0,0,0,0,0,0,0,0,0
giant,0,0,0,0,0,1,0,0,0,0
force,0,0,0,0,0,2,0,0,3,0
serve,0,0,0,0,0,0,0,0,26,0
word,0,0,0,0,0,1,0,0,0,0
panacea,0,0,0,0,0,1,0,0,0,0
nonexistent,1,0,0,0,0,0,0,0,0,0
illness,0,0,0,0,0,2,0,0,0,0
practice,0,0,0,0,0,11,0,0,6,0
conducive,1,0,0,0,0,0,0,0,0,0
daughter,0,0,0,0,0,4,0,0,0,0
mention,0,0,0,0,0,0,0,0,2,0
skillful,2,0,0,0,0,0,0,0,0,0
late,7,0,2,0,0,0,0,0,0,0
honor,0,0,0,0,0,4,0,0,3,0
hero,0,0,0,0,0,1,0,0,0,0
worship,0,0,0,0,0,0,0,0,3,0
cult,0,0,0,0,0,3,0,0,0,0
part,0,0,0,0,0,1,0,0,0,0
suppose,0,0,0,0,0,0,0,0,1,0
effect,0,0,0,0,0,3,0,0,1,0
sick,3,0,0,0,0,0,0,0,0,0
dream,0,0,0,0,0,2,0,0,1,0
sleep,0,0,0,0,0,0,0,0,4,0
temple,0,0,0,0,0,2,0,0,0,0
common,1,0,0,0,0,0,0,0,0,0
bce,0,0,0,0,0,6,0,0,0,0
caduceus,0,0,0,0,0,2,0,0,0,0
left,0,0,1,0,0,0,0,0,0,0
think,0,0,0,0,0,0,0,0,3,0
symbol,0,0,0,0,0,3,0,0,0,0
staff,0,0,0,0,0,8,0,0,2,0
right,0,0,0,0,0,3,0,0,0,0
true,3,0,0,0,0,0,0,0,0,0
emblem,0,0,0,0,0,3,0,0,0,0
frequently,0,0,4,0,0,0,0,0,0,0
represent,0,0,0,0,0,0,0,0,2,0
stand,0,0,0,0,0,0,0,0,3,0
dress,0,0,0,0,0,0,0,0,1,0
long,3,0,3,0,0,0,0,0,0,0
cloak,0,0,0,0,0,1,0,0,0,0
bare,1,0,0,0,0,0,0,0,0,0
breast,0,0,0,0,0,1,0,0,0,0
usual,1,0,0,0,0,0,0,0,0,0
attribute,0,0,0,0,0,1,0,0,1,0
serpent,0,0,0,0,0,3,0,0,0,0
coil,0,0,0,0,0,0,0,0,1,0
sacred,1,0,0,0,0,0,0,0,0,0
symbolize,0,0,0,0,0,0,0,0,1,0
renewal,0,0,0,0,0,1,0,0,0,0
youth,0,0,0,0,0,3,0,0,0,0
cast,0,0,0,0,0,0,0,0,1,0
skin,0,0,0,0,0,1,0,0,0,0
similar,2,0,0,0,0,0,0,0,0,0
unrelated,1,0,0,0,0,0,0,0,0,0
winged,1,0,0,0,0,0,0,0,0,0
intertwine,0,0,0,0,0,0,0,0,2,0
relevance,0,0,0,0,0,1,0,0,0,0
magic,4,0,0,0,0,0,0,0,0,0
wand,0,0,0,0,0,1,0,0,0,0
messenger,0,0,0,0,0,1,0,0,0,0
patron,0,0,0,0,0,1,0,0,0,0
trade,0,0,0,0,0,2,0,0,0,0
chief,5,0,0,0,0,1,0,0,0,0
minister,0,0,0,0,0,5,0,0,1,0
sage,0,0,0,0,0,2,0,0,0,0
astrologer,0,0,0,0,0,1,0,0,0,0
egyptian,3,0,0,0,0,0,0,0,0,0
reign,0,0,0,0,0,0,0,0,2,0
identify,0,0,0,0,0,0,0,0,6,0
consider,0,0,0,0,0,0,0,0,7,0
architect,0,0,0,0,0,1,0,0,0,0
step,0,0,0,0,0,2,0,0,0,0
pyramid,0,0,0,0,0,1,0,0,0,0
necropolis,0,0,0,0,0,1,0,0,0,0
contemporary,1,0,0,0,0,1,0,0,0,0
account,0,0,0,0,0,2,0,0,0,0
find,0,0,0,0,0,0,0,0,13,0
refer,0,0,0,0,0,0,0,0,5,0
ancient,6,0,0,0,0,0,0,0,0,0
document,0,0,0,0,0,2,0,0,1,0
illustrate,0,0,0,0,0,0,0,0,1,0
society,0,0,0,0,0,5,0,0,0,0
soothsayer,0,0,0,0,0,1,0,0,0,0
pharaoh,0,0,0,0,0,1,0,0,0,0
court,0,0,0,0,0,4,0,0,0,0
nation,0,0,0,0,0,1,0,0,0,0
reputation,0,0,0,0,0,5,0,0,0,0
genius,0,0,0,0,0,2,0,0,0,0
position,0,0,0,0,0,9,0,0,0,0
training,0,0,0,0,0,4,0,0,0,0
scribe,0,0,0,0,0,1,0,0,0,0
demigod,0,0,0,0,0,1,0,0,0,0
strong,2,0,0,0,0,0,0,0,0,0
indication,0,0,0,0,0,1,0,0,0,0
considerable,1,0,0,0,0,0,0,0,0,0
skill,0,0,0,0,0,2,0,0,0,0
persian,2,0,0,0,0,0,0,0,0,0
conquest,0,0,0,0,0,1,0,0,0,0
elevate,0,0,0,0,0,0,0,0,2,0
deity,0,0,0,0,0,1,0,0,0,0
replace,0,0,0,0,0,0,0,0,3,0
triad,0,0,0,0,0,1,0,0,0,0
share,0,0,0,0,0,1,0,0,3,0
mythological,1,0,0,0,0,0,0,0,0,0
parent,0,0,0,0,0,5,0,0,0,0
creator,0,0,0,0,0,1,0,0,0,0
universe,0,0,0,0,0,1,0,0,0,0
goddess,0,0,0,0,0,1,0,0,0,0
pestilence,0,0,0,0,0,1,0,0,0,0
reach,0,0,0,0,0,1,0,0,1,0
zenith,0,0,0,0,0,1,0,0,0,0
greco,1,0,0,0,0,0,0,0,0,0
roman,3,0,0,0,0,0,0,0,0,0
island,0,0,0,0,0,6,0,0,0,0
crowd,0,0,0,0,0,0,0,0,1,0
sufferer,0,0,0,0,0,1,0,0,0,0
pray,0,0,0,0,0,0,0,0,1,0
conviction,0,0,0,0,0,1,0,0,0,0
reveal,0,0,0,0,0,0,0,0,1,0
dynasty,0,0,0,0,0,1,0,0,0,0
attain,0,0,0,0,0,0,0,0,1,0
total,2,0,0,0,0,0,0,0,0,0
deification,0,0,0,0,0,1,0,0,0,0
hold,0,0,0,0,0,0,0,0,5,0
esteem,0,0,0,0,0,1,0,0,0,0
like,0,2,0,0,0,0,0,0,0,0
eminent,2,0,0,0,0,0,0,0,0,0
british,8,0,0,0,0,0,0,0,0,0
practitioner,0,0,0,0,0,1,0,0,0,0
figure,0,0,0,0,0,3,0,0,0,0
clearly,0,0,2,0,0,0,0,0,0,0
mist,0,0,0,0,0,1,0,0,0,0
antiquity,0,0,0,0,0,1,0,0,0,0
associate,2,0,0,0,0,0,0,0,3,0
write,0,0,0,0,0,0,0,0,14,0
set,0,0,0,0,0,0,0,0,3,0
forth,0,1,1,0,0,0,0,0,0,0
obligation,0,0,0,0,0,1,0,0,0,0
ideal,1,0,0,0,0,1,0,0,0,0
ethic,0,0,0,0,0,1,0,0,0,0
modify,0,0,0,0,0,0,0,0,3,0
form,0,0,0,0,0,8,0,0,4,0
oath,0,0,0,0,0,1,0,0,0,0
require,0,0,0,0,0,0,0,0,3,0
student,0,0,0,0,0,13,0,0,0,0
graduation,0,0,0,0,0,3,0,0,0,0
little,2,0,1,0,0,0,0,0,0,0
philosopher,0,0,0,0,0,5,0,0,0,0
dialogue,0,0,0,0,0,1,0,0,0,0
lifetime,0,0,0,0,0,3,0,0,0,0
teacher,0,0,0,0,0,5,0,0,0,0
widely,0,0,4,0,0,0,0,0,0,0
teaching,0,0,0,0,0,4,0,0,0,0
presumably,0,0,1,0,0,0,0,0,0,0
school,0,0,0,0,0,25,0,0,1,0
probably,0,0,6,0,0,0,0,0,0,0
belong,0,0,0,0,0,0,0,0,1,0
family,0,0,0,0,0,11,0,0,0,0
produce,0,0,0,0,0,0,0,0,4,0
generation,0,0,0,0,0,2,0,0,0,0
say,0,0,0,0,0,0,0,0,4,0
politic,0,0,0,0,0,1,0,0,0,0
call,0,0,0,0,0,0,0,0,10,0
body,0,0,0,0,0,14,0,0,0,0
writing,0,0,0,0,0,8,0,0,0,0
ascribe,0,0,0,0,0,0,0,0,1,0
actually,0,0,1,0,0,0,0,0,0,0
preserve,0,0,0,0,0,0,0,0,1,0
early,6,0,3,0,0,0,0,0,0,0
survive,0,0,0,0,0,0,0,0,3,0
copy,0,0,0,0,0,3,0,0,1,0
date,0,0,0,0,0,0,0,0,1,0
differ,0,0,0,0,0,0,0,0,1,0
greatly,0,0,3,0,0,0,0,0,0,0
opinion,0,0,0,0,0,2,0,0,0,0
express,0,0,0,0,0,0,0,0,3,0
type,0,0,0,0,0,4,0,0,0,0
intend,0,0,0,0,0,0,0,0,1,0
user,0,0,0,0,0,1,0,0,0,0
assistant,3,0,0,0,0,9,0,0,0,0
layman,0,0,0,0,0,1,0,0,0,0
philosophical,2,0,0,0,0,0,0,0,0,0
generally,0,0,1,0,0,0,0,0,0,0
agree,0,0,0,0,0,0,0,0,4,0
library,0,0,0,0,0,2,0,0,0,0
ship,0,0,0,0,0,0,0,0,1,0
title,0,0,0,0,0,3,0,0,0,0
head,0,0,0,0,0,11,0,0,5,0
aphorism,0,0,0,0,0,1,0,0,0,0
epidemic,0,0,0,0,0,7,0,0,0,0
pharmacologist,0,0,0,0,0,1,0,0,0,0
volume,0,0,0,0,0,1,0,0,0,0
treatise,0,0,0,0,0,4,0,0,0,0
derive,0,0,0,0,0,0,0,0,1,0
plant,0,0,0,0,0,5,0,0,0,0
mineral,0,0,0,0,0,3,0,0,0,0
milk,0,0,0,0,0,3,0,0,0,0
honey,0,0,0,0,0,2,0,0,0,0
cannabis,0,0,0,0,0,1,0,0,0,0
marijuana,0,0,0,0,0,1,0,0,0,0
peppermint,0,0,0,0,0,1,0,0,0,0
mercury,0,0,0,0,0,2,0,0,0,0
arsenic,0,0,0,0,0,4,0,0,0,0
calcium,0,0,0,0,0,2,0,0,0,0
opium,0,0,0,0,0,2,0,0,0,0
foremost,3,0,0,0,0,0,0,0,0,0
source,0,0,0,0,0,1,0,0,0,0
modern,17,0,0,0,0,0,0,0,0,0
botanical,1,0,0,0,0,0,0,0,0,0
terminology,0,0,0,0,0,1,0,0,0,0
pharmacological,1,0,0,0,0,0,0,0,0,0
text,0,0,0,0,0,5,0,0,0,0
surgeon,0,0,0,0,0,27,0,0,0,0
army,0,0,0,0,0,7,0,0,0,0
emperor,0,0,0,0,0,4,0,0,0,0
provide,0,0,0,0,0,0,0,0,11,0
opportunity,0,0,0,0,0,4,0,0,0,0
study,0,0,0,0,0,24,0,0,31,0
feature,0,0,0,0,0,1,0,0,0,0
distribution,0,0,0,0,0,1,0,0,0,0
medicinal,2,0,0,0,0,0,0,0,0,0
property,0,0,0,0,0,3,0,0,0,0
excellent,1,0,0,0,0,0,0,0,0,0
description,0,0,0,0,0,4,0,0,0,0
nearly,0,0,4,0,0,0,0,0,0,0
contain,0,0,0,0,0,0,0,0,3,0
deal,0,0,0,0,0,2,0,0,5,0
approximately,0,0,1,0,0,0,0,0,0,0
drug,0,0,0,0,0,8,0,0,0,0
dietetic,1,0,0,0,0,0,0,0,0,0
value,0,0,0,0,0,2,0,0,0,0
derivative,0,0,0,0,0,1,0,0,0,0
describe,0,0,0,0,0,0,0,0,6,0
second,2,0,0,0,0,1,0,0,0,0
synopsis,0,0,0,0,0,1,0,0,0,0
chemical,3,0,0,0,0,1,0,0,0,0
direction,0,0,0,0,0,1,0,0,0,0
preparation,0,0,0,0,0,1,0,0,0,0
cinnabar,0,0,0,0,0,1,0,0,0,0
auripigmentum,0,0,0,0,0,1,0,0,0,0
sulfide,0,0,0,0,0,1,0,0,0,0
acetate,0,0,0,0,0,1,0,0,0,0
hydrate,0,0,0,0,0,1,0,0,0,0
copper,0,0,0,0,0,1,0,0,0,0
oxide,0,0,0,0,0,1,0,0,0,0
fifth,1,0,0,0,0,0,0,0,0,0
potion,0,0,0,0,0,1,0,0,0,0
prepare,0,0,0,0,0,0,0,0,4,0
mandragora,0,0,0,0,0,1,0,0,0,0
mandrake,0,0,0,0,0,1,0,0,0,0
picture,0,0,0,0,0,1,0,0,2,0
surgical,4,0,0,0,0,0,0,0,0,0
anesthetic,0,0,0,0,0,1,0,0,0,0
illustrated,1,0,0,0,0,0,0,0,0,0
entry,0,0,0,0,0,1,0,0,0,0
believe,0,0,0,0,0,0,0,0,3,0
magical,1,0,0,0,0,0,0,0,0,0
power,0,0,0,0,0,4,0,0,0,0
fork,0,0,0,0,0,0,0,0,1,0
root,0,0,0,0,0,1,0,0,0,0
resemble,0,0,0,0,0,0,0,0,1,0
depict,0,0,0,0,0,0,0,0,3,0
imaginative,1,0,0,0,0,0,0,0,0,0
detail,0,0,0,0,0,1,0,0,0,0
collector,0,0,0,0,0,1,0,0,0,0
manual,0,0,0,0,0,1,0,0,0,0
standard,0,0,0,0,0,2,0,0,0,0
original,1,0,0,0,0,0,0,0,0,0
manuscript,0,0,0,0,0,2,0,0,0,0
seven,0,0,0,0,0,0,4,0,0,0
language,0,0,0,0,0,2,0,0,0,0
primary,1,0,0,0,0,0,0,0,0,0
pharmacology,0,0,0,0,0,1,0,0,0,0
end,1,0,0,0,0,5,0,0,2,0
edition,0,0,0,0,0,2,0,0,0,0
publish,0,0,0,0,0,0,0,0,18,0
significant,1,0,0,0,0,0,0,0,0,0
achieve,0,0,0,0,0,0,0,0,3,0
fame,0,0,0,0,0,2,0,0,0,0
founder,0,0,0,0,0,3,0,0,0,0
experimental,3,0,0,0,0,0,0,0,0,0
physiology,0,0,0,0,0,7,0,0,0,0
influence,0,0,0,0,0,3,0,0,1,0
partly,0,0,1,0,0,0,0,0,0,0
responsible,3,0,0,0,0,0,0,0,0,0
emergence,0,0,0,0,0,1,0,0,0,0
science,0,0,0,0,0,13,0,0,0,0
renaissance,0,0,0,0,0,1,0,0,0,0
bear,0,0,0,0,0,0,0,0,40,0
city,0,0,0,0,0,5,0,0,0,0
shrine,0,0,0,0,0,2,0,0,0,0
attach,0,0,0,0,0,0,0,0,1,0
troupe,0,0,0,0,0,1,0,0,0,0
gladiator,0,0,0,0,0,2,0,0,0,0
director,0,0,0,0,0,15,0,0,0,0
chance,0,0,0,0,0,1,0,0,0,0
treatment,0,0,0,0,0,15,0,0,0,0
continue,0,0,0,0,0,0,0,0,11,0
wander,0,0,0,0,0,0,0,0,1,0
take,0,0,0,0,0,0,0,0,13,0
visit,0,0,0,0,0,0,0,0,2,0
return,0,0,0,0,0,2,0,0,16,0
home,0,0,2,0,0,4,0,0,0,0
soon,0,0,5,0,0,0,0,0,0,0
earn,0,0,0,0,0,0,0,0,10,0
outstanding,2,0,0,0,0,0,0,0,0,0
appoint,0,0,0,0,0,0,0,0,15,0
afford,0,0,0,0,0,0,0,0,2,0
subject,0,0,0,0,0,5,0,0,0,0
include,0,0,0,0,0,0,0,0,14,0
philosophy,0,0,0,0,0,5,0,0,0,0
drama,0,0,0,0,0,1,0,0,0,0
show,0,0,0,0,0,0,0,0,3,0
penetrating,1,0,0,0,0,0,0,0,0,0
accurate,4,0,0,0,0,0,0,0,0,0
observation,0,0,0,0,0,4,0,0,0,0
anatomy,0,0,0,0,0,11,0,0,0,0
heart,0,0,0,0,0,14,0,0,0,0
liver,0,0,0,0,0,2,0,0,0,0
kidney,0,0,0,0,0,2,0,0,0,0
bladder,0,0,0,0,0,4,0,0,0,0
nerve,0,0,0,0,0,7,0,0,0,0
function,0,0,0,0,0,7,0,0,1,0
translate,0,0,0,0,0,0,0,0,2,0
muslim,2,0,0,0,0,0,0,0,0,0
arab,1,0,0,0,0,0,0,0,0,0
scholar,0,0,0,0,0,4,0,0,0,0
version,0,0,0,0,0,1,0,0,0,0
contribute,0,0,0,0,0,0,0,0,2,0
convey,0,0,0,0,0,0,0,0,1,0
thought,0,0,0,0,0,1,0,0,0,0
thinker,0,0,0,0,0,1,0,0,0,0
western,2,0,0,0,0,0,0,0,0,0
definitive,1,0,0,0,0,0,0,0,0,0
field,0,0,0,0,0,5,0,0,0,0
spend,0,0,0,0,0,0,0,0,5,0
childhood,0,0,0,0,0,4,0,0,0,0
islamic,1,0,0,0,0,0,0,0,0,0
law,0,0,0,0,0,3,0,0,0,0
literature,0,0,0,0,0,3,0,0,0,0
leave,0,0,0,0,0,2,0,0,7,0
live,1,0,0,0,0,0,0,0,12,0
different,3,0,0,0,0,0,0,0,0,0
complete,1,0,0,0,0,0,0,0,6,0
major,5,0,0,0,0,0,0,0,0,0
large,8,0,0,0,0,0,0,0,0,0
encyclopedia,0,0,0,0,0,1,0,0,0,0
cover,0,0,0,0,0,1,0,0,2,0
natural,2,0,0,0,0,0,0,0,0,0
logic,0,0,0,0,0,1,0,0,0,0
mathematic,0,0,0,0,0,2,0,0,0,0
psychology,0,0,0,0,0,6,0,0,0,0
astronomy,0,0,0,0,0,1,0,0,0,0
music,0,0,0,0,0,2,0,0,0,0
systematic,1,0,0,0,0,0,0,0,0,0
exposition,0,0,0,0,0,1,0,0,0,0
achievement,0,0,0,0,0,1,0,0,0,0
artist,0,0,0,0,0,2,0,0,0,0
prodigious,1,0,0,0,0,0,0,0,0,0
career,0,0,0,0,0,3,0,0,0,0
available,2,0,0,0,0,0,0,0,0,0
theologian,0,0,0,0,0,1,0,0,0,0
theology,0,0,0,0,0,1,0,0,0,0
recognize,0,0,0,0,0,0,0,0,2,0
valuable,2,0,0,0,0,0,0,0,0,0
surgery,0,0,0,0,0,14,0,0,0,0
introduce,0,0,0,0,0,0,0,0,3,0
alternative,3,0,0,0,0,1,0,0,0,0
painful,2,0,0,0,0,0,0,0,0,0
use,0,0,0,0,0,4,0,0,2,0
concern,0,0,0,0,0,2,0,0,1,0
suffering,0,0,0,0,0,3,0,0,0,0
patient,0,0,0,0,0,16,0,0,0,0
avoid,0,0,0,0,0,0,0,0,1,0
possible,3,0,0,0,0,0,0,0,0,0
barber,0,0,0,0,0,1,0,0,0,0
specialization,0,0,0,0,0,1,0,0,0,0
barbering,0,0,0,0,0,1,0,0,0,0
profession,0,0,0,0,0,4,0,0,0,0
resume,0,0,0,0,0,0,0,0,1,0
apprenticeship,0,0,0,0,0,1,0,0,0,0
employ,0,0,0,0,0,0,0,0,1,0
expertise,0,0,0,0,0,1,0,0,0,0
acclaimed,1,0,0,0,0,0,0,0,0,0
enlist,0,0,0,0,0,0,0,0,1,0
successive,1,0,0,0,0,0,0,0,0,0
enter,0,0,0,0,0,0,0,0,14,0
gunshot,0,0,0,0,0,1,0,0,0,0
treat,0,0,0,0,0,0,0,0,6,0
boil,0,0,0,0,0,0,0,0,2,0
oil,0,0,0,0,0,3,0,0,0,0
poisonous,2,0,0,0,0,0,0,0,0,0
night,0,0,0,0,0,1,0,0,0,0
camp,0,0,0,0,0,2,0,0,0,0
supply,0,0,0,0,0,3,0,0,0,0
run,0,0,0,0,0,0,0,0,1,0
mixture,0,0,0,0,0,1,0,0,0,0
egg,0,0,0,0,0,4,0,0,0,0
yolk,0,0,0,0,0,1,0,0,0,0
rose,0,0,0,0,0,1,0,0,0,0
turpentine,0,0,0,0,0,1,0,0,0,0
improvement,0,0,0,0,0,1,0,0,0,0
report,0,0,0,0,0,2,0,0,2,0
finding,0,0,0,0,0,3,0,0,0,0
ridicule,0,0,0,0,0,1,0,0,1,0
educated,1,0,0,0,0,0,0,0,0,0
practically,0,0,2,0,0,0,0,0,0,0
colleague,0,0,0,0,0,8,0,0,0,0
reintroduction,0,0,0,0,0,1,0,0,0,0
tying,0,0,0,0,0,1,0,0,0,0
artery,0,0,0,0,0,2,0,0,0,0
bleeding,0,0,0,0,0,1,0,0,0,0
technique,0,0,0,0,0,7,0,0,0,0
sear,0,0,0,0,0,0,0,0,1,0
vessel,0,0,0,0,0,4,0,0,0,0
hot,1,0,0,0,0,0,0,0,0,0
iron,0,0,0,0,0,1,0,0,0,0
discard,0,0,0,0,0,0,0,0,1,0
castrate,0,0,0,0,0,0,0,0,1,0
hernia,0,0,0,0,0,1,0,0,0,0
obstetrical,2,0,0,0,0,0,0,0,0,0
invent,0,0,0,0,0,0,0,0,1,0
scientific,9,0,0,0,0,0,0,0,0,0
instrument,0,0,0,0,0,1,0,0,0,0
suggest,0,0,0,0,0,0,0,0,3,0
syphilis,0,0,0,0,0,4,0,0,0,0
cause,0,0,0,0,0,5,0,0,20,0
aneurysm,0,0,0,0,0,1,0,0,0,0
pouching,0,0,0,0,0,1,0,0,0,0
blood,0,0,0,0,0,26,0,0,0,0
implantation,0,0,0,0,0,1,0,0,0,0
tooth,0,0,0,0,0,1,0,0,0,0
artificial,3,0,0,0,0,0,0,0,0,0
limb,0,0,0,0,0,1,0,0,0,0
eye,0,0,0,0,0,3,0,0,0,0
gold,0,0,0,0,0,2,0,0,0,0
silver,0,0,0,0,0,2,0,0,0,0
biology,0,0,0,0,0,3,0,0,0,0
revolutionize,0,0,0,0,0,0,0,0,2,0
flemish,1,0,0,0,0,0,0,0,0,0
painstaking,2,0,0,0,0,0,0,0,0,0
dissection,0,0,0,0,0,1,0,0,0,0
cadaver,0,0,0,0,0,3,0,0,0,0
learn,0,0,0,0,0,0,0,0,6,0
structure,0,0,0,0,0,11,0,0,0,0
lay,0,0,0,0,0,0,0,0,2,0
foundation,0,0,0,0,0,5,0,0,0,0
pharmacist,0,0,0,0,0,1,0,0,0,0
attend,0,0,0,0,0,0,0,0,5,0
receive,0,0,0,0,0,0,0,0,22,0
doctorate,0,0,0,0,0,5,0,0,0,0
lecturer,0,0,0,0,0,3,0,0,0,0
anatomical,1,0,0,0,0,0,0,0,0,0
theory,0,0,0,0,0,22,0,0,0,0
authoritative,1,0,0,0,0,0,0,0,0,0
occupy,0,0,0,0,0,0,0,0,1,0
flourish,0,0,0,0,0,0,0,0,1,0
appointment,0,0,0,0,0,2,0,0,0,0
remain,0,0,0,0,0,0,0,0,3,0
allow,0,0,0,0,0,0,0,0,5,0
pilgrimage,0,0,0,0,0,1,0,0,0,0
ill,5,0,0,0,0,0,0,0,0,0
dissect,0,0,0,0,0,0,0,0,4,0
creature,0,0,0,0,0,1,0,0,0,0
nature,0,0,0,0,0,2,0,0,0,0
circulation,0,0,0,0,0,3,0,0,0,0
pump,0,0,0,0,0,1,0,0,0,0
ebb,0,0,0,0,0,0,0,0,1,0
flow,0,0,0,0,0,0,0,0,2,0
contraction,0,0,0,0,0,1,0,0,0,0
send,0,0,0,0,0,0,0,0,5,0
bachelor,0,0,0,0,0,3,0,0,0,0
degree,0,0,0,0,0,16,0,0,0,0
fine,2,0,0,0,0,0,0,0,0,0
note,0,0,0,0,0,1,0,0,2,0
anatomist,0,0,0,0,0,4,0,0,0,0
valve,0,0,0,0,0,3,0,0,0,0
vein,0,0,0,0,0,4,0,0,0,0
purpose,0,0,0,0,0,2,0,0,0,0
prove,0,0,0,0,0,0,0,0,7,0
prevent,0,0,0,0,0,0,0,0,8,0
backward,0,0,1,0,0,0,0,0,0,0
shortly,0,0,1,0,0,0,0,0,0,0
fellowship,0,0,0,0,0,3,0,0,0,0
ascend,0,0,0,0,0,0,0,0,1,0
throne,0,0,0,0,0,1,0,0,0,0
personal,6,0,0,0,0,0,0,0,0,0
interest,0,0,0,0,0,9,0,0,0,0
research,0,0,0,0,0,29,0,0,1,0
growth,0,0,0,0,0,4,0,0,0,0
experimentation,0,0,0,0,0,2,0,0,0,0
college,0,0,0,0,0,3,0,0,0,0
lectureship,0,0,0,0,0,1,0,0,0,0
lecture,0,0,0,0,0,4,0,0,2,0
entitle,0,0,0,0,0,0,0,0,1,0
motion,0,0,0,0,0,2,0,0,0,0
unique,3,0,0,0,0,0,0,0,0,0
circulatory,1,0,0,0,0,0,0,0,0,0
despite,0,0,0,0,0,0,0,2,0,0
initial,1,0,0,0,0,0,0,0,0,0
attack,0,0,0,0,0,3,0,0,3,0
page,0,0,0,0,0,1,0,0,0,0
explain,0,0,0,0,0,0,0,0,5,0
bubble,0,0,0,0,0,1,0,0,0,0
air,0,0,0,0,0,1,0,0,0,0
pass,0,0,0,0,0,0,0,0,1,0
septum,0,0,0,0,0,1,0,0,0,0
italian,2,0,0,0,0,0,0,0,0,0
biologist,0,0,0,0,0,1,0,0,0,0
found,0,0,0,0,0,0,0,0,12,0
microscopic,1,0,0,0,0,0,0,0,0,0
histology,0,0,0,0,0,2,0,0,0,0
microscope,0,0,0,0,0,5,0,0,0,0
making,0,0,0,0,0,1,0,0,0,0
tissue,0,0,0,0,0,7,0,0,0,0
lense,0,0,0,0,0,4,0,0,0,0
able,3,0,0,0,0,0,0,0,0,0
specific,6,0,0,0,0,0,0,0,0,0
subdivision,0,0,0,0,0,1,0,0,0,0
organ,0,0,0,0,0,2,0,0,0,0
spleen,0,0,0,0,0,1,0,0,0,0
brain,0,0,0,0,0,5,0,0,0,0
embryology,0,0,0,0,0,1,0,0,0,0
practical,2,0,0,0,0,0,0,0,0,0
catch,0,0,0,0,0,0,0,0,1,0
conflict,0,0,0,0,0,2,0,0,0,0
envy,0,0,0,0,0,1,0,0,0,0
destruction,0,0,0,0,0,3,0,0,0,0
paper,0,0,0,0,0,8,0,0,0,0
apparatus,0,0,0,0,0,1,0,0,0,0
grant,0,0,0,0,0,0,0,0,2,0
invite,0,0,0,0,0,0,0,0,3,0
post,0,0,0,0,0,5,0,0,0,0
arouse,0,0,0,0,0,0,0,0,1,0
name,0,0,0,0,0,0,0,0,13,0
honorary,1,0,0,0,0,0,0,0,0,0
member,0,0,0,0,0,4,0,0,0,0
destroy,0,0,0,0,0,0,0,0,7,0
recognition,0,0,0,0,0,6,0,0,0,0
count,0,0,0,0,0,1,0,0,0,0
elect,0,0,0,0,0,0,0,0,9,0
mean,0,0,0,0,0,1,0,0,1,0
extraordinary,1,0,0,0,0,0,0,0,0,0
ability,0,0,0,0,0,2,0,0,0,0
grind,0,0,0,0,0,0,0,0,3,0
tool,0,0,0,0,0,2,0,0,0,0
vast,1,0,0,0,0,0,0,0,0,0
innovative,1,0,0,0,0,0,0,0,0,0
bacteria,0,0,0,0,0,9,0,0,0,0
protozoan,0,0,0,0,0,3,0,0,0,0
animalcule,0,0,0,0,0,1,0,0,0,0
tiny,1,0,0,0,0,0,0,0,0,0
wretched,1,0,0,0,0,0,0,0,0,0
beastie,0,0,0,0,0,1,0,0,0,0
education,0,0,0,0,0,1,0,0,0,0
haberdasher,0,0,0,0,0,1,0,0,0,0
dealer,0,0,0,0,0,1,0,0,0,0
clothing,0,0,0,0,0,2,0,0,0,0
accessory,0,0,0,0,0,1,0,0,0,0
draper,0,0,0,0,0,1,0,0,0,0
chamberlain,0,0,0,0,0,1,0,0,0,0
sheriff,0,0,0,0,0,1,0,0,0,0
hobby,0,0,0,0,0,1,0,0,0,0
lens,0,0,0,0,0,1,0,0,0,0
grinding,0,0,0,0,0,1,0,0,0,0
magnifying,0,0,0,0,0,2,0,0,0,0
keen,2,0,0,0,0,0,0,0,0,0
significance,0,0,0,0,0,1,0,0,0,0
example,0,0,0,0,0,2,0,0,0,0
observe,0,0,0,0,0,0,0,0,3,0
calculate,0,0,0,0,0,0,0,0,1,0
size,0,0,0,0,0,2,0,0,0,0
red,2,0,0,0,0,1,0,0,0,0
cell,0,0,0,0,0,15,0,0,0,0
regular,1,0,0,0,0,0,0,0,0,0
correspondence,0,0,0,0,0,1,0,0,0,0
lithotomist,0,0,0,0,0,1,0,0,0,0
specialist,0,0,0,0,0,1,0,0,0,0
removal,0,0,0,0,0,1,0,0,0,0
stone,0,0,0,0,0,2,0,0,0,0
establish,0,0,0,0,0,0,0,0,14,0
institution,0,0,0,0,0,4,0,0,0,0
principal,2,0,0,0,0,0,0,0,0,0
following,6,0,0,0,0,0,0,0,0,0
atlas,0,0,0,0,0,1,0,0,0,0
bone,0,0,0,0,0,2,0,0,0,0
celebrate,0,0,0,0,0,0,0,0,1,0
beauty,0,0,0,0,0,1,0,0,0,0
accuracy,0,0,0,0,0,2,0,0,0,0
illustration,0,0,0,0,0,1,0,0,0,0
lithotomic,1,0,0,0,0,0,0,0,0,0
swift,1,0,0,0,0,0,0,0,0,0
operation,0,0,0,0,0,3,0,0,0,0
perform,0,0,0,0,0,0,0,0,7,0
lithotomy,0,0,0,0,0,1,0,0,0,0
extract,0,0,0,0,0,0,0,0,3,0
lateral,2,0,0,0,0,0,0,0,0,0
approach,0,0,0,0,0,5,0,0,0,0
incision,0,0,0,0,0,2,0,0,0,0
suprapubic,1,0,0,0,0,0,0,0,0,0
pubic,1,0,0,0,0,0,0,0,0,0
surgically,0,0,1,0,0,0,0,0,0,0
restore,0,0,0,0,0,0,0,0,1,0
blind,1,0,0,0,0,0,0,0,0,0
vision,0,0,0,0,0,1,0,0,0,0
devise,0,0,0,0,0,0,0,0,2,0
blindness,0,0,0,0,0,2,0,0,0,0
opening,0,0,0,0,0,1,0,0,0,0
pupil,0,0,0,0,0,2,0,0,0,0
scourge,0,0,0,0,0,2,0,0,0,0
dread,0,0,0,0,0,1,0,0,1,0
kill,0,0,0,0,0,0,0,0,9,0
weakness,0,0,0,0,0,1,0,0,0,0
hideous,1,0,0,0,0,0,0,0,0,0
scar,0,0,0,0,0,1,0,0,0,0
startle,0,0,0,0,0,0,0,0,1,0
claim,0,0,0,0,0,0,0,0,2,0
people,0,0,0,0,0,9,0,0,0,0
declare,0,0,0,0,0,0,0,0,3,0
eradicated,1,0,0,0,0,0,0,0,0,0
parish,0,0,0,0,0,1,0,0,0,0
vicar,0,0,0,0,0,1,0,0,0,0
decide,0,0,0,0,0,0,0,0,2,0
near,0,7,0,0,0,0,0,0,0,0
day,0,0,0,0,0,4,0,0,0,0
beginning,0,0,0,0,0,1,0,0,0,0
relate,0,0,0,0,0,0,0,0,3,0
house,0,0,0,0,0,4,0,0,0,0
inspiration,0,0,0,0,0,1,0,0,0,0
critical,1,0,0,0,0,0,0,0,0,0
mind,0,0,0,0,0,2,0,0,0,0
broad,2,0,0,0,0,0,0,0,0,0
disciplined,1,0,0,0,0,0,0,0,0,0
investigation,0,0,0,0,0,4,0,0,0,0
last,0,0,0,0,0,0,0,0,1,0
friendship,0,0,0,0,0,2,0,0,0,0
immunity,0,0,0,0,0,4,0,0,0,0
infectious,3,0,0,0,0,0,0,0,0,0
contagious,1,0,0,0,0,0,0,0,0,0
ready,1,0,0,0,0,0,0,0,0,0
test,0,0,0,0,0,2,0,0,2,0
child,0,0,0,0,0,12,0,0,0,0
coldly,0,0,1,0,0,0,0,0,0,0
circle,0,0,0,0,0,1,0,0,0,0
demonstrate,0,0,0,0,0,0,0,0,7,0
submit,0,0,0,0,0,0,0,0,1,0
discourage,0,0,0,0,0,0,0,0,1,0
successful,3,0,0,0,0,0,0,0,0,0
revive,0,0,0,0,0,0,0,0,1,0
finally,0,0,3,0,0,0,0,0,0,0
convince,0,0,0,0,0,0,0,0,3,0
government,0,0,0,0,0,4,0,0,0,0
sum,0,0,0,0,0,1,0,0,0,0
money,0,0,0,0,0,2,0,0,0,0
carry,0,0,0,0,0,0,0,0,6,0
pioneer,0,0,0,0,0,2,0,0,1,0
dramatic,3,0,0,0,0,0,0,0,0,0
simplicity,0,0,0,0,0,1,0,0,0,0
puerperal,4,0,0,0,0,0,0,0,0,0
childbed,0,0,0,0,0,1,0,0,0,0
virtually,0,0,2,0,0,0,0,0,0,0
wipe,0,0,0,0,0,0,0,0,1,0
percentage,0,0,0,0,0,1,0,0,0,0
maternity,0,0,0,0,0,7,0,0,0,0
clinic,0,0,0,0,0,8,0,0,0,0
afterward,0,0,1,0,0,0,0,0,0,0
record,0,0,0,0,0,1,0,0,0,0
toll,0,0,0,0,0,2,0,0,0,0
considerably,0,0,1,0,0,0,0,0,0,0
low,1,0,0,0,0,0,0,0,0,0
section,0,0,0,0,0,2,0,0,0,0
mid,0,0,0,0,0,1,0,0,0,0
wife,0,0,0,0,0,3,0,0,0,0
train,0,0,0,0,0,0,0,0,2,0
care,0,0,0,0,0,3,0,0,2,0
ward,0,0,0,0,0,4,0,0,0,0
directly,0,0,2,0,0,0,0,0,0,0
room,0,0,0,0,0,1,0,0,0,0
reason,0,0,0,0,0,1,0,0,2,0
transfer,0,0,0,0,0,1,0,0,2,0
chlorine,0,0,0,0,0,1,0,0,0,0
solution,0,0,0,0,0,3,0,0,0,0
decline,0,0,0,0,0,0,0,0,1,0
dramatically,0,0,1,0,0,0,0,0,0,0
equally,0,0,3,0,0,0,0,0,0,0
impressive,1,0,0,0,0,0,0,0,0,0
band,0,0,0,0,0,1,0,0,0,0
volunteer,0,0,0,0,0,2,0,0,1,0
cope,0,0,0,0,0,0,0,0,1,0
crowding,0,0,0,0,0,1,0,0,0,0
poor,2,0,0,0,0,0,0,0,0,0
sanitation,0,0,0,0,0,2,0,0,0,0
shortage,0,0,0,0,0,1,0,0,0,0
nursing,0,0,0,0,0,4,0,0,0,0
devote,0,0,0,0,0,0,0,0,3,0
rest,0,0,0,0,0,4,0,0,0,0
temporary,2,0,0,0,0,0,0,0,0,0
residence,0,0,0,0,0,1,0,0,0,0
birthplace,0,0,0,0,0,1,0,0,0,0
grow,0,0,0,0,0,0,0,0,3,0
largely,0,0,2,0,0,0,0,0,0,0
refuse,0,0,0,0,0,0,0,0,3,0
persuade,0,0,0,0,0,0,0,0,2,0
parliamentary,1,0,0,0,0,0,0,0,0,0
expert,0,0,0,0,0,2,0,0,0,0
objection,0,0,0,0,0,1,0,0,0,0
continental,1,0,0,0,0,0,0,0,0,0
friend,0,0,0,0,0,3,0,0,0,0
superintendent,0,0,0,0,0,1,0,0,0,0
lithograph,0,0,0,0,0,1,0,0,0,0
american,11,0,0,0,0,0,0,0,0,0
service,0,0,0,0,0,3,0,0,0,0
arrive,0,0,0,0,0,0,0,0,2,0
battle,0,0,0,0,0,3,0,0,0,0
scrub,0,0,0,0,0,0,0,0,1,0
brush,0,0,0,0,0,1,0,0,0,0
enforce,0,0,0,0,0,0,0,0,3,0
reduce,0,0,0,0,0,0,0,0,3,0
buy,0,0,0,0,0,0,0,0,1,0
linen,0,0,0,0,0,1,0,0,0,0
shirt,0,0,0,0,0,1,0,0,0,0
food,0,0,0,0,0,3,0,0,0,0
bed,0,0,0,0,0,2,0,0,0,0
crimean,1,0,0,0,0,0,0,0,0,0
dignitary,0,0,0,0,0,1,0,0,0,0
invalid,0,0,0,0,0,1,0,0,0,0
pound,0,0,0,0,0,1,0,0,0,0
campaign,0,0,0,0,0,1,0,0,1,0
letter,0,0,0,0,0,2,0,0,0,0
reform,0,0,0,0,0,1,0,0,0,0
high,5,0,0,0,0,0,0,0,0,0
professional,2,0,0,0,0,1,0,0,0,0
respectable,1,0,0,0,0,0,0,0,0,0
prominent,1,0,0,0,0,0,0,0,0,0
scientist,0,0,0,0,0,9,0,0,0,0
statesman,0,0,0,0,0,1,0,0,0,0
concept,0,0,0,0,0,2,0,0,0,0
pathological,4,0,0,0,0,0,0,0,0,0
emphasize,0,0,0,0,0,0,0,0,3,0
arise,0,0,0,0,0,0,0,0,4,0
general,7,0,0,0,0,2,0,0,0,0
primarily,0,0,1,0,0,0,0,0,0,0
individual,2,0,0,0,0,1,0,0,0,0
anthropology,0,0,0,0,0,2,0,0,0,0
graduate,0,0,0,0,0,0,0,0,8,0
intern,0,0,0,0,0,2,0,0,2,0
leukemia,0,0,0,0,0,1,0,0,0,0
classic,1,0,0,0,0,2,0,0,0,0
chair,0,0,0,0,0,2,0,0,0,0
cellular,1,0,0,0,0,0,0,0,0,0
pathology,0,0,0,0,0,1,0,0,0,0
exist,0,0,0,0,0,0,0,0,1,0
imbalance,0,0,0,0,0,1,0,0,0,0
fluid,0,0,0,0,0,1,0,0,0,0
humor,0,0,0,0,0,1,0,0,0,0
phlegm,0,0,0,0,0,1,0,0,0,0
bile,0,0,0,0,0,2,0,0,0,0
black,1,0,0,0,0,0,0,0,0,0
apply,0,0,0,0,0,0,0,0,3,0
state,0,0,0,0,0,1,0,0,3,0
diseased,3,0,0,0,0,0,0,0,0,0
preexisting,1,0,0,0,0,0,0,0,0,0
mainly,0,0,1,0,0,0,0,0,0,0
matter,0,0,0,0,0,4,0,0,0,0
disposal,0,0,0,0,0,1,0,0,0,0
meat,0,0,0,0,0,1,0,0,0,0
inspection,0,0,0,0,0,1,0,0,0,0
new,4,0,0,0,0,0,0,0,0,0
sewer,0,0,0,0,0,1,0,0,0,0
prussian,1,0,0,0,0,0,0,0,0,0
anthropological,1,0,0,0,0,0,0,0,0,0
skull,0,0,0,0,0,1,0,0,0,0
organizer,0,0,0,0,0,1,0,0,0,0
enrollment,0,0,0,0,0,1,0,0,0,0
prosperous,1,0,0,0,0,0,0,0,0,0
sugar,0,0,0,0,0,6,0,0,0,0
refiner,0,0,0,0,0,1,0,0,0,0
immigrate,0,0,0,0,0,0,0,0,2,0
active,1,0,0,0,0,0,0,0,0,0
abolitionist,1,0,0,0,0,0,0,0,0,0
movement,0,0,0,0,0,3,0,0,0,0
refinery,0,0,0,0,0,1,0,0,0,0
unfortunately,0,0,1,0,0,0,0,0,0,0
prosper,0,0,0,0,0,0,0,0,1,0
move,0,0,0,0,0,0,0,0,9,0
need,0,0,0,0,0,3,0,0,1,0
aid,0,0,0,0,0,2,0,0,4,0
escape,0,0,0,0,0,0,0,0,1,0
slave,0,0,0,0,0,1,0,0,0,0
participate,0,0,0,0,0,0,0,0,1,0
intellectual,2,0,0,0,0,0,0,0,0,0
determine,0,0,0,0,0,0,0,0,3,0
admit,0,0,0,0,0,0,0,0,1,0
privately,0,0,1,0,0,0,0,0,0,0
accept,0,0,0,0,0,0,0,0,5,0
acceptance,0,0,0,0,0,2,0,0,0,0
evoke,0,0,0,0,0,0,0,0,1,0
storm,0,0,0,0,0,1,0,0,0,0
criticism,0,0,0,0,0,1,0,0,0,0
spite,0,0,0,0,0,2,0,0,0,0
slight,0,0,0,0,0,1,0,0,1,0
embarrassment,0,0,0,0,0,1,0,0,0,0
pursue,0,0,0,0,0,0,0,0,3,0
class,0,0,0,0,0,2,0,0,0,0
wood,0,0,0,0,0,1,0,0,0,0
engraving,0,0,0,0,0,1,0,0,0,0
center,0,0,0,0,0,3,0,0,1,0
journey,0,0,0,0,0,1,0,0,1,0
undertake,0,0,0,0,0,0,0,0,1,0
advanced,1,0,0,0,0,0,0,0,0,0
intolerant,1,0,0,0,0,0,0,0,0,0
permit,0,0,0,0,0,0,0,0,4,0
midwife,0,0,0,0,0,1,0,0,0,0
lose,0,0,0,0,0,0,0,0,1,0
sight,0,0,0,0,0,1,0,0,0,0
convalescence,0,0,0,0,0,1,0,0,0,0
fight,0,0,0,0,0,0,0,0,2,0
sister,0,0,0,0,0,2,0,0,0,0
tolerant,1,0,0,0,0,0,0,0,0,0
problem,0,0,0,0,0,5,0,0,0,0
win,0,0,0,0,0,0,0,0,6,0
open,1,0,0,0,0,0,0,0,4,0
series,0,0,0,0,0,3,0,0,0,0
deliver,0,0,0,0,0,0,0,0,1,0
settle,0,0,0,0,0,0,0,0,1,0
leader,0,0,0,0,0,3,0,0,0,0
social,1,0,0,0,0,0,0,0,0,0
preventive,1,0,0,0,0,0,0,0,0,0
solve,0,0,0,0,0,0,0,0,1,0
industry,0,0,0,0,0,2,0,0,0,0
agriculture,0,0,0,0,0,1,0,0,0,0
silkworm,0,0,0,0,0,3,0,0,0,0
anthrax,0,0,0,0,0,4,0,0,0,0
chicken,0,0,0,0,0,4,0,0,0,0
cholera,0,0,0,0,0,5,0,0,0,0
nearby,1,0,0,0,0,0,0,0,0,0
professor,0,0,0,0,0,24,0,0,0,0
chemistry,0,0,0,0,0,2,0,0,0,0
rector,0,0,0,0,0,1,0,0,0,0
university,0,0,0,0,0,3,0,0,0,0
love,0,0,0,0,0,1,0,0,0,0
dean,0,0,0,0,0,2,0,0,0,0
local,1,0,0,0,0,0,0,0,0,0
distiller,0,0,0,0,0,1,0,0,0,0
alcohol,0,0,0,0,0,1,0,0,0,0
ferment,0,0,0,0,0,0,0,0,1,0
beet,0,0,0,0,0,1,0,0,0,0
see,0,0,0,0,0,0,0,0,2,0
fermentation,0,0,0,0,0,2,0,0,0,0
reaction,0,0,0,0,0,1,0,0,0,0
presence,0,0,0,0,0,2,0,0,0,0
organism,0,0,0,0,0,4,0,0,0,0
putrefaction,0,0,0,0,0,1,0,0,0,0
souring,0,0,0,0,0,1,0,0,0,0
germ,0,0,0,0,0,3,0,0,0,0
microbe,0,0,0,0,0,13,0,0,0,0
formation,0,0,0,0,0,2,0,0,0,0
lactic,1,0,0,0,0,0,0,0,0,0
acid,0,0,0,0,0,6,0,0,0,0
sour,0,0,0,0,0,0,0,0,1,0
develop,0,0,0,0,0,0,0,0,21,0
heat,0,0,0,0,0,1,0,0,0,0
pathogenic,1,0,0,0,0,0,0,0,0,0
certain,3,0,0,0,0,0,0,0,0,0
beverage,0,0,0,0,0,1,0,0,0,0
manager,0,0,0,0,0,1,0,0,0,0
extend,0,0,0,0,0,0,0,0,1,0
doubt,0,0,0,0,0,0,0,0,1,0
originate,0,0,0,0,0,0,0,0,1,0
spontaneously,0,0,1,0,0,0,0,0,0,0
outside,0,2,0,0,0,1,0,0,0,0
ask,0,0,0,0,0,0,0,0,2,0
silk,0,0,0,0,0,1,0,0,0,0
ruin,0,0,0,0,0,1,0,0,0,0
mysterious,3,0,0,0,0,0,0,0,0,0
intensive,1,0,0,0,0,0,0,0,0,0
involve,0,0,0,0,0,0,0,0,2,0
mulberry,0,0,0,0,0,2,0,0,0,0
worm,0,0,0,0,0,3,0,0,0,0
transmit,0,0,0,0,0,0,0,0,4,0
breeder,0,0,0,0,0,1,0,0,0,0
strike,0,0,0,0,0,0,0,0,1,0
paralysis,0,0,0,0,0,2,0,0,0,0
recovery,0,0,0,0,0,2,0,0,0,0
uncertain,1,0,0,0,0,0,0,0,0,0
confine,0,0,0,0,0,0,0,0,1,0
mark,0,0,0,0,0,1,0,0,0,0
foot,0,0,0,0,0,1,0,0,0,0
drag,0,0,0,0,0,0,0,0,1,0
walk,0,0,0,0,0,0,0,0,2,0
seek,0,0,0,0,0,0,0,0,2,0
cattle,0,0,0,0,0,2,0,0,0,0
sheep,0,0,0,0,0,1,0,0,0,0
conduct,0,0,0,0,0,0,0,0,8,0
weakened,2,0,0,0,0,0,0,0,0,0
culture,0,0,0,0,0,9,0,0,0,0
suffer,0,0,0,0,0,0,0,0,2,0
mild,1,0,0,0,0,0,0,0,0,0
sickness,0,0,0,0,0,2,0,0,0,0
immune,1,0,0,0,0,0,0,0,0,0
successfully,0,0,3,0,0,0,0,0,0,0
immunization,0,0,0,0,0,1,0,0,0,0
prevention,0,0,0,0,0,2,0,0,0,0
slowly,0,0,1,0,0,0,0,0,0,0
central,2,0,0,0,0,0,0,0,0,0
nervous,9,0,0,0,0,0,0,0,0,0
spinal,5,0,0,0,0,0,0,0,0,0
cord,0,0,0,0,0,5,0,0,0,0
being,0,0,0,0,0,1,0,0,0,0
immunize,0,0,0,0,0,0,0,0,1,0
dry,0,0,0,0,0,0,0,0,1,0
vary,0,0,0,0,0,0,0,0,2,0
period,0,0,0,0,0,1,0,0,0,0
inoculation,0,0,0,0,0,2,0,0,0,0
stricken,0,0,0,0,0,0,0,0,2,0
failure,0,0,0,0,0,2,0,0,0,0
group,0,0,0,0,0,6,0,0,0,0
hesitate,0,0,0,0,0,0,0,0,1,0
decision,0,0,0,0,0,2,0,0,0,0
beg,0,0,0,0,0,0,0,0,1,0
trace,0,0,0,0,0,1,0,0,1,0
international,6,0,0,0,0,0,0,0,0,0
fund,0,0,0,0,0,1,0,0,0,0
raise,0,0,0,0,0,0,0,0,3,0
subsequently,0,0,2,0,0,0,0,0,0,0
launch,0,0,0,0,0,0,0,0,1,0
laboratory,0,0,0,0,0,8,0,0,0,0
inauguration,0,0,0,0,0,1,0,0,0,0
swiss,2,0,0,0,0,0,0,0,0,0
humanitarian,0,0,0,0,0,1,0,0,0,0
author,0,0,0,0,0,2,0,0,1,0
agency,0,0,0,0,0,1,0,0,0,0
relief,0,0,0,0,0,3,0,0,0,0
cowinner,0,0,0,0,0,2,0,0,0,0
economist,0,0,0,0,0,1,0,0,0,0
business,0,0,0,0,0,3,0,0,0,0
northern,1,0,0,0,0,0,0,0,0,0
witness,0,0,0,0,0,0,0,0,2,0
austrian,1,0,0,0,0,0,0,0,0,0
organize,0,0,0,0,0,0,0,0,6,0
emergency,0,0,0,0,0,2,0,0,0,0
thousand,0,0,0,0,0,3,0,0,0,0
forget,0,0,0,0,0,0,0,0,2,0
experience,0,0,0,0,0,7,0,0,3,0
propose,0,0,0,0,0,0,0,0,2,0
voluntary,1,0,0,0,0,0,0,0,0,0
alleviate,0,0,0,0,0,0,0,0,1,0
peacetime,0,0,0,0,0,1,0,0,0,0
agreement,0,0,0,0,0,2,0,0,0,0
specify,0,0,0,0,0,0,0,0,1,0
capture,0,0,0,0,0,1,0,0,0,0
establishment,0,0,0,0,0,2,0,0,0,0
personnel,0,0,0,0,0,1,0,0,0,0
impartial,1,0,0,0,0,0,0,0,0,0
reception,0,0,0,0,0,1,0,0,0,0
combatant,0,0,0,0,0,1,0,0,0,0
protection,0,0,0,0,0,2,0,0,0,0
civilian,0,0,0,0,0,1,0,0,0,0
means,0,0,0,0,0,2,0,0,0,0
person,0,0,0,0,0,3,0,0,0,0
equipment,0,0,0,0,0,1,0,0,0,0
have,0,0,0,0,0,0,0,0,3,0
bankrupt,1,0,0,0,0,0,0,0,0,0
neglect,0,0,0,0,0,0,0,0,2,0
affair,0,0,0,0,0,1,0,0,0,0
poverty,0,0,0,0,0,1,0,0,0,0
promote,0,0,0,0,0,0,0,0,3,0
prisoner,0,0,0,0,0,1,0,0,0,0
abolition,0,0,0,0,0,1,0,0,0,0
slavery,0,0,0,0,0,1,0,0,0,0
arbitration,0,0,0,0,0,1,0,0,0,0
disarmament,0,0,0,0,0,1,0,0,0,0
jewish,3,0,0,0,0,0,0,0,0,0
homeland,0,0,0,0,0,1,0,0,0,0
country,0,0,0,0,0,6,0,0,0,0
bacteriology,0,0,0,0,0,4,0,0,0,0
mining,0,0,0,0,0,1,0,0,0,0
town,0,0,0,0,0,1,0,0,0,0
collection,0,0,0,0,0,1,0,0,0,0
explorer,0,0,0,0,0,1,0,0,0,0
hope,0,0,0,0,0,0,0,0,1,0
expedition,0,0,0,0,0,1,0,0,0,0
bit,0,0,0,0,0,1,0,0,0,0
glass,0,0,0,0,0,1,0,0,0,0
birthday,0,0,0,0,0,1,0,0,0,0
warm,1,0,0,0,0,0,0,0,0,0
blooded,1,0,0,0,0,0,0,0,0,0
infect,0,0,0,0,0,0,0,0,1,0
definite,1,0,0,0,0,0,0,0,0,0
proof,0,0,0,0,0,1,0,0,0,0
particular,2,0,0,0,0,0,0,0,0,0
isolate,0,0,0,0,0,0,0,0,3,0
tubercle,0,0,0,0,0,1,0,0,0,0
bacillus,0,0,0,0,0,3,0,0,0,0
bacterium,0,0,0,0,0,1,0,0,0,0
tuberculosis,0,0,0,0,0,4,0,0,0,0
commission,0,0,0,0,0,1,0,0,1,0
announce,0,0,0,0,0,0,0,0,6,0
acclaim,0,0,0,0,0,1,0,0,1,0
dollar,0,0,0,0,0,1,0,0,0,0
institute,0,0,0,0,0,2,0,0,0,0
tuberculin,0,0,0,0,0,1,0,0,0,0
substance,0,0,0,0,0,3,0,0,0,0
wrongly,0,0,1,0,0,0,0,0,0,0
detect,0,0,0,0,0,0,0,0,1,0
tropical,3,0,0,0,0,0,0,0,0,0
award,0,0,0,0,0,1,0,0,6,0
pathologist,0,0,0,0,0,2,0,0,0,0
parasitologist,0,0,0,0,0,1,0,0,0,0
parasite,0,0,0,0,0,1,0,0,0,0
malaria,0,0,0,0,0,5,0,0,0,0
protozoal,2,0,0,0,0,0,0,0,0,0
faculty,0,0,0,0,0,3,0,0,0,0
franco,1,0,0,0,0,0,0,0,0,0
join,0,0,0,0,0,0,0,0,8,0
course,0,0,0,0,0,2,0,0,0,0
autopsy,0,0,0,0,0,1,0,0,0,0
victim,0,0,0,0,0,4,0,0,0,0
causative,2,0,0,0,0,0,0,0,0,0
malariae,0,0,0,0,0,1,0,0,0,0
rename,0,0,0,0,0,0,0,0,2,0
powerful,2,0,0,0,0,0,0,0,0,0
fruitful,1,0,0,0,0,0,0,0,0,0
trypanosomiasis,0,0,0,0,0,2,0,0,0,0
leishmaniasis,0,0,0,0,0,1,0,0,0,0
landmark,0,0,0,0,0,1,0,0,0,0
extensive,1,0,0,0,0,0,0,0,0,0
des,0,4,0,0,0,0,0,0,0,0
fièvres,0,0,0,0,0,0,0,0,0,1
palustres,0,0,0,0,0,0,0,0,0,1
avec,0,1,0,0,0,0,0,0,0,0
épidémies,0,0,0,0,0,0,0,0,0,1
armées,0,0,0,0,0,0,0,0,0,1
canadian,2,0,0,0,0,0,0,0,0,0
clinician,0,0,0,0,0,1,0,0,0,0
innovator,0,0,0,0,0,1,0,0,0,0
importance,0,0,0,0,0,2,0,0,0,0
clinical,6,0,0,0,0,0,0,0,0,0
internal,1,0,0,0,0,0,0,0,0,0
anglican,1,0,0,0,0,0,0,0,0,0
mischievous,1,0,0,0,0,0,0,0,0,0
cane,0,0,0,0,0,0,0,0,1,0
schoolroom,0,0,0,0,0,1,0,0,0,0
furniture,0,0,0,0,0,1,0,0,0,0
attic,0,0,0,0,0,1,0,0,0,0
expect,0,0,0,0,0,0,0,0,1,0
interested,2,0,0,0,0,0,0,0,0,0
read,0,0,0,0,0,0,0,0,2,0
journal,0,0,0,0,0,1,0,0,0,0
mystery,0,0,0,0,0,2,0,0,0,0
church,0,0,0,0,0,1,0,0,0,0
activity,0,0,0,0,0,1,0,0,0,0
dusting,0,0,0,0,0,1,0,0,0,0
hitherto,0,0,1,0,0,0,0,0,0,0
unidentified,1,0,0,0,0,0,0,0,0,0
fact,0,0,0,0,0,1,0,0,0,0
corpuscle,0,0,0,0,0,2,0,0,0,0
platelet,0,0,0,0,0,1,0,0,0,0
thoroughly,0,0,1,0,0,0,0,0,0,0
transform,0,0,0,0,0,0,0,0,1,0
curriculum,0,0,0,0,0,1,0,0,0,0
respected,1,0,0,0,0,0,0,0,0,0
curator,0,0,0,0,0,1,0,0,0,0
highly,0,0,1,0,0,0,0,0,0,0
influential,1,0,0,0,0,0,0,0,0,0
textbook,0,0,0,0,0,1,0,0,0,0
widow,0,0,0,0,0,1,0,0,0,0
coronation,0,0,0,0,0,1,0,0,0,0
baronet,0,0,0,0,0,1,0,0,0,0
grief,0,0,0,0,0,2,0,0,0,0
loss,0,0,0,0,0,1,0,0,0,0
conquer,0,0,0,0,0,0,0,0,1,0
ravage,0,0,0,0,0,0,0,0,1,0
coastal,1,0,0,0,0,0,0,0,0,0
yearly,1,0,0,0,0,0,0,0,0,0
mosquito,0,0,0,0,0,3,0,0,0,0
coworker,0,0,0,0,0,1,0,0,0,0
community,0,0,0,0,0,2,0,0,0,0
precaution,0,0,0,0,0,1,0,0,0,0
methodist,1,0,0,0,0,0,0,0,0,0
good,1,0,0,0,0,0,0,0,0,0
tumultuous,1,0,0,0,0,0,0,0,0,0
precocious,1,0,0,0,0,0,0,0,0,0
initially,0,0,2,0,0,0,0,0,0,0
switch,0,0,0,0,0,0,0,0,1,0
program,0,0,0,0,0,2,0,0,0,0
summer,0,0,0,0,0,2,0,0,0,0
obtain,0,0,0,0,0,0,0,0,3,0
matriculate,0,0,0,0,0,0,0,0,1,0
internship,0,0,0,0,0,3,0,0,0,0
board,0,0,0,0,0,2,0,0,0,0
lieutenant,0,0,0,0,0,1,0,0,0,0
duty,0,0,0,0,0,2,0,0,0,0
follow,0,0,0,0,0,0,0,0,8,0
microscopy,0,0,0,0,0,1,0,0,0,0
spanish,3,0,0,0,0,0,0,0,0,0
committee,0,0,0,0,0,4,0,0,0,0
investigate,0,0,0,0,0,0,0,0,4,0
typhoid,0,0,0,0,0,1,0,0,0,0
rage,0,0,0,0,0,0,0,0,1,0
fly,0,0,0,0,0,1,0,0,0,0
dust,0,0,0,0,0,1,0,0,0,0
recommend,0,0,0,0,0,0,0,0,2,0
measure,0,0,0,0,0,2,0,0,0,0
combat,0,0,0,0,0,0,0,0,1,0
station,0,0,0,0,0,0,0,0,1,0
realize,0,0,0,0,0,0,0,0,1,0
press,0,0,0,0,0,0,0,0,1,0
researcher,0,0,0,0,0,5,0,0,0,0
contact,0,0,0,0,0,2,0,0,0,0
bedding,0,0,0,0,0,1,0,0,0,0
strict,1,0,0,0,0,0,0,0,0,0
cease,0,0,0,0,0,0,0,0,1,0
chronic,1,0,0,0,0,0,0,0,0,0
appendicitis,0,0,0,0,0,1,0,0,0,0
histologist,0,0,0,0,0,1,0,0,0,0
neuron,0,0,0,0,0,3,0,0,0,0
unit,0,0,0,0,0,1,0,0,0,0
instrumental,1,0,0,0,0,0,0,0,0,0
fundamental,2,0,0,0,0,0,0,0,0,0
role,0,0,0,0,0,6,0,0,0,0
understanding,0,0,0,0,0,2,0,0,0,0
impulse,0,0,0,0,0,1,0,0,0,0
descriptive,1,0,0,0,0,0,0,0,0,0
nitrate,0,0,0,0,0,1,0,0,0,0
stain,0,0,0,0,0,4,0,0,0,0
sensory,1,0,0,0,0,0,0,0,0,0
embryo,0,0,0,0,0,1,0,0,0,0
enable,0,0,0,0,0,0,0,0,1,0
differentiate,0,0,0,0,0,0,0,0,1,0
connection,0,0,0,0,0,1,0,0,0,0
gray,1,0,0,0,0,0,0,0,0,0
diagnosis,0,0,0,0,0,1,0,0,0,0
tumor,0,0,0,0,0,2,0,0,0,0
construction,0,0,0,0,0,1,0,0,0,0
sobre,0,1,0,0,0,0,0,0,0,0
degeneración,0,0,0,0,0,1,0,0,0,0
regeneración,0,0,0,0,0,1,0,0,0,0
del,0,1,0,0,0,0,0,0,0,0
sistema,0,0,0,0,0,1,0,0,0,0
nervioso,0,0,0,0,0,0,0,0,0,1
vol,0,0,0,0,0,1,0,0,0,0
japanese,2,0,0,0,0,0,0,0,0,0
bacteriologist,0,0,0,0,0,5,0,0,0,0
tetanus,0,0,0,0,0,4,0,0,0,0
diphtheria,0,0,0,0,0,3,0,0,0,0
agent,0,0,0,0,0,2,0,0,0,0
bubonic,2,0,0,0,0,0,0,0,0,0
plague,0,0,0,0,0,4,0,0,0,0
province,0,0,0,0,0,2,0,0,0,0
prefecture,0,0,0,0,0,1,0,0,0,0
mentor,0,0,0,0,0,1,0,0,0,0
dutch,1,0,0,0,0,0,0,0,0,0
bacteriological,1,0,0,0,0,0,0,0,0,0
bacterial,3,0,0,0,0,0,0,0,0,0
symptom,0,0,0,0,0,1,0,0,0,0
secretion,0,0,0,0,0,1,0,0,0,0
toxin,0,0,0,0,0,2,0,0,0,0
waste,0,0,0,0,0,1,0,0,0,0
product,0,0,0,0,0,1,0,0,0,0
pure,2,0,0,0,0,0,0,0,0,0
bacilli,0,0,0,0,0,1,0,0,0,0
susceptible,1,0,0,0,0,0,0,0,0,0
serum,0,0,0,0,0,3,0,0,0,0
antitoxin,0,0,0,0,0,1,0,0,0,0
therapy,0,0,0,0,0,1,0,0,0,0
president,0,0,0,0,0,7,0,0,0,0
incorporate,0,0,0,0,0,0,0,0,1,0
sanatorium,0,0,0,0,0,1,0,0,0,0
concurrently,0,0,1,0,0,0,0,0,0,0
organization,0,0,0,0,0,3,0,0,0,0
independently,0,0,1,0,0,0,0,0,0,0
resign,0,0,0,0,0,0,0,0,4,0
directorship,0,0,0,0,0,1,0,0,0,0
imperial,1,0,0,0,0,0,0,0,0,0
invest,0,0,0,0,0,0,0,0,1,0
baron,0,0,0,0,0,1,0,0,0,0
shoot,0,0,0,0,0,0,0,0,1,0
bullet,0,0,0,0,0,3,0,0,0,0
exclaim,0,0,0,0,0,0,0,0,1,0
spectacular,1,0,0,0,0,0,0,0,0,0
important,5,0,0,0,0,0,0,0,0,0
chain,0,0,0,0,0,2,0,0,0,0
poison,0,0,0,0,0,1,0,0,0,0
standardize,0,0,0,0,0,0,0,0,1,0
manufacture,0,0,0,0,0,2,0,0,0,0
antidiphtheria,0,0,0,0,0,1,0,0,0,0
knowledge,0,0,0,0,0,2,0,0,0,0
cancer,0,0,0,0,0,2,0,0,0,0
innkeeper,0,0,0,0,0,1,0,0,0,0
dye,0,0,0,0,0,2,0,0,0,0
deposit,0,0,0,0,0,0,0,0,1,0
ending,0,0,0,0,0,1,0,0,0,0
compound,0,0,0,0,0,2,0,0,1,0
trypan,0,0,0,0,0,2,0,0,0,0
mouse,0,0,0,0,0,1,0,0,0,0
trypanosome,0,0,0,0,0,3,0,0,0,0
pallidum,0,0,0,0,0,1,0,0,0,0
sexual,6,0,0,0,0,0,0,0,0,0
energetic,1,0,0,0,0,0,0,0,0,0
cool,1,0,0,0,0,0,0,0,0,0
precise,1,0,0,0,0,0,0,0,0,0
exact,1,0,0,0,0,0,0,0,0,0
fail,0,0,0,0,0,0,0,0,2,0
viennese,1,0,0,0,0,0,0,0,0,0
workable,1,0,0,0,0,0,0,0,0,0
mental,1,0,0,0,0,0,0,0,0,0
disorder,0,0,0,0,0,5,0,0,0,0
dispute,0,0,0,0,0,0,0,0,1,0
psychiatric,2,0,0,0,0,0,0,0,0,0
psychoanalysis,0,0,0,0,0,2,0,0,0,0
recent,1,0,0,0,0,0,0,0,0,0
wool,0,0,0,0,0,1,0,0,0,0
merchant,0,0,0,0,0,1,0,0,0,0
youthful,1,0,0,0,0,0,0,0,0,0
resident,1,0,0,0,0,1,0,0,0,0
authority,0,0,0,0,0,5,0,0,0,0
hysteria,0,0,0,0,0,1,0,0,0,0
grandson,0,0,0,0,0,1,0,0,0,0
complication,0,0,0,0,0,3,0,0,0,0
flu,0,0,0,0,0,8,0,0,0,0
specialize,0,0,0,0,0,0,0,0,2,0
material,0,0,0,0,0,2,0,0,0,0
brilliant,1,0,0,0,0,0,0,0,0,0
play,0,0,0,0,0,0,0,0,2,0
neurosis,0,0,0,0,0,1,0,0,0,0
complex,0,0,0,0,0,1,0,0,0,0
focus,0,0,0,0,0,0,0,0,3,0
emotional,1,0,0,0,0,0,0,0,0,0
fully,0,0,1,0,0,0,0,0,0,0
interpretation,0,0,0,0,0,1,0,0,0,0
rival,1,0,0,0,0,1,0,0,0,0
notable,1,0,0,0,0,0,0,0,0,0
difference,0,0,0,0,0,1,0,0,0,0
bitter,1,0,0,0,0,0,0,0,0,0
apart,0,0,1,0,0,0,0,0,0,0
invade,0,0,0,0,0,0,0,0,1,0
burn,0,0,0,0,0,0,0,0,1,0
ban,0,0,0,0,0,0,0,0,1,0
get,0,0,0,0,0,0,0,0,1,0
jaw,0,0,0,0,0,1,0,0,0,0
palate,0,0,0,0,0,1,0,0,0,0
psychologist,0,0,0,0,0,1,0,0,0,0
follower,0,0,0,0,0,2,0,0,0,0
disagree,0,0,0,0,0,0,0,0,1,0
analytical,1,0,0,0,0,0,0,0,0,0
aside,0,0,1,0,0,0,0,0,0,0
psychiatry,0,0,0,0,0,3,0,0,0,0
devotee,0,0,0,0,0,1,0,0,0,0
psychoanalytical,2,0,0,0,0,0,0,0,0,0
dominate,0,0,0,0,0,0,0,0,1,0
reject,0,0,0,0,0,0,0,0,1,0
idea,0,0,0,0,0,1,0,0,0,0
infancy,0,0,0,0,0,1,0,0,0,0
neurotic,1,0,0,0,0,0,0,0,0,0
behavior,0,0,0,0,0,1,0,0,0,0
adult,0,0,0,0,0,3,0,0,0,0
overemphasize,0,0,0,0,0,0,0,0,1,0
drive,0,0,0,0,0,2,0,0,0,0
libido,0,0,0,0,0,1,0,0,0,0
argue,0,0,0,0,0,0,0,0,2,0
analysis,0,0,0,0,0,2,0,0,0,0
current,1,0,0,0,0,0,0,0,0,0
classification,0,0,0,0,0,1,0,0,0,0
unconscious,1,0,0,0,0,0,0,0,0,0
inherit,0,0,0,0,0,0,0,0,2,0
collective,1,0,0,0,0,0,0,0,0,0
element,0,0,0,0,0,2,0,0,0,0
statement,0,0,0,0,0,1,0,0,0,0
semi,1,0,0,0,0,0,0,0,0,0
autobiographical,2,0,0,0,0,0,0,0,0,0
pioneering,2,0,0,0,0,0,0,0,0,0
lymphatic,3,0,0,0,0,0,0,0,0,0
popular,1,0,0,0,0,0,0,0,0,0
abandon,0,0,0,0,0,0,0,0,1,0
policy,0,0,0,0,0,1,0,0,0,0
female,1,0,0,0,0,0,0,0,0,0
demonstration,0,0,0,0,0,1,0,0,0,0
layer,0,0,0,0,0,1,0,0,0,0
fetal,1,0,0,0,0,0,0,0,0,0
prevail,0,0,0,0,0,0,0,0,1,0
intercellular,1,0,0,0,0,0,0,0,0,0
space,0,0,0,0,0,1,0,0,0,0
rank,0,0,0,0,0,1,0,0,0,0
numerous,1,0,0,0,0,0,0,0,0,0
origin,0,0,0,0,0,1,0,0,0,0
invitation,0,0,0,0,0,1,0,0,0,0
retire,0,0,0,0,0,0,0,0,4,0
governor,0,0,0,0,0,1,0,0,0,0
planning,0,0,0,0,0,2,0,0,0,0
postwar,1,0,0,0,0,0,0,0,0,0
plan,0,0,0,0,0,2,0,0,1,0
lobby,0,0,0,0,0,0,0,0,1,0
reorganization,0,0,0,0,0,1,0,0,0,0
department,0,0,0,0,0,2,0,0,0,0
poisoning,0,0,0,0,0,1,0,0,0,0
fatal,3,0,0,0,0,0,0,0,0,0
miracle,0,0,0,0,0,1,0,0,0,0
brother,0,0,0,0,0,1,0,0,0,0
clerk,0,0,0,0,0,1,0,0,0,0
shipping,0,0,0,0,0,1,0,0,0,0
company,0,0,0,0,0,2,0,0,0,0
scholarship,0,0,0,0,0,1,0,0,0,0
academic,1,0,0,0,0,0,0,0,0,0
offer,0,0,0,0,0,0,0,0,1,0
captain,0,0,0,0,0,1,0,0,0,0
deeply,0,0,1,0,0,0,0,0,0,0
impress,0,0,0,0,0,0,0,0,1,0
modest,1,0,0,0,0,0,0,0,0,0
fortune,0,0,0,0,0,2,0,0,0,0
combine,0,0,0,0,0,0,0,0,2,0
gift,0,0,0,0,0,1,0,0,0,0
examination,0,0,0,0,0,1,0,0,0,0
remove,0,0,0,0,0,0,0,0,4,0
plate,0,0,0,0,0,1,0,0,0,0
mold,0,0,0,0,0,5,0,0,0,0
gifted,1,0,0,0,0,0,0,0,0,0
throw,0,0,0,0,0,0,0,0,1,0
away,0,0,1,0,0,0,0,0,0,0
accidentally,0,0,1,0,0,0,0,0,0,0
contaminate,0,0,0,0,0,0,0,0,1,0
area,0,0,0,0,0,1,0,0,0,0
surround,0,0,0,0,0,0,0,0,1,0
disappear,0,0,0,0,0,0,0,0,1,0
keep,0,0,0,0,0,0,0,0,4,0
strain,0,0,0,0,0,1,0,0,0,0
alive,1,0,0,0,0,0,0,0,0,0
lowly,1,0,0,0,0,0,0,0,0,0
soil,0,0,0,0,0,1,0,0,0,0
killer,0,0,0,0,0,1,0,0,0,0
injure,0,0,0,0,0,0,0,0,4,0
unable,1,0,0,0,0,0,0,0,0,0
concentrated,1,0,0,0,0,0,0,0,0,0
team,0,0,0,0,0,4,0,0,0,0
remember,0,0,0,0,0,0,0,0,1,0
interfere,0,0,0,0,0,0,0,0,1,0
scale,0,0,0,0,0,1,0,0,0,0
mass,1,0,0,0,0,1,0,0,0,0
production,0,0,0,0,0,1,0,0,0,0
purification,0,0,0,0,0,1,0,0,0,0
stabilization,0,0,0,0,0,1,0,0,0,0
cooperation,0,0,0,0,0,2,0,0,0,0
knight,0,0,0,0,0,0,0,0,2,0
lysozyme,0,0,0,0,0,1,0,0,0,0
antibacterial,1,0,0,0,0,0,0,0,0,0
tear,0,0,0,0,0,1,0,0,0,0
saliva,0,0,0,0,0,1,0,0,0,0
firsthand,0,0,2,0,0,0,0,0,0,0
uncontrolled,1,0,0,0,0,0,0,0,0,0
fertility,0,0,0,0,0,1,0,0,0,0
self,0,0,0,0,0,1,0,0,0,0
induce,0,0,0,0,0,0,0,0,1,0
abortion,0,0,0,0,0,1,0,0,0,0
infant,0,0,0,0,0,1,0,0,0,0
maternal,1,0,0,0,0,0,0,0,0,0
mortality,0,0,0,0,0,1,0,0,0,0
divorce,0,0,0,0,0,0,0,0,1,0
remarry,0,0,0,0,0,0,0,0,1,0
indict,0,0,0,0,0,0,0,0,1,0
periodical,0,0,0,0,0,1,0,0,0,0
advocate,0,0,0,0,0,0,0,0,1,0
federal,2,0,0,0,0,0,0,0,0,0
classify,0,0,0,0,0,0,0,0,1,0
obscene,1,0,0,0,0,0,0,0,0,0
dismiss,0,0,0,0,0,0,0,0,1,0
nuisance,0,0,0,0,0,1,0,0,0,0
harassment,0,0,0,0,0,1,0,0,0,0
groundbreaking,1,0,0,0,0,0,0,0,0,0
diabetes,0,0,0,0,0,2,0,0,0,0
insulin,0,0,0,0,0,3,0,0,0,0
evening,0,0,0,0,0,1,0,0,0,0
pancreas,0,0,0,0,0,5,0,0,0,0
disturbance,0,0,0,0,0,1,0,0,0,0
hormone,0,0,0,0,0,3,0,0,0,0
secrete,0,0,0,0,0,0,0,0,2,0
bloodstream,0,0,0,0,0,1,0,0,0,0
cluster,0,0,0,0,0,1,0,0,0,0
digestive,3,0,0,0,0,0,0,0,0,0
juice,0,0,0,0,0,3,0,0,0,0
diabetic,2,0,0,0,0,0,0,0,0,0
pancreatic,4,0,0,0,0,0,0,0,0,0
duct,0,0,0,0,0,3,0,0,0,0
tie,0,0,0,0,0,0,0,0,3,0
shrivel,0,0,0,0,0,0,0,0,1,0
wait,0,0,0,0,0,0,0,0,1,0
week,0,0,0,0,0,3,0,0,0,0
degeneration,0,0,0,0,0,1,0,0,0,0
residue,0,0,0,0,0,1,0,0,0,0
measurement,0,0,0,0,0,1,0,0,0,0
gland,0,0,0,0,0,2,0,0,0,0
sink,0,0,0,0,0,0,0,0,1,0
coma,0,0,0,0,0,1,0,0,0,0
hour,0,0,0,0,0,1,0,0,0,0
quantity,0,0,0,0,0,2,0,0,0,0
slaughter,0,0,0,0,0,0,0,0,1,0
islet,0,0,0,0,0,1,0,0,0,0
divide,0,0,0,0,0,0,0,0,1,0
feel,0,0,0,0,0,0,0,0,1,0
half,0,0,0,1,0,1,0,0,0,0
dedication,0,0,0,0,0,1,0,0,0,0
airplane,0,0,0,0,0,1,0,0,0,0
crash,0,0,0,0,0,1,0,0,0,0
geneticist,0,0,0,0,0,5,0,0,0,0
chromosome,0,0,0,0,0,2,0,0,0,0
neighbor,0,0,0,0,0,0,0,0,2,0
recombine,0,0,0,0,0,0,0,0,1,0
genetic,9,0,0,0,0,2,0,0,0,0
combination,0,0,0,0,0,1,0,0,0,0
cross,0,0,0,0,0,0,0,0,1,0
radical,1,0,0,0,0,0,0,0,0,0
doctrine,0,0,0,0,0,1,0,0,0,0
corn,0,0,0,0,0,2,0,0,0,0
maize,0,0,0,0,0,1,0,0,0,0
movable,1,0,0,0,0,0,0,0,0,0
transposon,0,0,0,0,0,1,0,0,0,0
acknowledge,0,0,0,0,0,0,0,0,2,0
complicated,1,0,0,0,0,0,0,0,0,0
pattern,0,0,0,0,0,1,0,0,0,0
inheritance,0,0,0,0,0,1,0,0,0,0
unshared,1,0,0,0,0,0,0,0,0,0
prize,0,0,0,0,0,1,0,0,0,0
category,0,0,0,0,0,1,0,0,0,0
rear,0,0,0,0,0,0,0,0,1,0
botany,0,0,0,0,0,1,0,0,0,0
association,0,0,0,0,0,1,0,0,0,0
isolation,0,0,0,0,0,1,0,0,0,0
garner,0,0,0,0,0,0,0,0,1,0
african,3,0,0,0,0,0,0,0,0,0
preservation,0,0,0,0,0,2,0,0,0,0
transfusion,0,0,0,0,0,1,0,0,0,0
plasma,0,0,0,0,0,4,0,0,0,0
efficient,1,0,0,0,0,0,0,0,0,0
store,0,0,0,0,0,0,0,0,2,0
bank,0,0,0,0,0,1,0,0,0,0
direct,0,0,0,0,0,0,0,0,1,0
agitate,0,0,0,0,0,0,0,0,1,0
exclude,0,0,0,0,0,0,0,0,1,0
network,0,0,0,0,0,1,0,0,0,0
official,2,0,0,0,0,0,0,0,0,0
armed,1,0,0,0,0,0,0,0,0,0
rule,0,0,0,0,0,0,0,0,1,0
separately,0,0,1,0,0,0,0,0,0,0
white,0,0,0,0,0,1,0,0,0,0
fatally,0,0,2,0,0,0,0,0,0,0
automobile,0,0,0,0,0,1,0,0,0,0
accident,0,0,0,0,0,3,0,0,0,0
microbiologist,0,0,0,0,0,1,0,0,0,0
tower,0,0,0,0,0,0,0,0,1,0
oral,1,0,0,0,0,0,0,0,0,0
vaccine,0,0,0,0,0,13,0,0,0,0
poliomyelitis,0,0,0,0,0,1,0,0,0,0
administer,0,0,0,0,0,0,0,0,2,0
dispense,0,0,0,0,0,0,0,0,1,0
cube,0,0,0,0,0,1,0,0,0,0
liquid,0,0,0,0,0,1,0,0,0,0
easy,1,0,0,0,0,0,0,0,0,0
credit,0,0,0,0,0,0,0,0,1,0
eradicate,0,0,0,0,0,0,0,0,2,0
crippling,1,0,0,0,0,0,0,0,0,0
peak,0,0,0,0,0,1,0,0,0,0
paralyze,0,0,0,0,0,0,0,0,2,0
cousin,0,0,0,0,0,1,0,0,0,0
poliovirus,0,0,0,0,0,1,0,0,0,0
pediatric,0,0,0,0,0,2,0,0,0,0
division,0,0,0,0,0,1,0,0,0,0
interrupt,0,0,0,0,0,0,0,0,1,0
sandfly,0,0,0,0,0,1,0,0,0,0
dengue,0,0,0,0,0,1,0,0,0,0
encephalitis,0,0,0,0,0,2,0,0,0,0
distinguished,2,0,0,0,0,0,0,0,0,0
emeritus,0,0,0,0,0,1,0,0,0,0
polyneuritis,0,0,0,0,0,1,0,0,0,0
inflammation,0,0,0,0,0,1,0,0,0,0
measles,0,0,0,0,0,1,0,0,0,0
recipient,0,0,0,0,0,1,0,0,0,0
dreaded,1,0,0,0,0,0,0,0,0,0
immunology,0,0,0,0,0,1,0,0,0,0
influenza,0,0,0,0,0,1,0,0,0,0
perfect,0,0,0,0,0,0,0,0,1,0
effective,1,0,0,0,0,0,0,0,0,0
vaccinate,0,0,0,0,0,0,0,0,1,0
release,0,0,0,0,0,0,0,0,1,0
biochemist,0,0,0,0,0,1,0,0,0,0
determination,0,0,0,0,0,2,0,0,0,0
molecular,2,0,0,0,0,0,0,0,0,0
deoxyribonucleic,2,0,0,0,0,0,0,0,0,0
dna,0,0,0,0,0,5,0,0,0,0
accomplishment,0,0,0,0,0,1,0,0,0,0
magnetic,1,0,0,0,0,0,0,0,0,0
mine,0,0,0,0,0,1,0,0,0,0
naval,1,0,0,0,0,0,0,0,0,0
nucleic,1,0,0,0,0,0,0,0,0,0
hereditary,2,0,0,0,0,0,0,0,0,0
dimensional,1,0,0,0,0,0,0,0,0,0
apparent,1,0,0,0,0,0,0,0,0,0
ray,0,0,0,0,0,2,0,0,0,0
diffraction,0,0,0,0,0,2,0,0,0,0
construct,0,0,0,0,0,0,0,0,1,0
model,0,0,0,0,0,2,0,0,0,0
consistent,1,0,0,0,0,0,0,0,0,0
physical,1,0,0,0,0,0,0,0,0,0
consist,0,0,0,0,0,0,0,0,1,0
helical,1,0,0,0,0,0,0,0,0,0
spiral,1,0,0,0,0,0,0,0,0,0
strand,0,0,0,0,0,2,0,0,0,0
phosphate,0,0,0,0,0,1,0,0,0,0
bridge,0,0,0,0,0,0,0,0,1,0
horizontally,0,0,1,0,0,0,0,0,0,0
flat,1,0,0,0,0,0,0,0,0,0
organic,1,0,0,0,0,0,0,0,0,0
basis,0,0,0,0,0,2,0,0,0,0
codon,0,0,0,0,0,2,0,0,0,0
single,1,0,0,0,0,0,0,0,0,0
designate,0,0,0,0,0,0,0,0,1,0
amino,0,0,0,0,0,2,0,0,0,0
backbone,0,0,0,0,0,1,0,0,0,0
protein,0,0,0,0,0,3,0,0,0,0
molecule,0,0,0,0,0,1,0,0,0,0
code,0,0,0,0,0,0,0,0,1,0
normally,0,0,1,0,0,0,0,0,0,0
clarify,0,0,0,0,0,0,0,0,1,0
build,0,0,0,0,0,0,0,0,1,0
mad,1,0,0,0,0,0,0,0,0,0
hypothesis,0,0,0,0,0,1,0,0,0,0
south,2,0,0,0,0,0,0,0,0,0
transplant,0,0,0,0,0,5,0,0,0,0
forever,0,0,1,0,0,0,0,0,0,0
change,0,0,0,0,0,0,0,0,2,0
profoundly,0,0,1,0,0,0,0,0,0,0
alter,0,0,0,0,0,0,0,0,1,0
cardiac,2,0,0,0,0,0,0,0,0,0
afrikaner,1,0,0,0,0,0,0,0,0,0
preacher,0,0,0,0,0,1,0,0,0,0
homemaker,0,0,0,0,0,1,0,0,0,0
increasingly,0,0,1,0,0,0,0,0,0,0
cardiology,0,0,0,0,0,1,0,0,0,0
engage,0,0,0,0,0,0,0,0,1,0
postgraduate,1,0,0,0,0,0,0,0,0,0
cardiothoracic,1,0,0,0,0,0,0,0,0,0
chest,0,0,0,0,0,1,0,0,0,0
milestone,0,0,0,0,0,1,0,0,0,0
replacement,0,0,0,0,0,1,0,0,0,0
viable,1,0,0,0,0,0,0,0,0,0
lab,0,0,0,0,0,1,0,0,0,0
grocer,0,0,0,0,0,1,0,0,0,0
stage,0,0,0,0,0,3,0,0,0,0
pneumonia,0,0,0,0,0,1,0,0,0,0
point,0,0,0,0,0,1,0,0,1,0
acute,1,0,0,0,0,0,0,0,0,0
asthma,0,0,0,0,0,1,0,0,0,0
dying,0,0,0,0,0,1,0,0,0,0
terminally,0,0,3,0,0,0,0,0,0,0
attitude,0,0,0,0,0,1,0,0,0,0
pain,0,0,0,0,0,1,0,0,0,0
denial,0,0,0,0,0,1,0,0,0,0
anger,0,0,0,0,0,1,0,0,0,0
bargaining,0,0,0,0,0,1,0,0,0,0
depression,0,0,0,0,0,2,0,0,0,0
want,0,0,0,0,0,0,0,0,1,0
defy,0,0,0,0,0,0,0,0,1,0
secretary,0,0,0,0,0,1,0,0,0,0
manage,0,0,0,0,0,0,0,0,2,0
instead,0,0,1,0,0,0,0,0,0,0
variety,0,0,0,0,0,1,0,0,0,0
job,0,0,0,0,0,1,0,0,0,0
disturb,0,0,0,0,0,0,0,0,1,0
tendency,0,0,0,0,0,1,0,0,0,0
reality,0,0,0,0,0,1,0,0,0,0
deny,0,0,0,0,0,0,0,0,1,0
fellow,0,0,0,0,0,1,0,0,0,0
enlighten,0,0,0,0,0,0,0,0,1,0
seminar,0,0,0,0,0,1,0,0,0,0
interview,0,0,0,0,0,1,0,0,1,0
sell,0,0,0,0,0,0,0,0,1,0
gradually,0,0,1,0,0,0,0,0,0,0
adopt,0,0,0,0,0,0,0,0,1,0
enamored,1,0,0,0,0,0,0,0,0,0
eccentric,1,0,0,0,0,0,0,0,0,0
view,0,0,0,0,0,1,0,0,0,0
spirit,0,0,0,0,0,1,0,0,0,0
guide,0,0,0,0,0,1,0,0,0,0
psychic,1,0,0,0,0,0,0,0,0,0
channeling,0,0,0,0,0,1,0,0,0,0
diminish,0,0,0,0,0,0,0,0,1,0
autobiography,0,0,0,0,0,1,0,0,0,0
grieve,0,0,0,0,0,0,0,0,1,0
neurologist,0,0,0,0,0,2,0,0,0,0
writer,0,0,0,0,0,1,0,0,0,0
sympathetic,1,0,0,0,0,0,0,0,0,0
unusual,1,0,0,0,0,0,0,0,0,0
neurological,3,0,0,0,0,0,0,0,0,0
neurology,0,0,0,0,0,4,0,0,0,0
instructor,0,0,0,0,0,1,0,0,0,0
borough,0,0,0,0,0,1,0,0,0,0
charity,0,0,0,0,0,1,0,0,0,0
lethargica,0,0,0,0,0,1,0,0,0,0
parkinsonism,0,0,0,0,0,1,0,0,0,0
immobility,0,0,0,0,0,1,0,0,0,0
speechlessness,0,0,0,0,0,1,0,0,0,0
recount,0,0,0,0,0,0,0,0,1,0
brief,1,0,0,0,0,0,0,0,0,0
subsequent,1,0,0,0,0,0,0,0,0,0
awakening,0,0,0,0,0,1,0,0,0,0
enumerate,0,0,0,0,0,0,0,0,1,0
wide,1,0,0,0,0,0,0,0,0,0
audience,0,0,0,0,0,1,0,0,0,0
leg,0,0,0,0,0,2,0,0,0,0
mountaineering,0,0,0,0,0,1,0,0,0,0
dismissal,0,0,0,0,0,1,0,0,0,0
hinder,0,0,0,0,0,0,0,0,1,0
recuperation,0,0,0,0,0,1,0,0,0,0
saga,0,0,0,0,0,1,0,0,0,0
voice,0,0,0,0,0,1,0,0,0,0
explore,0,0,0,0,0,0,0,0,1,0
sign,0,0,0,0,0,1,0,0,0,0
deaf,1,0,0,0,0,0,0,0,0,0
communication,0,0,0,0,0,1,0,0,0,0
discrete,1,0,0,0,0,0,0,0,0,0
range,0,0,0,0,0,0,0,0,1,0
autism,0,0,0,0,0,1,0,0,0,0
damage,0,0,0,0,0,1,0,0,0,0
functional,1,0,0,0,0,0,0,0,0,0
disability,0,0,0,0,0,1,0,0,0,0
population,0,0,0,0,0,1,0,0,0,0
incidence,0,0,0,0,0,1,0,0,0,0
color,0,0,0,0,0,1,0,0,0,0
aberrant,1,0,0,0,0,0,0,0,0,0
abnormal,1,0,0,0,0,0,0,0,0,0
underlie,0,0,0,0,0,0,0,0,1,0
rare,1,0,0,0,0,0,0,0,0,0
addition,0,0,0,0,0,1,0,0,0,0
reside,0,0,0,0,0,0,0,0,1,0
permanently,0,0,1,0,0,0,0,0,0,0
relinquish,0,0,0,0,0,0,0,0,1,0
citizenship,0,0,0,0,0,1,0,0,0,0
gene,0,0,0,0,0,4,0,0,0,0
consortium,0,0,0,0,0,2,0,0,0,0
nominate,0,0,0,0,0,0,0,0,1,0
confirm,0,0,0,0,0,0,0,0,2,0
cystic,1,0,0,0,0,0,0,0,0,0
fibrosis,0,0,0,0,0,1,0,0,0,0
neurofibromatosis,0,0,0,0,0,1,0,0,0,0
generate,0,0,0,0,0,0,0,0,1,0
collaboration,0,0,0,0,0,1,0,0,0,0
uncover,0,0,0,0,0,0,0,0,1,0
chorea,0,0,0,0,0,1,0,0,0,0
goal,0,0,0,0,0,3,0,0,0,0
sequencing,0,0,0,0,0,1,0,0,0,0
project,0,0,0,0,0,1,0,0,0,0
cost,0,0,0,0,0,1,0,0,0,0
billion,0,0,0,0,0,0,1,0,0,0
necessity,0,0,0,0,0,1,0,0,0,0
question,0,0,0,0,0,1,0,0,2,0
emerge,0,0,0,0,0,0,0,0,2,0
fast,0,0,1,0,0,0,0,0,0,0
decipher,0,0,0,0,0,0,0,0,1,0
sequence,0,0,0,0,0,3,0,0,0,0
businessman,0,0,0,0,0,1,0,0,0,0
quick,1,0,0,0,0,0,0,0,0,0
private,2,0,0,0,0,0,0,0,0,0
endeavor,0,0,0,0,0,1,0,0,0,0
gather,0,0,0,0,0,0,0,0,1,0
rough,1,0,0,0,0,0,0,0,0,0
draft,0,0,0,0,0,1,0,0,0,0
map,0,0,0,0,0,1,0,0,0,0
breakthrough,0,0,0,0,0,1,0,0,0,0
hail,0,0,0,0,0,0,0,0,1,0
diagnose,0,0,0,0,0,0,0,0,1,0
close,0,0,0,0,0,1,0,0,0,0
announcement,0,0,0,0,0,1,0,0,0,0
completion,0,0,0,0,0,1,0,0,0,0
coincide,0,0,0,0,0,0,0,0,1,0
anniversary,0,0,0,0,0,1,0,0,0,0
biophysicist,0,0,0,0,0,2,0,0,0,0
publication,0,0,0,0,0,1,0,0,0,0
freely,0,0,1,0,0,0,0,0,0,0
awe,0,0,0,0,0,1,0,0,0,0
uncloaking,0,0,0,0,0,1,0,0,0,0
moral,1,0,0,0,0,0,0,0,0,0
ethical,2,0,0,0,0,0,0,0,0,0
implication,0,0,0,0,0,1,0,0,0,0
actively,0,0,1,0,0,0,0,0,0,0
caution,0,0,0,0,0,0,0,0,1,0
misuse,0,0,0,0,0,1,0,0,0,0
information,0,0,0,0,0,2,0,0,0,0
congressional,1,0,0,0,0,0,0,0,0,0
hearing,0,0,0,0,0,1,0,0,0,0
urge,0,0,0,0,0,0,0,0,2,0
passage,0,0,0,0,0,1,0,0,0,0
guideline,0,0,0,0,0,1,0,0,0,0
handle,0,0,0,0,0,0,0,0,2,0
potential,1,0,0,0,0,1,0,0,0,0
mischief,0,0,0,0,0,1,0,0,0,0
flexible,1,0,0,0,0,0,0,0,0,0
confirmation,0,0,0,0,0,1,0,0,0,0
advancement,0,0,0,0,0,1,0,0,0,0
issue,0,0,0,0,0,1,0,0,0,0
chinese,1,0,0,0,0,0,0,0,0,0
civil,1,0,0,0,0,0,0,0,0,0
servant,0,0,0,0,0,1,0,0,0,0
communicable,2,0,0,0,0,0,0,0,0,0
surveillance,0,0,0,0,0,1,0,0,0,0
response,0,0,0,0,0,2,0,0,0,0
crisis,0,0,0,0,0,2,0,0,0,0
commend,0,0,0,0,0,0,0,0,1,0
bird,0,0,0,0,0,3,0,0,0,0
entire,1,0,0,0,0,0,0,0,0,0
poultry,0,0,0,0,0,1,0,0,0,0
stock,0,0,0,0,0,1,0,0,0,0
possibly,0,0,1,0,0,0,0,0,0,0
pandemic,0,0,0,0,0,6,0,0,0,0
management,0,0,0,0,0,1,0,0,0,0
critic,0,0,0,0,0,1,0,0,0,0
fault,0,0,0,0,0,0,0,0,1,0
aggressively,0,0,1,0,0,0,0,0,0,0
unexpected,1,0,0,0,0,0,0,0,0,0
candidate,0,0,0,0,0,1,0,0,0,0
respective,1,0,0,0,0,0,0,0,0,0
round,0,0,0,0,0,1,0,0,0,0
balloting,0,0,0,0,0,1,0,0,0,0
executive,1,0,0,0,0,0,0,0,0,0
nominee,0,0,0,0,0,1,0,0,0,0
selection,0,0,0,0,0,1,0,0,0,0
session,0,0,0,0,0,1,0,0,0,0
supporter,0,0,0,0,0,1,0,0,0,0
praise,0,0,0,0,0,0,0,0,1,0
situation,0,0,0,0,0,1,0,0,0,0
office,0,0,0,0,0,1,0,0,0,0
address,0,0,0,0,0,0,0,0,1,0
swine,0,0,0,0,0,4,0,0,0,0
officially,0,0,2,0,0,0,0,0,0,0
speech,0,0,0,0,0,1,0,0,0,0
outline,0,0,0,0,0,0,0,0,1,0
region,0,0,0,0,0,1,0,0,0,0
ongoing,1,0,0,0,0,0,0,0,0,0
worldwide,1,0,1,0,0,0,0,0,0,0
confront,0,0,0,0,0,0,0,0,1,0
difficult,1,0,0,0,0,0,0,0,0,0
task,0,0,0,0,0,1,0,0,0,0
assess,0,0,0,0,0,0,0,0,1,0
global,1,0,0,0,0,0,0,0,0,0
impact,0,0,0,0,0,1,0,0,0,0
meeting,0,0,0,0,0,1,0,0,0,0
evidence,0,0,0,0,0,1,0,0,0,0
estimate,0,0,0,0,0,0,0,0,1,0
cowrote,0,0,0,0,0,0,0,0,1,0
article,0,0,0,0,0,1,0,0,0,0
