word,ADJ,ADP,ADV,AUX,DET,INTJ,NOUN,NUM,PRON,SCONJ,VERB,X
man,0,0,0,0,0,0,168,0,0,0,0,0
daughter,0,0,0,0,0,0,71,0,0,0,0,0
call,0,0,0,0,0,0,0,0,0,0,51,0
grow,0,0,0,0,0,0,0,0,0,0,31,0
father,0,0,0,0,0,0,123,0,0,0,0,0
say,0,0,0,0,0,0,0,0,0,0,584,0
marry,0,0,0,0,0,0,0,0,0,0,30,0
yes,0,0,0,0,0,26,0,0,0,0,0,0
mother,0,0,0,0,0,0,94,0,0,0,0,0
come,0,0,0,0,0,0,0,0,0,0,368,0
length,0,0,0,0,0,0,20,0,0,0,0,0
distance,0,0,0,0,0,0,2,0,0,0,0,0
woo,0,0,0,0,0,0,0,0,0,0,3,0
stipulate,0,0,0,0,0,0,0,0,0,0,1,0
smart,3,0,0,0,0,0,0,0,0,0,0,0
plenty,0,0,0,0,0,0,5,0,0,0,0,0
good,102,0,0,0,0,0,12,0,0,0,0,0
sense,0,0,0,0,0,0,1,0,0,0,0,0
wind,0,0,0,0,0,0,23,0,0,0,0,0
street,0,0,0,0,0,0,10,0,0,0,0,0
hear,0,0,0,0,0,0,0,0,0,0,67,0
fly,0,0,0,0,0,0,4,0,0,0,42,0
cough,0,0,0,0,0,0,0,0,0,0,1,0
sit,0,0,0,0,0,0,0,0,0,0,119,0
dinner,0,0,0,0,0,0,7,0,0,0,0,0
eat,0,0,0,0,0,0,0,0,0,0,69,0
cellar,0,0,0,0,0,0,10,0,0,0,0,0
fetch,0,0,0,0,0,0,0,0,0,0,16,0
beer,0,0,0,0,0,0,12,0,0,0,0,0
take,0,0,0,0,0,0,0,0,0,0,181,0
pitcher,0,0,0,0,0,0,3,0,0,0,0,0
wall,0,0,0,0,0,0,3,0,0,0,0,0
go,0,0,0,0,0,0,0,0,0,0,307,0
tap,0,0,0,0,0,0,4,0,0,0,3,0
lid,0,0,0,0,0,0,6,0,0,0,0,0
briskly,0,0,2,0,0,0,0,0,0,0,0,0
time,0,0,0,0,0,0,122,0,0,0,0,0
appear,0,0,0,0,0,0,0,0,0,0,6,0
long,29,0,68,0,0,0,0,0,0,0,4,0
chair,0,0,0,0,0,0,5,0,0,0,0,0
set,0,0,0,0,0,0,1,0,0,0,65,0
barrel,0,0,0,0,0,0,5,0,0,0,0,0
need,0,0,0,0,0,0,5,0,0,0,4,0
stoop,0,0,0,0,0,0,0,0,0,0,3,0
hurt,0,0,0,0,0,0,0,0,0,0,10,0
unexpected,1,0,0,0,0,0,0,0,0,0,0,0
injury,0,0,0,0,0,0,3,0,0,0,0,0
place,0,0,0,0,0,0,20,0,0,0,10,0
turn,0,0,0,0,0,0,7,0,0,0,30,0
run,0,0,0,0,0,0,0,0,0,0,79,0
let,0,0,0,0,0,0,0,0,0,0,83,0
eye,0,0,0,0,0,0,31,0,0,0,0,0
idle,3,0,0,0,0,0,0,0,0,0,0,0
look,0,0,0,0,0,0,1,0,0,0,108,0
peer,0,0,0,0,0,0,1,0,0,0,1,0
see,0,0,0,0,0,0,0,0,0,0,131,0
pick,0,0,0,0,0,0,8,0,0,0,26,0
axe,0,0,0,0,0,0,13,0,0,0,0,0
exactly,0,0,5,0,0,0,0,0,0,0,0,0
mason,0,0,0,0,0,0,1,0,0,0,0,0
accidentally,0,0,1,0,0,0,0,0,0,0,0,0
leave,0,0,0,0,0,0,8,0,0,0,53,0
begin,0,0,0,0,0,0,0,0,0,0,52,0
weep,0,0,0,0,0,0,0,0,0,0,31,0
child,0,0,0,0,0,0,60,0,0,0,0,0
big,13,0,1,0,0,0,0,0,0,0,0,0
send,0,0,0,0,0,0,0,0,0,0,33,0
draw,0,0,0,0,0,0,0,0,0,0,34,0
fall,0,0,0,0,0,0,1,0,0,0,100,0
head,0,0,0,0,0,0,56,0,0,0,0,0
kill,0,0,0,0,0,0,0,0,0,0,27,0
scream,0,0,0,0,0,0,2,0,0,0,9,0
strength,0,0,0,0,0,0,9,0,0,0,0,0
body,0,0,0,0,0,0,5,0,0,0,0,0
misfortune,0,0,0,0,0,0,5,0,0,0,0,0
lie,0,0,0,0,0,0,0,0,0,0,78,0
upstairs,0,0,11,0,0,0,0,0,0,0,0,0
wait,0,0,0,0,0,0,0,0,0,0,30,0
drink,0,0,0,0,0,0,8,0,0,0,24,0
woman,0,0,0,0,0,0,23,0,0,0,0,0
servant,0,0,0,0,0,0,33,0,0,0,0,0
maid,0,0,0,0,0,0,12,0,0,0,0,0
find,0,0,0,0,0,0,0,0,0,0,104,0
loudly,0,0,6,0,0,0,0,0,0,0,0,0
ask,0,0,0,0,0,0,0,0,0,0,101,0
answer,0,0,0,0,0,0,6,0,0,0,54,0
reason,0,0,0,0,0,0,5,0,0,0,1,0
clever,10,0,0,0,0,0,0,0,0,0,0,0
thirsty,4,0,0,0,0,0,0,0,0,0,0,0
boy,0,0,0,0,0,0,58,0,0,0,0,0
girl,0,0,0,0,0,0,26,0,0,0,0,0
likewise,0,0,16,0,0,0,0,0,0,0,0,0
howl,0,0,0,0,0,0,0,0,0,0,2,0
return,0,0,0,0,0,0,7,0,0,0,15,0
midst,0,0,0,0,0,0,4,0,0,0,0,0
lamentation,0,0,0,0,0,0,1,0,0,0,0,0
inquire,0,0,0,0,0,0,0,0,0,0,6,0
cause,0,0,0,0,0,0,5,0,0,0,4,0
tell,0,0,0,0,0,0,0,0,0,0,81,0
future,1,0,0,0,0,0,0,0,0,0,0,0
short,9,0,0,0,0,0,0,0,0,0,0,0
wife,0,0,0,0,0,0,52,0,0,0,0,0
thirst,0,0,0,0,0,0,4,0,0,0,0,0
great,60,0,0,0,0,0,0,0,0,0,0,0
get,0,0,0,0,0,0,0,0,0,0,58,0
cry,0,0,0,0,0,0,1,0,0,0,72,0
bring,0,0,0,0,0,0,0,0,0,0,102,0
world,0,0,0,0,0,0,27,0,0,0,0,0
day,0,0,0,0,0,0,115,0,0,0,0,0
happen,0,0,0,0,0,0,0,0,0,0,30,0
beneath,0,7,0,0,0,0,0,0,0,0,0,0
bridegroom,0,0,0,0,0,0,3,0,0,0,0,0
stay,0,0,0,0,0,0,0,0,0,0,16,0
think,0,0,0,0,0,0,0,0,0,0,105,0
lament,0,0,0,0,0,0,0,0,0,0,2,0
piteously,0,0,1,0,0,0,0,0,0,0,0,0
dear,28,0,0,0,0,0,0,0,0,0,0,0
dash,0,0,0,0,0,0,0,0,0,0,1,0
brain,0,0,0,0,0,0,1,0,0,0,0,0
understanding,0,0,0,0,0,0,1,0,0,0,0,0
household,0,0,0,0,0,0,1,0,0,0,0,0
seize,0,0,0,0,0,0,0,0,0,0,16,0
hand,0,0,0,0,0,0,45,0,0,0,2,0
work,0,0,0,0,0,0,27,0,0,0,19,0
earn,0,0,0,0,0,0,0,0,0,0,11,0
money,0,0,0,0,0,0,34,0,0,0,0,0
field,0,0,0,0,0,0,14,0,0,0,0,0
cut,0,0,0,0,0,0,1,0,0,0,42,0
corn,0,0,0,0,0,0,3,0,0,0,0,0
bread,0,0,0,0,0,0,18,0,0,0,0,0
away,0,6,138,0,0,0,0,0,0,0,0,0
cook,0,0,0,0,0,0,19,0,0,0,10,0
broth,0,0,0,0,0,0,2,0,0,0,0,0
shall,0,0,0,80,0,0,0,0,0,0,0,0
cup,0,0,0,0,0,0,6,0,0,0,0,0
fully,0,0,3,0,0,0,0,0,0,0,0,0
satisfied,4,0,0,0,0,0,0,0,0,0,0,0
sleep,0,0,0,0,0,0,7,0,0,0,32,0
asleep,21,0,0,0,0,0,0,0,0,0,0,0
home,0,0,62,0,0,1,18,0,0,0,0,0
industrious,1,0,0,0,0,0,0,0,0,0,0,0
evening,0,0,0,0,0,0,39,0,0,0,0,0
hasten,0,0,0,0,0,0,0,0,0,0,6,0
fowler,0,0,0,0,0,0,1,0,0,0,0,0
net,0,0,0,0,0,0,1,0,0,0,0,0
little,185,0,0,0,0,0,0,0,0,0,0,0
bell,0,0,0,0,0,0,8,0,0,0,0,0
hang,0,0,0,0,0,0,0,0,0,0,20,0
round,4,17,25,0,0,0,0,0,0,0,0,0
shut,1,0,0,0,0,0,0,0,0,0,15,0
house,0,0,0,0,0,0,47,0,0,0,0,0
door,0,0,0,0,0,0,59,0,0,0,0,0
dark,7,0,0,0,0,0,0,0,0,0,0,0
awake,2,0,0,0,0,0,0,0,0,0,11,0
jingling,0,0,0,0,0,0,2,0,0,0,0,0
ring,0,0,0,0,0,0,29,0,0,0,7,0
step,0,0,0,0,0,0,13,0,0,0,9,0
alarmed,1,0,0,0,0,0,0,0,0,0,0,0
uncertain,1,0,0,0,0,0,0,0,0,0,0,0
know,0,0,0,0,0,0,0,0,0,0,108,0
stand,0,0,0,0,0,0,0,0,0,0,70,0
doubt,0,0,1,0,0,0,3,0,0,0,0,0
sure,9,0,0,0,0,0,0,0,0,0,0,0
knock,0,0,0,0,0,0,1,0,0,0,14,0
window,0,0,0,0,0,0,20,0,0,0,0,0
terrify,0,0,0,0,0,0,0,0,0,0,5,0
heaven,0,0,0,0,0,0,5,0,0,0,0,0
people,0,0,0,0,0,0,28,0,0,0,0,0
open,14,3,0,0,0,0,0,0,0,0,29,0
village,0,0,0,0,0,0,4,0,0,0,0,0
farmer,0,0,0,0,0,0,5,0,0,0,0,0
faithful,5,0,0,0,0,0,0,0,0,0,0,0
diligent,1,0,0,0,0,0,0,0,0,0,0,0
hard,8,0,12,0,0,0,0,0,0,0,0,0
year,0,0,0,0,0,0,32,0,0,0,0,0
have,0,0,0,0,0,0,0,0,0,0,8,0
pay,0,0,0,0,0,0,1,0,0,0,10,0
wage,0,0,0,0,0,0,2,0,0,0,0,0
master,0,0,0,0,0,0,17,0,0,0,0,0
trust,0,0,0,0,0,0,0,0,0,0,2,0
deserve,0,0,0,0,0,0,0,0,0,0,6,0
trouble,0,0,0,0,0,0,19,0,0,0,3,0
sad,7,0,0,0,0,0,0,0,0,0,0,0
miser,0,0,0,0,0,0,17,0,0,0,0,0
simple,3,0,0,0,0,0,1,0,0,0,0,0
hearted,2,0,0,0,0,0,0,0,0,0,0,0
threepence,0,0,0,0,0,0,2,0,0,0,0,0
give,0,0,0,0,0,0,0,0,0,0,85,0
service,0,0,0,0,0,0,5,0,0,0,0,0
penny,0,0,0,0,0,0,2,0,0,0,0,0
poor,43,0,0,0,0,0,0,0,0,0,0,0
fellow,0,0,0,0,0,0,17,0,0,0,0,0
deal,0,0,0,0,0,0,5,0,0,0,0,0
live,0,0,0,0,0,0,0,0,0,0,37,0
bad,15,0,0,0,0,0,0,0,0,0,0,0
fare,0,0,0,0,0,0,2,0,0,0,8,0
travel,0,0,0,0,0,0,0,0,0,0,13,0
wide,8,0,4,0,0,0,0,0,0,0,0,0
merry,12,0,0,0,0,0,0,0,0,0,0,0
purse,0,0,0,0,0,0,4,0,0,0,0,0
roam,0,0,0,0,0,0,0,0,0,0,2,0
hill,0,0,0,0,0,0,5,0,0,0,0,0
valley,0,0,0,0,0,0,4,0,0,0,0,0
jog,0,0,0,0,0,0,0,0,0,0,1,0
singe,0,0,0,0,0,0,0,0,0,0,7,0
dance,0,0,0,0,0,0,6,0,0,0,32,0
dwarf,0,0,0,0,0,0,58,0,0,0,0,0
meet,0,0,0,0,0,0,0,0,0,0,28,0
sound,2,0,0,0,0,0,5,0,0,0,1,0
health,0,0,0,0,0,0,2,0,0,0,0,0
rich,17,0,0,0,0,0,1,0,0,0,0,0
care,0,0,0,0,0,0,23,0,0,0,6,0
save,0,0,0,0,0,0,0,0,0,1,19,0
earning,0,0,0,0,0,0,1,0,0,0,0,0
safe,11,0,0,0,0,0,0,0,0,0,0,0
pocket,0,0,0,0,0,0,16,0,0,0,0,0
reply,0,0,0,0,0,0,1,0,0,0,21,0
countryman,0,0,0,0,0,0,9,0,0,0,0,0
wish,0,0,0,0,0,0,7,0,0,0,44,0
pity,0,0,0,0,0,0,14,0,0,0,2,0
kind,8,0,0,0,0,0,11,0,0,0,0,0
honest,5,0,0,0,0,0,0,0,0,0,0,0
heart,0,0,0,0,0,0,39,0,0,0,0,0
grant,0,0,0,0,0,0,0,0,0,0,9,0
choose,0,0,0,0,0,0,0,0,0,0,6,0
like,1,49,0,0,0,0,0,0,0,0,27,0
rejoice,0,0,0,0,0,0,0,0,0,0,7,0
luck,0,0,0,0,0,0,11,0,0,0,0,0
thing,0,0,0,0,0,0,43,0,0,0,0,0
well,6,0,30,0,0,0,0,0,0,0,0,0
bow,0,0,0,0,0,0,9,0,0,0,0,0
shoot,0,0,0,0,0,0,0,0,0,0,9,0
secondly,0,0,1,0,0,0,0,0,0,0,0,0
fiddle,0,0,0,0,0,0,9,0,0,0,0,0
play,0,0,0,0,0,0,0,0,0,0,19,0
thirdly,0,0,2,0,0,0,0,0,0,0,0,0
way,0,0,0,0,0,0,70,0,0,0,0,0
friend,0,0,0,0,0,0,20,0,0,0,0,0
journey,0,0,0,0,0,0,6,0,0,0,11,0
far,0,0,17,0,0,0,0,0,0,0,0,0
old,81,0,0,0,0,0,0,0,0,0,0,0
close,1,0,8,0,0,0,0,0,0,0,4,0
tree,0,0,0,0,0,0,81,0,0,0,0,0
topmost,1,0,0,0,0,0,0,0,0,0,0,0
twig,0,0,0,0,0,0,3,0,0,0,0,0
thrush,0,0,0,0,0,0,4,0,0,0,0,0
joyfully,0,0,3,0,0,0,0,0,0,0,0,0
pretty,6,0,0,0,0,0,0,0,0,0,0,0
bird,0,0,0,0,0,0,65,0,0,0,0,0
soon,0,0,82,0,0,0,0,0,0,0,0,0
bush,0,0,0,0,0,0,4,0,0,0,0,0
foot,0,0,0,0,0,0,27,0,0,0,0,0
creep,0,0,0,0,0,0,0,0,0,0,6,0
directly,0,0,1,0,0,0,0,0,0,0,0,0
middle,0,0,0,0,0,0,8,0,0,0,0,0
companion,0,0,0,0,0,0,2,0,0,0,0,0
spring,0,0,0,0,0,0,3,0,0,0,27,0
caper,0,0,0,0,0,0,0,0,0,0,3,0
higher,0,0,5,0,0,0,0,0,0,0,0,0
air,0,0,0,0,0,0,10,0,0,0,0,0
thorn,0,0,0,0,0,0,1,0,0,0,0,0
tear,0,0,0,0,0,0,4,0,0,0,7,0
clothe,0,0,0,0,0,0,17,0,0,0,1,0
till,0,0,0,0,0,0,0,0,0,56,1,0
rag,0,0,0,0,0,0,3,0,0,0,0,0
scratch,0,0,0,0,0,0,0,0,0,0,1,0
wound,0,0,0,0,0,0,2,0,0,0,2,0
blood,0,0,0,0,0,0,13,0,0,0,0,0
sake,0,0,0,0,0,0,5,0,0,0,0,0
pray,0,0,0,0,0,0,0,0,0,0,11,0
thou,0,0,0,0,0,0,0,0,24,0,0,0
hast,0,0,0,0,0,0,0,0,0,0,4,0
shave,0,0,0,0,0,0,0,0,0,0,1,0
soul,0,0,0,0,0,0,1,0,0,0,0,0
art,0,0,0,0,0,0,8,0,0,0,2,0
thy,0,0,0,0,0,0,0,0,11,0,0,0
reward,0,0,0,0,0,0,5,0,0,0,2,0
tune,0,0,0,0,0,0,4,0,0,0,0,0
beg,0,0,0,0,0,0,0,0,0,0,18,0
promise,0,0,0,0,0,0,1,0,0,0,12,0
offer,0,0,0,0,0,0,0,0,0,0,5,0
liberty,0,0,0,0,0,0,1,0,0,0,0,0
musician,0,0,0,0,0,0,1,0,0,0,0,0
price,0,0,0,0,0,0,3,0,0,0,0,0
brisker,0,0,2,0,0,0,0,0,0,0,0,0
bid,0,0,0,0,0,0,0,0,0,0,13,0
florin,0,0,0,0,0,0,2,0,0,0,0,0
gain,0,0,0,0,0,0,1,0,0,0,1,0
cheat,0,0,0,0,0,0,0,0,0,0,3,0
agree,0,0,0,0,0,0,0,0,0,0,16,0
proposal,0,0,0,0,0,0,1,0,0,0,0,0
pleased,6,0,0,0,0,0,0,0,0,0,0,0
bargain,0,0,0,0,0,0,9,0,0,0,0,0
half,1,0,6,0,7,0,4,0,0,0,0,0
naked,3,0,0,0,0,0,0,0,0,0,0,0
piteous,2,0,0,0,0,0,0,0,0,0,0,0
plight,0,0,0,0,0,0,1,0,0,0,0,0
ponder,0,0,0,0,0,0,0,0,0,0,1,0
revenge,0,0,0,0,0,0,4,0,0,0,0,0
serve,0,0,0,0,0,0,0,0,0,0,5,0
late,8,0,3,0,0,0,0,0,0,0,0,0
trick,0,0,0,0,0,0,4,0,0,0,1,0
judge,0,0,0,0,0,0,10,0,0,0,0,0
complain,0,0,0,0,0,0,0,0,0,0,2,0
rascal,0,0,0,0,0,0,1,0,0,0,0,0
rob,0,0,0,0,0,0,0,0,0,0,3,0
beat,0,0,0,0,0,0,0,0,0,0,9,0
carry,0,0,0,0,0,0,0,0,0,0,46,0
neck,0,0,0,0,0,0,11,0,0,0,0,0
officer,0,0,0,0,0,0,1,0,0,0,0,0
accuse,0,0,0,0,0,0,0,0,0,0,1,0
catch,0,0,0,0,0,0,0,0,0,0,20,0
try,0,0,0,0,0,0,0,0,0,0,28,0
tale,0,0,0,0,0,0,2,0,0,0,0,0
likely,1,0,1,0,0,0,0,0,0,0,0,0
matter,0,0,0,0,0,0,9,0,0,0,0,0
order,0,0,0,0,0,0,8,0,0,0,15,0
gallow,0,0,0,0,0,0,7,0,0,0,0,0
request,0,0,0,0,0,0,3,0,0,0,0,0
life,0,0,0,0,0,0,19,0,0,0,0,0
listen,0,0,0,0,0,0,0,0,0,0,14,0
fact,0,0,0,0,0,0,1,0,0,0,0,0
refuse,0,0,0,0,0,0,0,0,0,0,4,0
account,0,0,0,0,0,0,5,0,0,0,0,0
gift,0,0,0,0,0,0,6,0,0,0,0,0
bind,0,0,0,0,0,0,0,0,0,0,14,0
fast,3,0,31,0,0,0,0,0,0,0,1,0
strike,0,0,0,0,0,0,0,0,0,0,16,0
note,0,0,0,0,0,0,2,0,0,0,0,0
clerk,0,0,0,0,0,0,1,0,0,0,0,0
jailer,0,0,0,0,0,0,1,0,0,0,0,0
motion,0,0,0,0,0,0,2,0,0,0,0,0
hold,0,0,0,0,0,0,9,0,0,0,30,0
second,24,0,0,0,0,0,2,0,0,0,0,0
hangman,0,0,0,0,0,0,1,0,0,0,0,0
prisoner,0,0,0,0,0,0,3,0,0,0,0,0
bar,0,0,0,0,0,0,2,0,0,0,0,0
court,0,0,0,0,0,0,21,0,0,0,0,0
follow,0,0,0,0,0,0,0,0,0,0,23,0
pleasant,2,0,0,0,0,0,0,0,0,0,0,0
end,0,0,0,0,0,0,24,0,0,0,1,0
playing,0,0,0,0,0,0,2,0,0,0,0,0
dancing,0,0,0,0,0,0,2,0,0,0,0,0
stop,0,0,0,0,0,0,0,0,0,0,13,0
whit,0,0,0,0,0,0,1,0,0,0,0,0
entreaty,0,0,0,0,0,0,3,0,0,0,0,0
vagabond,0,0,0,0,0,0,2,0,0,0,0,0
gold,1,0,0,0,0,0,53,0,0,0,0,0
amusement,0,0,0,0,0,0,1,0,0,0,0,0
steal,0,0,0,0,0,0,0,0,0,0,15,0
presence,0,0,0,0,0,0,3,0,0,0,0,0
acknowledge,0,0,0,0,0,0,0,0,0,0,1,0
fairly,0,0,1,0,0,0,0,0,0,0,0,0
sick,4,0,0,0,0,0,1,0,0,0,0,0
feel,0,0,0,0,0,0,0,0,0,0,33,0
nigh,0,0,1,0,0,0,0,0,0,0,0,0
bed,0,0,0,0,0,0,26,0,0,0,0,0
watch,0,0,0,0,0,0,0,0,0,0,15,0
die,0,0,0,0,0,0,0,0,0,0,19,0
bury,0,0,0,0,0,0,0,0,0,0,4,0
garden,0,0,0,0,0,0,28,0,0,0,0,0
grave,0,0,0,0,0,0,3,0,0,0,0,0
snow,0,0,0,0,0,0,12,0,0,0,0,0
spread,0,0,0,0,0,0,0,0,0,0,3,0
beautiful,68,0,0,0,0,0,0,0,0,0,0,0
white,42,0,0,0,0,0,0,0,0,0,0,0
covering,0,0,0,0,0,0,1,0,0,0,0,0
sun,0,0,0,0,0,0,28,0,0,0,0,0
melt,0,0,0,0,0,0,0,0,0,0,1,0
new,4,0,0,0,0,0,0,0,0,0,0,0
fair,4,0,0,0,0,0,1,0,0,0,0,0
face,0,0,0,0,0,0,33,0,0,0,0,0
foul,1,0,0,0,0,0,0,0,0,0,0,0
sorry,6,0,0,0,0,0,0,0,0,0,0,0
want,0,0,0,0,0,0,3,0,0,0,70,0
kitchen,0,0,0,0,0,0,17,0,0,0,0,0
fine,25,0,0,0,0,0,0,0,0,0,0,0
grey,11,0,0,0,0,0,0,0,0,0,0,0
frock,0,0,0,0,0,0,6,0,0,0,0,0
laugh,0,0,0,0,0,0,2,0,0,0,18,0
force,0,0,0,0,0,0,0,0,0,0,12,0
rise,0,0,0,0,0,0,0,0,0,0,9,0
early,0,0,5,0,0,0,0,0,0,0,0,0
daylight,0,0,0,0,0,0,3,0,0,0,0,0
water,0,0,0,0,0,0,38,0,0,0,2,0
fire,0,0,0,0,0,0,37,0,0,0,0,0
wash,0,0,0,0,0,0,0,0,0,0,8,0
sister,0,0,0,0,0,0,24,0,0,0,0,0
plague,0,0,0,0,0,0,0,0,0,0,1,0
sort,0,0,0,0,0,0,9,0,0,0,0,0
tired,10,0,0,0,0,0,0,0,0,0,0,0
hearth,0,0,0,0,0,0,4,0,0,0,0,0
ashe,0,0,0,0,0,0,16,0,0,0,0,0
course,0,0,0,0,0,0,2,0,0,0,0,0
dusty,1,0,0,0,0,0,0,0,0,0,0,0
dirty,8,0,0,0,0,0,0,0,0,0,0,0
brush,0,0,0,0,0,0,0,0,0,0,3,0
hat,0,0,0,0,0,0,4,0,0,0,0,0
buy,0,0,0,0,0,0,0,0,0,0,10,0
pearl,0,0,0,0,0,0,9,0,0,0,0,0
diamond,0,0,0,0,0,0,4,0,0,0,0,0
ride,0,0,0,0,0,0,0,0,0,0,30,0
green,10,0,0,0,0,0,2,0,0,0,0,0
copse,0,0,0,0,0,0,1,0,0,0,0,0
hazel,0,0,0,0,0,0,12,0,0,0,0,0
push,0,0,0,0,0,0,0,0,0,0,8,0
break,0,0,0,0,0,0,1,0,0,0,15,0
plant,0,0,0,0,0,0,1,0,0,0,3,0
build,0,0,0,0,0,0,0,0,0,0,2,0
nest,0,0,0,0,0,0,4,0,0,0,0,0
talk,0,0,0,0,0,0,1,0,0,0,5,0
king,0,0,0,0,0,0,208,0,0,0,0,0
land,0,0,0,0,0,0,12,0,0,0,0,0
feast,0,0,0,0,0,0,22,0,0,0,1,0
son,0,0,0,0,0,0,79,0,0,0,0,0
bride,0,0,0,0,0,0,23,0,0,0,0,0
comb,0,0,0,0,0,0,0,0,0,0,1,0
hair,0,0,0,0,0,0,24,0,0,0,0,0
shoe,0,0,0,0,0,0,31,0,0,0,0,0
tie,0,0,0,0,0,0,0,0,0,0,14,0
sash,0,0,0,0,0,0,1,0,0,0,0,0
help,0,0,0,0,0,0,2,0,0,0,26,0
ball,0,0,0,0,0,0,13,0,0,0,0,0
wear,0,0,0,0,0,0,0,0,0,0,6,0
keep,0,0,0,0,0,0,0,0,0,0,12,0
rid,0,0,0,0,0,0,0,0,0,0,3,0
throw,0,0,0,0,0,0,0,0,0,0,37,0
dishful,0,0,0,0,0,0,1,0,0,0,0,0
pea,0,0,0,0,0,0,16,0,0,0,0,0
ash,0,0,0,0,0,0,1,0,0,0,0,0
heap,0,0,0,0,0,0,7,0,0,0,1,0
maiden,0,0,0,0,0,0,13,0,0,0,0,0
hither,0,0,7,0,0,0,0,0,0,0,0,0
sky,0,0,0,0,0,0,3,0,0,0,0,0
turtle,0,0,0,0,0,0,4,0,0,0,0,0
dove,0,0,0,0,0,0,25,0,0,0,0,0
linnet,0,0,0,0,0,0,2,0,0,0,0,0
blackbird,0,0,0,0,0,0,2,0,0,0,0,0
chaffinch,0,0,0,0,0,0,3,0,0,0,0,0
gay,0,0,0,0,0,0,2,0,0,0,0,0
haste,0,0,0,0,0,0,7,0,0,0,6,0
quick,1,0,2,0,0,0,0,0,0,0,0,0
chirp,0,0,0,0,0,0,0,0,0,0,2,0
flutter,0,0,0,0,0,0,0,0,0,0,3,0
grain,0,0,0,0,0,0,4,0,0,0,0,0
dish,0,0,0,0,0,0,23,0,0,0,0,0
hour,0,0,0,0,0,0,14,0,0,0,0,0
overjoy,0,0,0,0,0,0,0,0,0,0,3,0
thought,0,0,0,0,0,0,11,0,0,0,0,0
slut,0,0,0,0,0,0,1,0,0,0,0,0
shake,0,0,0,0,0,0,0,0,0,0,6,0
hop,0,0,0,0,0,0,0,0,0,0,5,0
use,0,0,0,0,0,0,12,0,0,0,1,0
sorrowfully,0,0,5,0,0,0,0,0,0,0,0,0
silver,0,0,0,0,0,0,8,0,0,0,0,0
dress,0,0,0,0,0,0,19,0,0,0,5,0
slipper,0,0,0,0,0,0,10,0,0,0,0,0
spangled,1,0,0,0,0,0,0,0,0,0,0,0
silk,0,0,0,0,0,0,3,0,0,0,0,0
strange,9,0,0,0,0,0,0,0,0,0,0,0
princess,0,0,0,0,0,0,44,0,0,0,0,0
dirt,0,0,0,0,0,0,1,0,0,0,0,0
lady,0,0,0,0,0,0,25,0,0,0,0,0
night,0,0,0,0,0,0,55,0,0,0,0,0
slip,0,0,0,0,0,0,0,0,0,0,7,0
unawares,0,0,3,0,0,0,0,0,0,0,0,0
prince,0,0,0,0,0,0,40,0,0,0,0,0
jump,0,0,0,0,0,0,0,0,0,0,11,0
pigeon,0,0,0,0,0,0,3,0,0,0,0,0
unknown,7,0,0,0,0,0,0,0,0,0,0,0
hide,0,0,0,0,0,0,1,0,0,0,18,0
dim,1,0,0,0,0,0,0,0,0,0,0,0
lamp,0,0,0,0,0,0,2,0,0,0,0,0
burn,0,0,0,0,0,0,0,0,0,0,10,0
chimney,0,0,0,0,0,0,2,0,0,0,0,0
quickly,0,0,17,0,0,0,0,0,0,0,0,0
amid,0,2,0,0,0,0,0,0,0,0,0,0
wonder,0,0,0,0,0,0,3,0,0,0,2,0
beauty,0,0,0,0,0,0,4,0,0,0,0,0
large,20,0,0,0,0,0,0,0,0,0,0,0
pear,0,0,0,0,0,0,3,0,0,0,0,0
ripe,2,0,0,0,0,0,0,0,0,0,0,0
fruit,0,0,0,0,0,0,3,0,0,0,0,0
lose,0,0,0,0,0,0,0,0,0,0,19,0
sight,0,0,0,0,0,0,10,0,0,0,0,0
partner,0,0,0,0,0,0,2,0,0,0,0,0
hurry,0,0,0,0,0,0,3,0,0,0,2,0
drop,0,0,0,0,0,0,2,0,0,0,2,0
left,6,0,1,0,0,0,1,0,0,0,0,0
golden,42,0,0,0,0,0,0,0,0,0,0,0
stair,0,0,0,0,0,0,9,0,0,0,0,0
overjoyed,3,0,0,0,0,0,0,0,0,0,0,0
eld,23,0,0,0,0,0,0,0,0,0,0,0
room,0,0,0,0,0,0,26,0,0,0,0,0
toe,0,0,0,0,0,0,3,0,0,0,0,0
altogether,0,0,2,0,0,0,0,0,0,0,0,0
small,15,0,0,0,0,0,0,0,0,0,0,0
knife,0,0,0,0,0,0,10,0,0,0,0,0
mind,0,0,0,0,0,0,7,0,0,0,9,0
queen,0,0,0,0,0,0,20,0,0,0,0,0
silly,5,0,0,0,0,0,0,0,0,0,0,0
squeeze,0,0,0,0,0,0,0,0,0,0,2,0
horse,0,0,0,0,0,0,48,0,0,0,0,0
homeward,0,0,0,0,0,0,2,0,0,0,0,0
pass,0,0,0,0,0,0,1,0,0,0,36,0
branch,0,0,0,0,0,0,7,0,0,0,0,0
true,17,0,0,0,0,0,0,0,0,0,0,0
stream,0,0,0,0,0,0,1,0,0,0,3,0
false,5,0,0,0,0,0,0,0,0,0,0,0
right,18,0,5,0,0,0,2,0,0,0,0,0
heel,0,0,0,0,0,0,3,0,0,0,0,0
sing,0,0,0,0,0,0,0,0,0,0,26,0
stocking,0,0,0,0,0,0,3,0,0,0,0,0
red,26,0,0,0,0,0,0,0,0,0,0,0
dare,0,0,0,0,0,0,0,0,0,0,6,0
curtsy,0,0,0,0,0,0,0,0,0,0,2,0
reach,0,0,0,0,0,0,0,0,0,0,14,0
clumsy,4,0,0,0,0,0,0,0,0,0,0,0
fit,3,0,0,0,0,0,0,0,0,0,2,0
near,0,15,10,0,0,0,0,0,0,0,0,0
frightened,4,0,0,0,0,0,0,0,0,0,0,0
pale,3,0,0,0,0,0,0,0,0,0,0,0
anger,0,0,0,0,0,0,3,0,0,0,1,0
song,0,0,0,0,0,0,8,0,0,0,0,0
perch,0,0,0,0,0,0,1,0,0,0,2,0
shoulder,0,0,0,0,0,0,13,0,0,0,0,0
ago,0,0,3,0,0,0,0,0,0,0,0,0
fame,0,0,0,0,0,0,0,0,0,0,1,0
wisdom,0,0,0,0,0,0,7,0,0,0,0,0
news,0,0,0,0,0,0,4,0,0,0,0,0
secret,2,0,0,0,0,0,0,0,0,0,0,0
custom,0,0,0,0,0,0,1,0,0,0,0,0
table,0,0,0,0,0,0,21,0,0,0,0,0
clear,2,0,0,0,0,0,0,0,0,0,1,0
present,1,0,0,0,0,0,2,0,0,0,7,0
trusty,2,0,0,0,0,0,0,0,0,0,0,0
cover,0,0,0,0,0,0,4,0,0,0,4,0
overcome,2,0,0,0,0,0,0,0,0,0,4,0
curiosity,0,0,0,0,0,0,1,0,0,0,0,0
carefully,0,0,2,0,0,0,0,0,0,0,0,0
lock,0,0,0,0,0,0,2,0,0,0,1,0
lift,0,0,0,0,0,0,0,0,0,0,9,0
snake,0,0,0,0,0,0,5,0,0,0,0,0
deny,0,0,0,0,0,0,0,0,0,0,1,0
pleasure,0,0,0,0,0,0,3,0,0,0,0,0
taste,0,0,0,0,0,0,0,0,0,0,9,0
bit,0,0,0,0,0,0,3,0,0,0,0,0
mouth,0,0,0,0,0,0,5,0,0,0,0,0
touch,0,0,0,0,0,0,0,0,0,0,9,0
tongue,0,0,0,0,0,0,3,0,0,0,0,0
whispering,0,0,0,0,0,0,1,0,0,0,0,0
voice,0,0,0,0,0,0,15,0,0,0,0,0
outside,0,2,8,0,0,0,0,0,0,0,0,0
notice,0,0,0,0,0,0,1,0,0,0,2,0
sparrow,0,0,0,0,0,0,1,0,0,0,0,0
chatter,0,0,0,0,0,0,1,0,0,0,3,0
wood,0,0,0,0,0,0,35,0,0,0,0,0
power,0,0,0,0,0,0,6,0,0,0,0,0
understand,0,0,0,0,0,0,0,0,0,0,10,0
language,0,0,0,0,0,0,2,0,0,0,0,0
animal,0,0,0,0,0,0,4,0,0,0,0,0
suspicion,0,0,0,0,0,0,2,0,0,0,0,0
allow,0,0,0,0,0,0,0,0,0,0,10,0
threaten,0,0,0,0,0,0,0,0,0,0,1,0
angry,10,0,0,0,0,0,0,0,0,0,0,0
word,0,0,0,0,0,0,24,0,0,0,0,0
morrow,0,0,0,0,0,0,1,0,0,0,0,0
point,0,0,0,0,0,0,1,0,0,0,1,0
thief,0,0,0,0,0,0,7,0,0,0,0,0
guilty,1,0,0,0,0,0,0,0,0,0,0,0
execute,0,0,0,0,0,0,0,0,0,0,1,0
vain,7,0,0,0,0,0,1,0,0,0,0,0
declare,0,0,0,0,0,0,0,0,0,0,2,0
innocence,0,0,0,0,0,0,2,0,0,0,0,0
dismiss,0,0,0,0,0,0,0,0,0,0,2,0
fear,0,0,0,0,0,0,12,0,0,0,5,0
courtyard,0,0,0,0,0,0,3,0,0,0,0,0
duck,0,0,0,0,0,0,4,0,0,0,0,0
quietly,0,0,6,0,0,0,0,0,0,0,0,0
brook,0,0,0,0,0,0,2,0,0,0,0,0
rest,0,0,0,0,0,0,13,0,0,0,10,0
whilst,0,0,0,0,0,0,0,0,0,8,0,0
make,0,0,0,0,0,0,0,0,0,0,17,0
feather,0,0,0,0,0,0,9,0,0,0,0,0
smooth,2,0,0,0,0,0,0,0,0,0,0,0
bill,0,0,0,0,0,0,2,0,0,0,0,0
confidential,1,0,0,0,0,0,0,0,0,0,0,0
conversation,0,0,0,0,0,0,2,0,0,0,0,0
waddle,0,0,0,0,0,0,0,0,0,0,1,0
morning,0,0,0,0,0,0,37,0,0,0,0,0
food,0,0,0,0,0,0,14,0,0,0,0,0
pitiful,1,0,0,0,0,0,0,0,0,0,0,0
tone,0,0,0,0,0,0,1,0,0,0,0,0
heavy,9,0,0,0,0,0,0,0,0,0,0,0
stomach,0,0,0,0,0,0,7,0,0,0,0,0
swallow,0,0,0,0,0,0,0,0,0,0,7,0
weigh,0,0,0,0,0,0,0,0,0,0,1,0
spare,0,0,0,0,0,0,0,0,0,0,5,0
fatten,0,0,0,0,0,0,0,0,0,0,1,0
roast,0,0,0,0,0,0,0,0,0,0,2,0
spit,0,0,0,0,0,0,1,0,0,0,0,0
inside,0,3,6,0,0,0,0,0,0,0,0,0
easily,0,0,6,0,0,0,0,0,0,0,0,0
prove,0,0,0,0,0,0,0,0,0,0,4,0
amend,0,0,0,0,0,0,1,0,0,0,0,0
wrong,0,0,0,0,0,0,2,0,0,0,0,0
favour,0,0,0,0,0,0,3,0,0,0,1,0
travelling,0,0,0,0,0,0,1,0,0,0,0,0
pond,0,0,0,0,0,0,2,0,0,0,0,0
fish,0,0,0,0,0,0,12,0,0,0,2,0
reed,0,0,0,0,0,0,2,0,0,0,0,0
gasp,0,0,0,0,0,0,0,0,0,0,1,0
dumb,1,0,0,0,0,0,0,0,0,0,0,0
perish,0,0,0,0,0,0,0,0,0,0,2,0
miserably,0,0,2,0,0,0,0,0,0,0,0,0
leap,0,0,0,0,0,0,1,0,0,0,5,0
delight,0,0,0,0,0,0,2,0,0,0,1,0
remember,0,0,0,0,0,0,0,0,0,0,3,0
repay,0,0,0,0,0,0,0,0,0,0,1,0
sand,0,0,0,0,0,0,2,0,0,0,0,0
ant,0,0,0,0,0,0,8,0,0,0,0,0
folk,0,0,0,0,0,0,3,0,0,0,0,0
beast,0,0,0,0,0,0,10,0,0,0,0,0
stupid,5,0,0,0,0,0,0,0,0,0,0,0
hoof,0,0,0,0,0,0,1,0,0,0,0,0
tread,0,0,0,0,0,0,0,0,0,0,3,0
mercy,0,0,0,0,0,0,3,0,0,0,0,0
path,0,0,0,0,0,0,4,0,0,0,0,0
lead,0,0,0,0,0,0,0,0,0,0,27,0
raven,0,0,0,0,0,0,18,0,0,0,0,0
young,64,0,0,0,0,0,0,0,0,0,0,0
one,0,0,0,0,0,0,2,0,0,0,0,0
creature,0,0,0,0,0,0,5,0,0,0,0,0
provide,0,0,0,0,0,0,0,0,0,0,1,0
ground,0,0,0,0,0,0,14,0,0,0,0,0
flap,0,0,0,0,0,0,0,0,0,0,1,0
wing,0,0,0,0,0,0,5,0,0,0,0,0
helpless,1,0,0,0,0,0,0,0,0,0,0,0
chick,0,0,0,0,0,0,1,0,0,0,0,0
shift,0,0,0,0,0,0,0,0,0,0,1,0
starve,0,0,0,0,0,0,0,0,0,0,3,0
alight,0,0,0,0,0,0,0,0,0,0,3,0
sword,0,0,0,0,0,0,11,0,0,0,0,0
satisfy,0,0,0,0,0,0,0,0,0,0,3,0
hunger,0,0,0,0,0,0,8,0,0,0,0,0
leg,0,0,0,0,0,0,12,0,0,0,0,0
walk,0,0,0,0,0,0,2,0,0,0,14,0
city,0,0,0,0,0,0,5,0,0,0,0,0
noise,0,0,0,0,0,0,3,0,0,0,0,0
crowd,0,0,0,0,0,0,2,0,0,0,0,0
horseback,0,0,0,0,0,0,2,0,0,0,0,0
aloud,0,0,4,0,0,0,0,0,0,0,0,0
husband,0,0,0,0,0,0,18,0,0,0,0,0
seek,0,0,0,0,0,0,0,0,0,0,26,0
perform,0,0,0,0,0,0,0,0,0,0,5,0
task,0,0,0,0,0,0,8,0,0,0,0,0
succeed,0,0,0,0,0,0,0,0,0,0,2,0
forfeit,0,0,0,0,0,0,0,0,0,0,1,0
attempt,0,0,0,0,0,0,1,0,0,0,1,0
youth,0,0,0,0,0,0,44,0,0,0,0,0
forget,0,0,0,0,0,0,0,0,0,0,13,0
danger,0,0,0,0,0,0,3,0,0,0,0,0
suitor,0,0,0,0,0,0,5,0,0,0,0,0
sea,0,0,0,0,0,0,17,0,0,0,0,0
add,0,0,0,0,0,0,0,0,0,0,2,0
wave,0,0,0,0,0,0,2,0,0,0,1,0
grieve,0,0,0,0,0,0,0,0,0,0,17,0
handsome,7,0,0,0,0,0,0,0,0,0,0,0
shore,0,0,0,0,0,0,5,0,0,0,0,0
consider,0,0,0,0,0,0,0,0,0,0,2,0
suddenly,0,0,10,0,0,0,0,0,0,0,0,0
swim,0,0,0,0,0,0,0,0,0,0,4,0
mussel,0,0,0,0,0,0,1,0,0,0,0,0
lay,0,0,0,0,0,0,0,0,0,0,34,0
shell,0,0,0,0,0,0,1,0,0,0,0,0
joy,0,0,0,0,0,0,14,0,0,0,0,0
expect,0,0,0,0,0,0,0,0,0,0,2,0
proud,6,0,0,0,0,0,0,0,0,0,0,0
perceive,0,0,0,0,0,0,0,0,0,0,2,0
equal,0,0,0,0,0,0,1,0,0,0,0,0
birth,0,0,0,0,0,0,3,0,0,0,0,0
scorn,0,0,0,0,0,0,0,0,0,0,2,0
require,0,0,0,0,0,0,0,0,0,0,4,0
strew,0,0,0,0,0,0,0,0,0,0,4,0
sacksful,0,0,0,0,0,0,1,0,0,0,0,0
millet,0,0,0,0,0,0,2,0,0,0,0,0
seed,0,0,0,0,0,0,4,0,0,0,0,0
grass,0,0,0,0,0,0,4,0,0,0,0,0
tomorrow,0,0,0,0,0,0,6,0,0,0,0,0
sunrise,0,0,0,0,0,0,1,0,0,0,0,0
single,4,0,0,0,0,0,0,0,0,0,0,0
possible,5,0,0,0,0,0,0,0,0,0,0,0
await,0,0,0,0,0,0,0,0,0,0,3,0
death,0,0,0,0,0,0,11,0,0,0,0,0
ray,0,0,0,0,0,0,4,0,0,0,0,0
shine,0,0,0,0,0,0,0,0,0,0,14,0
sack,0,0,0,0,0,0,14,0,0,0,0,0
miss,0,0,0,0,0,0,1,0,0,0,5,0
thousand,0,0,0,0,0,0,2,10,0,0,0,0
grateful,1,0,0,0,0,0,0,0,0,0,0,0
industry,0,0,0,0,0,0,1,0,0,0,0,0
gather,0,0,0,0,0,0,0,0,0,0,8,0
presently,0,0,4,0,0,0,0,0,0,0,0,0
amazed,2,0,0,0,0,0,0,0,0,0,0,0
conquer,0,0,0,0,0,0,0,0,0,0,1,0
apple,0,0,0,0,0,0,23,0,0,0,0,0
hope,0,0,0,0,0,0,4,0,0,0,1,0
wander,0,0,0,0,0,0,0,0,0,0,5,0
kingdom,0,0,0,0,0,0,24,0,0,0,0,0
rustling,0,0,0,0,0,0,1,0,0,0,0,0
knee,0,0,0,0,0,0,6,0,0,0,0,0
excuse,0,0,0,0,0,0,2,0,0,0,1,0
love,0,0,0,0,0,0,5,0,0,0,17,0
undisturbed,1,0,0,0,0,0,0,0,0,0,0,0
happiness,0,0,0,0,0,0,2,0,0,0,0,0
age,0,0,0,0,0,0,1,0,0,0,0,0
goat,0,0,0,0,0,0,8,0,0,0,0,0
seven,0,0,0,0,0,0,0,21,0,0,0,0
kid,0,0,0,0,0,0,12,0,0,0,0,0
forest,0,0,0,0,0,0,41,0,0,0,0,0
guard,0,0,0,0,0,0,5,0,0,0,3,0
wolf,0,0,0,0,0,0,20,0,0,0,0,0
devour,0,0,0,0,0,0,0,0,0,0,4,0
wretch,0,0,0,0,0,0,6,0,0,0,0,0
disguise,0,0,0,0,0,0,0,0,0,0,1,0
rough,5,0,0,0,0,0,0,0,0,0,0,0
black,23,0,0,0,0,0,0,0,0,0,0,0
bleat,0,0,0,0,0,0,0,0,0,0,2,0
easy,4,0,0,0,0,0,0,0,0,0,0,0
soft,4,0,0,0,0,0,0,0,0,0,0,0
shopkeeper,0,0,0,0,0,0,1,0,0,0,0,0
lump,0,0,0,0,0,0,1,0,0,0,0,0
chalk,0,0,0,0,0,0,1,0,0,0,0,0
paw,0,0,0,0,0,0,6,0,0,0,0,0
baker,0,0,0,0,0,0,3,0,0,0,0,0
rub,0,0,0,0,0,0,0,0,0,0,3,0
dough,0,0,0,0,0,0,1,0,0,0,0,0
miller,0,0,0,0,0,0,8,0,0,0,0,0
meal,0,0,0,0,0,0,3,0,0,0,0,0
deceive,0,0,0,0,0,0,0,0,0,0,2,0
afraid,7,0,0,0,0,0,0,0,0,0,0,0
truly,0,0,2,0,0,0,0,0,0,0,0,0
mankind,0,0,0,0,0,0,2,0,0,0,0,0
believe,0,0,0,0,0,0,0,0,0,0,6,0
stove,0,0,0,0,0,0,3,0,0,0,0,0
fourth,2,0,0,0,0,0,1,0,0,0,0,0
fifth,3,0,0,0,0,0,1,0,0,0,0,0
cupboard,0,0,0,0,0,0,2,0,0,0,0,0
sixth,1,0,0,0,0,0,1,0,0,0,0,0
washing,0,0,0,0,0,0,2,0,0,0,0,0
bowl,0,0,0,0,0,0,2,0,0,0,0,0
seventh,1,0,0,0,0,0,1,0,0,0,0,0
clock,0,0,0,0,0,0,6,0,0,0,0,0
case,0,0,0,0,0,0,5,0,0,0,0,0
ceremony,0,0,0,0,0,0,2,0,0,0,0,0
throat,0,0,0,0,0,0,2,0,0,0,0,0
appetite,0,0,0,0,0,0,1,0,0,0,0,0
meadow,0,0,0,0,0,0,7,0,0,0,0,0
bench,0,0,0,0,0,0,6,0,0,0,0,0
broken,1,0,0,0,0,0,0,0,0,0,0,0
piece,0,0,0,0,0,0,29,0,0,0,0,0
quilt,0,0,0,0,0,0,2,0,0,0,0,0
pillow,0,0,0,0,0,0,7,0,0,0,0,0
pull,0,0,0,0,0,0,0,0,0,0,21,0
imagine,0,0,0,0,0,0,0,0,0,0,4,0
grief,0,0,0,0,0,0,5,0,0,0,0,0
snore,0,0,0,0,0,0,0,0,0,0,2,0
loud,7,0,1,0,0,0,0,0,0,0,0,0
move,0,0,0,0,0,0,0,0,0,0,3,0
struggle,0,0,0,0,0,0,0,0,0,0,1,0
gorge,0,0,0,0,0,0,0,0,0,0,1,0
belly,0,0,0,0,0,0,1,0,0,0,0,0
supper,0,0,0,0,0,0,5,0,0,0,0,0
scissor,0,0,0,0,0,0,3,0,0,0,0,0
needle,0,0,0,0,0,0,11,0,0,0,0,0
thread,0,0,0,0,0,0,3,0,0,0,0,0
hardly,0,0,5,0,0,0,0,0,0,0,0,0
thrust,0,0,0,0,0,0,0,0,0,0,2,0
alive,8,0,0,0,0,0,0,0,0,0,0,0
suffer,0,0,0,0,0,0,0,0,0,0,4,0
greediness,0,0,0,0,0,0,1,0,0,0,0,0
monster,0,0,0,0,0,0,2,0,0,0,0,0
rejoicing,0,0,0,0,0,0,3,0,0,0,0,0
embrace,0,0,0,0,0,0,0,0,0,0,2,0
tailor,0,0,0,0,0,0,7,0,0,0,0,0
wedding,0,0,0,0,0,0,19,0,0,0,0,0
stone,0,0,0,0,0,0,21,0,0,0,0,0
fill,0,0,0,0,0,0,1,0,0,0,4,0
wicked,10,0,0,0,0,0,0,0,0,0,0,0
drag,0,0,0,0,0,0,0,0,0,0,8,0
thither,0,0,10,0,0,0,0,0,0,0,0,0
speed,0,0,0,0,0,0,1,0,0,0,0,0
sew,0,0,0,0,0,0,0,0,0,0,6,0
aware,2,0,0,0,0,0,0,0,0,0,0,0
stir,0,0,0,0,0,0,0,0,0,0,9,0
rattle,0,0,0,0,0,0,0,0,0,0,1,0
rumble,0,0,0,0,0,0,0,0,0,0,1,0
tumble,0,0,0,0,0,0,0,0,0,0,2,0
bone,0,0,0,0,0,0,12,0,0,0,0,0
drown,0,0,0,0,0,0,0,0,0,0,2,0
spot,0,0,0,0,0,0,12,0,0,0,0,0
dead,26,0,0,0,0,0,0,0,0,0,0,0
fortune,0,0,0,0,0,0,7,0,0,0,0,0
wasteful,1,0,0,0,0,0,0,0,0,0,0,0
foolish,2,0,0,0,0,0,0,0,0,0,0,0
living,0,0,0,0,0,0,2,0,0,0,0,0
brother,0,0,0,0,0,0,63,0,0,0,0,0
insignificant,1,0,0,0,0,0,0,0,0,0,0,0
wise,7,0,0,0,0,0,0,0,0,0,0,0
unable,7,0,0,0,0,0,0,0,0,0,0,0
fright,0,0,0,0,0,0,4,0,0,0,0,0
egg,0,0,0,0,0,0,12,0,0,0,0,0
enjoy,0,0,0,0,0,0,0,0,0,0,3,0
lake,0,0,0,0,0,0,2,0,0,0,0,0
hollow,2,0,0,0,0,0,1,0,0,0,0,0
honey,0,0,0,0,0,0,5,0,0,0,0,0
trunk,0,0,0,0,0,0,2,0,0,0,0,0
light,3,0,0,0,0,0,17,0,0,0,9,0
bee,0,0,0,0,0,0,2,0,0,0,0,0
insect,0,0,0,0,0,0,1,0,0,0,0,0
castle,0,0,0,0,0,0,55,0,0,0,0,0
stable,0,0,0,0,0,0,8,0,0,0,0,0
marble,0,0,0,0,0,0,3,0,0,0,0,0
wicket,0,0,0,0,0,0,1,0,0,0,0,0
twice,0,0,4,0,0,0,0,0,0,0,0,0
show,0,0,0,0,0,0,0,0,0,0,14,0
chamber,0,0,0,0,0,0,15,0,0,0,0,0
tablet,0,0,0,0,0,0,4,0,0,0,0,0
contain,0,0,0,0,0,0,0,0,0,0,1,0
mean,0,0,0,0,0,0,1,0,0,0,11,0
disenchant,0,0,0,0,0,0,0,0,0,0,1,0
moss,0,0,0,0,0,0,4,0,0,0,0,0
belong,0,0,0,0,0,0,0,0,0,0,11,0
foretell,0,0,0,0,0,0,0,0,0,0,1,0
undertake,0,0,0,0,0,0,0,0,0,0,4,0
job,0,0,0,0,0,0,3,0,0,0,0,0
tiresome,2,0,0,0,0,0,0,0,0,0,0,0
key,0,0,0,0,0,0,8,0,0,0,0,0
brink,0,0,0,0,0,0,2,0,0,0,0,0
dive,0,0,0,0,0,0,0,0,0,0,1,0
alike,2,0,0,0,0,0,0,0,0,0,0,0
sugar,0,0,0,0,0,0,1,0,0,0,0,0
sweet,5,0,0,0,0,0,0,0,0,0,0,0
syrup,0,0,0,0,0,0,1,0,0,0,0,0
spoonful,0,0,0,0,0,0,1,0,0,0,0,0
guess,0,0,0,0,0,0,0,0,0,0,3,0
lip,0,0,0,0,0,0,3,0,0,0,0,0
spell,0,0,0,0,0,0,8,0,0,0,0,0
proper,1,0,0,0,0,0,0,0,0,0,0,0
form,0,0,0,0,0,0,8,0,0,0,1,0
shoemaker,0,0,0,0,0,0,8,0,0,0,0,0
leather,0,0,0,0,0,0,4,0,0,0,0,0
pair,0,0,0,0,0,0,8,0,0,0,0,0
ready,17,0,1,0,0,0,0,0,0,0,0,0
conscience,0,0,0,0,0,0,1,0,0,0,0,0
amidst,0,1,0,0,0,0,0,0,0,0,0,0
peaceably,0,0,1,0,0,0,0,0,0,0,0,0
prayer,0,0,0,0,0,0,1,0,0,0,0,0
odd,1,0,0,0,0,0,0,0,0,0,0,0
workmanship,0,0,0,0,0,0,1,0,0,0,0,0
stitch,0,0,0,0,0,0,2,0,0,0,1,0
neat,2,0,0,0,0,0,0,0,0,0,0,0
masterpiece,0,0,0,0,0,0,1,0,0,0,0,0
customer,0,0,0,0,0,0,1,0,0,0,0,0
suit,0,0,0,0,0,0,4,0,0,0,2,0
willingly,0,0,9,0,0,0,0,0,0,0,0,0
high,4,0,1,0,0,0,0,0,0,0,0,0
usual,4,0,0,0,0,0,0,0,0,0,0,0
betime,0,0,0,0,0,0,2,0,0,0,0,0
buyer,0,0,0,0,0,0,1,0,0,0,0,0
handsomely,0,0,1,0,0,0,0,0,0,0,0,0
overnight,0,0,1,0,0,0,0,0,0,0,0,0
daybreak,0,0,0,0,0,0,3,0,0,0,0,0
thrive,0,0,0,0,0,0,0,0,0,0,1,0
chat,0,0,0,0,0,0,0,0,0,0,1,0
tonight,0,0,0,0,0,0,1,0,0,0,0,0
burning,0,0,0,0,0,0,2,0,0,0,0,0
corner,0,0,0,0,0,0,13,0,0,0,0,0
curtain,0,0,0,0,0,0,1,0,0,0,0,0
midnight,0,0,0,0,0,0,6,0,0,0,0,0
ply,0,0,0,0,0,0,0,0,0,0,1,0
finger,0,0,0,0,0,0,24,0,0,0,0,0
rap,0,0,0,0,0,0,0,0,0,0,1,0
rate,0,0,0,0,0,0,4,0,0,0,0,0
bustle,0,0,0,0,0,0,1,0,0,0,1,0
lightning,0,0,0,0,0,0,4,0,0,0,0,0
wight,0,0,0,0,0,0,1,0,0,0,0,0
ought,0,0,0,9,0,0,0,0,0,0,0,0
thankful,1,0,0,0,0,0,0,0,0,0,0,0
decent,1,0,0,0,0,0,0,0,0,0,0,0
back,0,0,0,0,0,0,1,0,0,0,0,0
cold,10,0,0,0,0,0,1,0,0,0,0,0
shirt,0,0,0,0,0,0,2,0,0,0,0,0
coat,0,0,0,0,0,0,8,0,0,0,0,0
waistcoat,0,0,0,0,0,0,1,0,0,0,0,0
pantaloon,0,0,0,0,0,0,1,0,0,0,0,0
please,0,0,0,0,0,0,0,0,0,0,12,0
cobbler,0,0,0,0,0,0,1,0,0,0,0,0
instead,0,0,4,0,0,0,0,0,0,0,0,0
elf,0,0,0,0,0,0,2,0,0,0,0,0
skip,0,0,0,0,0,0,0,0,0,0,2,0
chuckle,0,0,0,0,0,0,0,0,0,0,1,0
mightily,0,0,1,0,0,0,0,0,0,0,0,0
delighted,1,0,0,0,0,0,0,0,0,0,0,0
twinkling,0,0,0,0,0,0,1,0,0,0,0,0
couple,0,0,0,0,0,0,2,0,0,0,0,0
forward,0,0,5,0,0,0,0,0,0,0,0,0
dearly,0,0,2,0,0,0,0,0,0,0,0,0
sorrow,0,0,0,0,0,0,3,0,0,0,1,0
greatly,0,0,7,0,0,0,0,0,0,0,0,0
desire,0,0,0,0,0,0,3,0,0,0,8,0
remain,0,0,0,0,0,0,0,0,0,0,16,0
childless,1,0,0,0,0,0,0,0,0,0,0,0
juniper,0,0,0,0,0,0,16,0,0,0,0,0
winter,0,0,0,0,0,0,5,0,0,0,0,0
peel,0,0,0,0,0,0,0,0,0,0,2,0
sigh,0,0,0,0,0,0,0,0,0,0,6,0
heavily,0,0,2,0,0,0,0,0,0,0,0,0
speak,0,0,0,0,0,0,0,0,0,0,15,0
glad,12,0,0,0,0,0,0,0,0,0,0,0
comforted,2,0,0,0,0,0,0,0,0,0,0,0
month,0,0,0,0,0,0,5,0,0,0,0,0
disappear,0,0,0,0,0,0,0,0,0,0,5,0
earth,0,0,0,0,0,0,12,0,0,0,0,0
bud,0,0,0,0,0,0,0,0,0,0,1,0
thickly,0,0,1,0,0,0,0,0,0,0,0,0
intertwine,0,0,0,0,0,0,0,0,0,0,1,0
blossom,0,0,0,0,0,0,1,0,0,0,0,0
scent,0,0,0,0,0,0,3,0,0,0,0,0
firm,2,0,0,0,0,0,0,0,0,0,0,0
peace,0,0,0,0,0,0,8,0,0,0,0,0
berry,0,0,0,0,0,0,2,0,0,0,0,0
eagerly,0,0,2,0,0,0,0,0,0,0,0,0
ill,8,0,12,0,0,0,1,0,0,0,0,0
later,0,0,3,0,0,0,0,0,0,0,0,0
happy,7,0,0,0,0,0,0,0,0,0,0,0
bitterly,0,0,2,0,0,0,0,0,0,0,0,0
degree,0,0,0,0,0,0,1,0,0,0,0,0
loss,0,0,0,0,0,0,4,0,0,0,0,0
able,15,0,0,0,0,0,0,0,0,0,0,0
bear,0,0,0,0,0,0,17,0,0,0,10,0
pierce,0,0,0,0,0,0,0,0,0,0,1,0
continually,0,0,6,0,0,0,0,0,0,0,0,0
property,0,0,0,0,0,0,2,0,0,0,0,0
evil,7,0,0,0,0,0,2,0,0,0,0,0
possession,0,0,0,0,0,0,2,0,0,0,0,0
behave,0,0,0,0,0,0,0,0,0,0,16,0
unkindly,0,0,1,0,0,0,0,0,0,0,0,0
drive,0,0,0,0,0,0,0,0,0,0,18,0
cuffing,0,0,0,0,0,0,1,0,0,0,0,0
buffeting,0,0,0,0,0,0,1,0,0,0,0,0
school,0,0,0,0,0,0,3,0,0,0,0,0
store,0,0,0,0,0,0,3,0,0,0,0,0
chest,0,0,0,0,0,0,6,0,0,0,0,0
iron,0,0,0,0,0,0,11,0,0,0,0,0
spirit,0,0,0,0,0,0,6,0,0,0,0,0
enter,0,0,0,0,0,0,0,0,0,0,9,0
snatch,0,0,0,0,0,0,0,0,0,0,2,0
kindly,0,0,5,0,0,0,0,0,0,0,0,0
dreadful,2,0,0,0,0,0,0,0,0,0,0,0
bend,0,0,0,0,0,0,0,0,0,0,4,0
urge,0,0,0,0,0,0,0,0,0,0,2,0
crash,0,0,0,0,0,0,0,0,0,0,2,0
overwhelm,0,0,0,0,0,0,0,0,0,0,2,0
prevent,0,0,0,0,0,0,0,0,0,0,2,0
handkerchief,0,0,0,0,0,0,6,0,0,0,0,0
drawer,0,0,0,0,0,0,2,0,0,0,0,0
pot,0,0,0,0,0,0,4,0,0,0,0,0
boil,0,0,0,0,0,0,0,0,0,0,2,0
frighten,0,0,0,0,0,0,0,0,0,0,3,0
box,0,0,0,0,0,0,2,0,0,0,0,0
ear,0,0,0,0,0,0,5,0,0,0,0,0
roll,0,0,0,0,0,0,1,0,0,0,10,0
terrified,2,0,0,0,0,0,0,0,0,0,0,0
silence,0,0,0,0,0,0,1,0,0,0,0,0
undo,0,0,0,0,0,0,0,0,0,0,2,0
pudding,0,0,0,0,0,0,3,0,0,0,0,0
salt,0,0,0,0,0,0,2,0,0,0,0,0
cease,0,0,0,0,0,0,0,0,0,0,2,0
country,0,0,0,0,0,0,10,0,0,0,0,0
uncle,0,0,0,0,0,0,1,0,0,0,0,0
goodbye,0,0,0,0,0,22,4,0,0,0,0,0
week,0,0,0,0,0,0,1,0,0,0,0,0
unhappy,2,0,0,0,0,0,0,0,0,0,0,0
wrap,0,0,0,0,0,0,0,0,0,0,2,0
sadness,0,0,0,0,0,0,1,0,0,0,0,0
backwards,0,0,5,0,0,0,0,0,0,0,0,0
forwards,0,0,5,0,0,0,0,0,0,0,0,0
clap,0,0,0,0,0,0,0,0,0,0,2,0
mist,0,0,0,0,0,0,2,0,0,0,0,0
magnificently,0,0,2,0,0,0,0,0,0,0,0,0
lighthearted,3,0,0,0,0,0,0,0,0,0,0,0
cheerfully,0,0,1,0,0,0,0,0,0,0,0,0
ate,0,0,0,0,0,0,0,0,0,0,3,0
goldsmith,0,0,0,0,0,0,4,0,0,0,0,0
kerchief,0,0,0,0,0,0,8,0,0,0,0,0
underneath,0,7,1,0,0,0,0,0,0,0,0,0
workshop,0,0,0,0,0,0,1,0,0,0,0,0
chain,0,0,0,0,0,0,12,0,0,0,0,0
roof,0,0,0,0,0,0,5,0,0,0,0,0
cross,1,0,0,0,0,0,1,0,0,0,3,0
threshold,0,0,0,0,0,0,3,0,0,0,0,0
sock,0,0,0,0,0,0,1,0,0,0,0,0
apron,0,0,0,0,0,0,1,0,0,0,0,0
pincer,0,0,0,0,0,0,1,0,0,0,0,0
gaze,0,0,0,0,0,0,0,0,0,0,3,0
brightly,0,0,2,0,0,0,0,0,0,0,0,0
beautifully,0,0,5,0,0,0,0,0,0,0,0,0
claw,0,0,0,0,0,0,5,0,0,0,0,0
settle,0,0,0,0,0,0,0,0,0,0,7,0
sleeve,0,0,0,0,0,0,5,0,0,0,0,0
blind,0,0,0,0,0,0,0,0,0,0,1,0
apprentice,0,0,0,0,0,0,1,0,0,0,0,0
splendid,4,0,0,0,0,0,0,0,0,0,0,0
burnished,1,0,0,0,0,0,0,0,0,0,0,0
bright,4,0,0,0,0,0,0,0,0,0,0,0
star,0,0,0,0,0,0,18,0,0,0,0,0
garret,0,0,0,0,0,0,1,0,0,0,0,0
upper,2,0,0,0,0,0,0,0,0,0,0,0
shelf,0,0,0,0,0,0,1,0,0,0,0,0
finish,0,0,0,0,0,0,0,0,0,0,6,0
mill,0,0,0,0,0,0,6,0,0,0,0,0
clack,0,0,0,0,0,0,4,0,0,0,0,0
click,0,0,0,0,0,0,4,0,0,0,0,0
hew,0,0,0,0,0,0,0,0,0,0,3,0
hack,0,0,0,0,0,0,2,0,0,0,0,0
hick,0,0,0,0,0,0,2,0,0,0,0,0
lime,0,0,0,0,0,0,1,0,0,0,0,0
millstone,0,0,0,0,0,0,3,0,0,0,0,0
beam,0,0,0,0,0,0,1,0,0,0,0,0
hole,0,0,0,0,0,0,9,0,0,0,0,0
collar,0,0,0,0,0,0,1,0,0,0,0,0
uneasy,4,0,0,0,0,0,0,0,0,0,0,0
thunderstorm,0,0,0,0,0,0,1,0,0,0,0,0
distress,0,0,0,0,0,0,1,0,0,0,0,0
uneasiness,0,0,0,0,0,0,1,0,0,0,0,0
tooth,0,0,0,0,0,0,4,0,0,0,0,0
plate,0,0,0,0,0,0,7,0,0,0,0,0
wet,1,0,0,0,0,0,0,0,0,0,0,0
roar,0,0,0,0,0,0,0,0,0,0,4,0
violent,1,0,0,0,0,0,0,0,0,0,0,0
storm,0,0,0,0,0,0,1,0,0,0,0,0
flash,0,0,0,0,0,0,0,0,0,0,3,0
warm,5,0,0,0,0,0,0,0,0,0,10,0
delicious,1,0,0,0,0,0,0,0,0,0,0,0
spice,0,0,0,0,0,0,1,0,0,0,0,0
sob,0,0,0,0,0,0,0,0,0,0,1,0
floor,0,0,0,0,0,0,3,0,0,0,0,0
cap,0,0,0,0,0,0,10,0,0,0,0,0
flame,0,0,0,0,0,0,2,0,0,0,0,0
lighten,0,0,0,0,0,0,0,0,0,0,1,0
misery,0,0,0,0,0,0,1,0,0,0,0,0
crush,0,0,0,0,0,0,0,0,0,0,1,0
soldier,0,0,0,0,0,0,33,0,0,0,0,0
better,0,0,0,0,0,0,0,0,0,0,1,0
gardener,0,0,0,0,0,0,14,0,0,0,0,0
dig,0,0,0,0,0,0,0,0,0,0,4,0
sow,0,0,0,0,0,0,0,0,0,0,1,0
turnip,0,0,0,0,0,0,7,0,0,0,0,0
cart,0,0,0,0,0,0,6,0,0,0,0,0
ox,0,0,0,0,0,0,1,0,0,0,0,0
blessing,0,0,0,0,0,0,1,0,0,0,0,0
curse,0,0,0,0,0,0,1,0,0,0,2,0
sell,0,0,0,0,0,0,0,0,0,0,7,0
mark,0,0,0,0,0,0,4,0,0,0,2,0
respect,0,0,0,0,0,0,2,0,0,0,0,0
yoke,0,0,0,0,0,0,0,0,0,0,1,0
oxen,0,0,0,0,0,0,3,0,0,0,0,0
wonderful,10,0,0,0,0,0,0,0,0,0,0,0
aside,0,0,3,0,0,0,0,0,0,0,0,0
majesty,0,0,0,0,0,0,1,0,0,0,0,0
everybody,0,0,0,0,0,0,0,0,3,0,0,0
flock,0,0,0,0,0,0,3,0,0,0,0,0
compare,0,0,0,0,0,0,0,0,0,0,2,0
envy,0,0,0,0,0,0,1,0,0,0,1,0
sorely,0,0,2,0,0,0,0,0,0,0,0,0
bethink,0,0,0,0,0,0,0,0,0,0,2,0
contrive,0,0,0,0,0,0,0,0,0,0,3,0
determine,0,0,0,0,0,0,0,0,0,0,1,0
manage,0,0,0,0,0,0,0,0,0,0,7,0
cleverly,0,0,1,0,0,0,0,0,0,0,0,0
receive,0,0,0,0,0,0,0,0,0,0,6,0
worth,4,0,0,0,0,0,0,0,0,0,0,0
graciously,0,0,1,0,0,0,0,0,0,0,0,0
valuable,2,0,0,0,0,0,0,0,0,0,0,0
vent,0,0,0,0,0,0,0,0,0,0,1,0
rage,0,0,0,0,0,0,4,0,0,0,0,0
spite,0,0,0,0,0,0,2,0,0,0,0,0
resolve,0,0,0,0,0,0,0,0,0,0,1,0
hire,0,0,0,0,0,0,0,0,0,0,1,0
villain,0,0,0,0,0,0,1,0,0,0,0,0
murder,0,0,0,0,0,0,0,0,0,0,1,0
ambush,0,0,0,0,0,0,1,0,0,0,0,0
treasure,0,0,0,0,0,0,11,0,0,0,0,0
share,0,0,0,0,0,0,1,0,0,0,4,0
roguery,0,0,0,0,0,0,3,0,0,0,0,0
murderer,0,0,0,0,0,0,1,0,0,0,0,0
rush,0,0,0,0,0,0,2,0,0,0,1,0
trampling,0,0,0,0,0,0,1,0,0,0,0,0
swing,0,0,0,0,0,0,0,0,0,0,3,0
cord,0,0,0,0,0,0,3,0,0,0,0,0
dangle,0,0,0,0,0,0,0,0,0,0,2,0
meantime,0,0,4,0,0,0,3,0,0,0,0,0
horseman,0,0,0,0,0,0,1,0,0,0,0,0
student,0,0,0,0,0,0,6,0,0,0,0,0
nag,0,0,0,0,0,0,2,0,0,0,0,0
thee,0,0,0,0,0,0,0,0,19,0,0,0
thine,0,0,0,0,0,0,0,0,4,0,0,0
behold,0,0,0,0,0,0,0,0,0,0,3,0
learn,0,0,0,0,0,0,0,0,0,0,46,0
wondrous,2,0,0,0,0,0,0,0,0,0,0,0
seat,0,0,0,0,0,0,3,0,0,0,4,0
learning,0,0,0,0,0,0,1,0,0,0,0,0
forth,0,1,19,0,0,0,0,0,0,0,0,0
discern,0,0,0,0,0,0,0,0,0,0,1,0
sign,0,0,0,0,0,0,3,0,0,0,1,0
law,0,0,0,0,0,0,2,0,0,0,0,0
control,0,0,0,0,0,0,0,0,0,0,1,0
number,0,0,0,0,0,0,2,0,0,0,0,0
seashore,0,0,0,0,0,0,1,0,0,0,0,0
healing,0,0,0,0,0,0,1,0,0,0,0,0
virtue,0,0,0,0,0,0,1,0,0,0,0,0
precious,5,0,0,0,0,0,0,0,0,0,0,0
wert,0,0,0,0,0,0,0,0,0,0,2,0
wouldst,0,0,0,1,0,0,0,0,0,0,0,0
knowledge,0,0,0,0,0,0,2,0,0,0,0,0
bless,0,0,0,0,0,0,0,0,0,0,1,0
unwillingly,0,0,2,0,0,0,0,0,0,0,0,0
space,0,0,0,0,0,0,2,0,0,0,0,0
wilt,0,0,0,2,0,0,0,0,0,0,1,0
entreat,0,0,0,0,0,0,0,0,0,0,4,0
tarry,0,0,0,0,0,0,0,0,0,0,2,0
earnestly,0,0,1,0,0,0,0,0,0,0,0,0
ascend,0,0,0,0,0,0,0,0,0,0,4,0
forthwith,0,0,2,0,0,0,0,0,0,0,0,0
pretend,0,0,0,0,0,0,0,0,0,0,2,0
descend,0,0,0,0,0,0,0,0,0,0,1,0
untie,0,0,0,0,0,0,0,0,0,0,1,0
yonder,0,0,1,0,0,0,0,0,1,0,0,0
shalt,0,0,0,2,0,0,0,0,0,0,0,0
free,22,0,0,0,0,0,0,0,0,0,5,0
searcher,0,0,0,0,0,0,1,0,0,0,0,0
dost,0,0,0,2,0,0,0,0,0,0,0,0
unto,0,3,0,0,0,0,0,0,0,0,0,0
trot,0,0,0,0,0,0,0,0,0,0,4,0
somebody,0,0,0,0,0,0,0,0,3,0,0,0
stick,0,0,0,0,0,0,6,0,0,0,6,0
hay,0,0,0,0,0,0,4,0,0,0,1,0
gave,0,0,0,0,0,0,0,0,0,0,1,0
stuck,0,0,0,0,0,0,0,0,0,0,2,0
put,0,0,0,0,0,0,0,0,0,0,2,0
suffocate,0,0,0,0,0,0,0,0,0,0,1,0
rope,0,0,0,0,0,0,9,0,0,0,0,0
bacon,0,0,0,0,0,0,6,0,0,0,0,0
dog,0,0,0,0,0,0,19,0,0,0,0,0
calf,0,0,0,0,0,0,7,0,0,0,0,0
kick,0,0,0,0,0,0,0,0,0,0,2,0
stall,0,0,0,0,0,0,4,0,0,0,0,0
rack,0,0,0,0,0,0,2,0,0,0,0,0
scatter,0,0,0,0,0,0,0,0,0,0,2,0
cast,0,0,0,0,0,0,0,0,0,0,2,0
friendly,5,0,0,0,0,0,0,0,0,0,0,0
sheep,0,0,0,0,0,0,1,0,0,0,0,0
loose,1,0,0,0,0,0,0,0,0,0,1,0
aged,1,0,0,0,0,0,0,0,0,0,0,0
count,0,0,0,0,0,0,3,0,0,0,3,0
hark,0,0,0,0,0,0,0,0,0,0,1,0
celebrated,1,0,0,0,0,0,0,0,0,0,0,0
town,0,0,0,0,0,0,11,0,0,0,0,0
bark,0,0,0,0,0,0,0,0,0,0,5,0
lost,1,0,0,0,0,0,0,0,0,0,0,0
spend,0,0,0,0,0,0,0,0,0,0,6,0
ashamed,2,0,0,0,0,0,0,0,0,0,0,0
frog,0,0,0,0,0,0,3,0,0,0,0,0
croak,0,0,0,0,0,0,0,0,0,0,2,0
furious,2,0,0,0,0,0,0,0,0,0,0,0
command,0,0,0,0,0,0,3,0,0,0,2,0
deer,0,0,0,0,0,0,1,0,0,0,0,0
token,0,0,0,0,0,0,3,0,0,0,0,0
fortress,0,0,0,0,0,0,1,0,0,0,0,0
lodging,0,0,0,0,0,0,3,0,0,0,0,0
lord,0,0,0,0,0,0,13,0,0,0,0,0
tower,0,0,0,0,0,0,6,0,0,0,0,0
warn,0,0,0,0,0,0,0,0,0,0,1,0
peril,0,0,0,0,0,0,1,0,0,0,0,0
wild,21,0,0,0,0,0,0,0,0,0,0,0
certain,3,0,0,0,0,0,0,0,0,0,0,0
district,0,0,0,0,0,0,1,0,0,0,0,0
dismay,0,0,0,0,0,0,1,0,0,0,0,0
harm,0,0,0,0,0,0,4,0,0,0,1,0
wag,0,0,0,0,0,0,0,0,0,0,1,0
tail,0,0,0,0,0,0,8,0,0,0,0,0
amicably,0,0,1,0,0,0,0,0,0,0,0,0
astonishment,0,0,0,0,0,0,2,0,0,0,0,0
unharmed,1,0,0,0,0,0,0,0,0,0,0,0
reveal,0,0,0,0,0,0,0,0,0,0,2,0
dwell,0,0,0,0,0,0,0,0,0,0,3,0
bewitch,0,0,0,0,0,0,0,0,0,0,2,0
oblige,0,0,0,0,0,0,0,0,0,0,6,0
discourse,0,0,0,0,0,0,1,0,0,0,0,0
adopt,0,0,0,0,0,0,0,0,0,0,1,0
accomplish,0,0,0,0,0,0,0,0,0,0,2,0
successfully,0,0,1,0,0,0,0,0,0,0,0,0
thoroughly,0,0,1,0,0,0,0,0,0,0,0,0
howling,0,0,0,0,0,0,3,0,0,0,0,0
henceforth,0,0,2,0,0,0,0,0,0,0,0,0
marsh,0,0,0,0,0,0,1,0,0,0,0,0
thoughtful,2,0,0,0,0,0,0,0,0,0,0,0
arrive,0,0,0,0,0,0,0,0,0,0,3,0
cardinal,0,0,0,0,0,0,1,0,0,0,0,0
appoint,0,0,0,0,0,0,0,0,0,0,1,0
successor,0,0,0,0,0,0,1,0,0,0,0,0
person,0,0,0,0,0,0,2,0,0,0,0,0
pope,0,0,0,0,0,0,2,0,0,0,0,0
distinguish,0,0,0,0,0,0,0,0,0,0,1,0
divine,1,0,0,0,0,0,0,0,0,0,0,0
miraculous,1,0,0,0,0,0,0,0,0,0,0,0
decide,0,0,0,0,0,0,0,0,0,0,2,0
church,0,0,0,0,0,0,4,0,0,0,0,0
ecclesiastic,0,0,0,0,0,0,1,0,0,0,0,0
recognize,0,0,0,0,0,0,0,0,0,0,4,0
undecided,1,0,0,0,0,0,0,0,0,0,0,0
worthy,1,0,0,0,0,0,0,0,0,0,0,0
counsel,0,0,0,0,0,0,2,0,0,0,1,0
anoint,0,0,0,0,0,0,0,0,0,0,1,0
consecrate,0,0,0,0,0,0,0,0,0,0,1,0
fulfil,0,0,0,0,0,0,0,0,0,0,3,0
affect,0,0,0,0,0,0,0,0,0,0,1,0
mass,0,0,0,0,0,0,1,0,0,0,0,0
cat,0,0,0,0,0,0,21,0,0,0,0,0
fox,0,0,0,0,0,0,18,0,0,0,0,0
experience,0,0,0,0,0,0,1,0,0,0,0,0
esteem,0,0,0,0,0,0,0,0,0,0,1,0
arrogance,0,0,0,0,0,0,1,0,0,0,0,0
wretched,1,0,0,0,0,0,0,0,0,0,0,0
beard,0,0,0,0,0,0,16,0,0,0,0,0
cleaner,0,0,0,0,0,0,1,0,0,0,0,0
piebald,1,0,0,0,0,0,0,0,0,0,0,0
fool,0,0,0,0,0,0,3,0,0,0,0,0
hungry,7,0,0,0,0,0,0,0,0,0,0,0
mouse,0,0,0,0,0,0,2,0,0,0,0,0
hunter,0,0,0,0,0,0,3,0,0,0,0,0
cheek,0,0,0,0,0,0,1,0,0,0,0,0
modestly,0,0,1,0,0,0,0,0,0,0,0,0
hound,0,0,0,0,0,0,2,0,0,0,0,0
sackful,0,0,0,0,0,0,1,0,0,0,0,0
cunning,2,0,0,0,0,0,1,0,0,0,0,0
teach,0,0,0,0,0,0,0,0,0,0,5,0
nimbly,0,0,1,0,0,0,0,0,0,0,0,0
foliage,0,0,0,0,0,0,1,0,0,0,0,0
conceal,0,0,0,0,0,0,0,0,0,0,2,0
lurch,0,0,0,0,0,0,1,0,0,0,0,0
climb,0,0,0,0,0,0,0,0,0,0,7,0
craft,0,0,0,0,0,0,5,0,0,0,0,0
walking,0,0,0,0,0,0,1,0,0,0,0,0
bundle,0,0,0,0,0,0,2,0,0,0,0,0
gate,0,0,0,0,0,0,11,0,0,0,0,0
crossway,0,0,0,0,0,0,1,0,0,0,0,0
different,3,0,0,0,0,0,0,0,0,0,0,0
trade,0,0,0,0,0,0,5,0,0,0,0,0
calling,0,0,0,0,0,0,1,0,0,0,0,0
game,0,0,0,0,0,0,5,0,0,0,0,0
meddle,0,0,0,0,0,0,0,0,0,0,1,0
escape,0,0,0,0,0,0,1,0,0,0,3,0
gazer,0,0,0,0,0,0,6,0,0,0,0,0
noble,4,0,0,0,0,0,0,0,0,0,0,0
plan,0,0,0,0,0,0,3,0,0,0,0,0
skilful,2,0,0,0,0,0,0,0,0,0,0,0
glass,0,0,0,0,0,0,18,0,0,0,0,0
huntsman,0,0,0,0,0,0,46,0,0,0,0,0
hunting,0,0,0,0,0,0,1,0,0,0,0,0
hit,0,0,0,0,0,0,1,0,0,0,1,0
legged,5,0,0,0,0,0,0,0,0,0,0,0
goose,0,0,0,0,0,0,10,0,0,0,0,0
tailoring,0,0,0,0,0,0,2,0,0,0,0,0
beginning,0,0,0,0,0,0,1,0,0,0,0,0
steel,0,0,0,0,0,0,1,0,0,0,0,0
joint,0,0,0,0,0,0,1,0,0,0,0,0
seam,0,0,0,0,0,0,1,0,0,0,0,0
road,0,0,0,0,0,0,9,0,0,0,0,0
welcome,0,0,0,0,0,0,0,0,0,0,7,0
hatch,0,0,0,0,0,0,0,0,0,0,2,0
ease,0,0,0,0,0,0,2,0,0,0,1,0
shot,0,0,0,0,0,0,3,0,0,0,0,0
neatly,0,0,1,0,0,0,0,0,0,0,0,0
crawl,0,0,0,0,0,0,0,0,0,0,1,0
streak,0,0,0,0,0,0,1,0,0,0,0,0
knowing,0,0,0,0,0,0,1,0,0,0,0,0
prize,0,0,0,0,0,0,5,0,0,0,0,0
skill,0,0,0,0,0,0,5,0,0,0,0,0
mighty,3,0,0,0,0,0,0,0,0,0,0,0
dragon,0,0,0,0,0,0,14,0,0,0,0,0
mourn,0,0,0,0,0,0,0,0,0,0,2,0
chance,0,0,0,0,0,0,4,0,0,0,1,0
afar,0,0,1,0,0,0,0,0,0,0,0,0
rock,0,0,0,0,0,0,10,0,0,0,0,0
spy,0,0,0,0,0,0,0,0,0,0,1,0
ship,0,0,0,0,0,0,9,0,0,0,0,0
sail,0,0,0,0,0,0,0,0,0,0,6,0
lap,0,0,0,0,0,0,3,0,0,0,0,0
gently,0,0,2,0,0,0,0,0,0,0,0,0
boat,0,0,0,0,0,0,11,0,0,0,0,0
pounce,0,0,0,0,0,0,0,0,0,0,1,0
straight,1,0,7,0,0,0,0,0,0,0,0,0
overset,0,0,0,0,0,0,0,0,0,0,2,0
plank,0,0,0,0,0,0,2,0,0,0,0,0
tack,0,0,0,0,0,0,0,0,0,0,1,0
arise,0,0,0,0,0,0,0,0,0,0,6,0
quarrel,0,0,0,0,0,0,1,0,0,0,2,0
truth,0,0,0,0,0,0,6,0,0,0,0,0
happily,0,0,6,0,0,0,0,0,0,0,0,0
craftsman,0,0,0,0,0,0,1,0,0,0,0,0
merchant,0,0,0,0,0,0,12,0,0,0,0,0
jewel,0,0,0,0,0,0,3,0,0,0,0,0
rose,0,0,0,0,0,0,17,0,0,0,0,0
fond,3,0,0,0,0,0,0,0,0,0,0,0
flower,0,0,0,0,0,0,10,0,0,0,0,0
kiss,0,0,0,0,0,0,0,0,0,0,7,0
summer,0,0,0,0,0,0,4,0,0,0,0,0
bloom,0,0,0,0,0,0,1,0,0,0,0,0
dreary,2,0,0,0,0,0,0,0,0,0,0,0
lucky,5,0,0,0,0,0,0,0,0,0,0,0
fierce,2,0,0,0,0,0,0,0,0,0,0,0
lion,0,0,0,0,0,0,31,0,0,0,0,0
unwilling,3,0,0,0,0,0,0,0,0,0,0,0
yield,0,0,0,0,0,0,0,0,0,0,2,0
dearest,3,0,0,0,0,0,0,0,0,0,0,0
sorrowful,9,0,0,0,0,0,0,0,0,0,0,0
alas,0,0,0,0,0,6,0,0,0,0,0,0
comfort,0,0,0,0,0,0,1,0,0,0,3,0
soothe,0,0,0,0,0,0,0,0,0,0,2,0
bold,1,0,0,0,0,0,0,0,0,0,0,0
enchanted,5,0,0,0,0,0,0,0,0,0,0,0
courteously,0,0,1,0,0,0,0,0,0,0,0,0
visit,0,0,0,0,0,0,1,0,0,0,2,0
hazardous,1,0,0,0,0,0,0,0,0,0,0,0
torch,0,0,0,0,0,0,3,0,0,0,0,0
enchantment,0,0,0,0,0,0,4,0,0,0,0,0
change,0,0,0,0,0,0,1,0,0,0,4,0
hall,0,0,0,0,0,0,5,0,0,0,0,0
thick,2,0,0,0,0,0,0,0,0,0,0,0
unluckily,0,0,2,0,0,0,0,0,0,0,0,0
crack,0,0,0,0,0,0,1,0,0,0,1,0
pomp,0,0,0,0,0,0,2,0,0,0,0,0
train,0,0,0,0,0,0,2,0,0,0,1,0
moment,0,0,0,0,0,0,9,0,0,0,0,0
overtake,0,0,0,0,0,0,0,0,0,0,3,0
rove,0,0,0,0,0,0,0,0,0,0,1,0
repose,0,0,0,0,0,0,1,0,0,0,0,0
aid,0,0,0,0,0,0,2,0,0,0,2,0
shinest,0,0,0,0,0,0,0,0,0,0,2,0
depth,0,0,0,0,0,0,1,0,0,0,0,0
casket,0,0,0,0,0,0,2,0,0,0,0,0
thank,0,0,0,0,0,0,1,0,0,0,8,0
eventide,0,0,0,0,0,0,1,0,0,0,0,0
moon,0,0,0,0,0,0,11,0,0,0,0,0
grove,0,0,0,0,0,0,1,0,0,0,0,0
blow,0,0,0,0,0,0,6,0,0,0,6,0
raise,0,0,0,0,0,0,0,0,0,0,5,0
blowest,0,0,0,0,0,0,0,0,0,0,1,0
leaf,0,0,0,0,0,0,2,0,0,0,0,0
east,0,0,0,0,0,0,1,0,0,0,0,0
west,0,0,0,0,0,0,1,0,0,0,0,0
south,0,0,0,0,0,0,1,0,0,0,0,0
flee,0,0,0,0,0,0,0,0,0,0,2,0
fight,0,0,0,0,0,0,0,0,0,0,4,0
separate,0,0,0,0,0,0,0,0,0,0,2,0
rod,0,0,0,0,0,0,2,0,0,0,0,0
comest,0,0,0,0,0,0,0,0,0,0,1,0
eleventh,2,0,0,0,0,0,0,0,0,0,0,0
smite,0,0,0,0,0,0,0,0,0,0,2,0
victory,0,0,0,0,0,0,4,0,0,0,0,0
griffin,0,0,0,0,0,0,5,0,0,0,0,0
winged,1,0,0,0,0,0,0,0,0,0,0,0
beloved,4,0,0,0,0,0,0,0,0,0,0,0
nut,0,0,0,0,0,0,5,0,0,0,0,0
continue,0,0,0,0,0,0,0,0,0,0,4,0
immediately,0,0,10,0,0,0,0,0,0,0,0,0
wanderer,0,0,0,0,0,0,1,0,0,0,0,0
pluck,0,0,0,0,0,0,0,0,0,0,2,0
release,0,0,0,0,0,0,0,0,0,0,1,0
arm,0,0,0,0,0,0,9,0,0,0,0,0
traveller,0,0,0,0,0,0,2,0,0,0,0,0
forsaken,1,0,0,0,0,0,0,0,0,0,0,0
forlorn,1,0,0,0,0,0,0,0,0,0,0,0
cock,0,0,0,0,0,0,5,0,0,0,0,0
crow,0,0,0,0,0,0,1,0,0,0,2,0
dazzling,1,0,0,0,0,0,0,0,0,0,0,0
palace,0,0,0,0,0,0,15,0,0,0,0,0
flesh,0,0,0,0,0,0,4,0,0,0,0,0
chamberlain,0,0,0,0,0,0,4,0,0,0,0,0
draught,0,0,0,0,0,0,7,0,0,0,0,0
soundly,0,0,1,0,0,0,0,0,0,0,0,0
whistling,0,0,0,0,0,0,1,0,0,0,0,0
fir,0,0,0,0,0,0,1,0,0,0,0,0
hen,0,0,0,0,0,0,1,0,0,0,0,0
chicken,0,0,0,0,0,0,1,0,0,0,0,0
pure,3,0,0,0,0,0,0,0,0,0,0,0
nestle,0,0,0,0,0,0,0,0,0,0,1,0
brood,0,0,0,0,0,0,2,0,0,0,0,0
betray,0,0,0,0,0,0,0,0,0,0,1,0
whistle,0,0,0,0,0,0,0,0,0,0,1,0
woe,0,0,0,0,0,0,2,0,0,0,0,0
befall,0,0,0,0,0,0,0,0,0,0,2,0
awaken,0,0,0,0,0,0,0,0,0,0,4,0
dream,0,0,0,0,0,0,4,0,0,0,0,0
hath,0,0,0,0,0,0,0,0,0,0,1,0
whereon,0,0,0,0,0,0,0,0,0,1,0,0
safely,0,0,3,0,0,0,0,0,0,0,0,0
comely,1,0,0,0,0,0,0,0,0,0,0,0
excellent,2,0,0,0,0,0,0,0,0,0,0,0
strong,10,0,0,0,0,0,0,0,0,0,0,0
adrift,4,0,0,0,0,0,0,0,0,0,0,0
melancholy,1,0,0,0,0,0,0,0,0,0,0,0
shelter,0,0,0,0,0,0,1,0,0,0,0,0
rain,0,0,0,0,0,0,1,0,0,0,1,0
lonely,2,0,0,0,0,0,0,0,0,0,0,0
begone,1,0,0,0,0,0,0,0,0,0,0,0
justice,0,0,0,0,0,0,1,0,0,0,0,0
avarice,0,0,0,0,0,0,1,0,0,0,0,0
cheer,0,0,0,0,0,0,2,0,0,0,0,0
stretch,0,0,0,0,0,0,0,0,0,0,8,0
stiff,1,0,0,0,0,0,0,0,0,0,0,0
cave,0,0,0,0,0,0,4,0,0,0,0,0
carcase,0,0,0,0,0,0,1,0,0,0,0,0
comfortably,0,0,3,0,0,0,0,0,0,0,0,0
den,0,0,0,0,0,0,1,0,0,0,0,0
leisure,0,0,0,0,0,0,1,0,0,0,0,0
advice,0,0,0,0,0,0,6,0,0,0,0,0
bellow,0,0,0,0,0,0,0,0,0,0,1,0
relent,0,0,0,0,0,0,0,0,0,0,1,0
faithfully,0,0,2,0,0,0,0,0,0,0,0,0
war,0,0,0,0,0,0,5,0,0,0,0,0
render,0,0,0,0,0,0,0,0,0,0,2,0
troubled,1,0,0,0,0,0,0,0,0,0,0,0
darkness,0,0,0,0,0,0,3,0,0,0,0,0
witch,0,0,0,0,0,0,15,0,0,0,0,0
oho,0,0,0,0,0,1,0,0,0,0,0,0
compassionate,1,0,0,0,0,0,0,0,0,0,0,0
consent,0,0,0,0,0,0,2,0,0,0,1,0
labour,0,0,0,0,0,0,0,0,0,0,1,0
today,0,0,0,0,0,0,2,0,0,0,0,0
payment,0,0,0,0,0,0,1,0,0,0,0,0
chop,0,0,0,0,0,0,0,0,0,0,2,0
load,0,0,0,0,0,0,2,0,0,0,1,0
propose,0,0,0,0,0,0,0,0,0,0,1,0
trifling,1,0,0,0,0,0,0,0,0,0,0,0
dry,1,0,0,0,0,0,0,0,0,0,1,0
blue,10,0,0,0,0,0,0,0,0,0,0,0
basket,0,0,0,0,0,0,4,0,0,0,0,0
signal,0,0,0,0,0,0,1,0,0,0,0,0
edge,0,0,0,0,0,0,1,0,0,0,0,0
intention,0,0,0,0,0,0,1,0,0,0,0,0
passion,0,0,0,0,0,0,1,0,0,0,0,0
moist,1,0,0,0,0,0,0,0,0,0,0,0
tobacco,0,0,0,0,0,0,1,0,0,0,0,0
pipe,0,0,0,0,0,0,5,0,0,0,0,0
smoke,0,0,0,0,0,0,2,0,0,0,3,0
circle,0,0,0,0,0,0,3,0,0,0,1,0
cavern,0,0,0,0,0,0,1,0,0,0,0,0
astonished,2,0,0,0,0,0,0,0,0,0,0,0
underground,1,0,0,0,0,0,0,0,0,0,0,0
passage,0,0,0,0,0,0,2,0,0,0,0,0
collect,0,0,0,0,0,0,0,0,0,0,2,0
tom,0,0,0,0,0,0,1,0,0,0,0,0
frightfully,0,0,1,0,0,0,0,0,0,0,0,0
reappear,0,0,0,0,0,0,0,0,0,0,1,0
summon,0,0,0,0,0,0,1,0,0,0,6,0
vanish,0,0,0,0,0,0,0,0,0,0,3,0
inn,0,0,0,0,0,0,4,0,0,0,0,0
landlord,0,0,0,0,0,0,1,0,0,0,0,0
furnish,0,0,0,0,0,0,0,0,0,0,1,0
manikin,0,0,0,0,0,0,10,0,0,0,0,0
dangerous,2,0,0,0,0,0,0,0,0,0,0,0
discover,0,0,0,0,0,0,0,0,0,0,1,0
aha,0,0,0,0,0,1,0,0,0,0,0,0
broom,0,0,0,0,0,0,2,0,0,0,0,0
sweep,0,0,0,0,0,0,0,0,0,0,4,0
boot,0,0,0,0,0,0,6,0,0,0,0,0
clean,3,0,0,0,0,0,0,0,0,0,3,0
brighten,0,0,0,0,0,0,0,0,0,0,1,0
opposition,0,0,0,0,0,0,2,0,0,0,0,0
silently,0,0,1,0,0,0,0,0,0,0,0,0
royal,6,0,0,0,0,0,0,0,0,0,0,0
rapidity,0,0,0,0,0,0,1,0,0,0,0,0
menial,1,0,0,0,0,0,0,0,0,0,0,0
track,0,0,0,0,0,0,3,0,0,0,0,0
unseen,1,0,0,0,0,0,0,0,0,0,0,0
certainly,0,0,4,0,0,0,0,0,0,0,0,0
crafty,1,0,0,0,0,0,0,0,0,0,0,0
compel,0,0,0,0,0,0,0,0,0,0,1,0
plot,0,0,0,0,0,0,3,0,0,0,0,0
expedient,1,0,0,0,0,0,0,0,0,0,0,0
counteract,0,0,0,0,0,0,0,0,0,0,1,0
stratagem,0,0,0,0,0,0,1,0,0,0,0,0
badly,0,0,2,0,0,0,0,0,0,0,0,0
entire,1,0,0,0,0,0,0,0,0,0,0,0
search,0,0,0,0,0,0,8,0,0,0,6,0
prison,0,0,0,0,0,0,1,0,0,0,0,0
flight,0,0,0,0,0,0,2,0,0,0,0,0
ducat,0,0,0,0,0,0,4,0,0,0,0,0
dungeon,0,0,0,0,0,0,1,0,0,0,0,0
comrade,0,0,0,0,0,0,3,0,0,0,0,0
pane,0,0,0,0,0,0,1,0,0,0,0,0
wheresoever,0,0,0,0,0,0,0,0,0,1,0,0
condemn,0,0,0,0,0,0,0,0,0,0,1,0
wreath,0,0,0,0,0,0,4,0,0,0,0,0
cudgel,0,0,0,0,0,0,2,0,0,0,1,0
constable,0,0,0,0,0,0,1,0,0,0,0,0
treat,0,0,0,0,0,0,0,0,0,0,4,0
dart,0,0,0,0,0,0,0,0,0,0,1,0
whosoever,0,0,0,0,0,0,0,0,2,0,0,0
venture,0,0,0,0,0,0,0,0,0,0,4,0
merely,0,0,1,0,0,0,0,0,0,0,0,0
troublesome,1,0,0,0,0,0,0,0,0,0,0,0
quiet,3,0,0,0,0,0,0,0,0,0,2,0
impatient,2,0,0,0,0,0,0,0,0,0,0,0
scarcely,0,0,8,0,0,0,0,0,0,0,0,0
parent,0,0,0,0,0,0,1,0,0,0,0,0
deep,7,0,1,0,0,0,0,0,0,0,0,0
tan,1,0,0,0,0,0,4,0,0,0,0,0
carriage,0,0,0,0,0,0,5,0,0,0,0,0
afternoon,0,0,0,0,0,0,1,0,0,0,0,0
successive,1,0,0,0,0,0,0,0,0,0,0,0
chestnut,0,0,0,0,0,0,3,0,0,0,0,0
fail,0,0,0,0,0,0,0,0,0,0,2,0
assure,0,0,0,0,0,0,0,0,0,0,1,0
wine,0,0,0,0,0,0,15,0,0,0,0,0
persuade,0,0,0,0,0,0,0,0,0,0,1,0
appointed,1,0,0,0,0,0,0,0,0,0,0,0
mount,0,0,0,0,0,0,0,0,0,0,5,0
feeling,0,0,0,0,0,0,1,0,0,0,0,0
fatigue,0,0,0,0,0,0,1,0,0,0,0,0
resist,0,0,0,0,0,0,0,0,0,0,2,0
determined,1,0,0,0,0,0,0,0,0,0,0,0
minute,0,0,0,0,0,0,1,0,0,0,0,0
accord,0,0,0,0,0,0,2,0,0,0,1,0
noon,0,0,0,0,0,0,1,0,0,0,0,0
persistent,1,0,0,0,0,0,0,0,0,0,0,0
limb,0,0,0,0,0,0,2,0,0,0,0,0
support,0,0,0,0,0,0,0,0,0,0,2,0
upright,0,0,1,0,0,0,0,0,0,0,0,0
impossible,3,0,0,0,0,0,0,0,0,0,0,0
following,3,0,0,0,0,0,0,0,0,0,0,0
smell,0,0,0,0,0,0,0,0,0,0,2,0
temptation,0,0,0,0,0,0,1,0,0,0,0,0
weariness,0,0,0,0,0,0,2,0,0,0,0,0
previous,1,0,0,0,0,0,0,0,0,0,0,0
log,0,0,0,0,0,0,2,0,0,0,0,0
approach,0,0,0,0,0,0,0,0,0,0,3,0
coachman,0,0,0,0,0,0,1,0,0,0,0,0
mournfully,0,0,2,0,0,0,0,0,0,0,0,0
effort,0,0,0,0,0,0,1,0,0,0,0,0
avail,0,0,0,0,0,0,2,0,0,0,0,0
loaf,0,0,0,0,0,0,6,0,0,0,0,0
meat,0,0,0,0,0,0,6,0,0,0,0,0
flask,0,0,0,0,0,0,1,0,0,0,0,0
engrave,0,0,0,0,0,0,0,0,0,0,1,0
finally,0,0,1,0,0,0,0,0,0,0,0,0
letter,0,0,0,0,0,0,2,0,0,0,0,0
particular,0,0,0,0,0,0,1,0,0,0,0,0
read,0,0,0,0,0,0,0,0,0,0,3,0
delay,0,0,0,0,0,0,1,0,0,0,1,0
eager,1,0,0,0,0,0,0,0,0,0,0,0
start,0,0,0,0,0,0,0,0,0,0,3,0
idea,0,0,0,0,0,0,2,0,0,0,0,0
direction,0,0,0,0,0,0,1,0,0,0,0,0
fourteen,0,0,0,0,0,0,0,1,0,0,0,0
pursue,0,0,0,0,0,0,0,0,0,0,5,0
wailing,0,0,0,0,0,0,1,0,0,0,0,0
glimmer,0,0,0,0,0,0,1,0,0,0,0,0
ahead,0,0,1,0,0,0,0,0,0,0,0,0
contrast,0,0,0,0,0,0,1,0,0,0,0,0
height,0,0,0,0,0,0,1,0,0,0,0,0
immense,1,0,0,0,0,0,0,0,0,0,0,0
giant,0,0,0,0,0,0,13,0,0,0,0,0
courage,0,0,0,0,0,0,1,0,0,0,0,0
indoors,0,0,1,0,0,0,0,0,0,0,0,0
unconsumed,1,0,0,0,0,0,0,0,0,0,0,0
drank,0,0,0,0,0,0,0,0,0,0,4,0
content,0,0,0,0,0,0,1,0,0,0,0,0
direct,0,0,0,0,0,0,0,0,0,0,1,0
map,0,0,0,0,0,0,6,0,0,0,0,0
provision,0,0,0,0,0,0,1,0,0,0,0,0
appease,0,0,0,0,0,0,0,0,0,0,2,0
accordingly,0,0,1,0,0,0,0,0,0,0,0,0
mile,0,0,0,0,0,0,1,0,0,0,0,0
neighbourhood,0,0,0,0,0,0,1,0,0,0,0,0
league,0,0,0,0,0,0,1,0,0,0,0,0
remainder,0,0,0,0,0,0,1,0,0,0,0,0
situate,0,0,0,0,0,0,0,0,0,0,1,0
mountain,0,0,0,0,0,0,19,0,0,0,0,0
side,0,0,0,0,0,0,3,0,0,0,0,0
slippery,1,0,0,0,0,0,0,0,0,0,0,0
hut,0,0,0,0,0,0,3,0,0,0,0,0
robber,0,0,0,0,0,0,2,0,0,0,0,0
fighting,0,0,0,0,0,0,2,0,0,0,0,0
pause,0,0,0,0,0,0,0,0,0,0,1,0
dispute,0,0,0,0,0,0,1,0,0,0,0,0
angrily,0,0,1,0,0,0,0,0,0,0,0,0
cloak,0,0,0,0,0,0,24,0,0,0,0,0
wearer,0,0,0,0,0,0,3,0,0,0,0,0
invisible,2,0,0,0,0,0,0,0,0,0,0,0
rider,0,0,0,0,0,0,1,0,0,0,0,0
obstacle,0,0,0,0,0,0,1,0,0,0,0,0
common,2,0,0,0,0,0,0,0,0,0,0,0
exchange,0,0,0,0,0,0,1,0,0,0,1,0
value,0,0,0,0,0,0,2,0,0,0,0,0
visible,1,0,0,0,0,0,0,0,0,0,0,0
goblet,0,0,0,0,0,0,2,0,0,0,0,0
exclaim,0,0,0,0,0,0,0,0,0,0,1,0
dismount,0,0,0,0,0,0,0,0,0,0,1,0
celebrate,0,0,0,0,0,0,0,0,0,0,6,0
marriage,0,0,0,0,0,0,6,0,0,0,0,0
despise,0,0,0,0,0,0,0,0,0,0,1,0
mock,0,0,0,0,0,0,0,0,0,0,3,0
sneer,0,0,0,0,0,0,0,0,0,0,1,0
occasion,0,0,0,0,0,0,2,0,0,0,0,0
cake,0,0,0,0,0,0,11,0,0,0,0,0
bottle,0,0,0,0,0,0,4,0,0,0,0,0
haired,1,0,0,0,0,0,0,0,0,0,0,0
stroke,0,0,0,0,0,0,2,0,0,0,0,0
sensibly,0,0,1,0,0,0,0,0,0,0,0,0
punishment,0,0,0,0,0,0,2,0,0,0,0,0
bake,0,0,0,0,0,0,0,0,0,0,2,0
cinder,0,0,0,0,0,0,4,0,0,0,0,0
sour,3,0,0,0,0,0,0,0,0,0,0,0
greet,0,0,0,0,0,0,0,0,0,0,2,0
willing,4,0,0,0,0,0,0,0,0,0,0,0
divide,0,0,0,0,0,0,0,0,0,0,2,0
root,0,0,0,0,0,0,2,0,0,0,0,0
host,0,0,0,0,0,0,3,0,0,0,0,0
curious,1,0,0,0,0,0,0,0,0,0,0,0
opportunity,0,0,0,0,0,0,2,0,0,0,0,0
intent,1,0,0,0,0,0,1,0,0,0,0,0
parson,0,0,0,0,0,0,4,0,0,0,0,0
procession,0,0,0,0,0,0,1,0,0,0,0,0
shame,0,0,0,0,0,0,2,0,0,0,0,0
sexton,0,0,0,0,0,0,10,0,0,0,0,0
astonish,0,0,0,0,0,0,0,0,0,0,1,0
reverence,0,0,0,0,0,0,1,0,0,0,0,0
christening,0,0,0,0,0,0,1,0,0,0,0,0
labourer,0,0,0,0,0,0,1,0,0,0,0,0
hoe,0,0,0,0,0,0,1,0,0,0,1,0
rule,0,0,0,0,0,0,0,0,0,0,1,0
decree,0,0,0,0,0,0,1,0,0,0,0,0
manner,0,0,0,0,0,0,2,0,0,0,0,0
produce,0,0,0,0,0,0,0,0,0,0,1,0
cellarful,0,0,0,0,0,0,1,0,0,0,0,0
fell,0,0,0,0,0,0,0,0,0,0,2,0
quench,0,0,0,0,0,0,0,0,0,0,1,0
empty,0,0,0,0,0,0,0,0,0,0,3,0
hot,3,0,0,0,0,0,0,0,0,0,0,0
huge,3,0,0,0,0,0,0,0,0,0,0,0
loin,0,0,0,0,0,0,1,0,0,0,0,0
vex,0,0,0,0,0,0,0,0,0,0,2,0
ugly,4,0,0,0,0,0,0,0,0,0,0,0
condition,0,0,0,0,0,0,1,0,0,0,0,0
strap,0,0,0,0,0,0,1,0,0,0,0,0
awful,1,0,0,0,0,0,0,0,0,0,0,0
ovenful,0,0,0,0,0,0,1,0,0,0,0,0
flour,0,0,0,0,0,0,1,0,0,0,0,0
inherit,0,0,0,0,0,0,0,0,0,0,1,0
contentedly,0,0,2,0,0,0,0,0,0,0,0,0
reign,0,0,0,0,0,0,0,0,0,0,2,0
sickness,0,0,0,0,0,0,2,0,0,0,0,0
sole,1,0,0,0,0,0,0,0,0,0,0,0
heir,0,0,0,0,0,0,1,0,0,0,0,0
overhang,0,0,0,0,0,0,0,0,0,0,1,0
sugarloaf,0,0,0,0,0,0,2,0,0,0,0,0
scarlet,3,0,0,0,0,0,0,0,0,0,0,0
imp,0,0,0,0,0,0,1,0,0,0,0,0
haughtily,0,0,1,0,0,0,0,0,0,0,0,0
enrage,0,0,0,0,0,0,0,0,0,0,1,0
behaviour,0,0,0,0,0,0,1,0,0,0,0,0
fairy,0,0,0,0,0,0,7,0,0,0,0,0
narrow,2,0,0,0,0,0,0,0,0,0,0,0
straitened,1,0,0,0,0,0,0,0,0,0,0,0
abide,0,0,0,0,0,0,0,0,0,0,1,0
spellbound,1,0,0,0,0,0,0,0,0,0,0,0
linger,0,0,0,0,0,0,0,0,0,0,2,0
daily,1,0,0,0,0,0,0,0,0,0,0,0
surely,0,0,2,0,0,0,0,0,0,0,0,0
affair,0,0,0,0,0,0,1,0,0,0,0,0
busybody,0,0,0,0,0,0,1,0,0,0,0,0
scornfully,0,0,1,0,0,0,0,0,0,0,0,0
abode,0,0,0,0,0,0,1,0,0,0,0,0
safety,0,0,0,0,0,0,2,0,0,0,0,0
wand,0,0,0,0,0,0,4,0,0,0,0,0
gape,0,0,0,0,0,0,0,0,0,0,2,0
prey,0,0,0,0,0,0,1,0,0,0,0,0
knight,0,0,0,0,0,0,10,0,0,0,0,0
trance,0,0,0,0,0,0,1,0,0,0,0,0
couch,0,0,0,0,0,0,3,0,0,0,0,0
delightful,1,0,0,0,0,0,0,0,0,0,0,0
shady,1,0,0,0,0,0,0,0,0,0,0,0
lovely,1,0,0,0,0,0,0,0,0,0,0,0
scene,0,0,0,0,0,0,1,0,0,0,0,0
wake,0,0,0,0,0,0,0,0,0,0,3,0
quarter,0,0,0,0,0,0,1,0,0,0,0,0
dreadfully,0,0,1,0,0,0,0,0,0,0,0,0
snap,0,0,0,0,0,0,0,0,0,0,1,0
homewards,0,0,1,0,0,0,0,0,0,0,0,0
slay,0,0,0,0,0,0,0,0,0,0,2,0
army,0,0,0,0,0,0,3,0,0,0,0,0
charm,0,0,0,0,0,0,1,0,0,0,0,0
beware,0,0,0,0,0,0,0,0,0,0,1,0
engage,0,0,0,0,0,0,0,0,0,0,1,0
waste,1,0,0,0,0,0,0,0,0,0,0,0
famine,0,0,0,0,0,0,1,0,0,0,0,0
lend,0,0,0,0,0,0,0,0,0,0,2,0
enemy,0,0,0,0,0,0,7,0,0,0,0,0
befriend,0,0,0,0,0,0,0,0,0,0,1,0
voyage,0,0,0,0,0,0,2,0,0,0,0,0
forsake,0,0,0,0,0,0,0,0,0,0,1,0
ruin,0,0,0,0,0,0,0,0,0,0,1,0
pour,0,0,0,0,0,0,0,0,0,0,1,0
bitter,2,0,0,0,0,0,0,0,0,0,0,0
heal,0,0,0,0,0,0,0,0,0,0,1,0
blame,0,0,0,0,0,0,0,0,0,0,1,0
poison,0,0,0,0,0,0,0,0,0,0,1,0
cleverness,0,0,0,0,0,0,1,0,0,0,0,0
chief,1,0,0,0,0,0,0,0,0,0,0,0
hunt,0,0,0,0,0,0,0,0,0,0,5,0
forgive,0,0,0,0,0,0,0,0,0,0,4,0
shabby,2,0,0,0,0,0,0,0,0,0,0,0
grand,2,0,0,0,0,0,0,0,0,0,0,0
embassy,0,0,0,0,0,0,1,0,0,0,0,0
feed,0,0,0,0,0,0,0,0,0,0,1,0
guiltless,1,0,0,0,0,0,0,0,0,0,0,0
known,1,0,0,0,0,0,0,0,0,0,0,0
deliverer,0,0,0,0,0,0,2,0,0,0,0,0
courtier,0,0,0,0,0,0,3,0,0,0,0,0
lover,0,0,0,0,0,0,1,0,0,0,0,0
business,0,0,0,0,0,0,7,0,0,0,0,0
errand,0,0,0,0,0,0,1,0,0,0,0,0
betroth,0,0,0,0,0,0,0,0,0,0,1,0
meeting,0,0,0,0,0,0,1,0,0,0,0,0
punish,0,0,0,0,0,0,0,0,0,0,2,0
squire,1,0,0,0,0,0,0,0,0,0,0,0
gentle,2,0,0,0,0,0,0,0,0,0,0,0
remembrance,0,0,0,0,0,0,1,0,0,0,0,0
dangerously,0,0,1,0,0,0,0,0,0,0,0,0
name,0,0,0,0,0,0,0,0,0,0,1,0
proclaim,0,0,0,0,0,0,0,0,0,0,2,0
mourning,0,0,0,0,0,0,1,0,0,0,0,0
betrothed,1,0,0,0,0,0,1,0,0,0,0,0
fret,0,0,0,0,0,0,0,0,0,0,1,0
faithfulness,0,0,0,0,0,0,1,0,0,0,0,0
nearly,0,0,1,0,0,0,0,0,0,0,0,0
whatsoever,0,0,2,0,1,0,0,0,0,0,0,0
figure,0,0,0,0,0,0,4,0,0,0,0,0
size,0,0,0,0,0,0,3,0,0,0,0,0
resemble,0,0,0,0,0,0,0,0,0,0,1,0
twelfth,2,0,0,0,0,0,0,0,0,0,0,0
concealed,1,0,0,0,0,0,0,0,0,0,0,0
mistake,0,0,0,0,0,0,0,0,0,0,1,0
ante,0,0,0,0,0,0,5,0,0,0,0,0
trip,0,0,0,0,0,0,1,0,0,0,1,0
test,0,0,0,0,0,0,3,0,0,0,0,0
repeat,0,0,0,0,0,0,0,0,0,0,1,0
firmly,0,0,2,0,0,0,0,0,0,0,0,0
inform,0,0,0,0,0,0,0,0,0,0,1,0
assume,0,0,0,0,0,0,0,0,0,0,1,0
spin,0,0,0,0,0,0,0,0,0,0,7,0
wheel,0,0,0,0,0,0,5,0,0,0,0,0
dispose,0,0,0,0,0,0,0,0,0,0,1,0
disclose,0,0,0,0,0,0,0,0,0,0,1,0
project,0,0,0,0,0,0,1,0,0,0,0,0
constraint,0,0,0,0,0,0,1,0,0,0,0,0
spinning,0,0,0,0,0,0,1,0,0,0,0,0
restrain,0,0,0,0,0,0,0,0,0,0,2,0
chase,0,0,0,0,0,0,1,0,0,0,0,0
liking,0,0,0,0,0,0,1,0,0,0,0,0
increase,0,0,0,0,0,0,0,0,0,0,1,0
faint,0,0,0,0,0,0,0,0,0,0,1,0
glove,0,0,0,0,0,0,1,0,0,0,0,0
touched,1,0,0,0,0,0,0,0,0,0,0,0
alter,0,0,0,0,0,0,0,0,0,0,1,0
messenger,0,0,0,0,0,0,5,0,0,0,0,0
barely,0,0,1,0,0,0,0,0,0,0,0,0
richly,0,0,1,0,0,0,0,0,0,0,0,0
laden,1,0,0,0,0,0,0,0,0,0,0,0
embark,0,0,0,0,0,0,0,0,0,0,1,0
wealth,0,0,0,0,0,0,3,0,0,0,0,0
brown,4,0,0,0,0,0,0,0,0,0,0,0
study,0,0,0,0,0,0,1,0,0,0,0,0
sudden,2,0,1,0,0,0,0,0,0,0,0,0
looking,3,0,0,0,0,0,0,0,0,0,0,0
deeply,0,0,1,0,0,0,0,0,0,0,0,0
ail,0,0,0,0,0,0,0,0,0,0,1,0
seal,0,0,0,0,0,0,0,0,0,0,1,0
bond,0,0,0,0,0,0,3,0,0,0,0,0
tremble,0,0,0,0,0,0,0,0,0,0,2,0
horror,0,0,0,0,0,0,3,0,0,0,0,0
joke,0,0,0,0,0,0,2,0,0,0,0,0
bearer,0,0,0,0,0,0,1,0,0,0,0,0
lumber,0,0,0,0,0,0,1,0,0,0,0,0
pile,0,0,0,0,0,0,1,0,0,0,0,0
write,0,0,0,0,0,0,0,0,0,0,1,0
softly,0,0,4,0,0,0,0,0,0,0,0,0
grin,0,0,0,0,0,0,0,0,0,0,1,0
term,0,0,0,0,0,0,1,0,0,0,0,0
hump,1,0,0,0,0,0,0,0,0,0,0,0
backed,1,0,0,0,0,0,0,0,0,0,0,0
anxious,1,0,0,0,0,0,0,0,0,0,0,0
company,0,0,0,0,0,0,2,0,0,0,0,0
battle,0,0,0,0,0,0,1,0,0,0,0,0
weather,0,0,0,0,0,0,3,0,0,0,0,0
low,1,0,2,0,0,0,0,0,0,0,0,0
sink,0,0,0,0,0,0,0,0,0,0,2,0
ashore,0,0,1,0,0,0,0,0,0,0,0,0
enchant,0,0,0,0,0,0,0,0,0,0,1,0
coil,0,0,0,0,0,0,0,0,0,0,1,0
cushion,0,0,0,0,0,0,1,0,0,0,0,0
armour,0,0,0,0,0,0,3,0,0,0,0,0
whip,0,0,0,0,0,0,0,0,0,0,1,0
pinch,0,0,0,0,0,0,0,0,0,0,2,0
prick,0,0,0,0,0,0,0,0,0,0,1,0
torment,0,0,0,0,0,0,0,0,0,0,1,0
gladness,0,0,0,0,0,0,1,0,0,0,0,0
burst,0,0,0,0,0,0,0,0,0,0,1,0
crown,0,0,0,0,0,0,0,0,0,0,1,0
wishing,0,0,0,0,0,0,4,0,0,0,0,0
strangely,0,0,1,0,0,0,0,0,0,0,0,0
clad,1,0,0,0,0,0,0,0,0,0,0,0
neighbouring,1,0,0,0,0,0,0,0,0,0,0,0
shepherd,0,0,0,0,0,0,3,0,0,0,0,0
borrow,0,0,0,0,0,0,0,0,0,0,1,0
vow,0,0,0,0,0,0,0,0,0,0,2,0
raspberry,0,0,0,0,0,0,1,0,0,0,0,0
married,3,0,0,0,0,0,0,0,0,0,0,0
instant,0,0,0,0,0,0,3,0,0,0,0,0
sorcerer,0,0,0,0,0,0,1,0,0,0,0,0
sharp,2,0,0,0,0,0,0,0,0,0,0,0
wit,0,0,0,0,0,0,1,0,0,0,0,0
owner,0,0,0,0,0,0,1,0,0,0,0,0
charge,0,0,0,0,0,0,0,0,0,0,1,0
music,0,0,0,0,0,0,2,0,0,0,0,0
remorse,0,0,0,0,0,0,1,0,0,0,0,0
fickle,1,0,0,0,0,0,0,0,0,0,0,0
treatment,0,0,0,0,0,0,2,0,0,0,0,0
parley,0,0,0,0,0,0,1,0,0,0,0,0
traitor,0,0,0,0,0,0,1,0,0,0,0,0
peasant,0,0,0,0,0,0,7,0,0,0,0,0
doctor,0,0,0,0,0,0,13,0,0,0,1,0
taler,0,0,0,0,0,0,6,0,0,0,0,0
book,0,0,0,0,0,0,4,0,0,0,0,0
frontispiece,0,0,0,0,0,0,1,0,0,0,0,0
pertain,0,0,0,0,0,0,0,0,0,0,1,0
medicine,0,0,0,0,0,0,1,0,0,0,0,0
paint,0,0,0,0,0,0,0,0,0,0,1,0
nail,0,0,0,0,0,0,1,0,0,0,1,0
awhile,0,0,1,0,0,0,0,0,0,0,0,0
harness,0,0,0,0,0,0,0,0,0,0,2,0
nobleman,0,0,0,0,0,0,1,0,0,0,0,0
delicate,1,0,0,0,0,0,0,0,0,0,0,0
nudge,0,0,0,0,0,0,0,0,0,0,2,0
intend,0,0,0,0,0,0,0,0,0,0,1,0
actually,0,0,3,0,0,0,0,0,0,0,0,0
equally,0,0,1,0,0,0,0,0,0,0,0,0
alarm,0,0,0,0,0,0,0,0,0,0,1,0
crab,0,0,0,0,0,0,1,0,0,0,0,0
terribly,0,0,1,0,0,0,0,0,0,0,0,0
confess,0,0,0,0,0,0,0,0,0,0,1,0
restore,0,0,0,0,0,0,0,0,0,0,1,0
sum,0,0,0,0,0,0,1,0,0,0,0,0
denounce,0,0,0,0,0,0,0,0,0,0,1,0
page,0,0,0,0,0,0,1,0,0,0,0,0
terror,0,0,0,0,0,0,1,0,0,0,0,0
renowned,1,0,0,0,0,0,0,0,0,0,0,0
weak,1,0,0,0,0,0,0,0,0,0,0,0
christen,0,0,0,0,0,0,0,0,0,0,1,0
foolishly,0,0,1,0,0,0,0,0,0,0,0,0
croaking,0,0,0,0,0,0,2,0,0,0,0,0
coal,0,0,0,0,0,0,1,0,0,0,0,0
innocent,2,0,0,0,0,0,0,0,0,0,0,0
sadly,0,0,2,0,0,0,0,0,0,0,0,0
bound,1,0,0,0,0,0,0,0,0,0,0,0
cost,0,0,0,0,0,0,0,0,0,0,1,0
stool,0,0,0,0,0,0,2,0,0,0,0,0
weary,1,0,0,0,0,0,0,0,0,0,0,0
fiery,3,0,0,0,0,0,0,0,0,0,0,0
chilly,1,0,0,0,0,0,0,0,0,0,0,0
unlock,0,0,0,0,0,0,0,0,0,0,1,0
cloth,0,0,0,0,0,0,2,0,0,0,0,0
unwrap,0,0,0,0,0,0,0,0,0,0,1,0
caw,0,0,0,0,0,1,0,0,0,0,0,0
ween,0,0,0,0,0,0,0,0,0,0,0,1
mortal,1,0,0,0,0,0,0,0,0,0,0,0
hug,0,0,0,0,0,0,0,0,0,0,1,0
merrily,0,0,2,0,0,0,0,0,0,0,0,0
story,0,0,0,0,0,0,3,0,0,0,0,0
cooking,0,0,0,0,0,0,2,0,0,0,0,0
butter,0,0,0,0,0,0,1,0,0,0,0,0
guest,0,0,0,0,0,0,4,0,0,0,0,0
moan,0,0,0,0,0,0,0,0,0,0,3,0
gloom,0,0,0,0,0,0,1,0,0,0,0,0
trap,0,0,0,0,0,0,1,0,0,0,0,0
wooer,0,0,0,0,0,0,3,0,0,0,0,0
downstairs,0,0,2,0,0,0,0,0,0,0,0,0
widow,0,0,0,0,0,0,2,0,0,0,0,0
solemnize,0,0,0,0,0,0,0,0,0,0,2,0
rabble,0,0,0,0,0,0,1,0,0,0,0,0
milk,0,0,0,0,0,0,2,0,0,0,0,0
bewail,0,0,0,0,0,0,0,0,0,0,3,0
doom,0,0,0,0,0,0,1,0,0,0,0,0
sore,4,0,0,0,0,0,0,0,0,0,0,0
parlour,0,0,0,0,0,0,2,0,0,0,0,0
gentleman,0,0,0,0,0,0,2,0,0,0,0,0
pointed,2,0,0,0,0,0,0,0,0,0,0,0
stag,0,0,0,0,0,0,2,0,0,0,0,0
hare,0,0,0,0,0,0,2,0,0,0,0,0
quality,0,0,0,0,0,0,1,0,0,0,0,0
possess,0,0,0,0,0,0,0,0,0,0,2,0
lack,0,0,0,0,0,0,0,0,0,0,1,0
prepare,0,0,0,0,0,0,0,0,0,0,1,0
fling,0,0,0,0,0,0,0,0,0,0,1,0
fat,3,0,0,0,0,0,0,0,0,0,0,0
kindness,0,0,0,0,0,0,1,0,0,0,0,0
screaming,0,0,0,0,0,0,1,0,0,0,0,0
chirping,0,0,0,0,0,0,1,0,0,0,0,0
tug,0,0,0,0,0,0,0,0,0,0,2,0
glitter,0,0,0,0,0,0,0,0,0,0,4,0
bag,0,0,0,0,0,0,5,0,0,0,0,0
real,1,0,0,0,0,0,0,0,0,0,0,0
rare,2,0,0,0,0,0,0,0,0,0,0,0
sir,0,0,0,0,0,0,1,0,0,0,0,0
granite,0,0,0,0,0,0,2,0,0,0,0,0
costly,1,0,0,0,0,0,0,0,0,0,0,0
stride,0,0,0,0,0,0,0,0,0,0,2,0
feign,0,0,0,0,0,0,0,0,0,0,1,0
worm,0,0,0,0,0,0,1,0,0,0,0,0
curl,0,0,0,0,0,0,0,0,0,0,1,0
cloud,0,0,0,0,0,0,3,0,0,0,0,0
whirlwind,0,0,0,0,0,0,1,0,0,0,0,0
cabbage,0,0,0,0,0,0,2,0,0,0,0,0
vegetable,0,0,0,0,0,0,1,0,0,0,0,0
salad,0,0,0,0,0,0,12,0,0,0,0,0
refresh,0,0,0,0,0,0,0,0,0,0,1,0
strengthen,0,0,0,0,0,0,0,0,0,0,1,0
bite,0,0,0,0,0,0,2,0,0,0,0,0
ass,0,0,0,0,0,0,5,0,0,0,0,0
nice,1,0,0,0,0,0,0,0,0,0,0,0
shape,0,0,0,0,0,0,1,0,0,0,0,0
enable,0,0,0,0,0,0,0,0,0,0,1,0
treachery,0,0,0,0,0,0,1,0,0,0,0,0
luckily,0,0,1,0,0,0,0,0,0,0,0,0
stain,0,0,0,0,0,0,0,0,0,0,1,0
heat,0,0,0,0,0,0,1,0,0,0,2,0
scorch,0,0,0,0,0,0,0,0,0,0,1,0
wither,0,0,0,0,0,0,1,0,0,0,1,0
bray,0,0,0,0,0,0,0,0,0,0,2,0
stripe,0,0,0,0,0,0,3,0,0,0,0,0
closet,0,0,0,0,0,0,1,0,0,0,0,0
sensible,1,0,0,0,0,0,0,0,0,0,0,0
churchyard,0,0,0,0,0,0,1,0,0,0,0,0
dismal,1,0,0,0,0,0,0,0,0,0,0,0
shudder,0,0,0,0,0,0,0,0,0,0,35,0
listener,0,0,0,0,0,0,1,0,0,0,0,0
hearken,0,0,0,0,0,0,0,0,0,0,1,0
tall,4,0,0,0,0,0,0,0,0,0,0,0
smile,0,0,0,0,0,0,0,0,0,0,2,0
goodness,0,0,0,0,0,0,1,0,0,0,0,0
blockhead,0,0,0,0,0,0,1,0,0,0,0,0
sickle,0,0,0,0,0,0,1,0,0,0,0,0
backward,1,0,0,0,0,0,0,0,0,0,0,0
polish,0,0,0,0,0,0,0,0,0,0,2,0
shuddering,0,0,0,0,0,0,3,0,0,0,0,0
secretly,0,0,1,0,0,0,0,0,0,0,0,0
opposite,0,1,0,0,0,0,0,0,0,0,0,0
motionless,1,0,0,0,0,0,0,0,0,0,0,0
ghost,0,0,0,0,0,0,2,0,0,0,0,0
utter,0,0,0,0,0,0,0,0,0,0,1,0
purpose,0,0,0,0,0,0,3,0,0,0,0,0
waken,0,0,0,0,0,0,0,0,0,0,1,0
sounding,0,0,0,0,0,0,1,0,0,0,0,0
scoundrel,0,0,0,0,0,0,1,0,0,0,0,0
scold,0,0,0,0,0,0,0,0,0,0,2,0
devil,0,0,0,0,0,0,1,0,0,0,0,0
unhappiness,0,0,0,0,0,0,1,0,0,0,0,0
dawn,0,0,0,0,0,0,1,0,0,0,2,0
highway,0,0,0,0,0,0,1,0,0,0,0,0
ropemaker,0,0,0,0,0,0,1,0,0,0,0,0
sharply,0,0,1,0,0,0,0,0,0,0,0,0
shiver,0,0,0,0,0,0,0,0,0,0,1,0
freeze,0,0,0,0,0,0,0,0,0,0,2,0
ladder,0,0,0,0,0,0,1,0,0,0,0,0
unbound,1,0,0,0,0,0,0,0,0,0,0,0
stoke,0,0,0,0,0,0,0,0,0,0,2,0
silent,2,0,0,0,0,0,0,0,0,0,0,0
mutter,0,0,0,0,0,0,0,0,0,0,2,0
waggoner,0,0,0,0,0,0,4,0,0,0,0,0
entrance,0,0,0,0,0,0,1,0,0,0,0,0
hostess,0,0,0,0,0,0,1,0,0,0,0,0
pry,0,0,0,0,0,0,0,0,0,0,3,0
difficult,1,0,0,0,0,0,0,0,0,0,0,0
haunted,1,0,0,0,0,0,0,0,0,0,0,0
haunt,0,0,0,0,0,0,0,0,0,0,1,0
turning,0,0,0,0,0,0,2,0,0,0,0,0
lathe,0,0,0,0,0,0,3,0,0,0,0,0
cutting,0,0,0,0,0,0,4,0,0,0,0,0
board,0,0,0,0,0,0,3,0,0,0,0,0
poke,0,0,0,0,0,0,0,0,0,0,1,0
miau,0,0,0,0,0,0,0,0,0,0,0,1
tremendous,1,0,0,0,0,0,0,0,0,0,0,0
savagely,0,0,1,0,0,0,0,0,0,0,0,0
card,0,0,0,0,0,0,2,0,0,0,0,0
screw,0,0,0,0,0,0,0,0,0,0,1,0
fancy,0,0,0,0,0,0,1,0,0,0,0,0
yell,0,0,0,0,0,0,0,0,0,0,1,0
horribly,0,0,1,0,0,0,0,0,0,0,0,0
vermin,0,0,0,0,0,0,1,0,0,0,0,0
fan,0,0,0,0,0,0,0,0,0,0,1,0
ember,0,0,0,0,0,0,1,0,0,0,0,0
upside,0,0,1,0,0,0,0,0,0,0,0,0
past,1,0,0,0,0,0,0,0,0,0,0,0
innkeeper,0,0,0,0,0,0,1,0,0,0,0,0
uproar,0,0,0,0,0,0,2,0,0,0,0,0
hullo,0,0,0,0,0,1,0,0,0,0,0,0
roaring,0,0,0,0,0,0,1,0,0,0,0,0
join,0,0,0,0,0,0,0,0,0,0,2,0
hideous,1,0,0,0,0,0,0,0,0,0,0,0
skull,0,0,0,0,0,0,2,0,0,0,0,0
pin,0,0,0,0,0,0,2,0,0,0,0,0
hurrah,0,0,0,0,0,1,0,0,0,0,0,0
fun,0,0,0,0,0,0,1,0,0,0,0,0
farthing,0,0,0,0,0,0,1,0,0,0,0,0
coffin,0,0,0,0,0,0,3,0,0,0,0,0
cousin,0,0,0,0,0,0,4,0,0,0,0,0
beckon,0,0,0,0,0,0,0,0,0,0,1,0
ice,0,0,0,0,0,0,1,0,0,0,0,0
breast,0,0,0,0,0,0,1,0,0,0,0,0
circulate,0,0,0,0,0,0,0,0,0,0,1,0
strangle,0,0,0,0,0,0,0,0,0,0,1,0
terrible,1,0,0,0,0,0,0,0,0,0,0,0
fiend,0,0,0,0,0,0,1,0,0,0,0,0
smith,0,0,0,0,0,0,1,0,0,0,0,0
forge,0,0,0,0,0,0,1,0,0,0,0,0
anvil,0,0,0,0,0,0,3,0,0,0,0,0
split,0,0,0,0,0,0,0,0,0,0,2,0
bearded,1,0,0,0,0,0,0,0,0,0,0,0
howsoever,0,0,0,0,0,0,0,0,0,1,0,0
waiting,0,0,0,0,0,0,1,0,0,0,0,0
cure,0,0,0,0,0,0,1,0,0,0,1,0
flow,0,0,0,0,0,0,0,0,0,0,1,0
bucketful,0,0,0,0,0,0,1,0,0,0,0,0
gudgeon,0,0,0,0,0,0,2,0,0,0,0,0
bucket,0,0,0,0,0,0,2,0,0,0,0,0
sprawl,0,0,0,0,0,0,0,0,0,0,1,0
haughty,1,0,0,0,0,0,0,0,0,0,0,0
conceited,1,0,0,0,0,0,0,0,0,0,0,0
sport,0,0,0,0,0,0,2,0,0,0,0,0
row,0,0,0,0,0,0,1,0,0,0,0,0
range,0,0,0,0,0,0,0,0,0,0,1,0
rank,0,0,0,0,0,0,1,0,0,0,0,0
duke,0,0,0,0,0,0,1,0,0,0,0,0
earl,0,0,0,0,0,0,1,0,0,0,0,0
baron,0,0,0,0,0,0,1,0,0,0,0,0
spiteful,1,0,0,0,0,0,0,0,0,0,0,0
tub,0,0,0,0,0,0,1,0,0,0,0,0
maypole,0,0,0,0,0,0,1,0,0,0,0,0
dumpling,0,0,0,0,0,0,1,0,0,0,0,0
oven,0,0,0,0,0,0,1,0,0,0,0,0
mop,0,0,0,0,0,0,1,0,0,0,0,0
nickname,0,0,0,0,0,0,1,0,0,0,0,0
beggar,0,0,0,0,0,0,1,0,0,0,0,0
fiddler,0,0,0,0,0,0,9,0,0,0,0,0
alm,0,0,0,0,0,0,1,0,0,0,0,0
boon,0,0,0,0,0,0,1,0,0,0,0,0
swear,0,0,0,0,0,0,0,0,0,0,1,0
comer,0,0,0,0,0,0,1,0,0,0,0,0
hadst,0,0,0,0,0,0,0,0,0,0,3,0
unlucky,2,0,0,0,0,0,0,0,0,0,0,0
cottage,0,0,0,0,0,0,5,0,0,0,0,0
paltry,1,0,0,0,0,0,0,0,0,0,0,0
scanty,1,0,0,0,0,0,0,0,0,0,0,0
weave,0,0,0,0,0,0,0,0,0,0,3,0
willow,0,0,0,0,0,0,1,0,0,0,0,0
tender,2,0,0,0,0,0,0,0,0,0,0,0
pan,0,0,0,0,0,0,1,0,0,0,0,0
market,0,0,0,0,0,0,4,0,0,0,0,0
ware,0,0,0,0,0,0,2,0,0,0,0,0
last,0,0,0,0,0,0,0,0,0,0,2,0
fresh,1,0,0,0,0,0,0,0,0,0,0,0
lot,0,0,0,0,0,0,1,0,0,0,0,0
drunken,1,0,0,0,0,0,0,0,0,0,0,0
earthenware,1,0,0,0,0,0,0,0,0,0,0,0
crying,0,0,0,0,0,0,1,0,0,0,0,0
brightness,0,0,0,0,0,0,1,0,0,0,0,0
pride,0,0,0,0,0,0,2,0,0,0,0,0
folly,0,0,0,0,0,0,2,0,0,0,0,0
jeer,0,0,0,0,0,0,0,0,0,0,1,0
abashed,1,0,0,0,0,0,0,0,0,0,0,0
robe,0,0,0,0,0,0,1,0,0,0,0,0
party,0,0,0,0,0,0,1,0,0,0,0,0
roe,0,0,0,0,0,0,2,0,0,0,0,0
accident,0,0,0,0,0,0,1,0,0,0,0,0
scour,0,0,0,0,0,0,0,0,0,0,1,0
stillness,0,0,0,0,0,0,1,0,0,0,0,0
solitude,0,0,0,0,0,0,1,0,0,0,0,0
eagle,0,0,0,0,0,0,3,0,0,0,0,0
hawk,0,0,0,0,0,0,1,0,0,0,0,0
announce,0,0,0,0,0,0,0,0,0,0,3,0
situation,0,0,0,0,0,0,1,0,0,0,0,0
risk,0,0,0,0,0,0,1,0,0,0,0,0
betake,0,0,0,0,0,0,0,0,0,0,1,0
pool,0,0,0,0,0,0,1,0,0,0,0,0
bale,0,0,0,0,0,0,0,0,0,0,1,0
rusty,1,0,0,0,0,0,0,0,0,0,0,0
cage,0,0,0,0,0,0,3,0,0,0,0,0
forbid,0,0,0,0,0,0,0,0,0,0,3,0
pain,0,0,0,0,0,0,2,0,0,0,0,0
keeping,0,0,0,0,0,0,1,0,0,0,0,0
difficulty,0,0,0,0,0,0,2,0,0,0,0,0
hasty,1,0,0,0,0,0,0,0,0,0,0,0
observe,0,0,0,0,0,0,0,0,0,0,1,0
compassion,0,0,0,0,0,0,1,0,0,0,0,0
crystal,0,0,0,0,0,0,1,0,0,0,0,0
pollute,0,0,0,0,0,0,0,0,0,0,2,0
obey,0,0,0,0,0,0,0,0,0,0,1,0
violently,0,0,2,0,0,0,0,0,0,0,0,0
involuntarily,0,0,1,0,0,0,0,0,0,0,0,0
gild,0,0,0,0,0,0,0,0,0,0,1,0
dip,0,0,0,0,0,0,0,0,0,0,1,0
unhappily,0,0,1,0,0,0,0,0,0,0,0,0
gilded,1,0,0,0,0,0,0,0,0,0,0,0
reflection,0,0,0,0,0,0,1,0,0,0,0,0
surface,0,0,0,0,0,0,1,0,0,0,0,0
trial,0,0,0,0,0,0,1,0,0,0,0,0
poverty,0,0,0,0,0,0,1,0,0,0,0,0
abundance,0,0,0,0,0,0,1,0,0,0,0,0
beaten,1,0,0,0,0,0,0,0,0,0,0,0
unbeaten,1,0,0,0,0,0,0,0,0,0,0,0
onwards,0,0,1,0,0,0,0,0,0,0,0,0
rake,0,0,0,0,0,0,0,0,0,0,3,0
cool,0,0,0,0,0,0,0,0,0,0,1,0
bedroom,0,0,0,0,0,0,1,0,0,0,0,0
garland,0,0,0,0,0,0,1,0,0,0,0,0
seemly,1,0,0,0,0,0,0,0,0,0,0,0
handful,0,0,0,0,0,0,2,0,0,0,0,0
depart,0,0,0,0,0,0,0,0,0,0,1,0
instantly,0,0,1,0,0,0,0,0,0,0,0,0
plaything,0,0,0,0,0,0,1,0,0,0,0,0
overrun,0,0,0,0,0,0,0,0,0,0,1,0
superior,1,0,0,0,0,0,0,0,0,0,0,0
lame,1,0,0,0,0,0,0,0,0,0,0,0
limp,0,0,0,0,0,0,0,0,0,0,1,0
hobblety,0,0,0,0,0,0,3,0,0,0,0,0
jib,0,0,0,0,0,0,3,0,0,0,0,0
outskirt,0,0,0,0,0,0,1,0,0,0,0,0
echo,0,0,0,0,0,0,0,0,0,0,1,0
steed,0,0,0,0,0,0,1,0,0,0,0,0
snort,0,0,0,0,0,0,0,0,0,0,1,0
nostril,0,0,0,0,0,0,1,0,0,0,0,0
troop,0,0,0,0,0,0,3,0,0,0,0,0
warrior,0,0,0,0,0,0,1,0,0,0,0,0
entirely,0,0,1,0,0,0,0,0,0,0,0,0
equip,0,0,0,0,0,0,0,0,0,0,2,0
battlefield,0,0,0,0,0,0,1,0,0,0,0,0
gallop,0,0,0,0,0,0,0,0,0,0,4,0
hurricane,0,0,0,0,0,0,1,0,0,0,0,0
oppose,0,0,0,0,0,0,0,0,0,0,1,0
conduct,0,0,0,0,0,0,0,0,0,0,1,0
byway,0,0,0,0,0,0,1,0,0,0,0,0
assistance,0,0,0,0,0,0,1,0,0,0,0,0
hedge,0,0,0,0,0,0,1,0,0,0,0,0
ridicule,0,0,0,0,0,0,0,0,0,0,1,0
spirited,1,0,0,0,0,0,0,0,0,0,0,0
stab,0,0,0,0,0,0,0,0,0,0,1,0
attendant,0,0,0,0,0,0,1,0,0,0,0,0
helmet,0,0,0,0,0,0,1,0,0,0,0,0
queer,1,0,0,0,0,0,0,0,0,0,0,0
festival,0,0,0,0,0,0,2,0,0,0,0,0
yesterday,0,0,0,0,0,0,1,0,0,0,0,0
win,0,0,0,0,0,0,0,0,0,0,1,0
colour,0,0,0,0,0,0,2,0,0,0,0,0
proof,0,0,0,0,0,0,1,0,0,0,0,0
deed,0,0,0,0,0,0,1,0,0,0,0,0
owe,0,0,0,0,0,0,0,0,0,0,1,0
stately,1,0,0,0,0,0,0,0,0,0,0,0
retinue,0,0,0,0,0,0,1,0,0,0,0,0
match,0,0,0,0,0,0,1,0,0,0,0,0
image,0,0,0,0,0,0,1,0,0,0,0,0
shock,0,0,0,0,0,0,0,0,0,0,2,0
sin,0,0,0,0,0,0,1,0,0,0,0,0
dazzle,0,0,0,0,0,0,0,0,0,0,1,0
mantle,0,0,0,0,0,0,4,0,0,0,0,0
fur,0,0,0,0,0,0,10,0,0,0,0,0
skin,0,0,0,0,0,0,10,0,0,0,0,0
workman,0,0,0,0,0,0,1,0,0,0,0,0
silvery,2,0,0,0,0,0,0,0,0,0,0,0
sparkle,0,0,0,0,0,0,0,0,0,0,4,0
trinket,0,0,0,0,0,0,1,0,0,0,0,0
necklace,0,0,0,0,0,0,2,0,0,0,0,0
brooch,0,0,0,0,0,0,2,0,0,0,0,0
pack,0,0,0,0,0,0,0,0,0,0,1,0
nutshell,0,0,0,0,0,0,2,0,0,0,0,0
besmear,0,0,0,0,0,0,0,0,0,0,1,0
soot,0,0,0,0,0,0,4,0,0,0,0,0
midday,0,0,0,0,0,0,1,0,0,0,0,0
snuff,0,0,0,0,0,0,0,0,0,0,1,0
coach,0,0,0,0,0,0,1,0,0,0,0,0
staircase,0,0,0,0,0,0,1,0,0,0,0,0
peep,0,0,0,0,0,0,1,0,0,0,1,0
poultry,0,0,0,0,0,0,1,0,0,0,0,0
herb,0,0,0,0,0,0,1,0,0,0,0,0
sift,0,0,0,0,0,0,0,0,0,0,1,0
cabin,0,0,0,0,0,0,6,0,0,0,0,0
blacken,0,0,0,0,0,0,0,0,0,0,2,0
soup,0,0,0,0,0,0,12,0,0,0,0,0
toast,0,0,0,0,0,0,0,0,0,0,1,0
slice,0,0,0,0,0,0,1,0,0,0,0,0
nicely,0,0,1,0,0,0,0,0,0,0,0,0
beating,0,0,0,0,0,0,1,0,0,0,0,0
scullion,0,0,0,0,0,0,1,0,0,0,0,0
slyly,0,0,1,0,0,0,0,0,0,0,0,0
starry,1,0,0,0,0,0,0,0,0,0,0,0
part,0,0,0,0,0,0,0,0,0,0,1,0
busy,1,0,0,0,0,0,0,0,0,0,0,0
cheerful,1,0,0,0,0,0,0,0,0,0,0,0
butterfly,0,0,0,0,0,0,1,0,0,0,0,0
housework,0,0,0,0,0,0,1,0,0,0,0,0
trustfully,0,0,1,0,0,0,0,0,0,0,0,0
graze,0,0,0,0,0,0,0,0,0,0,1,0
bough,0,0,0,0,0,0,1,0,0,0,0,0
mishap,0,0,0,0,0,0,1,0,0,0,0,0
worry,0,0,0,0,0,0,0,0,0,0,1,0
rouse,0,0,0,0,0,0,0,0,0,0,1,0
precipice,0,0,0,0,0,0,1,0,0,0,0,0
pace,0,0,0,0,0,0,1,0,0,0,0,0
angel,0,0,0,0,0,0,1,0,0,0,0,0
kettle,0,0,0,0,0,0,2,0,0,0,0,0
hob,0,0,0,0,0,0,1,0,0,0,0,0
brass,0,0,0,0,0,0,1,0,0,0,0,0
snowflake,0,0,0,0,0,0,1,0,0,0,0,0
bolt,0,0,0,0,0,0,2,0,0,0,1,0
spectacle,0,0,0,0,0,0,1,0,0,0,0,0
lamb,0,0,0,0,0,0,3,0,0,0,0,0
broad,1,0,0,0,0,0,0,0,0,0,0,0
frozen,1,0,0,0,0,0,0,0,0,0,0,0
growl,0,0,0,0,0,0,0,0,0,0,2,0
switch,0,0,0,0,0,0,1,0,0,0,0,0
amuse,0,0,0,0,0,0,0,0,0,0,1,0
fasten,0,0,0,0,0,0,0,0,0,0,1,0
thaw,0,0,0,0,0,0,0,0,0,0,1,0
departure,0,0,0,0,0,0,1,0,0,0,0,0
unbolt,0,0,0,0,0,0,0,0,0,0,1,0
hairy,1,0,0,0,0,0,0,0,0,0,0,0
firewood,0,0,0,0,0,0,1,0,0,0,0,0
withered,1,0,0,0,0,0,0,0,0,0,0,0
yard,0,0,0,0,0,0,1,0,0,0,0,0
crevice,0,0,0,0,0,0,1,0,0,0,0,0
glare,0,0,0,0,0,0,0,0,0,0,1,0
coarse,1,0,0,0,0,0,0,0,0,0,0,0
greedy,1,0,0,0,0,0,0,0,0,0,0,0
wedge,0,0,0,0,0,0,2,0,0,0,0,0
tight,2,0,0,0,0,0,0,0,0,0,0,0
sleek,1,0,0,0,0,0,0,0,0,0,0,0
faced,1,0,0,0,0,0,0,0,0,0,0,0
ugh,0,0,0,0,0,1,0,0,0,0,0,0
odious,1,0,0,0,0,0,0,0,0,0,0,0
senseless,1,0,0,0,0,0,0,0,0,0,0,0
snarl,0,0,0,0,0,0,0,0,0,0,1,0
grumble,0,0,0,0,0,0,0,0,0,0,1,0
uncouth,1,0,0,0,0,0,0,0,0,0,0,0
grasshopper,0,0,0,0,0,0,1,0,0,0,0,0
accursed,1,0,0,0,0,0,0,0,0,0,0,0
tangle,0,0,0,0,0,0,0,0,0,0,1,0
fishing,0,0,0,0,0,0,1,0,0,0,0,0
line,0,0,0,0,0,0,3,0,0,0,0,0
feeble,1,0,0,0,0,0,0,0,0,0,0,0
movement,0,0,0,0,0,0,1,0,0,0,0,0
urgent,1,0,0,0,0,0,0,0,0,0,0,0
entangle,0,0,0,0,0,0,0,0,0,0,1,0
civil,1,0,0,0,0,0,0,0,0,0,0,0
toadstool,0,0,0,0,0,0,1,0,0,0,0,0
disfigure,0,0,0,0,0,0,0,0,0,0,1,0
clip,0,0,0,0,0,0,0,0,0,0,1,0
sol,0,0,0,0,0,0,1,0,0,0,0,0
lace,0,0,0,0,0,0,1,0,0,0,0,0
ribbon,0,0,0,0,0,0,1,0,0,0,0,0
heath,0,0,0,0,0,0,2,0,0,0,0,0
hover,0,0,0,0,0,0,0,0,0,0,1,0
slowly,0,0,1,0,0,0,0,0,0,0,0,0
lower,0,0,2,0,0,0,0,0,0,0,0,0
acquaintance,0,0,0,0,0,0,1,0,0,0,0,0
booty,0,0,0,0,0,0,1,0,0,0,0,0
recover,0,0,0,0,0,0,0,0,0,0,1,0
shrill,1,0,0,0,0,0,0,0,0,0,0,0
torn,1,0,0,0,0,0,0,0,0,0,0,0
ingratitude,0,0,0,0,0,0,1,0,0,0,0,0
surprise,0,0,0,0,0,0,0,0,0,0,1,0
brilliant,1,0,0,0,0,0,0,0,0,0,0,0
stare,0,0,0,0,0,0,0,0,0,0,1,0
ashen,1,0,0,0,0,0,0,0,0,0,0,0
copper,0,0,0,0,0,0,1,0,0,0,0,0
growling,0,0,0,0,0,0,1,0,0,0,0,0
dread,0,0,0,0,0,0,1,0,0,0,0,0
slender,1,0,0,0,0,0,0,0,0,0,0,0
morsel,0,0,0,0,0,0,1,0,0,0,0,0
quail,0,0,0,0,0,0,1,0,0,0,0,0
heed,0,0,0,0,0,0,1,0,0,0,0,0
bearskin,0,0,0,0,0,0,1,0,0,0,0,0
savage,1,0,0,0,0,0,0,0,0,0,0,0
peacefully,0,0,1,0,0,0,0,0,0,0,0,0
